TIMESTAMP,Segment,Interpolated,Pfl - Temp (C),Pfl - Sp Cond (microS_cm),Pfl - pH,Pfl - DO (% Sat),Pfl - Turbidity (FNU),Pfl - fDOM (RFU),Pfl - fDOM (QSU),1818_time: AA[mBar],1818_time: DD Retning[°],1818_time: DX_l[°],1818_time: FF Hastighet[m/s],1818_time: FG_l[m/s],1818_time: FG_tid_l[N/A],1818_time: FX Kast[m/s],1818_time: FX_tid_l[N/A],1818_time: PO Trykk stasjonshøyde[mBar],1818_time: PP[mBar],1818_time: PR Trykk redusert til havnivå[mBar],1818_time: QLI Langbølget[W/m2],1818_time: QNH[mBar],1818_time: QSI Kortbølget[W/m2],1818_time: RR_1[mm],1818_time: TA Middel[°C],1818_time: TA_a_Max[°C],1818_time: TA_a_Min[°C],1818_time: UU Luftfuktighet[%RH],pH (SCADA),"Temperature, C (SCADA)",06-E.coli,08-Kimtall 22°C,21-Arsen,24-Bly,32-Kadmium,36-Kopper filtrert,37-Krom,41-Nikkel,Sink (Zn)
2021-11-05 12:00:00,1,0,6.68,0.0,6.3,99.2,4.17,-0.15,-1.63,7.0,256.0,277.0,1.8,6.1,1123.0,3.1,1108.0,997.8,0.6,1006.2,315.8885,1006.0,55.47547,0.0,5.6,5.9,5.4,84.0,,,,,,,,,,,
2021-11-05 13:00:00,1,0,7.42,0.0,5.4,99.13,4.37,-0.15,-1.65,8.0,251.0,239.0,1.9,8.5,1236.0,3.7,1242.0,997.4,0.8,1005.9,338.1953,1005.5,11.97285,1.6,4.4,5.6,4.2,91.0,,,,,,,,,,,
2021-11-05 14:00:00,1,0,7.89,0.0,5.53,99.08,4.53,-0.16,-1.66,8.0,254.0,254.0,2.6,10.6,1339.0,3.5,1345.0,997.3,0.8,1005.8,339.8792,1005.4,3.398502,0.7,4.7,4.8,4.4,89.0,,,,,,,,,,,
2021-11-05 15:00:00,1,0,8.25,-0.0,5.51,98.93,4.75,-0.15,-1.64,8.0,263.0,252.0,3.3,7.8,1408.0,3.4,1417.0,997.0,0.7,1005.5,339.4284,1005.2,-4.833517,1.3,4.5,4.9,3.8,90.0,,,,,,,,,,,
2021-11-05 16:00:00,1,0,8.51,0.0,5.33,98.78,4.56,-0.16,-1.66,8.0,266.0,203.0,2.4,11.1,1520.0,6.7,1529.0,996.5,0.8,1004.9,346.7193,1004.7,-8.776849,0.6,4.9,5.9,4.5,90.0,,,,,,,,,,,
2021-11-05 17:00:00,1,0,8.8,-0.0,5.08,98.72,8.0,-0.15,-1.64,8.0,212.0,206.0,3.2,10.7,1632.0,5.6,1638.0,995.8,1.4,1004.2,346.8331,1004.0,-7.241302,0.9,5.0,5.1,4.8,91.0,,,,,,,,,,,
2021-11-05 18:00:00,1,0,9.04,-0.01,5.29,98.53,9.01,-0.16,-1.66,5.0,244.0,209.0,1.5,10.4,1706.0,5.4,1713.0,995.9,1.1,1004.3,342.7209,1004.1,-9.464993,0.5,4.8,6.1,4.8,91.0,,,,,,,,,,,
2021-11-05 19:00:00,1,0,9.21,-0.01,5.6,98.33,8.65,-0.13,-1.58,5.0,263.0,249.0,1.5,6.7,1839.0,2.1,1854.0,996.5,0.1,1004.9,337.4291,1004.7,-9.912235,0.4,5.1,5.4,4.8,87.0,,,,,,,,,,,
2021-11-05 20:00:00,1,0,9.37,-0.0,5.05,98.31,9.51,-0.14,-1.61,3.0,286.0,286.0,1.5,4.1,1902.0,1.5,2000.0,996.2,0.4,1004.6,341.961,1004.4,-9.480649,0.1,4.7,5.1,4.6,89.0,,,,,,,,,,,
2021-11-05 21:00:00,1,0,9.52,-0.01,5.48,98.25,9.6,-0.13,-1.58,0.0,271.0,260.0,1.5,4.5,2056.0,1.8,2056.0,996.2,0.3,1004.6,313.782,1004.4,-8.699469,0.0,5.4,5.4,4.7,83.0,,,,,,,,,,,
2021-11-05 22:00:00,1,0,9.63,-0.0,5.28,98.14,9.59,-0.14,-1.6,5.0,296.0,227.0,1.1,5.8,2117.0,2.4,2125.0,996.4,0.1,1004.9,338.2377,1004.6,-9.34029,0.4,4.4,5.4,4.4,90.0,,,,,,,,,,,
2021-11-05 23:00:00,1,0,9.69,-0.0,5.23,98.09,9.58,-0.13,-1.59,3.0,230.0,230.0,2.9,10.2,2231.0,4.0,2254.0,997.1,0.8,1005.6,344.1935,1005.3,-9.404455,0.6,4.4,5.6,4.4,82.0,,,,,,,,,,,
2021-11-06 00:00:00,1,0,9.77,-0.01,5.39,98.09,9.55,-0.13,-1.58,3.0,228.0,237.0,2.0,8.3,2349.0,2.6,2301.0,997.8,1.6,1006.3,346.3573,1006.0,-8.673008,0.2,4.4,5.0,4.3,86.0,,,,,,,,,,,
2021-11-06 01:00:00,1,0,9.8,-0.01,5.38,98.05,9.56,-0.13,-1.59,2.0,220.0,234.0,2.4,8.9,27.0,2.7,32.0,998.1,1.7,1006.6,343.168,1006.2,-8.547057,0.5,4.5,4.5,3.9,83.0,,,,,,,,,,,
2021-11-06 02:00:00,1,0,9.82,-0.0,5.41,98.08,9.53,-0.14,-1.6,2.0,301.0,220.0,1.5,9.5,131.0,2.7,140.0,998.6,1.5,1007.1,295.5459,1006.8,-10.78713,0.0,3.6,4.9,3.6,82.0,,,,,,,,,,,
2021-11-06 03:00:00,1,0,9.87,-0.0,5.46,98.03,9.56,-0.14,-1.59,2.0,236.0,229.0,2.4,8.6,253.0,2.6,257.0,999.1,1.3,1007.6,325.1066,1007.3,-8.075191,0.3,3.8,4.2,3.4,84.0,,,,,,,,,,,
2021-11-06 04:00:00,1,0,9.92,-0.01,5.49,97.96,9.68,-0.14,-1.59,2.0,232.0,249.0,2.1,6.3,351.0,2.2,356.0,999.6,1.5,1008.1,342.0101,1007.8,-9.696605,0.1,3.8,4.0,3.3,86.0,,,,,,,,,,,
2021-11-06 05:00:00,1,0,9.96,-0.01,5.54,98.0,9.64,-0.14,-1.62,1.0,281.0,223.0,1.8,5.1,459.0,1.9,402.0,999.8,1.1,1008.3,343.4685,1008.0,-9.142563,0.2,3.6,3.8,3.3,90.0,,,,,,,,,,,
2021-11-06 06:00:00,1,0,10.0,-0.01,5.5,98.0,9.63,-0.15,-1.63,2.0,291.0,284.0,1.9,4.1,508.0,2.2,556.0,1000.1,1.1,1008.6,341.0722,1008.4,-8.665871,1.8,3.5,3.6,2.7,92.0,,,,,,,,,,,
2021-11-06 07:00:00,1,0,10.03,-0.0,5.5,97.9,9.61,-0.14,-1.6,3.0,260.0,274.0,1.7,5.5,608.0,2.4,610.0,1000.6,1.1,1009.1,342.4476,1008.8,-8.793223,0.2,3.4,3.7,3.4,90.0,,,,,,,,,,,
2021-11-06 08:00:00,1,0,10.06,-0.01,5.49,97.87,9.61,-0.13,-1.59,2.0,283.0,258.0,1.6,4.2,745.0,1.7,701.0,1000.8,1.0,1009.3,342.0764,1009.0,-3.036504,0.1,3.8,3.8,3.1,92.0,,,,,,,,,,,
2021-11-06 09:00:00,1,0,10.09,-0.01,5.49,97.84,9.61,-0.14,-1.61,0.0,215.0,268.0,1.1,5.8,811.0,2.1,814.0,1000.6,0.4,1009.1,346.3475,1008.8,38.38131,0.1,4.2,4.2,3.8,89.0,,,,,,,,,,,
2021-11-06 10:00:00,1,0,10.12,-0.0,5.51,97.83,9.63,-0.13,-1.59,8.0,64.0,207.0,0.8,4.8,912.0,2.4,944.0,1000.1,0.5,1008.6,324.2704,1008.4,76.94735,0.0,5.0,5.0,4.2,82.0,,,,,,,,,,,
2021-11-06 11:00:00,1,0,10.15,-0.01,5.51,97.73,9.61,-0.12,-1.55,8.0,85.0,63.0,0.9,3.5,1024.0,2.2,1042.0,999.8,1.0,1008.3,254.0901,1008.0,106.5033,0.0,4.8,5.3,4.6,83.0,,,,,,,,,,,
2021-11-06 12:00:00,1,0,10.16,-0.0,5.51,97.61,9.59,-0.13,-1.59,8.0,46.0,47.0,1.9,3.8,1135.0,2.1,1142.0,998.8,1.7,1007.3,259.6179,1007.0,93.69302,0.0,4.9,5.1,4.6,77.0,,,,,,,,,,,
2021-11-06 13:00:00,1,0,10.18,-0.0,5.45,97.48,9.6,-0.15,-1.62,8.0,41.0,41.0,2.0,4.1,1300.0,2.0,1300.0,998.0,2.1,1006.5,270.6655,1006.2,63.18478,0.0,4.4,5.0,4.4,78.0,,,,,,,,,,,
2021-11-06 14:00:00,1,0,10.22,-0.01,5.45,97.28,9.63,-0.13,-1.59,8.0,27.0,32.0,2.1,4.5,1328.0,2.5,1332.0,996.7,3.0,1005.2,267.3388,1004.9,33.62438,0.0,4.1,4.4,4.1,77.0,,,,,,,,,,,
2021-11-06 15:00:00,1,0,10.24,-0.0,5.36,97.12,9.61,-0.13,-1.57,7.0,31.0,30.0,2.6,5.2,1452.0,2.8,1459.0,995.8,3.0,1004.3,278.2687,1004.0,4.082358,0.0,4.0,4.1,4.0,75.0,,,,,,,,,,,
2021-11-06 16:00:00,1,0,10.25,-0.0,5.34,96.94,9.6,-0.13,-1.57,7.0,28.0,28.0,2.8,5.2,1558.0,2.8,1600.0,994.4,3.5,1002.9,268.1818,1002.6,-9.620071,0.0,3.6,4.0,3.5,71.0,,,,,,,,,,,
2021-11-06 17:00:00,1,0,10.25,-0.01,5.3,96.82,9.61,-0.14,-1.59,8.0,33.0,29.0,2.7,6.0,1618.0,3.0,1623.0,993.1,3.6,1001.5,268.9112,1001.2,-10.72664,0.0,3.7,3.8,3.5,67.0,,,,,,,,,,,
2021-11-06 18:00:00,1,0,10.26,-0.0,5.25,96.71,9.6,-0.14,-1.6,7.0,29.0,30.0,3.7,6.8,1746.0,4.1,1752.0,991.6,4.2,1000.0,290.969,999.7,-9.958538,0.0,4.1,4.2,3.7,61.0,,,,,,,,,,,
2021-11-06 19:00:00,1,0,10.25,-0.0,5.08,96.5,9.61,-0.13,-1.58,7.0,36.0,28.0,3.0,6.5,1810.0,3.7,1805.0,990.4,4.0,998.8,280.7766,998.5,-10.29596,0.0,3.9,4.1,3.8,59.0,,,,,,,,,,,
2021-11-06 20:00:00,1,0,10.25,-0.0,5.15,96.29,9.59,-0.13,-1.59,7.0,28.0,28.0,3.4,6.2,1958.0,3.4,2000.0,989.1,3.9,997.5,260.8327,997.2,-10.94331,0.0,3.8,4.0,3.6,57.0,,,,,,,,,,,
2021-11-06 21:00:00,1,0,10.26,-0.01,4.88,96.17,9.62,-0.15,-1.63,7.0,24.0,31.0,2.5,5.8,2012.0,3.4,2005.0,988.0,3.6,996.4,261.4041,996.1,-10.93309,0.0,3.9,3.9,3.6,54.0,,,,,,,,,,,
2021-11-06 22:00:00,1,0,10.27,-0.01,4.74,96.02,9.63,-0.13,-1.59,7.0,32.0,34.0,3.7,7.3,2148.0,4.1,2156.0,987.1,3.3,995.5,285.8164,995.2,-10.24398,0.0,5.1,5.1,3.9,52.0,,,,,,,,,,,
2021-11-06 23:00:00,1,0,10.28,-0.01,4.68,95.79,9.58,-0.13,-1.57,7.0,12.0,31.0,3.1,6.8,2237.0,4.0,2241.0,986.1,3.0,994.4,295.2303,994.1,-10.16454,0.0,5.2,5.7,4.9,54.0,,,,,,,,,,,
2021-11-07 00:00:00,1,0,10.32,-0.0,4.71,95.71,9.62,-0.13,-1.58,6.0,50.0,13.0,2.0,6.4,2331.0,3.3,2301.0,985.5,2.5,993.9,292.2204,993.5,-10.37396,0.0,4.5,5.2,4.4,60.0,,,,,,,,,,,
2021-11-07 01:00:00,1,0,10.31,-0.01,4.72,95.48,9.65,-0.13,-1.58,6.0,41.0,41.0,3.3,5.9,57.0,3.3,100.0,984.6,2.6,992.9,290.0711,992.6,-9.910788,0.0,5.6,5.6,4.4,55.0,,,,,,,,,,,
2021-11-07 02:00:00,1,0,10.32,-0.0,4.67,95.38,9.6,-0.13,-1.58,7.0,30.0,46.0,3.1,6.2,154.0,3.4,106.0,984.0,2.1,992.3,291.7675,992.0,-10.15012,0.0,5.5,5.6,5.3,58.0,,,,,,,,,,,
2021-11-07 03:00:00,1,0,10.33,-0.01,4.55,95.28,9.57,-0.13,-1.57,6.0,36.0,33.0,1.6,7.0,224.0,3.6,211.0,983.7,1.8,992.0,275.6644,991.8,-10.98071,0.0,4.7,5.9,4.7,65.0,,,,,,,,,,,
2021-11-07 04:00:00,1,0,10.35,-0.0,4.51,95.19,9.59,-0.13,-1.58,5.0,28.0,31.0,0.8,5.5,307.0,2.6,322.0,984.1,0.5,992.5,266.7799,992.1,-11.1299,0.0,4.0,4.7,4.0,68.0,,,,,,,,,,,
2021-11-07 05:00:00,1,0,10.36,-0.01,4.54,95.04,9.62,-0.12,-1.56,3.0,42.0,17.0,1.7,4.0,429.0,2.0,437.0,984.5,0.5,992.9,267.919,992.5,-11.11656,0.0,4.0,4.1,3.8,69.0,,,,,,,,,,,
2021-11-07 06:00:00,1,0,10.38,-0.0,4.28,95.05,9.58,-0.13,-1.59,3.0,60.0,27.0,1.3,4.9,530.0,2.3,510.0,985.2,1.5,993.6,262.8929,993.3,-11.06201,0.0,3.9,4.1,3.9,70.0,,,,,,,,,,,
2021-11-07 07:00:00,1,0,10.39,-0.0,4.67,95.0,9.64,-0.13,-1.58,3.0,44.0,29.0,2.5,6.7,650.0,3.3,653.0,986.1,2.0,994.5,258.7747,994.2,-11.03843,0.0,4.1,4.3,3.5,68.0,,,,,,,,,,,
2021-11-07 08:00:00,1,0,10.39,-0.0,4.53,95.0,9.58,-0.12,-1.56,3.0,42.0,42.0,2.7,4.1,741.0,2.7,800.0,987.2,2.7,995.6,250.968,995.2,-7.039534,0.0,3.9,4.1,3.6,68.0,,,,,,,,,,,
2021-11-07 09:00:00,1,0,10.4,-0.0,4.55,95.04,9.59,-0.13,-1.58,3.0,53.0,41.0,2.5,5.2,819.0,3.0,824.0,988.4,3.2,996.8,248.5154,996.5,6.992822,0.0,4.1,4.3,3.9,67.0,,,,,,,,,,,
2021-11-07 10:00:00,1,0,10.41,-0.0,4.33,95.18,9.62,-0.13,-1.59,2.0,52.0,67.0,1.7,4.1,923.0,2.8,928.0,989.4,3.3,997.8,247.2087,997.5,36.00635,0.0,4.8,4.8,3.6,70.0,,,,,,,,,,,
2021-11-07 11:00:00,1,0,10.41,-0.0,4.19,95.19,9.61,-0.13,-1.58,2.0,83.0,83.0,3.5,5.7,1058.0,3.5,1100.0,990.5,3.3,998.8,249.1212,998.6,184.3567,0.0,6.8,7.1,4.8,58.0,,,,,,,,,,,
2021-11-07 12:00:00,1,0,10.39,-0.0,4.38,95.17,9.6,-0.13,-1.58,2.0,89.0,90.0,3.3,6.8,1104.0,3.4,1107.0,991.5,3.0,999.8,246.2758,999.6,193.2268,0.0,6.8,7.5,6.8,57.0,,,,,,,,,,,
2021-11-07 13:00:00,1,0,10.38,-0.0,4.18,95.31,9.59,-0.14,-1.59,2.0,84.0,74.0,3.7,6.2,1210.0,4.0,1234.0,992.6,3.2,1001.0,243.6794,1000.8,154.0754,0.0,6.4,6.9,6.4,58.0,,,,,,,,,,,
2021-11-07 14:00:00,1,0,10.39,-0.0,4.15,95.33,9.6,-0.13,-1.57,2.0,95.0,83.0,2.2,6.2,1301.0,3.8,1302.0,994.0,3.4,1002.4,243.7553,1002.1,71.68829,0.0,4.8,6.5,4.7,63.0,,,,,,,,,,,
2021-11-07 15:00:00,1,0,10.4,-0.0,4.3,95.39,9.59,-0.14,-1.61,2.0,69.0,76.0,2.9,6.1,1437.0,3.3,1453.0,995.2,3.6,1003.6,245.0548,1003.3,10.21774,0.0,4.3,4.8,4.3,66.0,,,,,,,,,,,
2021-11-07 16:00:00,1,0,10.4,-0.0,4.04,95.48,9.6,-0.13,-1.59,2.0,83.0,41.0,1.7,5.0,1540.0,2.8,1548.0,996.5,3.8,1005.0,246.6982,1004.7,-9.796901,0.0,3.6,4.3,3.5,70.0,,,,,,,,,,,
2021-11-07 17:00:00,1,0,10.41,-0.01,4.22,95.57,9.64,-0.12,-1.55,1.0,35.0,71.0,1.6,4.8,1603.0,2.1,1606.0,997.1,3.2,1005.6,258.1597,1005.3,-11.22592,0.0,3.1,3.8,3.0,73.0,,,,,,,,,,,
2021-11-07 18:00:00,1,0,10.41,-0.0,4.08,95.68,9.6,-0.13,-1.56,1.0,34.0,59.0,1.7,4.5,1718.0,2.1,1720.0,998.2,3.0,1006.7,255.4863,1006.4,-11.21188,0.0,3.1,3.6,2.9,72.0,,,,,,,,,,,
2021-11-07 19:00:00,1,0,10.41,-0.0,4.2,95.7,9.6,-0.13,-1.57,3.0,330.0,35.0,0.4,3.6,1802.0,1.8,1801.0,999.6,3.1,1008.1,264.6172,1007.8,-10.61754,0.0,2.7,3.3,2.6,76.0,,,,,,,,,,,
2021-11-07 20:00:00,1,0,10.4,-0.0,4.23,95.7,9.59,-0.13,-1.58,2.0,15.0,31.0,0.4,3.8,1947.0,2.0,1949.0,1000.8,3.5,1009.3,265.5932,1009.0,-10.93856,0.0,2.9,3.4,2.7,76.0,,,,,,,,,,,
2021-11-07 21:00:00,1,0,10.4,-0.0,3.82,95.8,9.58,-0.14,-1.6,1.0,9.0,9.0,1.2,3.0,2013.0,1.3,2059.0,1001.7,3.5,1010.3,264.1091,1009.9,-10.98039,0.0,2.5,2.9,2.5,78.0,,,,,,,,,,,
2021-11-07 22:00:00,1,0,10.4,-0.0,3.89,95.93,9.56,-0.13,-1.57,2.0,320.0,10.0,0.8,2.4,2106.0,1.2,2109.0,1002.8,3.2,1011.4,265.3737,1011.1,-10.84739,0.0,1.9,2.5,1.9,81.0,,,,,,,,,,,
2021-11-07 23:00:00,1,0,10.4,-0.0,3.31,95.99,9.61,-0.14,-1.6,1.0,324.0,291.0,0.7,1.5,2202.0,0.9,2211.0,1003.4,2.7,1012.0,264.3086,1011.7,-10.41693,0.0,1.9,2.1,1.8,83.0,,,,,,,,,,,
2021-11-08 00:00:00,1,0,10.42,-0.0,3.57,96.08,9.6,-0.14,-1.6,1.0,315.0,18.0,0.6,2.9,2343.0,1.4,2348.0,1003.5,1.8,1012.1,277.7507,1011.8,-10.33392,0.0,2.3,2.6,1.9,83.0,,,,,,,,,,,
2021-11-08 01:00:00,1,0,10.41,-0.0,3.94,96.06,9.62,-0.13,-1.57,1.0,25.0,25.0,1.9,4.1,59.0,2.1,46.0,1003.6,0.8,1012.2,267.5807,1011.8,-10.75538,0.0,2.7,2.9,2.1,77.0,,,,,,,,,,,
2021-11-08 02:00:00,1,0,10.4,-0.0,3.43,96.07,9.59,-0.13,-1.58,3.0,2.0,30.0,1.2,4.1,109.0,2.2,115.0,1004.4,1.0,1013.0,253.2586,1012.7,-11.32257,0.0,2.2,2.9,2.2,77.0,,,,,,,,,,,
2021-11-08 03:00:00,1,0,10.39,-0.0,3.39,95.95,9.63,-0.12,-1.56,3.0,22.0,354.0,0.3,1.9,203.0,1.3,211.0,1005.0,1.6,1013.6,236.8794,1013.3,-11.5791,0.0,1.1,2.2,1.1,84.0,,,,,,,,,,,
2021-11-08 04:00:00,1,0,10.39,-0.0,3.32,96.02,9.59,-0.13,-1.58,1.0,304.0,334.0,0.6,1.7,347.0,1.1,352.0,1005.5,1.8,1014.1,233.124,1013.7,-11.13232,0.0,1.0,1.2,0.8,83.0,,,,,,,,,,,
2021-11-08 05:00:00,1,0,10.39,-0.0,3.04,96.1,9.56,-0.13,-1.57,2.0,353.0,343.0,0.3,1.4,418.0,0.7,450.0,1006.0,1.6,1014.7,232.5375,1014.2,-11.2547,0.0,0.6,1.0,0.4,86.0,,,,,,,,,,,
2021-11-08 06:00:00,1,0,10.38,-0.0,3.16,96.04,9.6,-0.13,-1.58,3.0,334.0,27.0,0.3,4.5,518.0,2.0,523.0,1006.6,1.6,1015.3,233.3885,1014.8,-11.42117,0.0,0.8,1.6,0.6,85.0,,,,,,,,,,,
2021-11-08 07:00:00,1,0,10.38,-0.0,3.1,96.13,9.61,-0.14,-1.6,0.0,21.0,21.0,2.1,4.0,658.0,2.1,700.0,1006.5,1.1,1015.1,233.439,1014.8,-11.10184,0.0,1.5,1.5,0.6,79.0,,,,,,,,,,,
2021-11-08 08:00:00,1,0,10.37,-0.0,2.7,96.12,9.58,-0.13,-1.59,1.0,30.0,26.0,2.2,4.7,748.0,2.6,751.0,1006.8,0.8,1015.4,233.7807,1015.0,-5.367076,0.0,2.1,2.1,1.5,73.0,,,,,,,,,,,
2021-11-08 09:00:00,1,0,10.35,-0.0,2.95,96.12,9.59,-0.13,-1.59,3.0,22.0,38.0,1.8,5.7,825.0,3.4,830.0,1007.2,0.5,1015.8,233.162,1015.4,4.240631,0.0,2.1,2.6,2.1,71.0,,,,,,,,,,,
2021-11-08 10:00:00,1,0,10.34,-0.01,3.15,96.04,9.58,-0.13,-1.57,2.0,57.0,20.0,1.4,3.3,936.0,2.0,902.0,1007.3,0.8,1015.9,234.7014,1015.6,28.78952,0.0,3.5,3.5,2.1,66.0,,,,,,,,,,,
2021-11-08 11:00:00,1,0,10.32,-0.0,2.7,96.1,9.58,-0.14,-1.61,1.0,120.0,68.0,1.0,3.7,1025.0,2.2,1035.0,1007.4,0.7,1015.9,237.5254,1015.7,167.9107,0.0,5.8,5.9,3.5,62.0,,,,,,,,,,,
2021-11-08 12:00:00,1,0,10.31,-0.0,4.09,96.06,9.62,-0.13,-1.59,8.0,53.0,51.0,1.8,4.5,1130.0,2.6,1140.0,1006.8,0.3,1015.3,248.3522,1015.1,112.324,0.0,4.8,5.8,4.7,60.0,,,,,,,,,,,
2021-11-08 13:00:00,1,0,10.31,-0.0,3.08,96.0,9.59,-0.13,-1.59,8.0,39.0,49.0,1.9,4.0,1223.0,2.4,1224.0,1006.3,1.1,1014.8,256.1113,1014.5,81.00224,0.0,5.1,5.1,4.8,57.0,,,,,,,,,,,
2021-11-08 14:00:00,1,0,10.31,-0.01,2.99,95.94,9.58,-0.14,-1.6,5.0,36.0,36.0,2.4,4.7,1325.0,2.4,1400.0,1006.4,1.1,1014.9,253.1412,1014.7,54.39588,0.0,5.0,5.4,4.9,55.0,,,,,,,,,,,
2021-11-08 15:00:00,1,0,10.32,-0.01,3.48,95.85,9.58,-0.13,-1.57,8.0,31.0,31.0,2.5,4.2,1459.0,2.5,1500.0,1005.7,1.2,1014.2,267.6579,1014.0,3.153454,0.0,4.4,5.0,4.1,59.0,,,,,,,,,,,
2021-11-08 16:00:00,1,0,10.32,-0.0,2.93,95.72,9.61,-0.13,-1.58,8.0,31.0,45.0,2.7,5.2,1522.0,2.9,1530.0,1005.5,0.7,1014.0,278.9724,1013.8,-9.865999,0.0,5.0,5.0,4.4,54.0,,,,,,,,,,,
2021-11-08 17:00:00,1,0,10.33,-0.0,2.97,95.69,9.6,-0.13,-1.58,8.0,11.0,33.0,2.5,5.6,1616.0,3.3,1625.0,1004.5,1.9,1013.0,304.4258,1012.7,-10.11311,0.0,5.4,5.5,4.9,54.0,,,,,,,,,,,
2021-11-08 18:00:00,1,0,10.33,-0.0,3.23,95.59,9.6,-0.12,-1.56,8.0,25.0,31.0,2.0,4.5,1725.0,2.6,1716.0,1003.8,1.8,1012.3,318.994,1012.1,-9.828561,0.0,5.7,6.0,5.4,52.0,,,,,,,,,,,
2021-11-08 19:00:00,1,0,10.32,-0.0,2.91,95.53,9.61,-0.13,-1.57,6.0,4.0,22.0,1.3,3.9,1834.0,2.1,1807.0,1003.2,2.3,1011.7,327.6558,1011.4,-9.944732,0.0,6.1,6.2,5.7,53.0,,,,,,,,,,,
2021-11-08 20:00:00,1,0,10.33,-0.0,2.7,95.44,9.59,-0.14,-1.61,8.0,25.0,21.0,1.6,4.1,1936.0,1.8,1953.0,1001.9,2.4,1010.3,336.9188,1010.1,-11.96374,0.0,6.2,6.4,5.7,61.0,,,,,,,,,,,
2021-11-08 21:00:00,1,0,10.34,-0.0,5.22,95.29,9.61,-0.13,-1.58,8.0,16.0,26.0,2.2,4.6,2036.0,2.5,2045.0,999.8,3.9,1008.2,340.8941,1008.1,-11.94862,0.1,6.4,6.8,6.2,67.0,,,,,,,,,,,
2021-11-08 22:00:00,1,0,10.35,-0.0,2.69,95.2,9.62,-0.12,-1.55,8.0,317.0,17.0,0.5,4.2,2138.0,2.4,2110.0,998.0,5.2,1006.4,351.1934,1006.2,-10.3129,0.4,6.0,6.4,5.7,85.0,,,,,,,,,,,
2021-11-08 23:00:00,1,0,10.36,-0.0,4.07,94.96,9.62,-0.13,-1.58,6.0,326.0,358.0,1.1,3.0,2245.0,1.5,2248.0,996.5,5.4,1004.9,353.6194,1004.7,-7.62924,0.7,5.7,6.0,5.6,91.0,,,,,,,,,,,
2021-11-09 00:00:00,1,0,10.4,-0.0,3.35,94.8,9.62,-0.14,-1.61,6.0,322.0,321.0,1.0,3.3,2350.0,1.3,2352.0,995.7,4.3,1004.1,349.5779,1003.8,-7.607342,0.5,5.6,5.7,5.4,93.0,,,,,,,,,,,
2021-11-09 01:00:00,1,0,10.4,-0.0,3.7,94.53,9.58,-0.13,-1.58,6.0,207.0,207.0,3.1,12.1,100.0,3.1,100.0,994.8,3.3,1003.1,346.7318,1003.0,-9.138355,0.1,9.0,9.1,5.6,66.0,,,,,,,,,,,
2021-11-09 02:00:00,1,0,10.41,-0.0,3.84,94.43,9.62,-0.13,-1.59,8.0,177.0,216.0,2.6,8.7,133.0,4.0,107.0,994.3,2.3,1002.6,356.6855,1002.4,-7.362863,1.1,8.5,9.5,8.4,72.0,,,,,,,,,,,
2021-11-09 03:00:00,1,0,10.42,-0.01,3.74,94.34,9.6,-0.13,-1.58,6.0,224.0,224.0,3.8,11.9,254.0,3.8,300.0,993.8,2.0,1002.1,356.9129,1001.9,-7.967176,0.6,8.9,8.9,7.9,70.0,,,,,,,,,,,
2021-11-09 04:00:00,1,0,10.44,-0.01,3.79,94.28,9.6,-0.13,-1.59,6.0,214.0,219.0,4.0,12.0,327.0,4.8,342.0,993.5,1.5,1001.8,347.7931,1001.7,-9.244095,0.2,9.9,10.0,8.9,62.0,,,,,,,,,,,
2021-11-09 05:00:00,1,0,10.45,-0.0,3.68,94.26,9.57,-0.13,-1.57,7.0,226.0,226.0,4.7,10.0,455.0,4.7,500.0,993.2,0.8,1001.4,329.0923,1001.3,-8.931694,0.0,11.4,11.4,9.9,57.0,,,,,,,,,,,
2021-11-09 06:00:00,1,0,10.47,-0.0,4.04,94.11,9.55,-0.14,-1.61,3.0,228.0,213.0,5.0,12.1,555.0,5.3,510.0,993.9,0.1,1002.1,345.4452,1002.1,-9.115032,0.0,10.8,11.6,10.8,62.0,,,,,,,,,,,
2021-11-09 07:00:00,1,0,10.48,-0.01,3.88,94.11,9.6,-0.13,-1.59,3.0,244.0,210.0,2.5,11.9,614.0,5.1,616.0,995.3,1.8,1003.6,351.1718,1003.4,-11.95345,0.0,8.9,10.8,8.9,78.0,,,,,,,,,,,
2021-11-09 08:00:00,1,0,10.5,-0.0,3.92,94.19,9.56,-0.13,-1.59,3.0,253.0,261.0,2.6,7.9,703.0,3.6,746.0,996.3,3.2,1004.7,357.3264,1004.5,-6.456115,1.0,7.5,8.9,7.5,93.0,,,,,,,,,,,
2021-11-09 09:00:00,1,0,10.52,-0.0,4.14,94.25,9.56,-0.14,-1.61,1.0,228.0,206.0,2.4,10.1,818.0,5.9,849.0,996.6,2.7,1004.9,359.6573,1004.8,8.807476,0.5,8.5,9.1,7.5,83.0,,,,,,,,,,,
2021-11-09 10:00:00,1,0,10.54,-0.0,3.88,94.27,9.58,-0.14,-1.59,1.0,227.0,214.0,3.0,9.6,935.0,4.5,940.0,996.6,1.4,1004.9,289.6411,1004.8,28.47979,0.0,9.3,9.4,8.0,76.0,,,,,,,,,,,
2021-11-09 11:00:00,1,0,10.54,-0.0,4.15,94.27,9.59,-0.14,-1.6,3.0,218.0,220.0,4.0,10.8,1046.0,4.1,1054.0,997.0,0.7,1005.3,316.1635,1005.2,22.57742,0.0,9.7,9.7,9.0,70.0,,,,,,,,,,,
2021-11-09 12:00:00,1,0,10.53,-0.0,5.3,94.35,9.58,-0.13,-1.58,3.0,225.0,216.0,3.8,9.1,1116.0,4.6,1133.0,997.0,0.4,1005.3,319.9053,1005.2,98.64519,0.0,10.7,11.2,9.7,54.0,,,,,,,,,,,
2021-11-09 13:00:00,1,0,10.53,-0.0,4.43,94.35,9.58,-0.14,-1.6,0.0,221.0,220.0,4.8,11.4,1205.0,5.0,1259.0,996.5,0.1,1004.7,291.4006,1004.6,81.68793,0.0,11.5,11.6,10.5,48.0,,,,,,,,,,,
2021-11-09 14:00:00,1,0,10.53,-0.0,4.42,94.26,9.53,-0.13,-1.58,5.0,224.0,223.0,4.0,11.3,1323.0,4.7,1301.0,996.3,0.7,1004.6,290.1479,1004.5,48.7861,0.0,11.0,11.6,11.0,49.0,,,,,,,,,,,
2021-11-09 15:00:00,1,0,10.65,-0.01,4.24,94.25,9.59,-0.14,-1.61,6.0,225.0,219.0,4.1,12.4,1413.0,5.3,1411.0,996.1,0.9,1004.4,320.5848,1004.3,1.009274,0.0,10.9,11.1,10.8,48.0,,,,,,,,,,,
2021-11-09 16:00:00,1,0,10.8,-0.0,3.79,94.26,9.57,-0.14,-1.61,5.0,231.0,236.0,4.1,11.3,1531.0,4.7,1538.0,996.1,0.4,1004.4,324.4376,1004.2,-8.694815,0.0,10.6,11.0,10.5,52.0,,,,,,,,,,,
2021-11-09 17:00:00,1,0,10.86,-0.0,3.68,94.24,9.51,-0.13,-1.59,8.0,224.0,219.0,4.4,13.3,1605.0,4.9,1638.0,995.6,0.9,1003.8,304.3444,1003.8,-10.35127,0.0,11.1,11.1,10.6,48.0,,,,,,,,,,,
2021-11-09 18:00:00,1,0,10.89,-0.0,3.84,94.23,9.56,-0.13,-1.57,5.0,221.0,214.0,5.3,12.5,1713.0,5.7,1748.0,996.4,0.1,1004.7,343.5675,1004.6,-9.868401,0.0,9.4,11.3,9.4,64.0,,,,,,,,,,,
2021-11-09 19:00:00,1,0,10.91,-0.0,2.56,94.19,9.56,-0.14,-1.61,3.0,228.0,216.0,3.1,11.3,1814.0,5.5,1816.0,996.1,0.2,1004.4,354.0547,1004.2,-7.391603,1.2,8.2,9.4,8.2,77.0,,,,,,,,,,,
2021-11-09 20:00:00,1,0,10.94,-0.0,1.59,94.25,9.52,-0.14,-1.6,1.0,252.0,256.0,1.8,8.6,1908.0,3.4,1924.0,996.9,1.6,1005.3,355.6007,1005.1,-6.075156,2.6,6.8,8.2,6.7,92.0,,,,,,,,,,,
2021-11-09 21:00:00,1,0,10.96,-0.0,2.49,94.15,9.53,-0.13,-1.59,0.0,238.0,245.0,2.5,7.8,2049.0,3.4,2048.0,996.8,0.4,1005.2,354.6867,1005.0,-6.746204,1.0,7.3,7.4,6.7,84.0,,,,,,,,,,,
2021-11-09 22:00:00,1,0,10.98,-0.0,3.11,94.18,9.55,-0.13,-1.59,0.0,196.0,200.0,4.2,9.5,2126.0,5.0,2127.0,997.1,0.8,1005.5,354.2148,1005.3,-6.507832,2.3,7.0,7.8,7.0,85.0,,,,,,,,,,,
2021-11-09 23:00:00,1,0,10.99,-0.01,3.4,94.14,9.54,-0.13,-1.59,0.0,252.0,202.0,1.7,8.8,2202.0,4.0,2203.0,997.1,0.1,1005.5,354.562,1005.3,-7.413921,2.7,6.4,7.0,6.2,91.0,,,,,,,,,,,
2021-11-10 00:00:00,1,0,11.02,-0.0,3.42,94.12,9.55,-0.13,-1.59,0.0,264.0,223.0,2.3,8.1,2305.0,3.1,2306.0,996.9,0.2,1005.3,356.0838,1005.1,-8.094681,1.0,6.8,6.8,6.3,90.0,,,,,,,,,,,
2021-11-10 01:00:00,1,0,11.01,-0.0,3.43,94.13,9.55,-0.14,-1.6,8.0,273.0,246.0,2.5,7.0,52.0,2.8,54.0,995.8,1.2,1004.2,356.5125,1004.0,-7.988122,0.6,6.9,7.0,6.5,87.0,,,,,,,,,,,
2021-11-10 02:00:00,1,0,11.01,-0.0,3.43,94.03,9.51,-0.13,-1.58,8.0,317.0,268.0,1.1,6.0,119.0,2.5,101.0,995.0,1.9,1003.4,357.2131,1003.1,-10.32242,0.0,6.4,7.3,6.4,93.0,,,,,,,,,,,
2021-11-10 03:00:00,1,0,11.01,-0.01,5.21,93.94,9.56,-0.14,-1.61,7.0,244.0,244.0,3.2,9.6,256.0,3.2,300.0,994.0,2.9,1002.3,357.3681,1002.2,-10.23096,0.1,8.5,8.6,6.3,70.0,,,,,,,,,,,
2021-11-10 04:00:00,1,0,11.02,-0.0,4.05,93.84,9.5,-0.14,-1.59,5.0,248.0,235.0,2.6,10.0,304.0,3.9,304.0,994.4,1.5,1002.8,353.9998,1002.6,-7.927147,0.5,7.2,8.5,7.2,86.0,,,,,,,,,,,
2021-11-10 05:00:00,1,0,11.03,-0.0,3.63,93.77,9.53,-0.14,-1.6,3.0,221.0,207.0,4.6,14.4,442.0,8.0,445.0,995.7,0.6,1004.1,348.8116,1003.8,-5.559895,4.2,5.8,7.2,5.5,89.0,,,,,,,,,,,
2021-11-10 06:00:00,1,0,11.05,-0.0,3.47,93.8,9.56,-0.13,-1.58,3.0,253.0,209.0,1.9,13.0,515.0,6.7,517.0,996.2,2.2,1004.6,348.731,1004.4,-7.683571,3.3,5.5,6.5,5.5,91.0,,,,,,,,,,,
2021-11-10 07:00:00,1,0,11.06,-0.0,3.07,93.88,9.51,-0.14,-1.61,1.0,231.0,256.0,2.7,7.8,651.0,3.2,625.0,996.6,2.2,1005.0,346.7708,1004.8,-10.47965,0.1,5.9,6.0,5.5,85.0,,,,,,,,,,,
2021-11-10 08:00:00,1,0,11.07,-0.0,2.95,93.92,9.54,-0.14,-1.62,3.0,242.0,216.0,2.1,11.6,740.0,4.7,730.0,997.1,1.5,1005.5,346.6354,1005.3,-6.842188,0.9,5.6,6.6,5.5,88.0,,,,,,,,,,,
2021-11-10 09:00:00,1,0,11.07,-0.0,2.93,93.94,9.54,-0.14,-1.59,1.0,222.0,222.0,4.0,11.0,858.0,4.0,900.0,997.3,1.1,1005.7,352.0798,1005.5,12.069,0.3,7.0,7.0,5.6,73.0,,,,,,,,,,,
2021-11-10 10:00:00,1,0,11.07,-0.0,2.57,93.99,9.53,-0.14,-1.6,3.0,224.0,205.0,5.2,15.0,927.0,7.7,935.0,998.3,1.6,1006.7,324.5647,1006.4,17.35247,0.3,6.3,7.1,6.0,73.0,,,,,,,,,,,
2021-11-10 11:00:00,1,0,11.07,-0.0,2.52,93.98,9.52,-0.14,-1.62,3.0,218.0,209.0,5.0,12.8,1055.0,6.7,1030.0,998.4,1.6,1006.8,327.4146,1006.6,51.13387,2.4,5.2,7.6,4.8,81.0,,,,,,,,,,,
2021-11-10 12:00:00,1,0,11.07,-0.0,2.65,94.02,9.52,-0.14,-1.62,1.0,216.0,207.0,4.8,18.1,1122.0,9.3,1126.0,998.9,1.6,1007.3,327.5012,1007.1,19.51551,0.3,5.7,6.1,5.1,82.0,,,,,,,,,,,
2021-11-10 13:00:00,1,0,11.08,-0.0,1.98,94.07,9.53,-0.13,-1.58,3.0,214.0,208.0,6.3,14.9,1251.0,7.6,1254.0,999.8,1.6,1008.3,324.1346,1008.0,26.82778,1.0,5.5,6.3,5.2,79.0,,,,,,,,,,,
2021-11-10 14:00:00,1,0,11.08,-0.0,2.32,94.08,9.54,-0.13,-1.59,3.0,220.0,209.0,5.8,15.6,1334.0,8.5,1340.0,1000.4,1.8,1008.8,320.0903,1008.6,20.01491,0.0,6.1,6.5,5.4,74.0,,,,,,,,,,,
2021-11-10 15:00:00,1,0,11.08,-0.0,0.94,94.18,9.49,-0.14,-1.6,0.0,262.0,223.0,3.5,13.2,1411.0,5.4,1404.0,1000.4,1.6,1008.9,341.7915,1008.6,-5.120896,4.5,5.0,6.1,3.5,86.0,,,,,,,,,,,
2021-11-10 16:00:00,1,0,11.08,-0.0,-0.05,94.21,9.51,-0.14,-1.6,1.0,234.0,255.0,2.8,9.7,1555.0,4.1,1514.0,1001.1,1.2,1009.5,329.8134,1009.3,-8.390363,0.8,6.0,6.0,4.6,82.0,,,,,,,,,,,
2021-11-10 17:00:00,1,0,11.08,-0.0,0.92,94.2,9.52,-0.14,-1.6,0.0,216.0,205.0,4.8,12.0,1615.0,6.9,1646.0,1001.1,0.7,1009.5,323.1525,1009.3,-10.25937,0.2,7.0,7.0,5.7,72.0,,,,,,,,,,,
2021-11-10 18:00:00,1,0,11.09,-0.01,0.79,94.2,9.53,-0.14,-1.6,0.0,243.0,212.0,3.0,12.7,1729.0,6.3,1724.0,1001.4,0.9,1009.8,339.0092,1009.7,-7.750713,0.5,6.0,7.4,5.9,84.0,,,,,,,,,,,
2021-11-10 19:00:00,1,0,11.09,-0.0,0.35,94.18,9.52,-0.14,-1.61,0.0,249.0,228.0,2.8,9.9,1839.0,3.9,1840.0,1001.2,0.1,1009.6,347.6681,1009.4,-10.26812,0.1,7.0,7.2,6.0,73.0,,,,,,,,,,,
2021-11-10 20:00:00,1,0,11.1,-0.0,-0.11,94.19,9.54,-0.14,-1.6,8.0,220.0,220.0,4.4,9.5,1956.0,4.5,1959.0,1000.9,0.2,1009.3,343.5213,1009.1,-9.012151,0.4,7.6,7.6,6.5,66.0,,,,,,,,,,,
2021-11-10 21:00:00,1,0,11.12,-0.0,0.92,94.13,9.54,-0.15,-1.63,8.0,232.0,217.0,3.2,11.2,2043.0,5.3,2039.0,1000.1,1.2,1008.5,343.7,1008.3,-10.58746,0.1,7.3,7.7,7.1,66.0,,,,,,,,,,,
2021-11-10 22:00:00,1,0,11.12,-0.0,0.76,94.09,9.54,-0.14,-1.6,6.0,245.0,219.0,3.8,11.9,2146.0,5.1,2121.0,999.8,1.1,1008.2,334.4428,1008.1,-8.944596,0.0,7.4,8.3,7.2,68.0,,,,,,,,,,,
2021-11-10 23:00:00,1,0,11.14,-0.0,0.93,93.96,9.51,-0.14,-1.61,8.0,249.0,233.0,3.0,9.5,2247.0,3.6,2204.0,998.4,2.5,1006.8,337.9481,1006.6,-10.99121,0.1,8.1,8.1,6.9,61.0,,,,,,,,,,,
2021-11-11 00:00:00,1,0,11.16,-0.0,-0.33,93.93,9.49,-0.14,-1.61,8.0,232.0,224.0,4.3,11.6,2353.0,4.9,2312.0,997.4,2.4,1005.7,335.7314,1005.6,-8.831033,0.0,8.4,8.5,8.1,59.0,,,,,,,,,,,
2021-11-11 01:00:00,1,0,11.16,-0.0,0.25,93.79,9.52,-0.14,-1.59,6.0,189.0,227.0,4.2,13.0,15.0,5.5,15.0,996.3,3.8,1004.6,314.5128,1004.5,-10.01371,0.0,8.5,8.6,7.8,54.0,,,,,,,,,,,
2021-11-11 02:00:00,1,0,11.16,-0.0,-2.63,93.72,9.5,-0.13,-1.58,8.0,226.0,202.0,3.7,13.2,159.0,4.9,125.0,994.3,4.2,1002.6,300.4735,1002.5,-9.952362,0.0,9.0,9.0,8.5,52.0,,,,,,,,,,,
2021-11-11 03:00:00,1,0,11.16,-0.0,-0.42,93.56,9.53,-0.14,-1.61,8.0,195.0,162.0,3.4,12.8,215.0,4.8,252.0,992.4,5.1,1000.7,297.1084,1000.5,-10.25424,0.0,9.1,9.2,8.8,53.0,,,,,,,,,,,
2021-11-11 04:00:00,1,0,11.16,-0.0,-4.18,93.39,9.51,-0.15,-1.63,6.0,169.0,169.0,4.7,13.9,337.0,5.8,346.0,990.2,5.9,998.4,317.1456,998.3,-9.686454,0.0,9.9,9.9,9.0,50.0,,,,,,,,,,,
2021-11-11 05:00:00,1,0,11.16,-0.0,-2.64,93.21,9.51,-0.14,-1.6,5.0,240.0,156.0,3.6,12.1,404.0,5.8,414.0,990.4,3.6,998.7,347.5642,998.5,-7.611086,1.4,6.6,9.9,6.6,81.0,,,,,,,,,,,
2021-11-11 06:00:00,1,0,11.17,-0.01,-1.59,92.97,9.52,-0.14,-1.61,5.0,197.0,207.0,5.5,12.6,544.0,7.3,550.0,990.8,1.5,999.2,342.3908,998.9,-7.176856,2.4,6.1,6.6,5.5,80.0,,,,,,,,,,,
2021-11-11 07:00:00,1,0,11.18,-0.0,-4.18,92.98,9.53,-0.13,-1.59,3.0,230.0,210.0,3.7,11.7,614.0,5.8,626.0,991.4,0.9,999.8,345.7008,999.5,-7.433599,1.2,5.5,6.5,5.2,79.0,,,,,,,,,,,
2021-11-11 08:00:00,1,0,11.19,-0.0,-2.73,92.95,9.49,-0.14,-1.6,3.0,235.0,211.0,2.1,10.7,740.0,5.0,717.0,993.2,2.8,1001.6,344.3263,1001.4,-6.605844,3.5,4.2,6.2,4.1,93.0,,,,,,,,,,,
2021-11-11 09:00:00,1,0,11.19,-0.0,-1.31,92.96,9.51,-0.14,-1.6,3.0,267.0,266.0,2.6,10.3,836.0,2.8,858.0,994.9,4.0,1003.3,347.1989,1003.1,-2.897932,2.0,4.5,4.6,4.2,92.0,,,,,,,,,,,
2021-11-11 10:00:00,1,0,11.18,-0.0,-2.5,93.11,9.47,-0.13,-1.57,3.0,244.0,228.0,2.6,7.7,935.0,3.0,938.0,996.2,4.8,1004.6,347.527,1004.4,7.101518,0.5,4.8,5.2,4.4,85.0,,,,,,,,,,,
2021-11-11 11:00:00,1,0,11.18,-0.01,-0.29,93.21,9.49,-0.14,-1.6,1.0,241.0,244.0,2.1,7.4,1003.0,2.9,1004.0,997.1,3.9,1005.5,349.209,1005.3,32.8678,0.3,5.2,5.4,4.7,85.0,,,,,,,,,,,
2021-11-11 12:00:00,1,0,11.17,-0.0,-1.48,93.34,9.51,-0.14,-1.6,1.0,231.0,220.0,2.7,11.0,1104.0,3.7,1129.0,997.4,2.6,1005.8,349.588,1005.6,29.12354,1.2,5.2,5.4,5.1,92.0,,,,,,,,,,,
2021-11-11 13:00:00,1,0,11.17,-0.0,-2.69,93.45,9.53,-0.13,-1.57,3.0,224.0,215.0,3.7,11.6,1210.0,5.6,1213.0,998.4,2.3,1006.8,349.8416,1006.6,2.466864,1.4,5.7,5.8,5.2,89.0,,,,,,,,,,,
2021-11-11 14:00:00,1,0,11.17,-0.0,-3.42,93.43,9.52,-0.13,-1.58,3.0,221.0,212.0,3.7,11.1,1337.0,4.7,1329.0,1000.0,2.8,1008.4,349.431,1008.2,5.682884,1.0,6.2,6.4,5.5,87.0,,,,,,,,,,,
2021-11-11 15:00:00,1,0,11.17,-0.0,-1.33,93.5,9.52,-0.13,-1.58,3.0,218.0,217.0,3.4,9.4,1452.0,4.0,1404.0,1001.3,3.8,1009.7,345.8397,1009.5,-2.889218,0.2,6.4,6.6,6.2,86.0,,,,,,,,,,,
2021-11-11 16:00:00,1,0,11.18,-0.0,-1.24,93.61,9.51,-0.13,-1.59,2.0,231.0,212.0,2.8,9.8,1523.0,4.6,1529.0,1002.7,4.3,1011.2,348.4531,1010.9,-7.516304,0.3,5.7,6.4,5.7,89.0,,,,,,,,,,,
2021-11-11 17:00:00,1,0,11.18,-0.0,1.29,93.72,9.49,-0.14,-1.6,2.0,265.0,217.0,1.6,8.0,1611.0,3.5,1620.0,1004.1,4.1,1012.6,346.0018,1012.4,-8.578403,0.2,5.3,5.8,5.2,91.0,,,,,,,,,,,
2021-11-11 18:00:00,1,0,11.19,-0.01,-0.21,93.81,9.5,-0.15,-1.63,1.0,244.0,242.0,2.2,6.8,1708.0,2.3,1758.0,1005.1,3.9,1013.6,328.7515,1013.4,-9.724376,0.2,5.1,5.4,4.9,89.0,,,,,,,,,,,
2021-11-11 19:00:00,1,0,11.19,0.0,-1.24,93.93,9.5,-0.14,-1.61,1.0,322.0,248.0,0.8,6.5,1827.0,2.2,1836.0,1005.6,2.9,1014.1,350.4135,1013.9,-9.737286,0.1,4.6,5.1,4.6,92.0,,,,,,,,,,,
2021-11-11 20:00:00,1,0,11.19,-0.0,-2.45,93.99,9.48,-0.14,-1.6,1.0,252.0,243.0,1.2,5.3,1955.0,1.5,1934.0,1006.3,2.1,1014.8,352.3145,1014.5,-8.218936,0.4,4.9,5.1,4.6,92.0,,,,,,,,,,,
2021-11-11 21:00:00,1,0,11.2,-0.0,-1.15,94.02,9.55,-0.14,-1.62,2.0,257.0,257.0,1.1,5.3,2010.0,1.8,2027.0,1006.9,1.8,1015.4,350.467,1015.2,-7.119845,2.2,4.4,4.9,4.4,92.0,,,,,,,,,,,
2021-11-11 22:00:00,1,0,11.2,-0.0,-1.84,94.03,9.49,-0.13,-1.58,1.0,285.0,279.0,1.4,4.2,2147.0,1.8,2151.0,1007.3,1.6,1015.8,348.5947,1015.6,-9.324258,0.1,4.3,4.5,4.3,93.0,,,,,,,,,,,
2021-11-11 23:00:00,1,0,11.21,-0.0,-1.12,94.07,9.52,-0.14,-1.59,2.0,282.0,270.0,2.1,5.9,2237.0,2.3,2238.0,1007.8,1.5,1016.3,348.1781,1016.0,-7.500189,0.7,4.5,4.5,4.3,91.0,,,,,,,,,,,
2021-11-12 00:00:00,1,0,11.24,-0.0,1.31,94.1,9.51,-0.14,-1.62,1.0,275.0,276.0,1.6,5.3,2313.0,2.3,2305.0,1007.9,1.0,1016.5,347.3221,1016.2,-8.043199,0.8,4.3,4.5,4.2,92.0,,,,,,,,,,,
2021-11-12 01:00:00,1,0,11.23,-0.0,-0.89,94.13,9.48,-0.15,-1.64,1.0,290.0,277.0,1.4,4.8,31.0,2.1,34.0,1008.2,0.9,1016.8,346.5152,1016.4,-9.037811,0.2,3.9,4.3,3.9,92.0,,,,,,,,,,,
2021-11-12 02:00:00,1,0,11.23,-0.0,2.28,94.12,9.48,-0.15,-1.62,0.0,287.0,291.0,1.4,3.7,154.0,1.5,145.0,1008.2,0.4,1016.8,345.7651,1016.4,-9.495642,0.1,4.0,4.0,3.7,94.0,,,,,,,,,,,
2021-11-12 03:00:00,1,0,11.23,-0.0,-2.59,94.12,9.52,-0.13,-1.59,1.0,303.0,277.0,0.8,3.4,213.0,1.6,219.0,1008.3,0.4,1016.9,346.4646,1016.6,-7.906661,1.1,3.7,4.1,3.7,94.0,,,,,,,,,,,
2021-11-12 04:00:00,1,0,11.22,-0.0,5.07,94.12,9.49,-0.13,-1.57,2.0,326.0,343.0,0.7,1.8,330.0,0.9,356.0,1008.4,0.2,1017.0,346.1225,1016.6,-8.844393,0.4,3.6,3.7,3.6,95.0,,,,,,,,,,,
2021-11-12 05:00:00,1,0,11.22,-0.01,-0.34,94.11,9.53,-0.14,-1.59,2.0,344.0,344.0,0.9,1.8,458.0,0.9,500.0,1008.3,0.2,1016.9,343.0464,1016.6,-10.59336,0.0,2.9,3.6,2.8,96.0,,,,,,,,,,,
2021-11-12 06:00:00,1,0,11.22,-0.0,-2.88,94.09,9.5,-0.14,-1.61,8.0,4.0,5.0,1.2,2.4,549.0,1.3,558.0,1008.0,0.3,1016.6,343.8223,1016.3,-10.50486,0.0,2.9,3.1,2.9,95.0,,,,,,,,,,,
2021-11-12 07:00:00,1,0,11.22,-0.0,-1.71,94.09,9.49,-0.14,-1.61,7.0,24.0,24.0,1.9,3.4,658.0,2.0,658.0,1007.7,0.6,1016.3,337.3374,1016.0,-11.0225,0.0,2.9,3.0,2.8,95.0,,,,,,,,,,,
2021-11-12 08:00:00,1,0,11.21,-0.0,-4.18,94.03,9.52,-0.13,-1.59,7.0,18.0,26.0,2.0,3.7,744.0,2.2,747.0,1007.6,0.7,1016.2,282.4639,1015.9,-8.376713,0.0,2.8,2.9,2.7,94.0,,,,,,,,,,,
2021-11-12 09:00:00,1,0,11.2,-0.0,-1.94,94.01,9.53,-0.14,-1.59,7.0,20.0,28.0,2.2,4.1,826.0,2.4,854.0,1007.6,0.5,1016.2,246.4265,1015.8,5.631929,0.0,3.1,3.1,2.7,91.0,,,,,,,,,,,
2021-11-12 10:00:00,1,0,11.19,-0.01,-3.34,94.0,9.51,-0.14,-1.6,7.0,23.0,27.0,1.7,4.4,936.0,2.7,941.0,1007.2,0.4,1015.8,247.2515,1015.5,25.27784,0.0,3.7,3.7,3.1,87.0,,,,,,,,,,,
2021-11-12 11:00:00,1,0,11.27,-0.0,-2.8,93.96,9.48,-0.13,-1.59,8.0,25.0,27.0,2.3,6.1,1032.0,3.0,1037.0,1006.5,1.2,1015.1,247.0151,1014.7,57.03365,0.0,3.8,4.2,3.7,83.0,,,,,,,,,,,
2022-03-26 12:00:00,2,0,2.83,47.5,7.25,94.01,1.93,8.08,24.14,0.0,142.0,147.0,1.0,2.0,1117.0,1.1,1122.0,1024.2,0.3,1032.8,317.3896,1032.7,267.5727,0.0,5.8,6.1,5.5,49.0,,,,,,,,,,,
2022-03-26 13:00:00,2,1,2.84,47.5,7.04,93.82,1.94,8.07,24.12,7.0,192.0,173.0,0.9,2.7,1246.0,1.6,1250.0,1023.8,0.6,1032.4,324.8575,1032.2,255.6175,0.0,6.2,6.2,5.6,45.0,,,,,,,,,,,
2022-03-26 14:00:00,2,1,2.85,47.51,6.82,93.62,1.94,8.07,24.1,7.0,196.0,191.0,1.0,2.4,1320.0,1.4,1324.0,1023.6,0.6,1032.2,326.5193,1032.0,133.6335,0.0,5.6,6.3,5.6,51.0,,,,,,,,,,,
2022-03-26 15:00:00,2,0,2.86,47.51,6.61,93.43,1.95,8.06,24.08,7.0,203.0,203.0,1.0,2.1,1426.0,1.0,1500.0,1023.0,1.2,1031.6,327.245,1031.4,82.79662,0.0,5.6,5.6,5.3,53.0,,,,,,,,,,,
2022-03-26 16:00:00,2,0,2.85,47.57,6.63,93.38,1.95,8.1,24.2,8.0,99.0,177.0,0.9,2.5,1503.0,1.4,1509.0,1022.4,1.3,1031.0,328.9543,1030.8,65.30858,0.0,5.3,5.6,5.2,55.0,,,,,,,,,,,
2022-03-26 17:00:00,2,0,2.86,47.5,6.64,93.52,1.94,8.07,24.11,7.0,6.0,98.0,0.1,1.3,1626.0,0.8,1602.0,1022.1,1.6,1030.8,327.126,1030.5,39.59938,0.0,4.9,5.4,4.9,60.0,,,,,,,,,,,
2022-03-26 18:00:00,2,0,2.86,47.48,6.64,93.53,1.95,8.09,24.17,7.0,289.0,289.0,1.1,2.5,1757.0,1.1,1800.0,1021.5,1.5,1030.2,330.1342,1029.9,0.2155318,0.0,4.7,4.9,4.6,64.0,,,,,,,,,,,
2022-03-26 19:00:00,2,0,2.83,47.49,6.64,93.57,1.94,8.12,24.27,7.0,324.0,234.0,0.6,4.4,1823.0,1.8,1830.0,1021.3,1.1,1030.0,345.9713,1029.7,-11.45663,0.1,3.9,4.7,3.9,78.0,,,,,,,,,,,
2022-03-26 20:00:00,2,0,2.85,47.54,6.65,93.61,1.95,8.04,24.03,7.0,25.0,27.0,1.3,2.8,1957.0,1.4,1959.0,1021.0,1.0,1029.7,351.2352,1029.4,-10.7745,0.3,3.1,3.9,3.1,86.0,,,,,,,,,,,
2022-03-26 21:00:00,2,0,2.84,47.51,6.64,93.7,1.93,8.11,24.23,8.0,312.0,23.0,0.6,2.7,2007.0,1.4,2011.0,1020.3,1.2,1029.0,351.6575,1028.7,-9.596305,0.1,2.8,3.1,2.8,91.0,,,,,,,,,,,
2022-03-26 22:00:00,2,0,2.85,47.52,6.65,93.75,1.99,8.1,24.2,8.0,328.0,49.0,0.6,2.5,2148.0,1.4,2149.0,1019.6,1.7,1028.3,351.726,1028.0,-9.570069,0.1,2.7,2.9,2.5,93.0,,,,,,,,,,,
2022-03-26 23:00:00,2,0,2.84,47.5,6.65,93.78,1.97,8.11,24.23,6.0,279.0,61.0,1.0,3.4,2255.0,1.4,2214.0,1019.5,1.7,1028.2,352.6296,1027.9,-10.203,0.0,2.9,2.9,2.6,91.0,,,,,,,,,,,
2022-03-27 00:00:00,2,0,2.82,47.49,6.64,93.7,1.94,8.12,24.27,6.0,244.0,225.0,2.2,7.3,2326.0,2.9,2326.0,1018.9,1.3,1027.5,357.2721,1027.3,-11.12564,0.0,5.1,5.1,2.9,85.0,,,,,,,,,,,
2022-03-27 01:00:00,2,1,2.82,47.49,6.63,93.78,1.94,8.13,24.29,7.0,217.0,210.0,4.4,11.2,44.0,5.7,44.0,1018.8,0.8,1027.4,349.7213,1027.2,-9.180549,0.0,6.2,6.2,5.1,79.0,,,,,,,,,,,
2022-03-27 02:00:00,2,1,2.82,47.49,6.62,93.86,1.94,8.13,24.3,6.0,198.0,202.0,4.5,10.2,117.0,5.4,130.0,1018.2,1.2,1026.8,347.2489,1026.6,-8.665633,0.1,5.2,6.2,5.1,86.0,,,,,,,,,,,
2022-03-27 03:00:00,2,0,2.82,47.49,6.61,93.94,1.94,8.14,24.32,8.0,223.0,207.0,2.6,10.0,218.0,5.9,224.0,1017.3,1.8,1025.9,349.0993,1025.6,-8.786605,0.2,5.4,5.6,5.2,88.0,,,,,,,,,,,
2022-03-27 04:00:00,2,0,2.82,47.5,6.62,93.96,1.97,8.13,24.28,6.0,217.0,207.0,2.3,11.2,308.0,6.5,313.0,1017.2,1.6,1025.8,356.0722,1025.5,-7.356023,0.9,5.6,5.6,5.3,89.0,,,,,,,,,,,
2022-03-27 05:00:00,2,0,2.82,47.5,6.62,93.98,1.94,8.13,24.3,6.0,197.0,197.0,5.2,9.5,500.0,5.2,500.0,1016.2,1.9,1024.8,356.3588,1024.6,-9.317595,0.1,6.2,6.4,5.4,81.0,,,,,,,,,,,
2022-03-27 06:00:00,2,0,2.83,47.5,6.62,94.06,1.94,8.13,24.29,8.0,215.0,204.0,5.0,12.4,544.0,6.1,527.0,1015.7,1.4,1024.2,348.5822,1024.1,-5.662467,0.0,7.0,7.1,6.2,76.0,,,,,,,,,,,
2022-03-27 07:00:00,2,0,2.83,47.49,6.61,94.13,1.96,8.12,24.27,6.0,230.0,214.0,3.8,9.8,602.0,5.2,603.0,1015.5,1.6,1024.0,349.8887,1023.9,8.679899,0.0,7.8,7.8,7.0,77.0,,,,,,,,,,,
2022-03-27 08:00:00,2,0,2.84,47.49,6.62,94.16,1.93,8.13,24.28,7.0,231.0,239.0,3.9,10.3,747.0,4.2,732.0,1015.1,1.2,1023.6,345.9418,1023.4,60.6457,0.0,8.2,8.2,7.6,76.0,,,,,,,,,,,
2022-03-27 09:00:00,2,0,2.84,47.49,6.62,94.21,1.96,8.13,24.28,8.0,236.0,249.0,3.8,9.9,806.0,4.5,843.0,1014.0,1.6,1022.5,325.7437,1022.3,144.891,0.0,9.1,9.2,8.2,69.0,,,,,,,,,,,
2022-03-27 10:00:00,2,0,2.84,47.5,6.6,94.28,1.91,8.13,24.29,8.0,229.0,241.0,3.3,9.8,925.0,4.2,928.0,1013.7,2.0,1022.1,338.98,1022.0,138.5105,0.0,9.4,9.5,9.1,70.0,,,,,,,,,,,
2022-03-27 11:00:00,2,0,2.84,47.49,6.61,94.32,1.91,8.13,24.29,6.0,228.0,221.0,4.5,14.2,1031.0,5.6,1051.0,1013.3,1.8,1021.7,329.2735,1021.7,252.3233,0.0,10.3,10.3,9.4,67.0,,,,,,,,,,,
2022-03-27 12:00:00,2,0,2.86,47.5,6.6,94.41,1.93,8.1,24.22,8.0,218.0,218.0,6.4,13.5,1148.0,6.8,1156.0,1012.8,1.3,1021.2,302.2988,1021.1,453.5307,0.0,10.9,11.0,10.1,65.0,,,,,,,,,,,
2022-03-27 13:00:00,2,1,2.87,47.5,6.58,94.5,1.92,8.09,24.2,8.0,213.0,213.0,8.0,15.6,1257.0,8.7,1257.0,1011.7,2.0,1020.1,286.3331,1020.0,480.9797,0.0,10.4,11.2,10.1,64.0,,,,,,,,,,,
2022-03-27 14:00:00,2,0,2.89,47.49,6.57,94.6,1.91,8.09,24.18,5.0,221.0,206.0,6.5,17.7,1313.0,9.1,1340.0,1011.0,2.2,1019.4,278.9078,1019.3,377.0799,0.0,10.2,10.5,10.0,62.0,,,,,,,,,,,
2022-03-27 15:00:00,2,0,2.88,47.49,6.59,94.62,1.86,8.09,24.18,6.0,219.0,219.0,6.5,14.3,1416.0,6.7,1438.0,1010.5,2.2,1018.9,288.5585,1018.8,279.4831,0.0,10.1,10.6,10.0,62.0,,,,,,,,,,,
2022-03-27 16:00:00,2,0,2.89,47.49,6.56,94.67,1.85,8.1,24.19,5.0,227.0,212.0,4.8,18.7,1538.0,8.8,1541.0,1010.1,1.5,1018.5,312.6116,1018.4,169.4748,0.0,9.4,10.2,9.4,66.0,,,,,,,,,,,
2022-03-27 17:00:00,2,0,2.87,47.49,6.59,94.64,1.84,8.11,24.24,6.0,221.0,221.0,4.8,12.3,1641.0,5.9,1614.0,1009.3,1.6,1017.7,353.2626,1017.6,7.397673,0.0,8.8,9.4,8.8,71.0,,,,,,,,,,,
2022-03-27 18:00:00,2,0,2.89,47.48,6.57,94.73,1.87,8.11,24.23,6.0,224.0,219.0,4.6,13.3,1714.0,5.8,1715.0,1008.7,1.8,1017.1,353.3193,1017.0,-4.503613,0.0,8.6,8.8,8.5,73.0,,,,,,,,,,,
2022-03-27 19:00:00,2,0,2.88,47.49,6.57,94.76,1.82,8.1,24.22,5.0,229.0,222.0,4.4,11.2,1843.0,4.7,1803.0,1008.5,1.7,1016.9,352.0579,1016.8,-8.577129,0.0,8.6,8.7,8.5,74.0,,,,,,,,,,,
2022-03-27 20:00:00,2,0,2.88,47.48,6.58,94.8,1.84,8.11,24.23,8.0,227.0,225.0,5.5,14.3,1939.0,6.1,1948.0,1007.4,2.0,1015.8,354.5944,1015.7,-8.623329,0.0,8.2,8.6,8.1,77.0,,,,,,,,,,,
2022-03-27 21:00:00,2,0,2.88,47.49,6.58,94.85,1.86,8.11,24.24,8.0,228.0,228.0,4.8,12.3,2007.0,5.4,2057.0,1006.9,1.9,1015.3,354.5969,1015.1,-8.726986,0.0,8.6,8.7,8.2,75.0,,,,,,,,,,,
2022-03-27 22:00:00,2,0,2.89,47.49,6.58,94.92,1.85,8.11,24.25,6.0,231.0,224.0,4.6,13.5,2119.0,4.8,2119.0,1006.4,2.0,1014.8,354.7077,1014.7,-9.48192,0.0,8.1,8.6,7.8,79.0,,,,,,,,,,,
2022-03-27 23:00:00,2,0,2.89,47.48,6.61,94.96,1.87,8.11,24.24,6.0,221.0,226.0,4.3,16.8,2211.0,5.3,2205.0,1006.3,1.1,1014.8,351.5137,1014.5,-9.078645,0.0,7.1,8.2,7.1,78.0,,,,,,,,,,,
2022-03-28 00:00:00,2,0,2.9,47.49,6.57,95.03,1.85,8.11,24.23,5.0,212.0,213.0,5.4,10.9,2310.0,5.9,2357.0,1006.4,0.5,1014.9,343.7932,1014.7,-10.11946,0.0,5.3,7.1,5.3,80.0,,,,,,,,,,,
2022-03-28 01:00:00,2,1,3.05,68.1,6.62,51.72,140.51,4.1,12.34,7.0,217.0,212.0,4.1,10.1,13.0,5.3,1.0,1006.3,0.2,1014.8,330.6376,1014.5,-8.748953,0.0,4.8,5.4,4.8,72.0,,,,,,,,,,,
2022-03-28 02:00:00,2,0,3.2,88.71,6.68,8.42,279.17,0.1,0.45,2.0,230.0,214.0,3.2,9.7,118.0,4.7,106.0,1006.4,0.2,1015.0,330.6328,1014.7,-9.047462,0.1,3.8,4.8,3.7,75.0,,,,,,,,,,,
2022-03-28 03:00:00,2,0,3.59,75.94,6.48,5.19,147.42,-0.07,-0.06,0.0,231.0,210.0,3.2,9.9,214.0,4.7,236.0,1006.5,0.0,1015.1,331.2249,1014.7,-9.739834,0.0,3.3,3.9,3.2,72.0,,,,,,,,,,,
2022-03-28 04:00:00,2,0,3.68,72.88,6.44,4.86,150.69,-0.07,-0.05,0.0,222.0,221.0,3.1,10.6,324.0,4.2,321.0,1006.2,0.0,1014.8,327.5755,1014.5,-10.23228,0.0,3.1,3.5,3.1,77.0,,,,,,,,,,,
2022-03-28 05:00:00,2,0,3.72,71.58,6.43,4.36,307.89,-0.08,-0.08,8.0,224.0,217.0,3.8,13.1,414.0,4.7,418.0,1005.9,0.4,1014.5,335.3369,1014.2,-8.500945,0.7,2.0,3.1,1.7,89.0,,,,,,,,,,,
2022-03-28 06:00:00,2,0,3.75,73.77,6.38,4.29,109.95,-0.08,-0.09,8.0,234.0,235.0,4.4,12.2,534.0,4.5,556.0,1005.1,1.4,1013.7,333.3508,1013.4,-5.70667,0.5,2.3,2.8,2.0,88.0,,,,,,,,,,,
2022-03-28 07:00:00,2,0,3.76,72.63,6.39,4.24,102.94,-0.08,-0.09,5.0,283.0,215.0,2.5,12.4,621.0,5.7,628.0,1005.9,0.5,1014.5,342.4327,1014.1,5.656857,1.8,3.6,3.6,1.8,88.0,,,,,,,,,,,
2022-03-28 08:00:00,2,0,3.77,72.34,6.38,4.2,112.38,-0.08,-0.08,3.0,333.0,285.0,1.2,5.8,731.0,2.5,701.0,1006.5,0.7,1015.1,348.8236,1014.8,32.59957,0.5,3.5,3.7,3.2,87.0,,,,,,,,,,,
2022-03-28 09:00:00,2,0,3.78,72.2,6.37,4.17,109.99,-0.09,-0.1,3.0,278.0,186.0,1.7,8.3,818.0,3.6,823.0,1007.5,2.4,1016.1,341.4489,1015.8,53.20707,1.0,2.4,3.9,2.3,90.0,,,,,,,,,,,
2022-03-28 10:00:00,2,0,3.78,72.48,6.36,4.14,117.26,-0.09,-0.11,1.0,227.0,238.0,1.6,5.7,952.0,2.1,952.0,1008.1,2.4,1016.7,348.1042,1016.4,85.67579,0.4,2.3,3.3,2.3,85.0,,,,,,,,,,,
2022-03-28 11:00:00,2,0,3.79,72.95,6.35,4.12,103.05,-0.08,-0.07,1.0,214.0,214.0,3.0,6.7,1048.0,3.4,1056.0,1008.5,1.9,1017.1,356.5133,1016.8,263.183,0.0,3.9,4.1,2.3,80.0,,,,,,,,,,,
2022-03-28 12:00:00,2,0,3.79,73.24,6.35,4.11,103.31,-0.09,-0.1,3.0,208.0,208.0,2.3,7.3,1101.0,3.9,1110.0,1009.2,1.6,1017.8,344.6982,1017.5,238.8612,0.5,2.7,4.3,1.7,84.0,,,0.0,8.0,,,,,,,
2022-03-28 13:00:00,2,0,3.79,72.65,6.37,4.1,433.67,-0.05,-0.01,0.0,215.0,181.0,1.9,6.5,1236.0,2.2,1243.0,1009.1,0.8,1017.7,328.7126,1017.4,179.4555,0.0,4.1,4.1,2.7,70.0,,,,,,,,,,,
2022-03-28 14:00:00,2,0,3.8,74.08,6.33,4.08,105.85,-0.09,-0.1,0.0,196.0,209.0,1.4,6.3,1308.0,2.2,1317.0,1009.2,0.7,1017.8,313.756,1017.4,146.5852,0.1,3.6,4.1,3.1,69.0,,,,,,,,,,,
2022-03-28 15:00:00,2,0,3.8,74.81,6.33,4.07,119.97,-0.08,-0.08,5.0,215.0,215.0,2.1,4.9,1451.0,2.1,1500.0,1009.2,0.1,1017.9,318.7008,1017.5,77.24664,0.4,1.3,3.6,1.3,84.0,,,,,,,,,,,
2022-03-28 16:00:00,2,0,3.8,75.71,6.33,4.05,102.47,-0.05,0.0,8.0,260.0,219.0,1.2,3.1,1501.0,2.1,1501.0,1008.6,0.3,1017.2,348.2941,1016.9,162.2933,0.1,1.9,2.7,1.0,83.0,,,,,,,,,,,
2022-03-28 17:00:00,2,0,3.8,75.71,6.33,4.06,160.61,-0.07,-0.06,8.0,220.0,211.0,1.7,4.5,1657.0,2.0,1639.0,1008.2,0.9,1016.8,351.7043,1016.5,129.9326,0.1,2.6,2.9,1.8,74.0,,,,,,,,,,,
2022-03-28 18:00:00,2,0,3.8,76.87,6.32,4.04,148.67,0.03,0.24,6.0,176.0,239.0,1.4,4.3,1707.0,1.7,1702.0,1007.9,1.2,1016.5,321.1064,1016.2,10.80595,0.0,2.1,2.6,2.0,77.0,,,,,,,,,,,
2022-03-28 19:00:00,2,0,3.81,77.69,6.32,4.03,123.43,-0.05,0.0,6.0,302.0,274.0,1.0,3.8,1846.0,1.9,1850.0,1007.8,0.8,1016.5,303.5094,1016.0,-9.243501,0.0,1.1,2.1,1.1,85.0,,,,,,,,,,,
2022-03-28 20:00:00,2,0,3.81,78.46,6.32,4.04,127.95,0.15,0.61,6.0,243.0,243.0,1.4,5.1,1958.0,1.4,2000.0,1007.5,0.6,1016.2,292.3283,1015.8,-8.630109,0.0,1.0,1.1,0.8,81.0,,,,,,,,,,,
2022-03-28 21:00:00,2,0,3.81,78.5,6.31,4.02,104.71,-0.07,-0.07,5.0,298.0,253.0,1.1,4.7,2001.0,1.9,2006.0,1007.4,0.6,1016.1,266.6354,1015.6,-10.03779,0.3,0.0,1.0,-0.1,88.0,,,,,,,,,,,
2022-03-28 22:00:00,2,0,3.81,78.28,6.3,4.02,104.0,-0.09,-0.1,8.0,317.0,272.0,0.8,3.2,2109.0,1.5,2114.0,1006.7,1.1,1015.4,293.2654,1014.9,-8.344619,0.0,0.7,0.7,0.0,86.0,,,,,,,,,,,
2022-03-28 23:00:00,2,0,3.81,79.08,6.29,4.01,120.12,-0.08,-0.09,8.0,346.0,228.0,1.1,4.1,2212.0,1.7,2219.0,1006.4,1.3,1015.1,297.0363,1014.6,-8.355982,0.0,0.5,1.3,0.5,86.0,,,,,,,,,,,
2022-03-29 00:00:00,2,0,3.81,79.12,6.29,4.01,119.74,-0.09,-0.11,6.0,274.0,110.0,1.1,5.1,2302.0,1.8,2308.0,1005.9,1.4,1014.6,308.8155,1014.2,-7.863753,0.1,0.3,0.7,0.3,84.0,,,,,,,,,,,
2022-03-29 01:00:00,2,0,3.81,79.5,6.29,4.01,100.33,-0.09,-0.1,8.0,285.0,276.0,1.3,3.3,1.0,1.4,23.0,1005.1,1.7,1013.8,296.2701,1013.3,-8.452113,0.0,0.4,0.4,0.2,87.0,,,,,,,,,,,
2022-03-29 02:00:00,2,0,3.81,80.19,6.28,4.0,127.45,0.01,0.17,8.0,283.0,218.0,1.2,8.4,108.0,3.5,112.0,1004.5,1.8,1013.2,312.6873,1012.8,-7.930281,1.4,-0.9,0.4,-0.9,93.0,,,,,,,,,,,
2022-03-29 03:00:00,2,0,3.81,80.56,6.29,4.0,137.81,-0.06,-0.01,6.0,268.0,274.0,1.9,4.8,257.0,2.0,251.0,1003.9,2.0,1012.6,303.3252,1012.2,-11.53841,0.0,-0.4,-0.4,-0.9,92.0,,,,,,,,,,,
2022-03-29 04:00:00,2,0,3.81,79.91,6.28,3.99,107.65,-0.07,-0.07,5.0,357.0,265.0,0.2,4.4,337.0,1.9,338.0,1003.9,1.1,1012.6,321.5719,1012.2,-10.62673,0.3,-0.4,-0.4,-0.4,93.0,,,,,,,,,,,
2022-03-29 05:00:00,2,0,3.81,80.6,6.27,3.98,113.15,-0.08,-0.08,6.0,244.0,178.0,0.7,1.9,425.0,1.2,431.0,1003.6,0.9,1012.3,327.9591,1011.8,-12.48171,2.1,-0.7,-0.4,-0.7,95.0,,,,,,,,,,,
2022-03-29 06:00:00,2,0,3.81,81.3,6.28,3.98,100.7,-0.05,0.01,5.0,27.0,295.0,0.3,1.9,532.0,0.8,514.0,1003.8,0.2,1012.5,329.2943,1012.0,-5.365086,0.5,-0.7,-0.6,-0.8,94.0,,,,,,,,,,,
2022-03-29 07:00:00,2,0,3.81,81.94,6.26,3.97,125.71,-0.07,-0.05,3.0,190.0,190.0,0.9,1.8,700.0,0.9,700.0,1004.1,0.1,1012.8,329.303,1012.3,3.432933,1.0,-0.6,-0.5,-0.7,95.0,,,,,,,,,,,
2022-03-29 08:00:00,2,0,3.81,82.22,6.27,3.97,118.21,-0.06,-0.02,2.0,213.0,210.0,0.8,1.8,730.0,0.9,736.0,1004.3,0.8,1013.0,331.6301,1012.6,20.58879,1.0,-0.3,-0.3,-0.8,94.0,,,,,,,,,,,
2022-03-31 11:00:00,3,0,3.92,92.25,6.25,3.89,187.34,-0.06,-0.03,1.0,189.0,150.0,1.3,3.0,1002.0,1.5,1008.0,1007.7,0.9,1016.3,312.1223,1016.0,278.4092,0.1,2.8,3.8,1.6,77.0,,,,,,,,,,,
2022-03-31 12:00:00,3,0,3.89,96.87,6.28,3.89,249.38,-0.06,-0.03,0.0,173.0,162.0,1.9,3.5,1145.0,2.2,1154.0,1007.6,0.5,1016.2,284.6365,1015.9,622.7336,0.0,3.4,3.9,2.8,68.0,,,,,,,,,,,
2022-03-31 13:00:00,3,0,3.88,96.54,6.28,3.89,141.14,-0.07,-0.05,2.0,204.0,205.0,2.3,4.9,1223.0,3.0,1248.0,1007.8,0.3,1016.4,269.5944,1016.1,533.3284,0.0,3.6,4.4,2.5,67.0,,,,,,,,,,,
2022-03-31 14:00:00,3,0,3.88,97.69,6.29,3.89,107.12,-0.07,-0.05,4.0,198.0,197.0,2.1,4.1,1335.0,2.9,1311.0,1007.7,0.0,1016.3,264.342,1016.0,498.2224,0.0,4.2,4.5,3.2,68.0,,,,,,,,,,,
2022-03-31 15:00:00,3,0,3.87,97.73,6.29,3.9,100.88,-0.06,-0.03,2.0,209.0,203.0,2.5,4.8,1408.0,3.3,1413.0,1007.8,0.2,1016.4,271.8219,1016.1,257.5429,0.0,3.5,4.3,2.5,67.0,,,,,,,,,,,
2022-03-31 16:00:00,3,0,3.86,98.62,6.29,3.88,101.66,-0.02,0.1,4.0,110.0,206.0,1.2,5.0,1508.0,2.9,1512.0,1007.8,0.0,1016.4,268.6505,1016.0,144.5181,0.0,2.6,3.5,2.6,66.0,,,,,,,,,,,
2022-03-31 17:00:00,3,0,3.86,97.69,6.28,3.89,97.94,-0.05,0.01,2.0,355.0,210.0,0.5,2.8,1616.0,1.3,1620.0,1007.9,0.2,1016.6,251.7455,1016.1,51.46046,0.0,0.9,2.6,0.9,79.0,,,,,,,,,,,
2022-03-31 18:00:00,3,0,3.86,97.48,6.29,3.89,105.5,-0.07,-0.06,3.0,317.0,331.0,0.6,1.6,1734.0,0.7,1736.0,1008.4,0.6,1017.1,235.9608,1016.7,10.34943,0.0,0.2,0.9,0.2,88.0,,,,,,,,,,,
2022-03-31 19:00:00,3,0,3.86,98.99,6.29,3.88,99.42,-0.01,0.12,3.0,346.0,312.0,0.7,1.5,1821.0,0.8,1843.0,1008.8,1.0,1017.5,234.0028,1017.1,-8.915139,0.0,-0.6,0.2,-0.6,91.0,,,,,,,,,,,
2022-03-31 20:00:00,3,0,3.85,99.52,6.29,3.89,150.77,-0.08,-0.1,2.0,8.0,8.0,0.8,1.3,1958.0,0.8,2000.0,1009.1,1.2,1017.8,242.4642,1017.4,-11.44973,0.0,-0.9,-0.5,-1.0,92.0,,,,,,,,,,,
2022-03-31 21:00:00,3,0,3.85,98.87,6.29,3.88,116.21,0.18,0.69,2.0,33.0,238.0,0.7,2.2,2032.0,0.9,2041.0,1009.3,0.7,1018.0,280.8349,1017.6,-9.666164,0.0,-0.4,-0.3,-0.9,92.0,,,,,,,,,,,
2022-03-31 22:00:00,3,0,3.85,98.97,6.29,3.88,98.33,-0.08,-0.08,2.0,236.0,44.0,0.6,3.5,2108.0,1.9,2111.0,1009.3,0.6,1018.0,327.8861,1017.6,-12.30736,0.7,-0.4,-0.2,-0.5,94.0,,,,,,,,,,,
2022-03-31 23:00:00,3,0,3.85,99.92,6.28,3.89,114.96,-0.08,-0.09,3.0,314.0,337.0,0.5,1.1,2228.0,0.7,2230.0,1009.6,0.5,1018.3,326.2919,1017.9,-10.32994,0.0,-1.3,-0.4,-1.3,94.0,,,,,,,,,,,
2022-04-01 00:00:00,3,0,3.85,99.94,6.29,3.87,103.82,-0.08,-0.09,2.0,317.0,349.0,0.3,1.2,2312.0,0.7,2306.0,1009.8,0.6,1018.5,326.7474,1018.1,-12.68636,0.0,-1.3,-1.2,-1.6,95.0,,,,,,,,,,,
2022-04-01 01:00:00,3,0,3.84,99.83,6.29,3.88,109.99,-0.07,-0.05,2.0,339.0,279.0,0.3,3.1,13.0,1.3,20.0,1009.9,0.6,1018.7,325.9359,1018.2,-12.1301,0.0,-1.6,-1.2,-1.7,95.0,,,,,,,,,,,
2022-04-01 02:00:00,3,0,3.84,100.5,6.29,3.87,94.92,-0.0,0.15,2.0,311.0,311.0,0.8,2.0,153.0,0.8,200.0,1009.9,0.3,1018.7,325.0101,1018.2,-12.73612,0.0,-1.7,-1.5,-1.9,95.0,,,,,,,,,,,
2022-04-01 03:00:00,3,0,3.84,100.55,6.28,3.88,121.11,-0.06,-0.03,2.0,343.0,308.0,0.5,1.3,201.0,0.8,202.0,1009.9,0.1,1018.7,317.1894,1018.2,-13.11027,0.0,-2.4,-1.7,-2.4,94.0,,,,,,,,,,,
2022-04-01 04:00:00,3,0,3.84,101.93,6.29,3.89,107.61,-0.08,-0.08,2.0,13.0,13.0,1.3,2.2,355.0,1.3,400.0,1010.1,0.2,1018.9,313.945,1018.4,-12.98702,0.1,-2.0,-2.0,-2.4,94.0,,,,,,,,,,,
2022-04-01 05:00:00,3,0,3.84,101.91,6.28,3.88,101.91,-0.06,-0.02,3.0,298.0,20.0,0.4,2.7,403.0,1.4,408.0,1010.3,0.4,1019.1,311.2513,1018.6,-11.64624,0.0,-1.9,-1.7,-2.1,94.0,,,,,,,,,,,
2022-04-01 06:00:00,3,0,3.84,101.58,6.28,3.88,98.65,-0.09,-0.11,2.0,50.0,333.0,0.4,1.1,600.0,0.5,525.0,1010.5,0.6,1019.2,275.7603,1018.8,24.77657,0.0,-0.9,-0.9,-1.9,94.0,,,,,,,,,,,
2022-04-01 07:00:00,3,0,3.84,101.59,6.28,3.88,94.69,-0.08,-0.07,2.0,80.0,91.0,0.7,1.5,602.0,0.9,658.0,1010.8,0.6,1019.5,230.7592,1019.1,147.1826,0.0,0.4,0.6,-0.9,85.0,,,,,,,,,,,
2022-04-01 08:00:00,3,0,3.84,102.1,6.28,3.88,99.43,-0.08,-0.08,2.0,133.0,78.0,1.3,2.9,719.0,1.6,737.0,1010.8,0.5,1019.5,235.553,1019.1,193.0375,0.0,1.1,1.3,-0.4,79.0,,,,,,,,,,,
2022-04-01 09:00:00,3,0,3.84,103.06,6.28,3.88,93.5,-0.07,-0.05,2.0,102.0,159.0,1.3,3.2,802.0,1.6,808.0,1011.0,0.5,1019.7,238.2739,1019.3,389.505,0.0,1.9,2.1,0.9,76.0,,,,,,,,,,,
2022-04-01 10:00:00,3,1,3.85,103.25,6.28,3.88,91.27,-0.07,-0.05,2.0,173.0,173.0,1.5,2.8,907.0,1.5,1000.0,1011.2,0.4,1019.8,250.0382,1019.5,467.8478,0.0,3.0,3.0,1.6,71.0,,,,,,,,,,,
2022-04-01 11:00:00,3,1,3.87,103.43,6.27,3.87,89.04,-0.06,-0.04,2.0,142.0,153.0,1.0,2.4,1015.0,1.5,1005.0,1011.2,0.5,1019.8,262.7259,1019.5,378.8636,0.0,3.3,3.3,1.9,66.0,,,,,,,,,,,
2022-04-01 12:00:00,3,0,3.88,103.62,6.27,3.87,86.81,-0.06,-0.04,2.0,150.0,153.0,1.3,2.8,1120.0,1.7,1141.0,1011.4,0.4,1020.0,256.5599,1019.7,496.1762,0.0,3.9,4.3,3.0,58.0,6.5,3.045277778,,,,,,,,,
2022-04-01 13:00:00,3,0,3.86,103.56,6.27,3.87,91.94,-0.06,-0.02,4.0,156.0,148.0,1.3,2.9,1232.0,1.7,1236.0,1011.2,0.1,1019.8,275.9909,1019.5,582.239,0.0,4.0,4.8,3.9,51.0,6.5,3.034444444,,,,,,,,,
2022-04-01 14:00:00,3,0,3.86,104.58,6.28,3.88,90.36,-0.07,-0.06,7.0,163.0,146.0,0.8,2.5,1323.0,1.4,1331.0,1011.1,0.1,1019.7,267.6295,1019.4,371.3583,0.0,4.4,4.9,3.9,46.0,6.5,3.020833333,,,,,,,,,
2022-04-01 15:00:00,3,0,3.85,104.2,6.28,3.86,89.87,-0.07,-0.06,7.0,152.0,156.0,0.6,1.9,1416.0,1.0,1420.0,1011.0,0.3,1019.6,278.0927,1019.4,199.2002,0.0,3.8,4.8,3.7,47.0,6.5,3.043055556,,,,,,,,,
2022-04-01 16:00:00,3,0,3.85,104.7,6.27,3.87,88.99,-0.07,-0.06,7.0,48.0,48.0,1.1,1.8,1554.0,1.1,1600.0,1010.9,0.3,1019.5,290.9955,1019.2,114.6043,0.0,3.4,3.8,3.4,58.0,6.5,3.045277778,,,,,,,,,
2022-04-01 17:00:00,3,0,3.84,104.55,6.27,3.87,86.09,-0.08,-0.08,4.0,349.0,32.0,1.0,2.0,1652.0,1.1,1603.0,1011.1,0.0,1019.7,272.8136,1019.4,70.67389,0.0,2.8,3.5,2.8,68.0,6.5,3.048333333,,,,,,,,,
2022-04-01 18:00:00,3,0,3.84,104.67,6.26,3.86,88.08,-0.07,-0.05,3.0,318.0,351.0,0.4,2.2,1708.0,1.0,1712.0,1011.5,0.4,1020.1,283.1638,1019.8,37.75543,0.0,2.2,2.9,2.2,73.0,6.5,3.037777778,,,,,,,,,
2022-04-01 19:00:00,3,0,3.84,105.26,6.26,3.87,87.15,-0.06,-0.04,2.0,316.0,316.0,0.8,1.4,1820.0,0.8,1900.0,1011.8,1.0,1020.5,245.6222,1020.2,-6.52879,0.0,0.5,2.2,0.5,80.0,6.5,3.034444444,,,,,,,,,
2022-04-01 20:00:00,3,0,3.84,106.05,6.26,3.87,85.35,-0.07,-0.06,2.0,312.0,317.0,0.6,1.2,1936.0,0.8,1906.0,1012.0,1.0,1020.7,233.8037,1020.3,-11.60476,0.0,0.0,0.5,0.0,83.0,6.5,3.026666667,,,,,,,,,
2022-04-01 21:00:00,3,0,3.83,105.44,6.26,3.86,101.19,-0.08,-0.09,1.0,321.0,310.0,0.5,1.1,2020.0,0.7,2029.0,1012.0,0.5,1020.8,232.1168,1020.3,-11.79729,0.0,-1.1,0.0,-1.4,89.0,6.5,3.038333333,,,,,,,,,
2022-04-01 22:00:00,3,0,3.83,106.45,6.27,3.87,92.1,-0.07,-0.05,0.0,320.0,320.0,0.6,1.1,2101.0,0.6,2200.0,1011.9,0.1,1020.7,231.5913,1020.2,-11.48215,0.0,-1.1,-0.8,-1.7,86.0,6.499722222,3.041666667,,,,,,,,,
2022-04-01 23:00:00,3,0,3.83,106.29,6.27,3.86,92.46,-0.08,-0.08,4.0,322.0,322.0,0.7,1.6,2243.0,0.7,2300.0,1012.0,0.0,1020.8,231.4434,1020.3,-11.38924,0.0,-0.9,-0.7,-1.4,80.0,6.5,3.0475,,,,,,,,,
2022-04-02 00:00:00,3,0,3.84,106.5,6.27,3.87,91.04,-0.07,-0.06,2.0,306.0,238.0,0.5,3.7,2304.0,1.7,2314.0,1012.1,0.1,1020.8,251.5556,1020.4,-10.91296,0.0,-0.3,-0.1,-0.9,76.0,6.5,3.043055556,,,,,,,,,
2022-04-02 01:00:00,3,0,3.83,106.94,6.27,3.87,90.57,-0.08,-0.07,4.0,308.0,228.0,0.6,2.6,13.0,1.1,15.0,1011.9,0.0,1020.6,302.9597,1020.3,-9.518323,0.0,0.3,0.4,-0.3,73.0,6.5,3.037222222,,,,,,,,,
2022-04-02 02:00:00,3,0,3.83,107.29,6.26,3.87,87.93,-0.07,-0.06,4.0,284.0,213.0,0.4,5.7,140.0,2.0,144.0,1012.1,0.1,1020.8,320.3503,1020.4,-9.388564,0.3,0.1,0.6,0.1,89.0,6.5,3.0375,,,,,,,,,
2022-04-02 03:00:00,3,0,3.83,107.45,6.26,3.86,89.26,-0.06,-0.04,8.0,195.0,182.0,2.2,5.2,250.0,2.7,257.0,1011.8,0.3,1020.5,322.3587,1020.1,-9.977762,0.0,0.7,0.7,0.0,84.0,6.5,3.053333333,,,,,,,,,
2022-04-02 04:00:00,3,0,3.83,107.7,6.26,3.86,89.56,-0.08,-0.07,8.0,277.0,214.0,1.4,4.7,304.0,2.4,308.0,1011.7,0.3,1020.4,326.5321,1020.0,-9.995431,0.8,0.1,0.7,0.0,92.0,6.5,3.06,,,,,,,,,
2022-04-02 05:00:00,3,0,3.83,107.49,6.26,3.87,90.23,-0.07,-0.05,6.0,277.0,277.0,2.4,5.2,436.0,2.4,500.0,1011.7,0.4,1020.4,330.6818,1020.0,-9.64991,0.0,0.5,0.5,0.1,83.0,6.5,3.083333333,,,,,,,,,
2022-04-02 06:00:00,3,0,3.83,107.87,6.26,3.86,88.02,-0.08,-0.09,5.0,234.0,272.0,2.5,6.4,557.0,2.6,508.0,1011.8,0.1,1020.5,332.2487,1020.1,-2.086352,0.1,0.3,0.9,0.3,90.0,6.5,3.099444444,,,,,,,,,
2022-04-02 07:00:00,3,0,3.83,108.17,6.26,3.86,83.84,-0.07,-0.07,3.0,240.0,222.0,1.4,4.9,601.0,2.6,602.0,1012.1,0.4,1020.8,328.6383,1020.4,8.697996,2.3,0.3,0.3,0.0,93.0,6.5,3.1,,,,,,,,,
2022-04-02 08:00:00,3,0,3.83,108.46,6.27,3.86,87.68,-0.07,-0.04,2.0,249.0,249.0,1.8,4.0,755.0,1.8,800.0,1012.2,0.5,1020.9,331.204,1020.5,28.14236,1.2,0.5,0.6,0.2,93.0,6.5,3.1,,,,,,,,,
2022-04-02 09:00:00,3,0,3.83,108.51,6.27,3.86,87.98,-0.08,-0.08,2.0,275.0,220.0,1.3,5.2,815.0,2.0,822.0,1012.1,0.3,1020.8,328.9668,1020.4,34.92193,3.3,0.6,0.6,0.2,94.0,6.5,3.1,,,,,,,,,
2022-04-02 10:00:00,3,0,3.83,108.85,6.26,3.86,88.37,-0.08,-0.08,4.0,273.0,271.0,1.2,6.5,941.0,2.8,944.0,1012.1,0.1,1020.8,336.7063,1020.4,79.79751,0.7,1.3,1.7,0.6,90.0,6.5,3.1,,,,,,,,,
2022-04-02 11:00:00,3,0,3.83,109.55,6.27,3.86,88.47,-0.07,-0.07,7.0,244.0,215.0,1.0,5.6,1039.0,2.4,1042.0,1012.0,0.2,1020.6,348.3708,1020.3,197.0861,1.5,2.6,2.6,1.3,82.0,6.5,3.1,,,,,,,,,
2022-04-02 12:00:00,3,0,3.83,109.42,6.27,3.86,90.56,-0.07,-0.07,4.0,237.0,237.0,2.2,7.1,1159.0,2.2,1200.0,1012.1,0.0,1020.8,345.9469,1020.4,114.9486,0.4,1.7,2.6,1.7,81.0,6.5,3.1,,,,,,,,,
2022-04-02 13:00:00,3,0,3.82,110.04,6.28,3.86,87.67,-0.06,-0.03,7.0,216.0,207.0,2.4,6.9,1220.0,3.9,1229.0,1011.8,0.3,1020.5,336.9101,1020.1,165.4109,0.5,1.4,2.6,1.4,88.0,6.5,3.1,,,,,,,,,
2022-04-02 14:00:00,3,0,3.82,110.11,6.26,3.86,85.52,-0.07,-0.07,8.0,238.0,217.0,2.1,6.9,1312.0,2.4,1316.0,1011.3,0.7,1020.0,337.2881,1019.6,82.64301,1.0,0.9,1.4,0.9,91.0,6.5,3.1,,,,,,,,,
2022-04-02 15:00:00,3,0,3.82,109.77,6.27,3.86,87.73,-0.08,-0.08,7.0,218.0,217.0,2.7,7.2,1435.0,3.6,1445.0,1010.9,1.2,1019.6,338.8162,1019.2,121.3531,0.2,1.2,1.2,0.9,92.0,6.5,3.1,,,,,,,,,
2022-04-02 16:00:00,3,0,3.82,110.29,6.27,3.86,87.01,-0.08,-0.09,6.0,230.0,215.0,1.6,8.3,1527.0,3.1,1534.0,1010.7,1.1,1019.4,333.1436,1019.0,63.91464,1.6,0.4,2.1,0.3,95.0,6.5,3.1,,,,,,,,,
2022-04-02 17:00:00,3,0,3.82,110.16,6.27,3.86,89.45,-0.08,-0.08,7.0,227.0,220.0,1.7,5.3,1626.0,2.4,1631.0,1010.4,0.9,1019.1,332.6057,1018.7,27.59767,0.5,0.4,0.4,0.3,96.0,6.5,3.1,,,,,,,,,
2022-04-02 18:00:00,3,0,3.82,111.46,6.27,3.85,87.49,-0.08,-0.09,7.0,260.0,255.0,1.8,5.0,1725.0,2.2,1748.0,1010.2,0.7,1018.9,334.8231,1018.5,14.60986,0.0,0.8,0.8,0.4,93.0,6.5,3.100277778,,,,,,,,,
2022-04-02 19:00:00,3,0,3.82,111.01,6.28,3.86,90.04,-0.08,-0.08,8.0,275.0,264.0,1.7,4.9,1836.0,2.2,1838.0,1009.5,1.2,1018.2,332.9116,1017.8,-7.321322,0.0,0.8,0.8,0.7,91.0,6.5,3.100277778,,,,,,,,,
2022-04-02 20:00:00,3,0,3.82,111.39,6.28,3.85,85.4,-0.08,-0.08,7.0,266.0,269.0,1.9,5.7,1957.0,2.1,1922.0,1009.3,1.1,1018.0,331.9311,1017.6,-9.109336,0.4,0.6,0.9,0.6,93.0,6.5,3.1,,,,,,,,,
2022-04-02 21:00:00,3,0,3.82,111.74,6.28,3.86,88.31,-0.08,-0.09,7.0,270.0,238.0,1.9,4.4,2100.0,2.0,2004.0,1008.7,1.5,1017.4,332.8974,1017.0,-9.065102,0.2,0.8,0.8,0.5,92.0,6.5,3.1,,,,,,,,,
2022-04-02 22:00:00,3,0,3.82,112.01,6.28,3.85,84.98,-0.07,-0.06,7.0,291.0,272.0,1.0,6.1,2122.0,2.1,2112.0,1008.7,0.9,1017.4,332.1103,1016.9,-9.593246,1.1,0.5,0.8,0.4,94.0,6.5,3.1,,,,,,,,,
2022-04-02 23:00:00,3,0,3.82,112.39,6.28,3.86,84.44,-0.08,-0.07,8.0,284.0,275.0,1.8,5.0,2241.0,2.4,2247.0,1008.0,1.2,1016.7,333.2956,1016.3,-9.50591,0.7,0.8,0.8,0.4,92.0,6.499722222,3.100277778,,,,,,,,,
2022-04-03 00:00:00,3,0,3.83,112.72,6.28,3.85,87.93,-0.08,-0.07,8.0,230.0,283.0,1.5,4.1,2307.0,2.2,2308.0,1007.4,1.3,1016.1,331.4657,1015.7,-10.93355,1.1,0.6,0.8,0.6,94.0,6.5,3.100277778,,,,,,,,,
2022-04-03 01:00:00,3,0,3.82,113.04,6.28,3.85,85.92,-0.08,-0.08,7.0,244.0,244.0,2.3,5.6,48.0,2.3,100.0,1006.6,2.0,1015.3,328.8263,1014.9,-9.085235,1.8,0.4,0.6,0.4,95.0,6.5,3.100555556,,,,,,,,,
2022-04-03 02:00:00,3,0,3.82,112.95,6.27,3.84,85.89,-0.08,-0.07,8.0,249.0,255.0,2.5,7.1,129.0,3.4,134.0,1005.6,2.4,1014.3,328.1368,1013.9,-9.35336,1.0,0.4,0.4,0.3,95.0,6.5,3.100277778,,,,,,,,,
2022-04-03 03:00:00,3,0,3.82,113.34,6.28,3.85,83.9,-0.06,-0.03,7.0,244.0,254.0,2.4,6.7,206.0,3.3,210.0,1004.5,2.8,1013.1,330.3561,1012.8,-8.421869,0.5,0.5,0.5,0.4,94.0,6.5,3.1,,,,,,,,,
2022-04-03 04:00:00,3,0,3.82,113.46,6.27,3.85,86.98,-0.06,-0.04,7.0,217.0,212.0,2.5,7.6,332.0,3.2,317.0,1003.3,3.3,1011.9,328.2225,1011.6,-9.258231,0.5,0.6,0.8,0.5,92.0,6.5,3.100277778,,,,,,,,,
2022-04-03 05:00:00,3,0,3.82,113.82,6.28,3.85,85.23,-0.07,-0.07,7.0,283.0,223.0,1.0,7.4,416.0,3.3,419.0,1002.1,3.4,1010.7,329.7426,1010.4,-11.86388,1.1,0.5,0.6,0.5,93.0,6.5,3.1,,,,,,,,,
2022-04-03 06:00:00,3,0,3.82,113.3,6.28,3.85,104.27,-0.08,-0.08,7.0,32.0,177.0,0.6,2.5,508.0,1.1,514.0,1001.0,3.5,1009.6,332.6886,1009.2,-5.226791,1.0,0.3,0.6,0.3,95.0,6.5,3.1,,,,,,,,,
2022-04-03 07:00:00,3,0,3.82,113.19,6.28,3.85,90.17,-0.07,-0.07,6.0,250.0,318.0,0.8,3.2,648.0,1.1,656.0,1000.2,3.1,1008.8,333.3908,1008.4,13.81888,1.0,0.5,0.5,0.3,95.0,6.5,3.100277778,,,,,,,,,
2022-04-03 08:00:00,3,0,3.82,113.29,6.28,3.85,88.54,-0.07,-0.04,6.0,273.0,221.0,2.3,6.9,744.0,3.0,750.0,999.7,2.5,1008.3,336.7561,1007.9,36.71471,0.3,1.4,1.6,0.4,91.0,6.5,3.100277778,,,,,,,,,
2022-04-03 09:00:00,3,0,3.82,113.53,6.28,3.85,89.42,-0.04,0.05,6.0,275.0,275.0,3.4,6.8,842.0,3.4,900.0,999.1,1.8,1007.7,337.5391,1007.3,60.46077,1.3,1.9,1.9,1.3,91.0,6.499444444,3.101111111,,,,,,,,,
2022-04-03 10:00:00,3,0,3.82,113.94,6.28,3.85,88.95,-0.09,-0.1,6.0,281.0,273.0,0.8,6.9,918.0,3.3,903.0,999.1,1.1,1007.6,345.2132,1007.3,122.5882,0.5,3.2,3.2,1.8,91.0,6.5,3.101388889,,,,,,,,,
2022-04-03 11:00:00,3,0,3.82,114.31,6.29,3.85,88.92,-0.08,-0.07,6.0,358.0,248.0,0.7,2.9,1038.0,1.4,1047.0,998.9,0.8,1007.4,348.7873,1007.1,157.5535,1.8,2.1,4.1,2.1,87.0,6.5,3.100833333,,,,,,,,,
2022-04-03 12:00:00,3,0,3.82,114.77,6.28,3.85,88.21,-0.07,-0.07,8.0,128.0,163.0,0.5,2.6,1124.0,1.2,1130.0,998.3,0.9,1006.8,353.6063,1006.5,213.2398,0.8,3.1,4.1,1.5,84.0,6.5,3.100833333,,,,,,,,,
2022-04-03 13:00:00,3,0,3.82,115.08,6.28,3.85,84.86,-0.06,-0.04,8.0,204.0,204.0,1.6,2.8,1234.0,1.8,1258.0,997.5,1.6,1006.0,353.6676,1005.7,212.3673,0.2,2.5,3.2,2.3,84.0,6.5,3.101388889,,,,,,,,,
2022-04-03 14:00:00,3,0,3.82,115.46,6.28,3.85,85.38,-0.07,-0.06,7.0,217.0,203.0,1.2,2.5,1306.0,1.6,1301.0,996.9,2.0,1005.4,344.4398,1005.1,210.7971,0.0,2.5,2.8,2.5,85.0,6.5,3.1,,,,,,,,,
2022-04-03 15:00:00,3,0,3.82,115.4,6.28,3.85,87.5,-0.08,-0.09,7.0,218.0,219.0,1.5,3.6,1451.0,1.6,1414.0,996.1,2.1,1004.6,340.7316,1004.3,95.46737,0.8,1.8,2.5,1.8,92.0,6.5,3.100555556,,,,,,,,,
2022-04-03 16:00:00,3,0,3.82,115.24,6.28,3.85,85.4,-0.08,-0.08,7.0,240.0,224.0,1.4,3.7,1502.0,1.7,1547.0,995.4,2.1,1004.0,339.5321,1003.5,56.15891,0.4,0.9,1.9,0.9,92.0,6.499166667,3.100555556,,,,,,,,,
2022-04-03 17:00:00,3,0,3.82,115.32,6.29,3.85,88.21,-0.07,-0.06,7.0,231.0,224.0,0.7,3.7,1601.0,1.8,1606.0,994.5,2.4,1003.1,335.1079,1002.6,28.13858,0.6,0.6,0.9,0.6,94.0,6.5,3.1,,,,,,,,,
2022-04-03 18:00:00,3,0,3.82,115.79,6.29,3.85,85.28,-0.07,-0.07,8.0,271.0,270.0,0.7,2.5,1736.0,1.0,1745.0,993.3,2.7,1001.8,334.5167,1001.5,7.526136,0.4,0.6,0.6,0.6,95.0,6.5,3.1,,,,,,,,,
2022-04-03 19:00:00,3,0,3.82,115.99,6.29,3.84,83.03,-0.08,-0.09,8.0,257.0,254.0,1.0,2.6,1854.0,1.2,1858.0,992.2,3.1,1000.7,332.8827,1000.4,-8.078092,0.4,0.4,0.6,0.3,96.0,6.5,3.1,,,,,,,,,
2022-04-03 20:00:00,3,0,3.82,116.78,6.28,3.85,87.95,-0.07,-0.05,7.0,274.0,271.0,0.8,2.9,1924.0,1.2,1928.0,991.1,3.4,999.6,334.0573,999.2,-9.460251,0.1,0.4,0.5,0.4,95.0,6.5,3.1,,,,,,,,,
2022-04-03 21:00:00,3,0,3.82,116.74,6.28,3.84,82.3,-0.08,-0.07,7.0,258.0,259.0,1.7,3.8,2056.0,1.8,2058.0,990.2,3.2,998.7,332.0316,998.3,-9.473998,0.4,0.4,0.5,0.4,95.0,6.5,3.1,,,,,,,,,
2022-04-03 22:00:00,3,0,3.82,117.27,6.28,3.84,85.47,-0.07,-0.07,7.0,340.0,257.0,0.2,2.4,2122.0,1.6,2101.0,989.0,3.2,997.5,333.2481,997.1,-8.045702,0.4,0.2,0.4,0.2,95.0,6.5,3.099166667,,,,,,,,,
2022-04-03 23:00:00,3,0,3.82,117.17,6.28,3.84,86.17,-0.07,-0.07,7.0,67.0,67.0,0.4,1.0,2209.0,0.4,2300.0,988.0,3.1,996.5,334.1107,996.1,-9.737437,0.4,0.1,0.2,0.1,96.0,6.5,3.098611111,,,,,,,,,
2022-04-04 00:00:00,3,0,3.82,117.46,6.28,3.85,85.53,-0.07,-0.06,7.0,59.0,68.0,0.2,1.1,2324.0,0.6,2350.0,986.6,3.5,995.1,333.0229,994.7,-11.89653,0.6,0.0,0.1,0.0,96.0,6.5,3.096388889,,,,,,,,,
2022-04-04 01:00:00,3,0,3.82,117.34,6.28,3.85,87.67,-0.07,-0.05,7.0,20.0,30.0,0.2,0.6,54.0,0.3,57.0,985.4,3.6,993.9,333.8059,993.4,-11.34488,0.6,0.0,0.0,-0.1,96.0,6.5,3.097222222,,,,,,,,,
2022-04-04 02:00:00,3,0,3.82,117.73,6.29,3.84,89.88,-0.07,-0.05,6.0,67.0,67.0,0.5,1.1,156.0,0.5,200.0,984.3,3.6,992.8,333.6323,992.4,-11.52161,0.6,-0.1,0.0,-0.1,96.0,6.5,3.096666667,,,,,,,,,
2022-04-04 03:00:00,3,0,3.82,118.15,6.29,3.84,85.85,-0.08,-0.07,7.0,79.0,73.0,0.9,2.8,226.0,1.7,232.0,983.4,3.3,991.9,331.8246,991.4,-11.48462,0.6,-0.1,-0.1,-0.1,96.0,6.5,3.098888889,,,,,,,,,
2022-04-04 04:00:00,3,0,3.82,118.05,6.28,3.84,88.15,-0.07,-0.05,6.0,74.0,86.0,0.8,3.0,317.0,1.6,326.0,982.7,2.7,991.2,332.2401,990.8,-9.801038,0.3,-0.2,-0.1,-0.2,96.0,6.5,3.099166667,,,,,,,,,
2022-04-04 05:00:00,3,0,3.82,118.69,6.28,3.84,85.78,-0.08,-0.08,6.0,1.0,84.0,0.4,2.2,401.0,1.1,407.0,982.3,2.0,990.8,332.9597,990.3,-8.451026,0.1,-0.4,-0.2,-0.5,96.0,6.5,3.099166667,,,,,,,,,
2022-04-04 06:00:00,3,0,3.82,118.61,6.28,3.84,88.34,-0.08,-0.08,6.0,81.0,86.0,1.6,3.8,539.0,2.1,544.0,982.3,1.1,990.8,334.9944,990.4,6.947382,0.0,0.0,0.0,-0.4,95.0,6.5,3.095277778,,,,,,,,,
2022-04-04 07:00:00,3,0,3.82,118.48,6.29,3.84,85.5,-0.08,-0.09,5.0,45.0,91.0,0.7,3.6,619.0,2.1,627.0,982.4,0.3,990.9,335.5422,990.4,59.38257,0.0,0.3,0.4,-0.2,92.0,6.5,3.098611111,,,,,,,,,
2022-04-04 08:00:00,3,0,3.82,118.42,6.29,3.83,88.66,-0.07,-0.07,4.0,64.0,85.0,1.5,5.7,720.0,2.4,740.0,982.3,0.0,990.7,314.593,990.3,164.6935,0.0,0.9,0.9,0.2,84.0,6.455555556,3.0975,,,,,,,,,
2022-04-04 09:00:00,3,0,3.82,118.88,6.29,3.83,86.46,-0.07,-0.05,3.0,112.0,86.0,2.1,6.0,823.0,3.6,834.0,982.7,0.3,991.2,303.1988,990.7,250.9794,0.1,0.7,1.3,0.4,87.0,6.496666667,3.0975,,,,,,,,,
2022-04-04 10:00:00,3,0,3.82,119.2,6.29,3.83,88.16,-0.08,-0.08,3.0,102.0,92.0,2.3,5.9,952.0,2.8,952.0,983.1,0.6,991.6,294.4566,991.1,313.3434,0.0,0.4,2.7,0.4,84.0,6.5,3.099444444,,,,,,,,,
2022-04-04 11:00:00,3,0,3.82,119.67,6.29,3.84,86.95,-0.08,-0.09,2.0,126.0,100.0,1.9,4.3,1002.0,2.2,1001.0,983.2,0.9,991.6,299.7852,991.2,333.4802,0.0,2.0,3.3,0.4,70.0,6.5,3.099722222,,,,,,,,,
2022-04-04 12:00:00,3,0,3.82,120.18,6.29,3.84,83.2,-0.08,-0.07,2.0,148.0,116.0,1.4,3.8,1107.0,1.9,1116.0,983.3,0.7,991.7,287.88,991.4,388.3404,0.0,2.4,5.1,1.5,65.0,6.5,3.1,0.0,,,,,,,,
2022-04-04 13:00:00,3,0,3.82,119.58,6.29,3.84,84.86,-0.07,-0.06,2.0,99.0,88.0,2.6,9.4,1213.0,4.7,1220.0,983.7,0.6,992.2,297.4881,991.7,203.9354,0.3,0.6,2.6,-1.0,78.0,6.5,3.099722222,,,,,,,,,
2022-04-04 14:00:00,3,0,3.82,120.38,6.29,3.83,87.17,-0.08,-0.07,0.0,224.0,99.0,1.1,4.0,1340.0,2.4,1301.0,983.6,0.4,992.0,269.9764,991.7,357.4275,0.0,0.9,2.9,0.6,73.0,6.5,3.099722222,,,,,,,,,
2022-04-04 15:00:00,3,0,3.82,120.46,6.29,3.83,83.56,-0.07,-0.05,0.0,208.0,208.0,2.5,4.8,1433.0,2.5,1500.0,983.6,0.3,992.1,312.0952,991.6,81.29532,0.3,-0.4,0.9,-0.5,91.0,6.5,3.1,,,,,,,,,
2022-04-04 16:00:00,3,0,3.82,120.39,6.3,3.84,94.23,-0.08,-0.09,2.0,218.0,208.0,1.7,5.3,1549.0,2.6,1501.0,983.8,0.1,992.3,319.4138,991.8,36.65417,0.7,-0.8,-0.2,-0.8,94.0,6.5,3.1,,,,,,,,,
2022-04-04 17:00:00,3,0,3.82,120.67,6.3,3.84,86.03,-0.06,-0.03,8.0,339.0,209.0,0.8,5.6,1617.0,2.5,1635.0,983.3,0.4,991.8,309.3704,991.3,26.35497,2.4,-0.7,-0.7,-0.9,93.0,6.5,3.1,,,,,,,,,
2022-04-04 18:00:00,3,0,3.82,120.31,6.3,3.83,90.34,-0.07,-0.05,8.0,287.0,266.0,0.8,6.0,1728.0,2.5,1734.0,983.3,0.2,991.8,295.8648,991.4,6.59294,0.4,-0.7,-0.7,-1.0,93.0,6.5,3.1,,,,,,,,,
2022-04-04 19:00:00,3,0,3.82,120.55,6.3,3.83,87.65,-0.08,-0.08,5.0,311.0,300.0,0.5,3.0,1815.0,1.3,1819.0,983.3,0.4,991.8,294.6697,991.4,-4.846934,0.2,-1.2,-0.7,-1.2,93.0,6.5,3.1,,,,,,,,,
2022-04-04 20:00:00,3,0,3.82,120.94,6.3,3.84,88.14,-0.08,-0.09,0.0,319.0,305.0,1.2,2.5,1935.0,1.3,1940.0,983.2,0.1,991.7,270.0965,991.2,-10.32096,0.0,-1.6,-1.2,-1.7,92.0,6.5,3.1,,,,,,,,,
2022-04-04 21:00:00,3,0,3.82,121.71,6.3,3.83,85.12,-0.09,-0.11,3.0,259.0,300.0,1.4,3.3,2059.0,1.5,2014.0,983.6,0.2,992.1,311.1668,991.7,-8.141694,0.1,-0.9,-0.8,-1.6,91.0,6.5,3.1,,,,,,,,,
2022-04-04 22:00:00,3,0,3.82,121.94,6.3,3.83,86.97,-0.07,-0.06,3.0,275.0,263.0,1.9,5.3,2156.0,2.3,2151.0,983.6,0.3,992.1,325.2411,991.7,-8.493666,1.8,-1.5,-0.9,-1.6,91.0,6.5,3.1,,,,,,,,,
2022-04-04 23:00:00,3,0,3.82,122.4,6.3,3.83,87.16,-0.08,-0.08,0.0,256.0,182.0,1.6,7.5,2242.0,4.1,2242.0,983.6,0.3,992.1,321.6413,991.6,-10.76038,0.0,-1.7,-1.5,-1.7,90.0,6.5,3.1,,,,,,,,,
2022-04-05 00:00:00,3,0,3.82,122.49,6.3,3.83,87.8,-0.07,-0.07,2.0,342.0,258.0,1.1,4.4,2301.0,1.6,2301.0,983.7,0.1,992.2,322.5421,991.8,-10.4762,0.0,-1.5,-1.5,-1.9,93.0,6.5,3.1,,,,,,,,,
2022-04-05 01:00:00,3,0,3.82,122.76,6.3,3.83,85.26,-0.07,-0.07,3.0,303.0,338.0,0.5,2.2,16.0,1.1,2.0,984.1,0.4,992.6,326.3292,992.2,-11.88765,0.4,-1.5,-1.4,-1.5,93.0,6.5,3.1,,,,,,,,,
2022-04-05 02:00:00,3,0,3.82,122.94,6.3,3.84,87.48,-0.07,-0.07,2.0,12.0,209.0,0.2,2.3,136.0,1.1,150.0,984.6,1.1,993.1,327.6949,992.6,-11.6512,1.2,-1.5,-1.4,-1.6,94.0,6.5,3.1,,,,,,,,,
2022-04-05 03:00:00,3,0,3.82,123.43,6.3,3.83,86.26,-0.08,-0.1,2.0,312.0,326.0,0.6,1.2,257.0,0.7,243.0,985.1,1.4,993.7,325.2621,993.2,-10.68851,0.0,-2.0,-1.5,-2.0,94.0,6.5,3.1,,,,,,,,,
2022-04-05 04:00:00,3,0,3.82,122.95,6.3,3.83,86.86,-0.08,-0.08,3.0,296.0,296.0,0.9,1.5,316.0,0.9,400.0,985.9,1.8,994.5,316.9852,994.0,-11.56502,0.1,-2.4,-2.0,-2.5,94.0,6.5,3.1,,,,,,,,,
2022-04-05 05:00:00,3,0,3.82,123.49,6.3,3.83,88.03,-0.08,-0.07,0.0,308.0,273.0,0.8,2.7,448.0,1.3,452.0,985.7,1.2,994.3,311.3256,993.8,-10.97456,0.0,-2.2,-2.2,-2.6,95.0,6.5,3.1,,,,,,,,,
2022-04-05 06:00:00,3,0,3.82,123.85,6.31,3.83,87.39,-0.06,-0.04,0.0,251.0,289.0,0.9,2.5,501.0,1.0,507.0,985.9,0.7,994.4,326.3745,994.0,-5.086633,0.7,-1.4,-1.4,-2.2,95.0,6.5,3.1,,,,,,,,,
2022-04-05 07:00:00,3,0,3.82,124.11,6.31,3.84,87.55,-0.08,-0.07,3.0,265.0,239.0,0.8,2.8,620.0,1.4,627.0,986.7,0.8,995.2,332.906,994.8,34.11271,0.8,-0.5,-0.5,-1.4,91.0,6.5,3.1,,,,,,,,,
2022-04-05 08:00:00,3,0,3.82,124.51,6.31,3.83,86.8,-0.08,-0.08,1.0,199.0,206.0,1.3,3.1,746.0,1.9,752.0,987.1,1.3,995.6,279.8263,995.2,255.8578,0.3,1.2,1.7,-0.5,75.0,6.5,3.1,,,,,,,,,
2022-04-05 09:00:00,3,0,3.81,124.58,6.31,3.83,87.67,-0.06,-0.03,1.0,212.0,165.0,1.7,3.4,855.0,2.0,826.0,987.4,1.5,995.9,286.4421,995.5,316.8117,0.2,1.3,3.1,1.2,71.0,6.5,3.1,,,,,,,,,
2022-04-05 10:00:00,3,0,3.81,124.43,6.31,3.83,84.48,-0.08,-0.08,2.0,201.0,201.0,1.9,2.9,959.0,1.9,1000.0,987.6,0.9,996.0,257.2808,995.7,374.5967,0.0,3.7,3.7,1.2,54.0,6.5,3.1,,,,,,,,,
2022-04-05 11:00:00,3,0,3.82,124.13,6.32,3.83,87.31,-0.08,-0.1,1.0,208.0,206.0,3.1,4.7,1055.0,3.2,1059.0,987.6,0.5,996.1,251.8503,995.7,556.6281,0.0,2.1,3.8,2.0,65.0,6.5,3.100277778,,,,,,,,,
2022-04-05 12:00:00,3,0,3.82,124.52,6.31,3.82,89.04,-0.08,-0.08,2.0,247.0,209.0,2.0,7.1,1121.0,4.3,1126.0,987.6,0.2,996.1,292.7565,995.7,293.799,0.0,1.8,2.6,1.8,73.0,6.5,3.1,,,,,,,,,
2022-04-05 13:00:00,3,0,3.82,124.7,6.31,3.83,87.44,-0.08,-0.09,3.0,229.0,212.0,1.6,7.1,1217.0,3.8,1230.0,988.2,0.5,996.7,325.6245,996.3,117.4482,0.8,0.2,1.8,-0.4,88.0,6.5,3.1,,,,,,,,,
2022-04-05 14:00:00,3,0,3.82,124.87,6.31,3.83,87.43,-0.07,-0.05,0.0,246.0,222.0,1.5,6.3,1345.0,2.4,1349.0,988.2,0.6,996.7,332.368,996.3,85.03018,0.5,0.4,0.4,-0.2,88.0,6.5,3.1,,,,,,,,,
2022-04-05 15:00:00,3,0,3.82,125.31,6.31,3.83,88.2,-0.08,-0.09,0.0,232.0,252.0,1.7,5.6,1427.0,2.3,1436.0,987.9,0.3,996.4,334.6659,996.0,74.82978,0.4,-0.1,0.8,-0.1,92.0,6.5,3.1,,,,,,,,,
2022-04-05 16:00:00,3,0,3.82,125.68,6.31,3.82,87.08,-0.08,-0.08,5.0,259.0,243.0,1.0,5.7,1502.0,2.2,1504.0,988.0,0.1,996.5,338.4669,996.1,98.02835,0.6,0.9,1.2,-0.1,83.0,6.5,3.1,,,,,,,,,
2022-04-05 17:00:00,3,0,3.82,125.78,6.31,3.83,85.73,-0.08,-0.08,6.0,252.0,230.0,1.6,4.6,1659.0,2.2,1642.0,987.7,0.5,996.2,335.3275,995.8,39.23067,0.1,0.3,0.9,0.3,90.0,6.5,3.1,,,,,,,,,
2022-04-05 18:00:00,3,0,3.81,126.33,6.31,3.83,85.43,-0.08,-0.1,8.0,283.0,252.0,1.4,4.1,1715.0,1.9,1721.0,987.6,0.3,996.1,331.904,995.7,15.23141,0.0,0.2,0.3,0.0,89.0,6.5,3.1,,,,,,,,,
2022-04-05 19:00:00,3,0,3.81,126.36,6.31,3.82,85.96,-0.07,-0.04,8.0,262.0,262.0,1.6,4.0,1900.0,1.6,1900.0,987.1,0.9,995.6,332.1487,995.2,-5.28989,0.0,0.3,0.3,0.1,88.0,6.5,3.1,,,,,,,,,
2022-04-05 20:00:00,3,0,3.81,126.12,6.31,3.83,84.72,-0.07,-0.05,8.0,218.0,231.0,1.3,4.7,1942.0,2.1,1948.0,987.1,0.6,995.6,327.7634,995.2,-9.300119,0.6,-0.1,0.3,-0.1,93.0,6.5,3.1,,,,,,,,,
2022-04-05 21:00:00,3,0,3.81,125.66,6.31,3.83,87.17,-0.07,-0.06,8.0,258.0,244.0,1.6,6.3,2042.0,2.5,2050.0,986.6,1.1,995.1,331.0097,994.7,-8.471934,1.9,-0.1,0.1,-0.1,89.0,6.5,3.100277778,,,,,,,,,
2022-04-05 22:00:00,3,0,3.81,125.9,6.31,3.83,86.99,-0.07,-0.06,8.0,260.0,255.0,1.7,5.9,2123.0,2.4,2140.0,986.2,0.9,994.7,328.1529,994.2,-10.79037,1.7,-0.2,0.0,-0.2,91.0,6.498611111,3.1,,,,,,,,,
2022-04-05 23:00:00,3,0,3.82,126.65,6.31,3.82,85.08,-0.07,-0.07,7.0,267.0,233.0,1.9,5.2,2259.0,2.4,2220.0,985.7,1.4,994.2,327.5444,993.8,-10.36509,0.5,-0.5,-0.2,-0.6,89.0,6.5,3.1,,,,,,,,,
2022-04-06 00:00:00,3,0,3.82,127.2,6.31,3.83,88.34,-0.08,-0.08,5.0,77.0,35.0,1.1,4.9,2314.0,2.1,2343.0,986.0,0.6,994.5,326.792,994.1,-8.57387,0.0,-0.8,-0.2,-0.8,93.0,6.498611111,3.1,,,,,,,,,
2022-04-06 01:00:00,3,0,3.82,127.14,6.31,3.82,85.81,-0.08,-0.08,8.0,299.0,82.0,0.8,1.8,100.0,0.9,2.0,985.3,0.9,993.8,329.5797,993.4,-12.08369,1.4,-1.2,-0.8,-1.2,94.0,6.5,3.100277778,,,,,,,,,
2022-04-06 02:00:00,3,0,3.82,127.65,6.31,3.83,83.8,-0.07,-0.05,8.0,312.0,289.0,0.9,2.5,159.0,1.3,109.0,985.3,0.4,993.8,324.0675,993.4,-11.44107,0.4,-1.7,-1.1,-1.7,94.0,6.5,3.100555556,,,,,,,,,
2022-04-06 03:00:00,3,0,3.82,127.68,6.31,3.82,86.45,-0.07,-0.07,8.0,302.0,308.0,1.0,3.2,223.0,1.3,211.0,984.8,1.2,993.3,327.2091,992.9,-12.70448,0.0,-1.0,-1.0,-1.7,94.0,6.5,3.1,,,,,,,,,
2022-04-06 04:00:00,3,0,3.82,128.28,6.31,3.83,85.7,-0.08,-0.08,8.0,300.0,294.0,1.0,3.6,328.0,1.3,332.0,984.3,1.0,992.8,329.4605,992.3,-13.71908,0.0,-0.8,-0.7,-1.1,93.0,6.5,3.100277778,,,,,,,,,
2022-04-06 05:00:00,3,0,3.82,128.5,6.32,3.82,86.31,-0.08,-0.08,8.0,272.0,243.0,1.1,3.1,447.0,1.3,454.0,983.9,1.4,992.4,329.4789,992.0,-10.89761,0.0,-0.4,-0.4,-0.8,92.0,6.5,3.100277778,,,,,,,,,
2022-04-06 06:00:00,3,0,3.81,128.58,6.32,3.82,86.43,-0.05,0.02,7.0,213.0,268.0,1.3,3.6,507.0,1.6,514.0,983.5,1.3,992.0,308.9818,991.6,4.103647,0.0,-0.6,-0.4,-0.7,90.0,6.5,3.100555556,,,,,,,,,
2022-04-06 07:00:00,3,0,3.81,128.96,6.32,3.83,86.53,-0.07,-0.05,7.0,182.0,171.0,2.1,5.9,638.0,2.8,645.0,983.1,1.2,991.5,265.4238,991.2,160.0402,0.1,1.6,1.6,-0.6,71.0,6.5,3.100277778,,,,,,,,,
2022-04-06 08:00:00,3,0,3.81,129.12,6.32,3.83,86.12,-0.08,-0.07,7.0,153.0,166.0,1.6,4.8,719.0,3.0,727.0,982.6,1.3,991.0,233.2173,990.7,306.039,0.2,2.7,2.8,1.5,62.0,6.5,3.100555556,,,,,,,,,
2022-04-06 09:00:00,3,0,3.81,129.49,6.32,3.82,86.18,-0.08,-0.09,6.0,141.0,141.0,1.7,3.1,849.0,1.7,900.0,982.3,1.2,990.7,255.9756,990.4,470.6283,0.1,3.1,4.2,2.7,65.0,6.5,3.100277778,,,,,,,,,
2022-04-06 10:00:00,3,0,3.81,128.99,6.32,3.83,89.65,-0.08,-0.09,6.0,124.0,142.0,1.7,3.2,903.0,2.0,907.0,982.1,1.0,990.5,280.5585,990.2,627.1622,0.0,3.5,4.0,2.9,67.0,6.5,3.100833333,,,,,,,,,
2022-04-06 11:00:00,3,0,3.81,129.41,6.32,3.82,85.01,-0.08,-0.08,7.0,209.0,201.0,1.3,3.1,1046.0,1.9,1050.0,981.7,0.9,990.1,306.7461,989.8,388.3488,0.0,3.4,4.0,2.7,56.0,6.5,3.1,,,,,,,,,
2022-04-06 12:00:00,3,0,3.81,129.51,6.32,3.82,84.76,-0.07,-0.06,7.0,203.0,203.0,2.9,4.4,1157.0,2.9,1200.0,981.3,1.0,989.7,280.0516,989.3,547.7183,0.1,3.7,5.2,2.9,57.0,6.5,3.100277778,,,,,,,,,
2022-04-06 13:00:00,3,0,3.81,129.75,6.32,3.82,85.52,-0.07,-0.05,7.0,201.0,201.0,2.0,4.2,1232.0,3.0,1203.0,980.9,1.2,989.2,257.7525,988.9,644.2827,0.0,4.6,4.6,3.7,52.0,6.5,3.100555556,,,,,,,,,
2022-04-06 14:00:00,3,0,3.81,130.3,6.32,3.82,86.25,-0.08,-0.09,7.0,199.0,188.0,2.1,3.4,1313.0,2.3,1321.0,980.4,1.4,988.7,255.1281,988.4,488.0943,0.1,4.4,5.1,3.4,51.0,6.5,3.100277778,,,,,,,,,
2022-04-06 15:00:00,3,0,3.81,130.43,6.32,3.83,84.3,-0.08,-0.08,7.0,204.0,198.0,1.6,3.4,1419.0,2.3,1410.0,979.7,1.6,988.0,250.8723,987.7,451.8577,0.0,4.4,4.6,3.7,45.0,6.5,3.1,,,,,,,,,
2022-04-06 16:00:00,3,0,3.81,130.42,6.32,3.82,84.67,-0.09,-0.11,7.0,209.0,201.0,1.3,2.7,1503.0,2.0,1513.0,979.1,1.8,987.4,241.2888,987.1,356.1508,0.0,3.2,4.4,3.2,48.0,6.5,3.1,,,,,,,,,
2022-04-06 17:00:00,3,0,3.81,131.01,6.31,3.83,85.49,-0.08,-0.07,7.0,328.0,210.0,0.4,2.1,1611.0,1.3,1602.0,978.6,1.7,987.0,235.4171,986.6,194.9851,0.0,1.4,3.2,1.4,72.0,6.5,3.1,,,,,,,,,
2022-04-06 18:00:00,3,0,3.81,130.59,6.32,3.82,84.49,-0.07,-0.05,7.0,312.0,310.0,0.7,1.3,1713.0,0.8,1757.0,978.2,1.5,986.6,229.3933,986.2,10.95603,0.0,0.3,1.4,0.3,77.0,6.5,3.1,,,,,,,,,
2022-04-06 19:00:00,3,0,3.81,130.42,6.32,3.82,86.13,-0.08,-0.08,7.0,316.0,329.0,0.5,1.4,1830.0,0.9,1843.0,978.1,1.0,986.5,227.7248,986.1,-6.115124,0.0,-0.6,0.3,-0.6,81.0,6.5,3.1,,,,,,,,,
2022-04-06 20:00:00,3,0,3.81,130.54,6.32,3.82,85.55,-0.08,-0.08,7.0,311.0,319.0,0.3,1.4,1908.0,0.8,1944.0,977.8,0.9,986.3,225.0224,985.8,-11.75218,0.0,-1.7,-0.6,-1.7,84.0,6.499444444,3.1,,,,,,,,,
2022-04-06 21:00:00,3,0,3.81,130.21,6.32,3.82,87.26,-0.07,-0.06,7.0,337.0,337.0,0.8,1.5,2057.0,0.8,2100.0,977.5,0.8,986.0,223.66,985.5,-11.50816,0.0,-1.4,-1.4,-2.1,82.0,6.5,3.1,,,,,,,,,
2022-04-06 22:00:00,3,0,3.81,130.75,6.32,3.82,86.69,-0.07,-0.06,7.0,21.0,21.0,2.3,4.3,2159.0,2.3,2200.0,977.1,0.9,985.6,221.7389,985.1,-11.78168,0.0,-1.1,-1.1,-2.0,69.0,6.496944444,3.099722222,,,,,,,,,
2022-04-06 23:00:00,3,0,3.81,131.3,6.32,3.81,84.23,-0.07,-0.06,7.0,13.0,23.0,1.8,4.0,2201.0,2.3,2202.0,976.9,0.9,985.4,219.722,984.9,-11.94859,0.0,-1.6,-1.0,-1.7,70.0,6.5,3.099722222,,,,,,,,,
2022-04-07 00:00:00,3,0,3.82,131.35,6.32,3.82,86.76,-0.07,-0.05,7.0,29.0,26.0,1.6,4.4,2317.0,2.6,2320.0,976.6,0.9,985.1,217.2263,984.5,-11.89582,0.0,-1.8,-1.6,-1.8,64.0,6.5,3.1,,,,,,,,,
2022-04-07 01:00:00,3,0,3.81,131.17,6.32,3.82,86.25,-0.07,-0.07,7.0,22.0,18.0,2.1,3.7,30.0,2.2,46.0,976.4,0.8,984.9,215.1763,984.3,-11.96056,0.0,-2.5,-1.8,-2.5,64.0,6.5,3.099722222,,,,,,,,,
2022-04-07 02:00:00,3,0,3.81,131.5,6.32,3.82,85.19,-0.07,-0.05,7.0,26.0,29.0,2.5,5.0,155.0,2.9,156.0,975.9,1.0,984.4,213.4943,983.9,-11.82599,0.0,-2.2,-1.9,-2.5,58.0,6.5,3.1,,,,,,,,,
2022-04-07 03:00:00,3,0,3.81,131.22,6.32,3.82,85.93,-0.08,-0.08,7.0,29.0,29.0,2.7,4.9,255.0,2.9,257.0,975.6,1.0,984.1,211.2138,983.5,-11.87967,0.0,-2.5,-2.2,-2.6,56.0,6.5,3.1,,,,,,,,,
2022-04-07 04:00:00,3,0,3.81,131.6,6.32,3.82,85.26,-0.07,-0.07,7.0,31.0,28.0,2.6,5.9,318.0,3.2,320.0,975.3,1.1,983.8,209.8946,983.2,-11.81358,0.0,-2.7,-2.5,-2.7,53.0,6.5,3.1,,,,,,,,,
2022-04-07 05:00:00,3,0,3.81,131.91,6.32,3.82,84.75,-0.08,-0.08,7.0,27.0,27.0,2.9,5.5,500.0,2.9,500.0,975.0,0.9,983.5,209.7646,983.0,-8.021864,0.0,-2.7,-2.5,-3.0,50.0,6.5,3.1,,,,,,,,,
2022-04-07 06:00:00,3,0,3.81,132.07,6.32,3.82,85.59,-0.08,-0.07,7.0,36.0,31.0,2.5,5.1,523.0,3.0,504.0,974.8,0.8,983.2,209.6356,982.8,77.36369,0.0,-1.3,-1.3,-2.7,45.0,6.5,3.1,,,,,,,,,
2022-04-07 07:00:00,3,0,3.81,132.41,6.32,3.82,82.72,-0.07,-0.04,7.0,64.0,42.0,2.3,5.7,700.0,3.1,635.0,974.5,0.7,982.9,211.8759,982.5,195.1245,0.1,0.0,0.0,-1.3,42.0,6.5,3.100277778,,,,,,,,,
2022-04-07 08:00:00,3,0,3.84,132.75,6.32,3.81,83.34,-0.08,-0.09,7.0,48.0,75.0,3.2,6.5,746.0,4.2,751.0,974.3,0.7,982.7,216.1107,982.3,322.6949,0.0,1.2,1.2,-0.3,38.0,6.5,3.100833333,,,,,,,,,
2022-04-07 09:00:00,3,0,3.82,132.69,6.32,3.82,84.76,-0.08,-0.08,7.0,75.0,48.0,2.9,5.5,852.0,3.3,802.0,974.1,0.7,982.4,222.2932,982.0,443.4601,0.0,2.7,2.7,1.0,33.0,6.5,3.100277778,,,,,,,,,
2022-04-07 10:00:00,3,0,3.82,132.36,6.33,3.81,84.41,-0.07,-0.06,7.0,51.0,51.0,4.4,7.0,951.0,4.4,1000.0,974.0,0.5,982.3,227.0424,981.9,560.1569,0.0,3.3,4.0,2.2,30.0,6.5,3.101111111,,,,,,,,,
2022-04-22 14:00:00,4,0,3.67,47.33,6.79,100.88,0.31,7.16,20.34,7.0,92.0,92.0,3.7,6.4,1400.0,3.7,1400.0,1017.4,1.0,1025.8,306.1267,1025.8,605.8081,0.0,13.9,14.2,12.6,46.0,6.464166667,3.960277778,,,,,,,,,
2022-04-22 15:00:00,4,0,3.66,47.35,6.6,100.62,0.29,7.92,22.49,7.0,91.0,84.0,3.5,7.6,1436.0,3.8,1436.0,1016.9,1.3,1025.3,301.7568,1025.3,510.0911,0.0,13.5,14.0,13.4,45.0,6.490555556,3.994166667,,,,,,,,,
2022-04-22 16:00:00,4,0,3.72,47.36,6.49,100.77,0.28,7.91,22.46,7.0,91.0,88.0,3.0,6.8,1554.0,3.6,1545.0,1016.6,1.2,1025.0,295.4449,1025.0,398.7336,0.0,12.8,13.7,12.8,45.0,6.5,4.001944444,,,,,,,,,
2022-04-22 17:00:00,4,0,3.73,47.37,6.46,100.86,0.28,7.91,22.48,7.0,62.0,80.0,2.7,6.9,1628.0,3.6,1628.0,1016.4,1.0,1024.8,289.7373,1024.7,269.3692,0.0,11.8,13.0,11.8,48.0,6.5,4.001944444,,,,,,,,,
2022-04-22 18:00:00,4,0,3.7,47.37,6.44,100.81,0.27,7.95,22.59,7.0,36.0,67.0,2.3,5.7,1719.0,3.1,1720.0,1016.3,0.6,1024.7,279.4788,1024.6,38.28144,0.0,10.7,11.8,10.7,50.0,6.5,4.000277778,,,,,,,,,
2022-04-22 19:00:00,4,0,3.73,47.37,6.43,100.99,0.27,7.92,22.5,7.0,18.0,20.0,2.6,5.3,1840.0,2.8,1856.0,1016.1,0.5,1024.6,273.574,1024.4,2.851383,0.0,9.5,10.8,9.5,52.0,6.488333333,4.009166667,,,,,,,,,
2022-04-22 20:00:00,4,0,3.7,47.36,6.42,100.93,0.27,7.95,22.59,5.0,22.0,21.0,2.3,5.2,1925.0,2.7,1930.0,1016.4,0.0,1024.9,271.1904,1024.8,-10.89034,0.0,8.6,9.5,8.6,55.0,6.484722222,4.003055556,,,,,,,,,
2022-04-22 21:00:00,4,0,3.7,47.37,6.4,100.88,0.27,7.95,22.57,7.0,16.0,14.0,2.0,4.8,2018.0,2.5,2040.0,1016.1,0.1,1024.6,269.5162,1024.5,-12.93816,0.0,7.8,8.7,7.8,60.0,6.5,4.016388889,,,,,,,,,
2022-04-22 22:00:00,4,0,3.71,47.37,6.4,100.93,0.27,7.94,22.56,0.0,29.0,42.0,2.6,5.6,2122.0,3.3,2154.0,1016.1,0.1,1024.6,273.9868,1024.5,-12.62511,0.0,7.6,8.4,7.6,60.0,6.5,4.076666667,,,,,,,,,
2022-04-22 23:00:00,4,0,3.74,47.33,6.39,101.0,0.27,7.95,22.57,7.0,18.0,22.0,1.9,5.3,2212.0,2.7,2222.0,1016.0,0.4,1024.5,269.3981,1024.4,-12.76859,0.0,7.1,7.7,7.1,62.0,6.495555556,4.1,,,,,,,,,
2022-04-23 00:00:00,4,0,3.78,47.34,6.39,101.17,0.27,7.94,22.54,7.0,38.0,40.0,3.4,5.7,2307.0,3.5,2358.0,1015.7,0.4,1024.2,264.7168,1024.1,-12.58713,0.0,7.0,7.4,6.9,63.0,6.494166667,4.100277778,,,,,,,,,
2022-04-23 01:00:00,4,1,3.77,47.34,6.39,101.16,0.27,7.95,22.58,7.0,32.0,37.0,2.1,4.7,23.0,3.3,2.0,1015.3,0.8,1023.9,265.1868,1023.6,-12.70887,0.0,6.3,7.0,6.3,66.0,6.497777778,4.103055556,,,,,,,,,
2022-04-23 02:00:00,4,0,3.75,47.35,6.39,101.14,0.27,7.96,22.61,7.0,57.0,57.0,3.2,5.3,154.0,3.2,200.0,1015.2,0.9,1023.7,263.378,1023.5,-12.47093,0.0,6.7,6.8,6.2,65.0,6.495277778,4.101111111,,,,,,,,,
2022-04-23 03:00:00,4,0,3.72,47.31,6.4,101.14,0.27,8.0,22.71,7.0,30.0,62.0,1.8,6.9,202.0,3.4,204.0,1014.9,0.9,1023.5,262.2163,1023.2,-12.34538,0.0,5.7,6.7,5.7,71.0,6.498611111,4.1,,,,,,,,,
2022-04-23 04:00:00,4,0,3.65,47.36,6.4,100.99,0.26,7.98,22.67,7.0,344.0,32.0,0.2,3.3,305.0,1.9,305.0,1014.8,0.5,1023.4,259.2488,1023.1,-10.15888,0.0,4.4,5.7,4.1,77.0,6.5,4.1,,,,,,,,,
2022-04-23 05:00:00,4,0,3.69,47.38,6.39,101.07,0.27,7.96,22.6,7.0,31.0,25.0,2.2,5.0,439.0,2.8,448.0,1014.6,0.5,1023.1,262.1871,1023.0,26.3598,0.0,6.9,6.9,4.4,65.0,6.478888889,4.1,,,,,,,,,
2022-04-23 06:00:00,4,0,3.64,47.36,6.39,100.96,0.27,7.99,22.71,7.0,86.0,86.0,3.0,5.7,553.0,3.0,600.0,1014.7,0.2,1023.2,266.7849,1023.0,155.272,0.0,7.9,8.0,6.9,60.0,6.481666667,4.1,,,,,,,,,
2022-04-23 07:00:00,4,0,3.63,47.38,6.39,100.9,0.27,7.98,22.67,7.0,95.0,81.0,3.2,6.5,639.0,3.7,647.0,1014.6,0.1,1023.1,271.0012,1023.0,256.6485,0.0,9.2,9.2,7.9,58.0,6.477777778,4.1,,,,,,,,,
2022-04-23 08:00:00,4,0,3.62,47.36,6.38,100.9,0.27,8.01,22.75,7.0,88.0,90.0,3.0,6.7,718.0,3.5,738.0,1014.4,0.2,1022.8,277.0463,1022.8,395.5672,0.0,10.6,10.6,9.2,53.0,6.470277778,4.1,,,,,,,,,
2022-04-23 09:00:00,4,0,3.64,47.35,6.39,100.89,0.27,7.99,22.7,7.0,79.0,78.0,3.5,6.5,851.0,3.9,853.0,1014.2,0.5,1022.6,281.7854,1022.6,522.7682,0.0,11.0,11.4,10.5,48.0,6.494444444,4.099444444,,,,,,,,,
2022-04-23 10:00:00,4,0,3.69,47.31,6.4,101.01,0.26,7.96,22.61,7.0,111.0,107.0,3.1,6.8,944.0,3.5,956.0,1014.0,0.6,1022.4,287.9264,1022.4,611.4405,0.0,12.4,12.6,10.9,43.0,6.449166667,4.048333333,,,,,,,,,
2022-04-23 11:00:00,4,0,3.63,47.37,6.39,100.92,0.26,7.99,22.69,7.0,136.0,111.0,1.8,5.7,1012.0,3.0,1002.0,1013.7,0.8,1022.0,294.9936,1022.0,669.5744,0.0,13.0,13.2,12.1,46.0,6.451111111,4.040555556,,,,,,,,,
2022-04-23 12:00:00,4,0,3.84,47.3,6.38,101.39,0.25,7.86,22.33,7.0,320.0,270.0,1.5,6.3,1108.0,2.2,1117.0,1013.6,0.7,1021.9,300.3831,1021.9,693.7539,0.0,13.5,13.6,12.0,50.0,6.450833333,4.031666667,,,,,,,,,
2022-04-23 13:00:00,4,1,3.83,47.31,6.38,101.44,0.25,7.88,22.38,7.0,45.0,79.0,1.8,6.5,1251.0,2.5,1241.0,1013.3,0.7,1021.6,305.3418,1021.6,669.2101,0.0,12.8,13.7,12.5,53.0,6.448888889,4.035,,,,,,,,,
2022-04-23 14:00:00,4,0,3.83,47.32,6.39,101.5,0.25,7.89,22.42,8.0,24.0,349.0,2.0,6.6,1314.0,2.3,1313.0,1012.8,0.8,1021.1,306.5461,1021.2,606.126,0.0,12.6,13.7,12.6,55.0,6.449166667,4.024722222,,,,,,,,,
2022-04-23 15:00:00,4,0,3.68,47.35,6.4,101.18,0.26,7.98,22.68,7.0,26.0,20.0,1.5,4.6,1411.0,2.0,1415.0,1012.6,0.9,1021.0,306.7918,1020.9,510.0623,0.0,11.9,12.9,11.9,58.0,6.447222222,4.025555556,,,,,,,,,
2022-04-23 16:00:00,4,0,3.83,47.39,6.39,101.58,0.25,7.87,22.36,7.0,151.0,153.0,1.6,4.7,1532.0,2.4,1533.0,1012.3,1.0,1020.7,298.7499,1020.6,399.3898,0.0,12.0,12.1,11.3,58.0,6.454166667,4.019166667,,,,,,,,,
2022-04-23 17:00:00,4,0,3.65,47.4,6.39,101.07,0.26,7.99,22.69,7.0,328.0,162.0,0.6,3.1,1623.0,1.6,1625.0,1011.9,0.9,1020.3,297.0005,1020.2,281.1968,0.0,10.1,12.1,10.1,66.0,6.4525,4.012222222,,,,,,,,,
2022-04-23 18:00:00,4,0,3.67,47.37,6.39,101.12,0.26,7.98,22.66,5.0,299.0,290.0,0.7,1.8,1758.0,1.0,1743.0,1011.9,0.7,1020.3,283.7937,1020.2,38.24591,0.0,9.1,10.1,8.9,69.0,6.446944444,4.000833333,,,,,,,,,
2022-04-23 19:00:00,4,0,3.72,47.38,6.39,101.26,0.25,7.95,22.57,6.0,352.0,332.0,0.3,2.5,1814.0,1.3,1822.0,1011.9,0.5,1020.4,278.1662,1020.2,4.846777,0.0,8.2,9.1,8.2,70.0,6.444722222,4.005555556,,,,,,,,,
2022-04-23 20:00:00,4,0,3.63,47.39,6.39,100.93,0.25,8.01,22.74,4.0,346.0,325.0,0.2,1.5,1923.0,0.8,1931.0,1011.9,0.0,1020.4,274.3598,1020.2,-10.01839,0.0,7.6,8.2,7.5,70.0,6.450833333,4.0025,,,,,,,,,
2022-04-23 21:00:00,4,0,3.7,47.37,6.39,101.18,0.25,7.97,22.64,4.0,1.0,38.0,0.2,3.1,2016.0,1.2,2019.0,1012.0,0.1,1020.5,271.4803,1020.3,-12.97842,0.0,7.1,7.7,6.9,71.0,6.451944444,4.000555556,,,,,,,,,
2022-04-23 22:00:00,4,0,3.69,47.38,6.39,101.17,0.25,7.99,22.7,4.0,303.0,35.0,0.3,2.0,2128.0,0.9,2137.0,1011.9,0.0,1020.4,269.0729,1020.2,-12.79252,0.0,6.3,7.3,6.3,70.0,6.455277778,4.0,,,,,,,,,
2022-04-23 23:00:00,4,0,3.71,47.36,6.39,101.23,0.26,7.97,22.65,7.0,2.0,10.0,0.1,0.9,2218.0,0.3,2236.0,1011.7,0.2,1020.3,265.1643,1020.0,-12.7773,0.0,5.5,6.3,4.8,74.0,6.498611111,4.0,,,,,,,,,
2022-04-24 00:00:00,4,0,3.68,47.37,6.39,101.2,0.26,7.98,22.68,5.0,280.0,13.0,0.4,2.1,2316.0,1.0,2321.0,1011.7,0.2,1020.3,262.3809,1020.0,-12.57869,0.0,4.2,6.4,4.1,78.0,6.473055556,4.0,,,,,,,,,
2022-04-24 01:00:00,4,1,3.69,47.36,6.39,101.22,0.26,7.99,22.7,7.0,8.0,233.0,0.1,1.4,40.0,0.7,43.0,1011.5,0.4,1020.1,259.8025,1019.8,-12.26673,0.0,3.9,5.5,3.6,75.0,6.449166667,3.999722222,,,,,,,,,
2022-04-24 02:00:00,4,0,3.69,47.35,6.39,101.25,0.25,8.0,22.72,7.0,316.0,243.0,0.4,1.8,124.0,0.9,139.0,1011.5,0.2,1020.1,258.9009,1019.8,-11.89764,0.0,4.4,5.5,3.4,71.0,6.446111111,4.0,,,,,,,,,
2022-04-24 03:00:00,4,0,3.7,47.38,6.39,101.33,0.25,7.98,22.67,7.0,311.0,278.0,0.4,1.5,221.0,0.6,215.0,1011.6,0.1,1020.2,258.3038,1019.9,-12.08595,0.0,4.3,5.1,3.9,71.0,6.448055556,3.999722222,,,,,,,,,
2022-04-24 04:00:00,4,0,3.72,47.37,6.39,101.34,0.25,7.98,22.67,4.0,25.0,25.0,0.7,2.5,358.0,0.7,400.0,1011.4,0.0,1020.0,258.8437,1019.7,-8.975938,0.0,4.3,4.3,3.1,71.0,6.448055556,4.0,,,,,,,,,
2022-04-24 05:00:00,4,0,3.72,47.36,6.4,101.38,0.25,7.98,22.66,4.0,38.0,32.0,0.9,3.8,451.0,1.3,456.0,1011.6,0.1,1020.1,262.3169,1019.9,28.37593,0.0,5.8,6.7,4.3,64.0,6.451388889,4.0,,,,,,,,,
2022-04-24 06:00:00,4,0,3.73,47.37,6.39,101.36,0.25,7.97,22.63,3.0,220.0,57.0,0.6,1.8,505.0,0.9,508.0,1011.7,0.1,1020.2,269.9421,1020.1,157.1417,0.0,6.8,6.9,5.6,71.0,6.451944444,4.0,,,,,,,,,
2022-04-24 07:00:00,4,0,3.74,47.37,6.38,101.42,0.25,7.97,22.63,2.0,195.0,178.0,0.5,1.4,655.0,0.6,650.0,1011.7,0.3,1020.2,280.2388,1020.0,274.5457,0.0,8.3,8.5,6.8,58.0,6.450555556,4.000555556,,,,,,,,,
2022-04-24 08:00:00,4,0,3.75,47.38,6.38,101.45,0.25,7.96,22.6,8.0,189.0,189.0,0.9,2.0,733.0,0.9,800.0,1011.5,0.1,1019.9,290.3877,1019.8,401.3377,0.0,10.3,10.3,8.3,54.0,6.4525,4.000833333,,,,,,,,,
2022-04-24 09:00:00,4,0,3.72,47.38,6.39,101.36,0.25,7.97,22.65,7.0,142.0,139.0,0.9,2.2,853.0,1.0,858.0,1011.5,0.3,1019.8,300.2186,1019.8,519.7489,0.0,12.5,12.5,10.3,41.0,6.448611111,3.999444444,,,,,,,,,
2022-04-24 10:00:00,4,0,3.76,47.38,6.39,101.47,0.25,7.9,22.44,7.0,153.0,199.0,1.8,3.4,936.0,2.0,948.0,1011.4,0.3,1019.7,306.2599,1019.7,617.1301,0.0,13.1,14.0,12.5,41.0,6.451944444,3.998888889,,,,,,,,,
2022-04-24 11:00:00,4,0,3.78,47.39,6.39,101.54,0.25,7.91,22.47,7.0,207.0,207.0,3.9,6.2,1049.0,4.0,1057.0,1011.3,0.2,1019.6,314.5715,1019.6,690.5803,0.0,12.9,13.8,12.8,51.0,6.448055556,3.998888889,,,,,,,,,
2022-04-24 12:00:00,4,0,3.77,47.37,6.39,101.47,0.25,7.91,22.46,7.0,207.0,205.0,3.6,6.3,1121.0,4.0,1105.0,1011.3,0.2,1019.6,310.3495,1019.6,695.358,0.0,12.7,13.2,12.6,56.0,6.455555556,4.002777778,,,,,,,,,
2022-04-24 13:00:00,4,1,3.9,47.36,6.39,101.82,0.24,7.85,22.29,7.0,208.0,208.0,3.9,5.7,1221.0,3.9,1300.0,1011.2,0.2,1019.5,308.8077,1019.5,667.9949,0.0,12.5,13.1,12.5,54.0,6.449444444,4.014444444,,,,,,,,,
2022-04-24 14:00:00,4,0,4.03,47.35,6.39,102.17,0.24,7.79,22.12,7.0,207.0,207.0,3.1,6.1,1325.0,3.9,1301.0,1011.0,0.3,1019.3,308.9102,1019.3,605.5414,0.0,12.7,13.2,12.5,52.0,6.444444444,4.01,,,,,,,,,
2022-04-24 15:00:00,4,0,3.82,47.34,6.4,101.51,0.24,7.95,22.57,7.0,198.0,202.0,2.5,4.9,1406.0,3.0,1453.0,1010.6,0.7,1018.9,311.8839,1018.9,508.7723,0.0,12.9,13.6,12.7,52.0,6.452222222,4.004444444,,,,,,,,,
2022-04-24 16:00:00,4,0,3.87,47.36,6.39,101.73,0.24,7.89,22.42,7.0,193.0,202.0,1.9,4.4,1517.0,2.8,1519.0,1010.4,0.8,1018.7,310.9362,1018.7,398.2325,0.0,13.2,13.4,12.9,49.0,6.452222222,4.000833333,,,,,,,,,
2022-04-24 17:00:00,4,0,3.86,47.37,6.4,101.76,0.24,7.89,22.41,6.0,351.0,8.0,1.1,3.7,1646.0,2.0,1633.0,1010.4,0.6,1018.8,307.1935,1018.7,281.9289,0.0,10.9,13.2,10.9,54.0,6.449444444,4.006944444,,,,,,,,,
2022-04-24 18:00:00,4,0,3.81,47.36,6.39,101.62,0.24,7.93,22.52,7.0,349.0,349.0,1.8,4.4,1754.0,1.8,1800.0,1010.4,0.3,1018.8,287.712,1018.7,38.65675,0.0,8.8,10.9,8.8,68.0,6.445555556,4.001388889,,,,,,,,,
2022-04-24 19:00:00,4,0,3.88,47.37,6.37,101.74,0.24,7.88,22.37,3.0,335.0,348.0,1.1,3.9,1848.0,1.8,1801.0,1010.7,0.2,1019.2,280.688,1019.0,5.498173,0.0,7.7,8.8,7.6,73.0,6.448888889,4.003333333,,,,,,,,,
2022-04-24 20:00:00,4,0,3.8,47.38,6.39,101.5,0.25,7.92,22.51,2.0,308.0,302.0,0.7,1.9,1905.0,1.1,1906.0,1010.8,0.3,1019.3,277.8306,1019.1,-8.43988,0.0,6.4,7.7,6.4,70.0,6.456666667,4.001111111,,,,,,,,,
2022-04-24 21:00:00,4,0,3.88,47.35,6.4,101.71,0.24,7.89,22.4,2.0,252.0,348.0,0.7,4.1,2019.0,1.4,2022.0,1011.1,0.7,1019.6,276.1497,1019.4,-12.32546,0.0,6.2,6.4,5.9,82.0,6.453888889,3.999444444,,,,,,,,,
2022-04-24 22:00:00,4,0,3.92,47.36,6.39,101.86,0.24,7.9,22.43,3.0,214.0,186.0,1.3,3.2,2151.0,1.5,2155.0,1011.4,0.8,1019.9,281.0556,1019.8,-12.13462,0.0,6.3,6.5,5.8,88.0,6.458611111,4.0,,,,,,,,,
2022-04-24 23:00:00,4,0,3.93,47.34,6.4,101.87,0.24,7.87,22.37,1.0,242.0,232.0,1.1,3.6,2210.0,1.3,2202.0,1011.5,0.7,1020.0,283.2137,1019.8,-12.0887,0.0,5.7,6.3,5.5,88.0,6.449722222,3.999722222,,,,,,,,,
2022-04-25 00:00:00,4,0,3.89,47.36,6.38,101.82,0.24,7.9,22.43,1.0,202.0,243.0,0.8,2.9,2305.0,1.1,2301.0,1011.5,0.5,1020.0,291.8734,1019.9,-11.80851,0.0,5.6,5.9,5.5,88.0,6.450277778,3.999722222,,,,,,,,,
2022-04-25 01:00:00,4,1,3.87,47.36,6.38,101.81,0.24,7.92,22.49,2.0,242.0,291.0,0.8,2.7,13.0,1.0,14.0,1011.7,0.2,1020.3,306.6618,1020.0,-11.27199,0.0,5.5,5.8,5.3,87.0,6.452222222,3.998611111,,,,,,,,,
2022-04-25 02:00:00,4,0,3.84,47.37,6.39,101.8,0.24,7.94,22.55,2.0,179.0,145.0,0.8,3.0,141.0,1.1,148.0,1011.6,0.1,1020.1,351.5926,1019.9,-9.115153,0.0,5.7,5.8,5.5,84.0,6.450555556,3.994166667,,,,,,,,,
2022-04-25 03:00:00,4,0,3.81,47.37,6.39,101.63,0.24,7.94,22.55,0.0,85.0,115.0,0.8,2.9,248.0,1.0,253.0,1011.4,0.1,1019.9,355.7703,1019.7,-8.85648,0.0,5.6,5.7,5.6,82.0,6.448333333,3.967777778,,,,,,,,,
2022-04-25 04:00:00,4,0,3.82,47.37,6.39,101.67,0.24,7.94,22.54,7.0,327.0,96.0,0.2,3.5,314.0,1.5,319.0,1011.3,0.3,1019.9,350.1867,1019.6,-7.277462,0.0,5.3,5.6,5.3,81.0,6.451388889,3.954722222,,,,,,,,,
2022-04-25 05:00:00,4,0,3.82,47.36,6.45,101.68,0.23,7.94,22.55,7.0,55.0,51.0,0.4,2.0,441.0,0.8,450.0,1011.3,0.3,1019.8,353.4906,1019.6,-0.5900756,0.0,5.5,5.5,5.3,79.0,6.446666667,3.948055556,,,,,,,,,
2022-04-25 06:00:00,4,0,3.83,47.39,6.39,101.64,0.24,7.91,22.47,4.0,92.0,92.0,0.8,1.4,559.0,0.8,600.0,1011.4,0.0,1019.9,354.6842,1019.7,8.778077,0.0,5.6,5.6,5.5,81.0,6.446944444,3.950833333,,,,,,,,,
2022-04-25 07:00:00,4,0,3.82,47.37,6.39,101.65,0.24,7.89,22.41,2.0,120.0,142.0,0.6,1.9,634.0,0.9,641.0,1011.4,0.1,1019.9,353.1696,1019.8,34.65618,0.0,5.8,5.8,5.6,77.0,6.446111111,3.958611111,,,,,,,,,
2022-04-25 08:00:00,4,0,3.81,47.38,6.39,101.63,0.24,7.9,22.43,2.0,107.0,112.0,0.8,2.5,719.0,1.0,729.0,1011.5,0.3,1020.0,353.9391,1019.8,78.7406,0.0,6.4,6.4,5.8,74.0,6.454444444,3.984722222,,,,,,,,,
2022-04-25 09:00:00,4,0,3.81,47.38,6.39,101.6,0.23,7.91,22.46,2.0,128.0,105.0,0.6,2.6,838.0,1.4,816.0,1011.6,0.2,1020.1,356.7732,1019.9,120.4536,0.0,6.7,6.8,6.4,72.0,6.448055556,3.999444444,,,,,,,,,
2022-04-25 10:00:00,4,0,3.8,47.37,6.39,101.62,0.24,7.93,22.54,2.0,173.0,198.0,1.2,2.5,925.0,1.6,934.0,1011.9,0.4,1020.4,357.576,1020.2,139.9738,0.0,6.9,7.0,6.6,74.0,6.463333333,4.002222222,,,,,,,,,
2022-04-25 11:00:00,4,0,3.83,47.37,6.39,101.7,0.24,7.88,22.39,2.0,140.0,166.0,0.5,2.3,1022.0,1.5,1013.0,1011.7,0.2,1020.2,356.9812,1020.0,223.4991,0.0,7.7,7.7,6.7,71.0,6.474444444,4.001944444,,,,,,,,,
2022-04-25 12:00:00,4,0,3.83,47.37,6.39,101.65,0.23,7.92,22.5,0.0,113.0,113.0,1.5,3.2,1200.0,1.5,1200.0,1011.7,0.1,1020.2,360.5143,1020.0,188.8407,0.0,7.9,7.9,7.4,74.0,6.5,4.000277778,0.0,28.0,,,,,,,
2022-04-25 13:00:00,4,1,3.84,47.36,6.39,101.72,0.23,7.93,22.52,5.0,235.0,82.0,1.0,4.8,1202.0,3.0,1212.0,1011.9,0.1,1020.4,361.0116,1020.2,115.828,0.0,6.2,8.0,6.2,85.0,6.499166667,4.004722222,,,,,,,,,
2022-04-25 14:00:00,4,0,3.85,47.36,6.39,101.79,0.23,7.94,22.54,0.0,120.0,120.0,1.2,2.4,1352.0,1.2,1400.0,1011.7,0.0,1020.2,384.8341,1020.0,187.6737,0.1,7.1,7.2,6.2,81.0,6.5,4.007222222,,,,,,,,,
2022-04-25 15:00:00,4,0,3.88,47.35,6.38,101.76,0.24,7.91,22.46,0.0,150.0,150.0,1.8,4.3,1500.0,1.8,1500.0,1011.6,0.1,1020.1,374.9445,1019.9,187.9414,0.0,7.8,7.8,7.0,71.0,6.469295775,4.009859155,,,,,,,,,
2022-04-25 16:00:00,4,0,3.93,47.37,6.4,101.93,0.24,7.84,22.28,7.0,129.0,148.0,1.1,4.5,1548.0,1.9,1501.0,1011.5,0.5,1020.0,346.2066,1019.8,220.0079,0.0,8.0,8.1,7.7,71.0,6.448603352,4.027094972,,,,,,,,,
2022-04-25 17:00:00,4,0,3.9,47.38,6.39,101.95,0.24,7.88,22.38,7.0,134.0,180.0,1.1,3.3,1604.0,1.6,1609.0,1011.5,0.3,1020.0,354.7009,1019.8,90.97632,0.0,7.0,8.0,7.0,76.0,6.452222222,4.032777778,,,,,,,,,
2022-04-25 18:00:00,4,0,3.91,47.34,6.39,101.85,0.23,7.9,22.45,5.0,88.0,84.0,1.4,4.2,1740.0,1.5,1755.0,1011.5,0.2,1020.0,352.8676,1019.8,40.72552,0.0,6.4,7.0,6.4,78.0,6.450555556,4.018333333,,,,,,,,,
2022-04-25 19:00:00,4,0,3.96,47.35,6.4,102.05,0.23,7.86,22.32,3.0,77.0,94.0,1.0,3.6,1835.0,2.1,1811.0,1011.8,0.3,1020.3,355.4744,1020.1,0.9325389,0.0,5.7,6.4,5.7,82.0,6.449166667,4.004722222,,,,,,,,,
2022-04-25 20:00:00,4,0,3.87,47.36,6.4,101.83,0.24,7.91,22.47,3.0,135.0,100.0,1.0,3.5,1904.0,1.6,1943.0,1012.1,0.7,1020.7,352.1915,1020.5,-7.866911,0.0,5.3,5.7,5.3,79.0,6.454166667,4.011111111,,,,,,,,,
2022-04-25 21:00:00,4,0,3.92,47.36,6.4,101.93,0.23,7.89,22.4,2.0,219.0,122.0,0.8,3.1,2019.0,1.2,2041.0,1012.3,0.8,1020.9,347.2134,1020.6,-9.086586,0.0,5.2,5.3,5.2,72.0,6.481111111,4.011388889,,,,,,,,,
2022-04-25 22:00:00,4,0,3.96,47.35,6.38,102.02,0.23,7.88,22.38,2.0,79.0,85.0,1.1,3.2,2147.0,1.5,2154.0,1012.5,0.7,1021.1,342.889,1020.8,-9.14851,0.0,5.1,5.2,5.0,71.0,6.453055556,4.0325,,,,,,,,,
2022-04-25 23:00:00,4,0,4.08,47.34,6.4,102.34,0.23,7.84,22.27,2.0,27.0,22.0,1.5,4.1,2227.0,1.9,2236.0,1012.6,0.5,1021.2,274.0162,1020.9,-12.19362,0.0,3.8,5.1,3.8,72.0,6.452777778,4.025277778,,,,,,,,,
2022-04-26 00:00:00,4,0,4.12,47.34,6.4,102.48,0.23,7.84,22.27,2.0,356.0,357.0,1.5,3.1,2355.0,1.6,2358.0,1012.8,0.5,1021.4,260.2828,1021.1,-12.14328,0.0,2.9,3.8,2.9,77.0,6.448888889,4.061666667,,,,,,,,,
2022-04-26 01:00:00,4,1,4.22,47.31,6.4,102.68,0.23,7.82,22.21,2.0,7.0,356.0,1.2,2.8,28.0,1.5,3.0,1012.8,0.3,1021.4,271.0968,1021.1,-11.55651,0.0,3.0,3.0,2.5,78.0,6.4525,4.095,,,,,,,,,
2022-04-26 02:00:00,4,0,4.33,47.28,6.4,102.88,0.23,7.8,22.15,2.0,172.0,8.0,0.7,1.8,159.0,1.2,102.0,1013.1,0.5,1021.7,323.5676,1021.4,-9.850344,0.0,3.3,3.7,2.7,80.0,6.45,4.096944444,,,,,,,,,
2022-04-26 03:00:00,4,0,4.29,47.27,6.4,102.8,0.23,7.8,22.17,2.0,26.0,26.0,1.4,2.4,259.0,1.4,300.0,1013.2,0.4,1021.8,327.0649,1021.5,-10.54157,0.0,3.4,3.6,3.3,76.0,6.449444444,4.099166667,,,,,,,,,
2022-04-26 04:00:00,4,0,4.34,47.24,6.4,102.96,0.23,7.78,22.1,2.0,309.0,47.0,0.3,3.6,313.0,1.7,319.0,1013.3,0.6,1021.9,326.6173,1021.6,-7.648719,0.0,3.6,3.7,3.4,81.0,6.452777778,4.086944444,,,,,,,,,
2022-04-26 05:00:00,4,0,4.39,47.25,6.4,103.08,0.22,7.75,22.02,2.0,107.0,238.0,0.5,1.8,500.0,0.6,425.0,1013.4,0.4,1022.0,326.4831,1021.7,7.949596,0.0,3.5,3.6,3.2,81.0,6.453888889,4.068055556,,,,,,,,,
2022-04-26 06:00:00,4,0,4.33,47.24,6.4,102.9,0.22,7.79,22.14,3.0,196.0,76.0,0.9,2.4,518.0,1.5,530.0,1014.2,1.0,1022.8,312.1049,1022.5,48.78166,0.1,3.8,4.2,3.3,82.0,6.438333333,4.071388889,,,,,,,,,
2022-04-26 07:00:00,4,0,4.3,47.26,6.41,102.89,0.23,7.8,22.15,2.0,101.0,91.0,1.9,4.4,656.0,2.0,657.0,1014.5,1.1,1023.1,329.7247,1022.8,91.14706,0.0,4.7,4.7,3.8,72.0,6.450833333,4.071111111,,,,,,,,,
2022-04-26 08:00:00,4,0,4.22,47.28,6.4,102.71,0.22,7.81,22.19,1.0,113.0,102.0,1.8,4.5,745.0,2.0,711.0,1014.8,1.4,1023.4,325.4865,1023.2,143.5472,0.0,4.7,5.0,4.5,67.0,6.452222222,4.094444444,,,,,,,,,
2022-04-26 09:00:00,4,0,4.14,47.31,6.4,102.48,0.23,7.82,22.21,3.0,167.0,112.0,1.9,5.9,814.0,3.2,818.0,1015.7,1.5,1024.3,320.9742,1024.1,461.6985,0.0,4.4,7.7,4.4,72.0,6.459166667,4.098611111,,,,,,,,,
2022-05-08 23:00:00,5,0,5.2,47.25,6.46,105.07,0.14,7.44,21.12,7.0,355.0,275.0,0.4,1.5,2237.0,0.7,2232.0,1016.2,1.2,1024.8,340.8743,1024.6,-9.829818,0.0,6.4,6.4,5.8,69.0,6.434166667,4.485555556,,,,,,,,,
2022-05-09 00:00:00,5,0,5.2,47.23,6.46,105.05,0.13,7.44,21.12,7.0,12.0,324.0,0.5,1.6,2325.0,0.7,2353.0,1015.7,1.3,1024.2,345.7018,1024.1,-9.830777,0.0,6.6,7.1,6.1,71.0,6.424444444,4.490277778,,,,,,,,,
2022-05-09 01:00:00,5,1,5.18,47.22,6.46,104.97,0.13,7.46,21.2,7.0,337.0,354.0,0.5,1.8,50.0,0.9,54.0,1015.2,1.4,1023.7,358.4413,1023.6,-12.1525,0.0,7.3,7.4,6.6,62.0,6.431944444,4.491388889,,,,,,,,,
2022-05-09 02:00:00,5,0,5.15,47.22,6.47,104.89,0.13,7.49,21.27,7.0,329.0,325.0,0.7,2.2,147.0,0.8,159.0,1014.7,1.5,1023.2,362.1839,1023.0,-12.59246,0.0,7.8,7.9,7.1,68.0,6.418055556,4.485,,,,,,,,,
2022-05-09 03:00:00,5,0,5.1,47.24,6.46,104.76,0.13,7.49,21.28,7.0,291.0,291.0,1.0,2.6,258.0,1.0,300.0,1014.2,1.5,1022.7,362.4352,1022.6,-11.54618,0.0,8.3,8.3,7.4,57.0,6.424166667,4.490833333,,,,,,,,,
2022-05-09 04:00:00,5,0,5.16,47.24,6.47,104.87,0.14,7.47,21.21,6.0,318.0,252.0,1.2,4.0,353.0,1.4,356.0,1014.0,1.2,1022.5,364.8407,1022.3,-5.740541,0.0,7.6,8.8,7.6,65.0,6.418333333,4.490277778,,,,,,,,,
2022-05-09 05:00:00,5,0,5.17,47.24,6.46,104.87,0.13,7.44,21.14,7.0,346.0,274.0,0.5,4.3,407.0,2.0,415.0,1013.6,1.2,1022.1,359.8238,1021.9,14.80899,0.0,8.3,8.9,7.4,63.0,6.400277778,4.493055556,,,,,,,,,
2022-05-09 06:00:00,5,0,5.17,47.25,6.47,104.84,0.14,7.42,21.08,8.0,307.0,307.0,0.8,2.4,517.0,0.8,600.0,1012.9,1.3,1021.4,366.0738,1021.2,55.37182,0.1,8.8,8.9,7.9,66.0,6.4,4.479444444,,,,,,,,,
2022-05-09 07:00:00,5,0,5.15,47.25,6.47,104.86,0.13,7.42,21.07,7.0,57.0,54.0,0.8,1.9,624.0,1.1,656.0,1012.5,1.5,1020.9,361.0437,1020.8,128.4394,0.0,10.3,10.3,8.2,62.0,6.384722222,4.486111111,,,,,,,,,
2022-05-09 08:00:00,5,0,5.1,47.26,6.47,104.75,0.14,7.47,21.22,7.0,62.0,173.0,0.4,2.4,740.0,0.9,746.0,1012.0,1.5,1020.4,347.3002,1020.3,243.1358,0.0,12.0,12.0,10.2,48.0,6.436388889,4.496388889,,,,,,,,,
2022-05-09 09:00:00,5,0,5.09,47.24,6.46,104.8,0.13,7.53,21.37,7.0,91.0,91.0,1.3,3.0,854.0,1.3,900.0,1011.5,1.4,1019.8,353.382,1019.8,336.2637,0.0,13.7,13.7,12.0,38.0,6.446111111,4.495277778,,,,,,,,,
2022-05-09 10:00:00,5,0,5.07,47.25,6.46,104.75,0.14,7.54,21.41,7.0,194.0,192.0,2.9,7.0,924.0,3.0,959.0,1011.1,1.4,1019.4,365.0167,1019.5,469.3835,0.0,14.8,14.9,13.4,20.0,6.455,4.496944444,,,,,,,,,
2022-05-09 11:00:00,5,0,5.03,47.27,6.45,104.67,0.13,7.54,21.42,7.0,184.0,184.0,3.9,9.8,1059.0,3.9,1100.0,1010.7,1.4,1019.0,365.3147,1019.0,459.1358,0.0,14.6,15.2,14.4,19.0,6.450833333,4.498055556,,,,,,,,,
2022-05-09 12:00:00,5,0,5.01,47.26,6.46,104.62,0.14,7.54,21.41,8.0,194.0,183.0,5.6,10.2,1200.0,6.0,1128.0,1009.6,2.0,1017.9,361.6312,1017.9,433.8353,0.0,14.3,14.9,14.3,23.0,6.453888889,4.499722222,0.0,30.0,,,,,,,
2022-05-09 13:00:00,5,1,5.13,47.25,6.46,104.92,0.14,7.49,21.27,8.0,197.0,197.0,4.9,9.6,1240.0,5.6,1201.0,1009.0,2.1,1017.3,373.5454,1017.3,185.9468,0.0,14.2,14.4,14.1,26.0,6.451111111,4.5,,,,,,,,,
2022-05-09 14:00:00,5,0,5.25,47.24,6.47,105.21,0.13,7.44,21.13,7.0,189.0,202.0,3.3,7.9,1317.0,4.8,1302.0,1007.9,2.6,1016.2,375.259,1016.2,124.2401,0.0,14.3,14.5,14.0,29.0,6.423333333,4.5,,,,,,,,,
2022-05-09 15:00:00,5,0,5.16,47.25,6.47,105.05,0.14,7.47,21.22,8.0,218.0,191.0,2.3,7.9,1458.0,3.2,1401.0,1006.9,2.6,1015.1,379.3773,1015.2,103.2642,0.0,14.6,14.6,14.3,33.0,6.409722222,4.5,,,,,,,,,
2022-05-09 16:00:00,5,0,5.19,47.25,6.48,105.14,0.13,7.47,21.22,7.0,325.0,205.0,1.2,5.3,1559.0,2.6,1505.0,1006.0,3.0,1014.3,383.9925,1014.2,33.35412,0.0,13.9,14.8,13.8,40.0,6.406388889,4.500555556,,,,,,,,,
2022-05-09 17:00:00,5,0,5.08,47.25,6.47,104.85,0.13,7.51,21.32,7.0,214.0,217.0,3.0,9.6,1700.0,3.7,1644.0,1005.0,3.0,1013.2,375.715,1013.2,43.43893,0.0,14.4,14.6,13.9,38.0,6.427777778,4.499722222,,,,,,,,,
2022-05-09 18:00:00,5,0,5.0,47.26,6.47,104.66,0.13,7.55,21.45,7.0,210.0,208.0,2.4,10.0,1712.0,4.1,1715.0,1003.9,3.0,1012.1,373.4114,1012.1,33.04383,0.0,14.4,14.6,14.3,38.0,6.424444444,4.5,,,,,,,,,
2022-05-09 19:00:00,5,0,5.12,47.27,6.48,104.95,0.14,7.51,21.34,6.0,241.0,234.0,1.5,8.1,1805.0,3.2,1812.0,1003.1,2.9,1011.3,372.9828,1011.3,13.09916,0.0,13.3,14.4,13.0,43.0,6.413888889,4.5,,,,,,,,,
2022-05-09 20:00:00,5,0,5.14,47.26,6.47,104.9,0.14,7.49,21.28,6.0,197.0,197.0,2.9,6.6,1932.0,2.9,2000.0,1002.7,2.3,1010.9,371.396,1010.9,-5.792324,0.0,13.6,13.6,12.3,36.0,6.424166667,4.499444444,,,,,,,,,
2022-05-09 21:00:00,5,0,5.18,47.26,6.47,104.95,0.14,7.47,21.21,8.0,106.0,188.0,1.0,5.9,2031.0,2.9,2001.0,1001.4,2.3,1009.6,365.4597,1009.7,-10.66667,0.0,13.2,13.8,12.5,34.0,6.400555556,4.500277778,,,,,,,,,
2022-05-09 22:00:00,5,0,5.16,47.27,6.47,104.94,0.14,7.43,21.1,8.0,284.0,234.0,0.9,6.3,2118.0,2.6,2120.0,1000.0,2.9,1008.2,365.6651,1008.2,-11.05326,0.0,12.5,14.0,12.4,32.0,6.418333333,4.500277778,,,,,,,,,
2022-05-09 23:00:00,5,0,5.19,47.25,6.47,104.97,0.13,7.48,21.23,6.0,215.0,226.0,2.9,9.8,2230.0,4.2,2238.0,999.1,3.4,1007.3,362.6561,1007.3,-10.87349,0.0,13.8,13.9,12.5,27.0,6.401111111,4.5,,,,,,,,,
2022-05-10 00:00:00,5,0,5.18,47.25,6.47,104.91,0.13,7.5,21.29,6.0,207.0,216.0,3.2,9.0,2358.0,3.4,2359.0,997.9,3.5,1006.1,364.8399,1006.1,-10.86378,0.0,13.2,13.8,13.1,31.0,6.411388889,4.499722222,,,,,,,,,
2022-05-10 01:00:00,5,1,5.19,47.26,6.47,104.9,0.14,7.5,21.3,8.0,93.0,204.0,2.9,7.8,58.0,3.6,17.0,996.8,3.3,1005.0,363.914,1004.9,-10.7487,0.0,12.9,13.3,12.4,33.0,6.403888889,4.5,,,,,,,,,
2022-05-10 02:00:00,5,0,5.2,47.26,6.47,104.9,0.14,7.5,21.3,7.0,169.0,121.0,2.5,8.0,122.0,3.6,106.0,995.4,3.6,1003.6,364.3294,1003.5,-10.3541,0.0,12.2,13.0,12.2,39.0,6.4,4.499722222,,,,,,,,,
2022-05-10 03:00:00,5,0,5.18,47.26,6.47,104.85,0.13,7.49,21.27,7.0,213.0,156.0,2.1,5.4,207.0,2.4,215.0,994.2,3.8,1002.4,368.003,1002.3,-10.39274,0.0,11.8,12.2,11.4,45.0,6.404444444,4.5,,,,,,,,,
2022-05-10 04:00:00,5,0,5.09,47.27,6.48,104.62,0.13,7.52,21.36,6.0,209.0,210.0,3.4,9.5,349.0,4.4,356.0,993.4,3.4,1001.6,374.4487,1001.6,-10.25336,0.2,11.5,11.8,10.8,52.0,6.400277778,4.498611111,,,,,,,,,
2022-05-10 05:00:00,5,0,5.06,47.27,6.47,104.54,0.14,7.56,21.47,6.0,287.0,190.0,1.4,8.4,429.0,4.8,431.0,992.0,3.4,1000.2,356.1388,1000.1,26.4812,0.0,12.1,12.1,11.3,54.0,6.415555556,4.495833333,,,,,,,,,
2022-05-10 06:00:00,5,0,5.01,47.27,6.47,104.38,0.13,7.57,21.5,8.0,155.0,81.0,1.5,6.4,502.0,2.1,554.0,990.8,3.3,999.0,379.0715,998.9,86.64747,0.0,12.6,12.9,12.1,52.0,6.406388889,4.496666667,,,,,,,,,
2022-05-10 07:00:00,5,0,4.99,47.28,6.46,104.4,0.14,7.58,21.52,6.0,50.0,187.0,1.1,5.2,613.0,2.2,622.0,990.1,3.3,998.3,379.9782,998.2,33.87541,0.0,12.4,12.8,12.4,54.0,6.419722222,4.496944444,,,,,,,,,
2022-05-10 08:00:00,5,0,4.97,47.28,6.47,104.37,0.14,7.59,21.56,5.0,273.0,244.0,2.0,6.0,751.0,2.3,753.0,990.3,1.7,998.6,380.3322,998.5,19.57493,2.4,9.4,12.4,9.2,87.0,6.4125,4.495277778,,,,,,,,,
2022-05-10 09:00:00,5,0,4.95,47.29,6.47,104.38,0.14,7.59,21.54,6.0,313.0,296.0,0.6,5.6,807.0,2.0,810.0,990.0,0.9,998.2,383.0686,998.1,75.80941,0.4,9.5,9.5,9.1,92.0,6.408611111,4.493611111,,,,,,,,,
2022-05-10 10:00:00,5,0,4.99,47.28,6.47,104.42,0.14,7.57,21.49,8.0,194.0,9.0,0.7,3.4,930.0,1.5,932.0,989.9,0.2,998.1,386.1718,998.0,171.0491,0.3,10.2,10.7,9.5,87.0,6.404722222,4.493611111,,,,,,,,,
2022-05-10 11:00:00,5,0,5.01,47.24,6.47,104.35,0.13,7.55,21.45,6.0,317.0,258.0,0.9,4.9,1025.0,2.4,1030.0,989.8,0.6,998.0,371.9827,997.9,186.6745,0.0,11.2,11.2,10.2,76.0,6.406388889,4.497222222,,,,,,,,,
2022-05-10 12:00:00,5,0,4.96,47.25,6.47,104.25,0.14,7.58,21.53,7.0,200.0,200.0,2.5,6.4,1109.0,2.5,1200.0,989.7,0.3,997.8,365.3929,997.8,342.7237,0.0,13.7,13.8,11.2,56.0,6.411111111,4.500277778,,,,,,,,,
2022-05-10 13:00:00,5,1,4.94,47.27,6.46,104.3,0.14,7.6,21.57,7.0,226.0,224.0,2.7,8.4,1256.0,3.1,1257.0,989.6,0.3,997.7,364.3543,997.7,412.1913,0.0,13.8,14.5,13.6,53.0,6.418333333,4.5,,,,,,,,,
2022-05-10 14:00:00,5,0,4.92,47.29,6.46,104.36,0.14,7.61,21.61,7.0,213.0,211.0,2.7,6.9,1305.0,3.1,1355.0,989.3,0.4,997.5,356.938,997.4,237.5685,0.0,12.8,14.1,12.5,58.0,6.400555556,4.5075,,,,,,,,,
2022-05-10 15:00:00,5,0,5.04,47.25,6.47,104.53,0.13,7.55,21.45,7.0,214.0,209.0,3.0,7.5,1456.0,3.6,1444.0,989.2,0.3,997.4,359.3741,997.4,221.9675,0.0,12.6,14.1,12.2,59.0,6.4,4.501111111,,,,,,,,,
2022-05-10 16:00:00,5,0,5.07,47.25,6.46,104.54,0.13,7.54,21.41,7.0,237.0,210.0,1.8,6.9,1506.0,3.1,1502.0,989.0,0.6,997.2,368.5013,997.1,97.17779,0.0,12.3,12.6,12.3,55.0,6.4,4.507777778,,,,,,,,,
2022-05-10 17:00:00,5,0,5.02,47.26,6.46,104.42,0.13,7.54,21.42,7.0,210.0,210.0,3.3,7.8,1641.0,3.3,1700.0,988.8,0.5,997.0,347.5816,996.9,81.81677,0.2,11.8,12.3,11.8,53.0,6.4,4.518333333,,,,,,,,,
2022-05-10 18:00:00,5,0,4.95,47.27,6.45,104.21,0.14,7.58,21.52,7.0,242.0,228.0,2.7,8.3,1723.0,3.5,1727.0,988.8,0.5,997.0,335.0336,996.9,65.08094,0.0,11.7,12.0,11.7,52.0,6.409444444,4.528611111,,,,,,,,,
2022-05-10 19:00:00,5,0,4.92,47.26,6.46,104.16,0.14,7.6,21.58,5.0,257.0,234.0,2.7,7.0,1817.0,3.1,1804.0,989.1,0.1,997.3,359.4784,997.2,2.863454,0.0,9.9,11.7,9.9,67.0,6.400833333,4.519444444,,,,,,,,,
2022-05-10 20:00:00,5,0,4.9,47.28,6.46,104.11,0.14,7.6,21.59,2.0,240.0,243.0,2.5,7.9,1956.0,2.8,1957.0,989.4,0.6,997.6,358.4324,997.5,-1.583659,0.0,10.7,10.7,9.9,58.0,6.418611111,4.512777778,,,,,,,,,
2022-05-10 21:00:00,5,0,4.83,47.29,6.45,103.92,0.13,7.63,21.68,2.0,253.0,229.0,2.3,7.3,2010.0,2.9,2016.0,989.5,0.8,997.7,364.4683,997.6,-11.13977,0.1,9.4,10.7,9.3,70.0,6.405,4.521666667,,,,,,,,,
2022-05-10 22:00:00,5,0,4.81,47.28,6.46,103.93,0.13,7.64,21.69,2.0,243.0,223.0,2.0,9.1,2130.0,3.1,2138.0,989.6,0.5,997.9,358.631,997.7,-11.75709,0.1,8.7,9.4,8.6,72.0,6.409444444,4.5325,,,,,,,,,
2022-05-10 23:00:00,5,0,4.81,47.28,6.48,103.89,0.13,7.65,21.72,0.0,253.0,256.0,2.7,8.0,2206.0,3.2,2256.0,989.5,0.2,997.8,369.8293,997.6,-10.11904,0.4,8.5,9.1,7.8,75.0,6.401666667,4.517222222,,,,,,,,,
2022-05-11 00:00:00,5,0,4.83,47.28,6.45,103.85,0.13,7.63,21.67,8.0,269.0,253.0,2.1,5.3,2314.0,2.6,2301.0,989.4,0.1,997.7,370.3532,997.5,-10.65025,0.2,8.2,9.0,8.1,80.0,6.4,4.516944444,,,,,,,,,
2022-05-11 01:00:00,5,1,4.98,47.27,6.46,104.22,0.14,7.58,21.54,7.0,340.0,271.0,0.4,4.4,3.0,2.0,1.0,989.4,0.3,997.7,374.4209,997.5,-8.316322,1.2,6.8,8.2,6.8,92.0,6.400277778,4.505,,,,,,,,,
2022-05-11 02:00:00,5,0,5.12,47.26,6.48,104.6,0.14,7.54,21.41,8.0,346.0,61.0,0.4,2.2,135.0,1.1,137.0,988.8,0.7,997.1,372.9733,996.9,-7.729611,1.5,6.6,6.8,6.6,94.0,6.4,4.502777778,,,,,,,,,
2022-05-11 03:00:00,5,0,5.12,47.24,6.47,104.63,0.14,7.53,21.37,8.0,335.0,356.0,0.9,2.7,243.0,1.3,252.0,988.2,1.2,996.5,357.3549,996.3,-9.319845,0.0,6.5,6.7,6.3,95.0,6.400277778,4.500555556,,,,,,,,,
2022-05-11 04:00:00,5,0,5.12,47.25,6.46,104.62,0.13,7.53,21.38,8.0,333.0,47.0,0.8,1.9,319.0,1.1,323.0,987.6,1.8,995.9,348.7485,995.7,1.395891,0.2,6.7,6.7,6.4,96.0,6.405277778,4.499166667,,,,,,,,,
2022-05-11 05:00:00,5,0,5.06,47.26,6.46,104.48,0.13,7.55,21.43,6.0,32.0,286.0,0.3,2.1,405.0,1.0,406.0,987.1,1.6,995.4,361.0699,995.2,22.30044,0.0,7.0,7.0,6.4,96.0,6.400555556,4.5,,,,,,,,,
2022-05-11 06:00:00,5,0,5.04,47.26,6.46,104.5,0.14,7.55,21.45,8.0,351.0,360.0,0.3,1.4,543.0,0.7,551.0,986.8,1.3,995.1,357.4965,994.9,47.10446,0.0,7.5,7.5,6.7,96.0,6.4,4.5,,,,,,,,,
2022-05-11 07:00:00,5,0,5.03,47.26,6.46,104.47,0.13,7.56,21.47,7.0,333.0,333.0,0.9,1.8,647.0,0.9,700.0,986.4,1.1,994.7,356.7804,994.5,89.17354,0.0,8.1,8.1,7.4,91.0,6.4,4.5,,,,,,,,,
2022-05-11 08:00:00,5,0,5.02,47.25,6.45,104.37,0.13,7.55,21.43,7.0,111.0,49.0,0.9,2.6,733.0,1.4,741.0,985.9,1.3,994.1,352.131,994.0,206.4482,0.0,9.8,10.1,8.1,78.0,6.4,4.5,,,,,,,,,
2022-05-11 09:00:00,5,0,4.96,47.25,6.51,104.23,0.14,7.57,21.49,7.0,45.0,48.0,0.8,3.9,824.0,1.6,833.0,985.3,1.5,993.5,362.0766,993.4,152.3528,0.0,10.8,10.8,9.8,69.0,6.400277778,4.500277778,,,,,,,,,
2022-05-11 10:00:00,5,0,4.93,47.26,6.45,104.2,0.13,7.61,21.62,7.0,133.0,64.0,0.9,2.2,943.0,1.3,948.0,984.8,1.6,992.9,366.2858,992.9,204.218,0.0,11.8,12.1,10.8,62.0,6.403333333,4.500277778,,,,,,,,,
2022-05-11 11:00:00,5,0,4.93,47.25,6.46,104.17,0.14,7.61,21.61,5.0,229.0,229.0,2.7,7.2,1054.0,2.7,1100.0,984.8,1.0,993.0,369.866,992.9,139.3663,0.2,10.2,11.8,10.2,70.0,6.416666667,4.500277778,,,,,,,,,
2022-05-11 12:00:00,5,0,4.91,47.26,6.46,104.2,0.14,7.59,21.57,6.0,261.0,229.0,0.8,5.0,1101.0,2.9,1104.0,984.6,0.7,992.8,384.4233,992.7,141.5164,0.3,10.2,10.2,9.5,74.0,6.4,4.501666667,,,,,,,,,
2022-05-11 13:00:00,5,1,5.02,47.24,6.46,104.46,0.14,7.56,21.46,5.0,259.0,267.0,1.9,4.5,1247.0,2.1,1254.0,984.9,0.1,993.1,371.6673,993.0,71.26584,1.8,8.3,10.4,8.3,85.0,6.4,4.5175,,,,,,,,,
2022-05-11 14:00:00,5,0,5.14,47.22,6.47,104.73,0.13,7.52,21.35,8.0,107.0,263.0,1.5,4.1,1307.0,2.0,1308.0,984.5,0.3,992.7,388.6191,992.6,276.8253,0.4,9.6,10.1,8.3,86.0,6.4,4.521388889,,,,,,,,,
2022-05-11 15:00:00,5,0,5.14,47.21,6.45,104.8,0.13,7.51,21.33,8.0,60.0,97.0,0.9,2.3,1434.0,1.6,1403.0,984.0,0.6,992.2,353.8715,992.0,253.1424,0.0,10.2,10.2,9.4,78.0,6.4,4.533055556,,,,,,,,,
2022-05-11 16:00:00,5,0,5.17,47.13,6.47,104.86,0.13,7.52,21.35,7.0,63.0,107.0,0.6,2.3,1522.0,1.2,1509.0,983.5,1.5,991.7,348.0718,991.6,278.7369,0.0,10.8,11.7,10.1,78.0,6.4,4.543888889,,,,,,,,,
2022-05-11 17:00:00,5,0,5.14,47.2,6.53,104.72,0.14,7.5,21.29,6.0,277.0,277.0,0.8,2.2,1655.0,0.8,1700.0,983.3,1.2,991.5,364.4873,991.4,68.47408,0.0,10.0,10.8,10.0,81.0,6.400833333,4.558611111,,,,,,,,,
2022-05-11 18:00:00,5,0,5.02,47.25,6.47,104.55,0.13,7.55,21.43,5.0,263.0,260.0,2.6,7.4,1750.0,2.7,1757.0,983.5,0.5,991.7,365.0394,991.6,18.40883,0.0,9.6,10.0,9.2,70.0,6.4,4.558611111,,,,,,,,,
2022-05-11 19:00:00,5,0,5.01,47.23,6.47,104.48,0.13,7.56,21.47,3.0,246.0,211.0,1.9,6.4,1831.0,3.3,1832.0,984.4,0.7,992.6,372.2486,992.4,2.022651,0.5,7.9,9.6,7.9,82.0,6.4,4.553333333,,,,,,,,,
2022-05-11 20:00:00,5,0,5.02,47.24,6.45,104.5,0.13,7.56,21.47,3.0,233.0,210.0,2.4,9.3,1924.0,4.6,1927.0,985.0,1.6,993.3,360.6943,993.0,-2.830668,0.5,7.0,8.0,7.0,79.0,6.4,4.565,,,,,,,,,
2022-05-11 21:00:00,5,0,5.1,47.23,6.45,104.62,0.13,7.5,21.31,0.0,254.0,230.0,1.7,6.7,2003.0,2.8,2003.0,984.8,1.3,993.1,364.3274,992.9,-7.133966,0.7,6.4,7.0,6.3,86.0,6.4,4.593055556,,,,,,,,,
2022-05-11 22:00:00,5,0,4.98,47.24,6.43,104.29,0.14,7.57,21.49,0.0,233.0,210.0,1.8,6.8,2118.0,3.2,2131.0,985.0,0.7,993.3,359.783,993.1,-8.405532,0.1,7.1,7.3,6.4,78.0,6.4,4.596944444,,,,,,,,,
2022-05-11 23:00:00,5,0,4.91,47.24,6.45,104.05,0.14,7.6,21.6,2.0,215.0,202.0,2.6,6.4,2245.0,2.9,2247.0,985.1,0.2,993.4,352.2937,993.2,-8.014124,0.0,7.6,7.7,6.9,72.0,6.403888889,4.596111111,,,,,,,,,
2022-05-12 00:00:00,5,0,4.89,47.25,6.46,104.02,0.14,7.61,21.62,2.0,199.0,206.0,4.1,8.0,2355.0,4.5,2348.0,985.4,0.6,993.7,354.7827,993.5,-8.267415,0.0,7.3,7.7,7.2,76.0,6.418611111,4.595277778,,,,,,,,,
2022-05-12 01:00:00,5,1,4.95,47.24,6.46,104.1,0.14,7.6,21.58,3.0,227.0,199.0,1.7,6.4,5.0,4.2,1.0,986.0,0.9,994.3,359.5613,994.0,-9.678426,0.2,6.7,7.3,6.6,83.0,6.401944444,4.594444444,,,,,,,,,
2022-05-12 02:00:00,5,0,5.01,47.23,6.46,104.17,0.13,7.58,21.54,2.0,217.0,196.0,2.7,7.1,156.0,3.1,136.0,986.2,1.1,994.5,360.7318,994.3,-8.845975,0.6,6.5,6.8,6.3,83.0,6.400833333,4.589722222,,,,,,,,,
2022-05-12 03:00:00,5,0,4.99,47.23,6.46,104.1,0.13,7.59,21.56,2.0,251.0,209.0,2.1,6.4,208.0,3.2,248.0,986.7,1.2,995.0,357.7007,994.7,-8.117436,1.0,6.2,6.8,6.2,89.0,6.4,4.588055556,,,,,,,,,
2022-05-12 04:00:00,5,0,4.97,47.24,6.44,104.02,0.13,7.59,21.56,0.0,289.0,263.0,1.3,5.8,343.0,2.5,312.0,986.5,0.5,994.8,357.2789,994.6,1.082242,0.7,5.9,6.2,5.8,91.0,6.4,4.579444444,,,,,,,,,
2022-05-12 05:00:00,5,0,4.97,47.23,6.46,104.03,0.13,7.59,21.56,1.0,268.0,208.0,1.8,6.4,425.0,3.3,431.0,986.8,0.6,995.1,365.7798,994.9,19.63158,0.3,6.4,6.6,5.9,89.0,6.4,4.5925,,,,,,,,,
2022-05-12 06:00:00,5,0,4.99,47.22,6.45,104.05,0.14,7.58,21.54,3.0,241.0,241.0,1.8,6.1,509.0,2.2,518.0,987.7,0.9,996.0,366.5062,995.8,22.48944,1.1,6.4,6.5,6.4,91.0,6.4,4.591388889,,,,,,,,,
2022-05-12 07:00:00,5,0,4.97,47.24,6.46,104.01,0.13,7.6,21.58,3.0,221.0,241.0,2.3,7.1,659.0,2.6,623.0,988.9,2.4,997.2,366.2846,997.0,26.62934,4.0,6.0,6.4,6.0,94.0,6.4,4.575555556,,,,,,,,,
2022-05-12 08:00:00,5,0,5.03,47.24,6.46,104.09,0.14,7.58,21.53,3.0,244.0,225.0,1.7,7.6,715.0,3.2,716.0,989.8,3.0,998.1,363.537,997.9,59.86983,0.3,6.1,6.1,6.0,90.0,6.4,4.581388889,,,,,,,,,
2022-05-12 09:00:00,5,0,5.01,47.24,6.42,104.07,0.14,7.59,21.57,2.0,240.0,235.0,2.4,8.1,807.0,3.5,833.0,990.9,3.2,999.3,351.12,999.0,84.993,0.1,5.8,6.2,5.8,88.0,6.407222222,4.570833333,,,,,,,,,
2022-05-12 10:00:00,5,0,4.99,47.23,6.46,104.03,0.14,7.59,21.55,1.0,223.0,228.0,3.3,8.8,934.0,3.7,942.0,991.4,2.5,999.8,351.8744,999.5,149.6801,0.2,6.2,6.2,5.8,87.0,6.404722222,4.584444444,,,,,,,,,
2022-05-12 11:00:00,5,0,4.96,47.25,6.42,103.96,0.14,7.6,21.58,1.0,227.0,217.0,4.0,10.6,1038.0,4.2,1034.0,991.9,2.1,1000.2,355.5146,1000.1,370.0708,0.2,7.3,7.7,6.2,81.0,6.401666667,4.580277778,,,,,,,,,
2022-05-12 12:00:00,5,0,4.93,47.25,6.41,103.94,0.13,7.62,21.64,2.0,216.0,216.0,4.5,12.9,1111.0,4.5,1200.0,992.5,1.5,1000.8,348.5855,1000.6,589.0614,0.3,9.1,9.1,6.5,72.0,6.4,4.5825,,,,,,,,,
2022-05-12 13:00:00,5,1,4.92,47.26,6.43,103.9,0.14,7.62,21.64,2.0,221.0,214.0,4.0,11.3,1219.0,4.8,1202.0,993.1,1.7,1001.4,357.3716,1001.2,250.5103,0.2,7.5,9.1,6.8,80.0,6.4,4.580833333,,,,,,,,,
2022-05-12 14:00:00,5,0,4.9,47.26,6.44,103.87,0.14,7.62,21.65,2.0,219.0,219.0,2.2,8.8,1304.0,4.1,1304.0,993.9,1.9,1002.2,351.5318,1002.1,252.6608,0.0,7.5,8.2,7.3,78.0,6.4,4.580555556,,,,,,,,,
2022-05-12 15:00:00,5,0,4.9,47.26,6.4,103.89,0.13,7.61,21.62,1.0,220.0,221.0,4.1,11.9,1453.0,4.5,1458.0,994.2,1.7,1002.5,345.2074,1002.4,305.0106,0.0,7.7,7.9,7.1,76.0,6.4,4.574722222,,,,,,,,,
2022-05-12 16:00:00,5,0,4.85,47.27,6.43,103.8,0.13,7.62,21.63,1.0,243.0,231.0,2.0,9.8,1522.0,4.1,1527.0,994.5,1.4,1002.9,335.3087,1002.7,231.5757,0.3,7.2,8.2,6.5,78.0,6.4,4.592777778,,,,,,,,,
2022-05-12 17:00:00,5,0,4.88,47.27,6.38,103.85,0.13,7.61,21.61,0.0,229.0,213.0,2.3,7.1,1638.0,3.5,1640.0,994.2,0.3,1002.5,336.0723,1002.3,174.3874,0.0,8.3,8.3,7.2,66.0,6.4,4.588888889,,,,,,,,,
2022-05-12 18:00:00,5,0,4.83,47.27,6.44,103.76,0.13,7.64,21.69,8.0,259.0,210.0,2.2,6.7,1732.0,3.6,1707.0,994.0,0.2,1002.3,345.8723,1002.1,57.44439,0.0,7.2,8.3,7.2,75.0,6.400555556,4.5725,,,,,,,,,
2022-05-12 19:00:00,5,0,4.85,47.26,6.46,103.8,0.13,7.62,21.63,7.0,219.0,226.0,2.5,7.8,1839.0,3.2,1846.0,993.6,0.9,1001.9,330.3024,1001.7,31.2079,0.0,7.7,7.8,7.2,68.0,6.402222222,4.559166667,,,,,,,,,
2022-05-12 20:00:00,5,0,4.82,47.27,6.45,103.76,0.13,7.64,21.71,7.0,247.0,246.0,2.2,7.5,2000.0,3.1,1933.0,993.4,0.8,1001.7,352.1485,1001.6,3.109067,0.0,8.0,8.2,7.6,65.0,6.4,4.565555556,,,,,,,,,
2022-05-12 21:00:00,5,0,4.8,47.27,6.47,103.72,0.13,7.66,21.75,6.0,245.0,230.0,2.2,7.1,2035.0,2.9,2029.0,993.1,0.9,1001.4,333.9769,1001.3,-9.068448,0.0,7.9,8.2,7.9,65.0,6.4,4.575,,,,,,,,,
2022-05-12 22:00:00,5,0,4.78,47.28,6.46,103.66,0.13,7.66,21.75,8.0,234.0,240.0,2.3,7.6,2107.0,2.5,2147.0,992.6,0.9,1000.9,322.6761,1000.7,-10.4046,0.0,8.2,8.2,7.9,62.0,6.4,4.591111111,,,,,,,,,
2022-05-12 23:00:00,5,0,4.84,47.28,6.46,103.76,0.14,7.64,21.69,8.0,275.0,241.0,0.7,6.0,2211.0,2.3,2245.0,992.1,1.4,1000.4,344.7293,1000.2,-10.08755,0.0,8.1,8.7,8.1,65.0,6.4,4.599722222,,,,,,,,,
2022-05-13 00:00:00,5,0,4.96,47.28,6.45,103.93,0.13,7.6,21.57,7.0,39.0,267.0,0.9,5.2,2338.0,1.8,2313.0,991.4,1.7,999.7,350.7021,999.6,-9.78102,0.0,7.8,8.7,7.7,66.0,6.4,4.6,,,,,,,,,
2022-05-13 01:00:00,5,1,4.94,47.28,6.46,103.93,0.14,7.62,21.63,7.0,206.0,213.0,2.5,5.9,40.0,2.6,59.0,990.9,1.7,999.2,346.1862,999.0,-9.87265,0.0,8.8,8.8,7.8,59.0,6.4,4.599722222,,,,,,,,,
2022-05-13 02:00:00,5,0,4.92,47.28,6.46,103.93,0.14,7.64,21.69,7.0,211.0,219.0,2.1,6.1,144.0,2.5,144.0,990.4,1.6,998.7,335.0466,998.6,-10.41593,0.0,9.0,9.1,8.6,57.0,6.400277778,4.6,,,,,,,,,
2022-05-13 03:00:00,5,0,5.03,47.25,6.47,104.04,0.13,7.57,21.51,7.0,243.0,246.0,2.4,7.5,237.0,2.5,259.0,990.2,1.3,998.5,358.6931,998.4,-10.80104,0.0,8.4,9.1,8.2,65.0,6.4,4.600833333,,,,,,,,,
2022-05-13 04:00:00,5,0,5.11,47.23,6.47,104.1,0.13,7.55,21.45,7.0,270.0,232.0,0.9,5.5,302.0,2.5,305.0,989.6,1.3,997.9,360.9493,997.7,-7.875535,0.1,7.5,8.6,7.5,75.0,6.4,4.600277778,,,,,,,,,
2022-05-13 05:00:00,5,0,5.15,47.22,6.47,104.1,0.13,7.52,21.37,7.0,229.0,242.0,1.9,6.0,452.0,2.0,459.0,988.9,1.4,997.2,353.6972,997.0,16.96672,0.0,8.3,8.4,7.4,69.0,6.4,4.6,,,,,,,,,
2022-05-13 06:00:00,5,0,5.09,47.23,6.47,104.04,0.13,7.53,21.39,6.0,224.0,224.0,2.2,5.2,557.0,2.2,600.0,988.9,1.3,997.2,362.7682,997.0,58.16044,0.3,8.5,8.7,8.0,70.0,6.4,4.6,,,,,,,,,
2022-05-13 07:00:00,5,0,5.15,47.22,6.47,104.15,0.13,7.53,21.4,5.0,221.0,218.0,2.8,6.8,652.0,3.2,657.0,988.9,0.7,997.2,380.248,997.0,101.5181,0.3,9.0,9.0,8.0,70.0,6.401944444,4.6,,,,,,,,,
2022-05-13 08:00:00,5,0,5.17,47.21,6.47,104.17,0.13,7.5,21.3,5.0,212.0,214.0,3.0,8.1,724.0,3.7,743.0,989.0,0.0,997.3,370.1949,997.1,145.7611,0.4,8.8,9.4,8.8,71.0,6.401666667,4.600277778,,,,,,,,,
2022-05-13 09:00:00,5,0,5.18,47.21,6.46,104.19,0.13,7.52,21.35,4.0,224.0,193.0,2.0,6.8,838.0,3.5,807.0,988.8,0.1,997.0,381.0373,996.9,209.3973,0.2,9.2,9.4,8.8,76.0,6.400555556,4.600555556,,,,,,,,,
2022-05-13 10:00:00,5,0,5.26,47.19,6.47,104.28,0.13,7.47,21.2,3.0,235.0,235.0,2.6,6.9,951.0,2.6,1000.0,989.1,0.1,997.4,381.5711,997.2,174.9663,0.6,8.7,9.5,8.7,81.0,6.401666667,4.600833333,,,,,,,,,
2022-05-13 11:00:00,5,0,5.25,47.18,6.47,104.26,0.13,7.5,21.31,3.0,254.0,261.0,1.9,6.2,1001.0,2.7,1024.0,989.4,0.3,997.7,382.6033,997.5,212.541,0.9,8.8,9.0,8.6,84.0,6.4,4.600555556,,,,,,,,,
2022-05-13 12:00:00,5,0,5.37,47.18,6.46,104.51,0.14,7.44,21.12,3.0,236.0,238.0,2.2,8.3,1157.0,2.3,1159.0,989.7,0.8,998.0,383.9237,997.8,209.7261,0.9,8.5,9.1,8.1,81.0,6.4,4.600833333,,,,,,,,,
2022-05-13 13:00:00,5,1,5.38,47.17,6.46,104.53,0.14,7.45,21.15,3.0,251.0,241.0,1.8,6.6,1216.0,3.0,1239.0,990.6,1.6,998.9,372.2957,998.8,99.57647,2.7,6.5,8.5,6.3,91.0,6.4,4.600277778,,,,,,,,,
2022-05-13 14:00:00,5,0,5.38,47.16,6.47,104.55,0.14,7.46,21.18,3.0,246.0,237.0,2.9,8.9,1352.0,3.2,1355.0,991.0,1.7,999.4,367.1295,999.2,61.57913,2.9,5.7,6.5,5.7,87.0,6.4,4.6,,,,,,,,,
2022-05-13 15:00:00,5,0,5.36,47.17,6.43,104.48,0.13,7.45,21.15,0.0,254.0,243.0,1.8,6.9,1423.0,2.9,1401.0,991.1,1.4,999.4,369.7792,999.2,95.3213,0.1,6.4,6.4,5.6,88.0,6.4,4.6,,,,,,,,,
2022-05-13 16:00:00,5,0,5.32,47.15,6.43,104.37,0.14,7.46,21.2,1.0,223.0,216.0,2.3,5.7,1556.0,2.6,1555.0,991.3,0.7,999.7,369.9978,999.5,82.21526,0.7,6.0,6.4,6.0,85.0,6.401388889,4.599444444,,,,,,,,,
2022-05-13 17:00:00,5,0,5.29,47.17,6.46,104.37,0.13,7.49,21.27,3.0,274.0,238.0,1.9,6.1,1616.0,2.5,1608.0,991.3,0.2,999.7,364.8631,999.4,53.21519,0.7,5.5,6.0,5.5,90.0,6.407777778,4.6,,,,,,,,,
2022-05-13 18:00:00,5,0,5.26,47.17,6.47,104.34,0.13,7.5,21.31,0.0,264.0,274.0,0.9,4.3,1731.0,1.9,1701.0,991.4,0.3,999.8,365.9605,999.5,38.87046,0.7,5.5,5.6,5.5,90.0,6.4,4.599722222,,,,,,,,,
2022-05-13 19:00:00,5,0,5.24,47.18,6.47,104.25,0.13,7.5,21.31,4.0,280.0,271.0,1.2,3.6,1847.0,1.5,1856.0,991.3,0.0,999.7,364.6262,999.5,15.85271,0.5,5.2,5.5,5.2,92.0,6.400277778,4.599166667,,,,,,,,,
2022-05-13 20:00:00,5,0,5.22,47.18,6.47,104.25,0.14,7.49,21.28,2.0,294.0,283.0,1.2,3.4,1921.0,1.5,1928.0,991.6,0.3,1000.0,362.5715,999.7,-2.252346,0.8,5.0,5.2,5.0,93.0,6.4,4.6,,,,,,,,,
2022-05-13 21:00:00,5,0,5.19,47.19,6.47,104.23,0.14,7.53,21.37,3.0,295.0,297.0,1.1,3.6,2018.0,1.5,2045.0,992.3,0.9,1000.7,362.5173,1000.4,-7.626265,0.3,4.9,5.0,4.9,94.0,6.4,4.6,,,,,,,,,
2022-05-13 22:00:00,5,0,5.16,47.18,6.47,104.21,0.13,7.54,21.41,3.0,275.0,275.0,1.6,5.3,2144.0,2.1,2150.0,992.8,1.4,1001.2,363.623,1000.9,-8.34941,0.0,5.1,5.1,4.9,91.0,6.4,4.6,,,,,,,,,
2022-05-13 23:00:00,5,0,5.15,47.18,6.47,104.17,0.14,7.53,21.38,2.0,267.0,257.0,1.7,5.5,2207.0,2.3,2214.0,993.6,1.9,1002.0,363.0736,1001.7,-7.965692,0.3,5.1,5.1,5.1,93.0,6.4,4.6,,,,,,,,,
2022-05-14 00:00:00,5,0,5.24,47.19,6.47,104.31,0.13,7.51,21.32,2.0,261.0,262.0,2.8,7.1,2343.0,2.9,2352.0,994.2,1.9,1002.6,353.7072,1002.4,-9.655287,0.7,4.8,5.2,4.7,89.0,6.4,4.6,,,,,,,,,
2022-05-14 01:00:00,5,1,5.23,47.18,6.46,104.24,0.13,7.52,21.35,2.0,233.0,264.0,2.4,6.5,56.0,2.8,5.0,994.8,2.0,1003.2,324.0985,1002.9,-10.8502,0.0,5.3,5.3,4.7,86.0,6.4,4.600277778,,,,,,,,,
2022-05-14 02:00:00,5,0,5.22,47.18,6.46,104.17,0.13,7.53,21.38,2.0,231.0,262.0,2.6,6.0,154.0,3.0,121.0,995.5,1.9,1003.9,318.252,1003.6,-9.376167,0.2,5.5,5.5,5.1,86.0,6.4,4.6,,,,,,,,,
2022-05-14 03:00:00,5,0,5.19,47.18,6.42,104.1,0.14,7.53,21.39,2.0,235.0,220.0,2.3,9.5,207.0,3.6,215.0,996.2,1.9,1004.6,344.5534,1004.3,-8.681769,0.3,5.4,5.5,5.3,85.0,6.4,4.599444444,,,,,,,,,
2022-05-14 04:00:00,5,0,5.15,47.19,6.44,104.06,0.14,7.55,21.45,1.0,253.0,210.0,2.4,10.9,326.0,5.6,331.0,996.7,1.8,1005.1,354.3407,1004.9,-1.40084,0.5,5.1,5.7,5.1,89.0,6.4,4.6,,,,,,,,,
2022-05-14 05:00:00,5,0,5.07,47.22,6.44,103.97,0.13,7.58,21.53,2.0,223.0,215.0,3.3,10.8,447.0,4.1,456.0,997.3,1.8,1005.7,358.1475,1005.5,22.78706,1.1,5.2,5.2,4.7,87.0,6.402222222,4.599444444,,,,,,,,,
2022-05-14 06:00:00,5,0,5.01,47.24,6.46,103.91,0.13,7.6,21.58,3.0,232.0,220.0,2.4,10.4,505.0,3.5,515.0,998.2,2.1,1006.6,355.1435,1006.4,15.16124,0.0,5.4,5.5,5.2,87.0,6.4,4.6,,,,,,,,,
2022-05-14 07:00:00,5,0,4.97,47.24,6.4,103.81,0.14,7.61,21.6,2.0,230.0,220.0,2.9,8.5,604.0,3.2,613.0,999.3,2.6,1007.8,362.9971,1007.5,31.54691,0.5,5.3,5.5,5.3,89.0,6.4,4.6,,,,,,,,,
2022-05-14 08:00:00,5,0,4.93,47.25,6.45,103.84,0.14,7.63,21.68,2.0,229.0,235.0,2.6,11.9,742.0,3.0,751.0,1000.3,2.9,1008.8,365.0422,1008.5,77.94004,0.2,5.6,5.9,5.2,86.0,6.402777778,4.599722222,,,,,,,,,
2022-05-14 09:00:00,5,0,4.92,47.25,6.39,103.81,0.14,7.63,21.67,2.0,224.0,215.0,3.1,10.4,841.0,4.5,848.0,1001.2,2.9,1009.6,360.5502,1009.4,270.5034,0.0,6.3,8.2,5.6,86.0,6.4,4.6,,,,,,,,,
2022-05-14 10:00:00,5,0,4.92,47.26,6.41,103.79,0.14,7.63,21.68,1.0,211.0,212.0,3.7,7.7,937.0,3.9,959.0,1001.8,2.5,1010.2,353.3672,1010.0,379.0369,0.2,7.6,8.1,6.3,78.0,6.4,4.599722222,,,,,,,,,
2022-05-14 11:00:00,5,0,4.9,47.27,6.42,103.79,0.14,7.64,21.71,2.0,209.0,209.0,4.8,9.0,1053.0,4.8,1100.0,1002.3,2.0,1010.7,347.6815,1010.6,371.4641,0.0,7.8,8.2,7.6,72.0,6.4,4.6,,,,,,,,,
2022-05-14 12:00:00,5,0,4.89,47.28,6.42,103.8,0.13,7.62,21.64,3.0,213.0,210.0,3.9,8.6,1107.0,4.7,1101.0,1003.3,2.1,1011.7,361.5061,1011.6,244.4978,0.2,7.3,8.1,6.4,77.0,6.4,4.599166667,,,,,,,,,
2022-05-14 13:00:00,5,1,4.89,47.28,6.42,103.8,0.14,7.63,21.66,3.0,212.0,212.0,4.5,9.4,1253.0,4.6,1259.0,1003.9,2.0,1012.3,336.3628,1012.1,299.6355,0.0,8.6,9.5,7.2,65.0,6.4,4.6,,,,,,,,,
2022-05-14 14:00:00,5,0,4.89,47.28,6.43,103.81,0.14,7.64,21.69,1.0,212.0,211.0,2.8,8.2,1305.0,4.6,1301.0,1004.5,2.1,1012.9,350.3387,1012.7,211.6299,0.0,8.4,8.6,7.8,66.0,6.4,4.600277778,,,,,,,,,
2022-05-14 15:00:00,5,0,4.89,47.28,6.44,103.82,0.14,7.63,21.67,2.0,217.0,217.0,2.5,7.9,1408.0,3.9,1409.0,1005.2,1.9,1013.6,369.7071,1013.5,126.6658,0.6,7.2,8.4,6.5,82.0,6.4,4.600833333,,,,,,,,,
2022-05-14 16:00:00,5,0,4.89,47.28,6.44,103.82,0.14,7.64,21.7,1.0,223.0,228.0,2.9,8.9,1512.0,3.3,1521.0,1005.5,1.7,1013.9,360.6551,1013.8,117.5761,0.0,7.7,8.0,7.2,73.0,6.4,4.603611111,,,,,,,,,
2022-05-14 17:00:00,5,0,4.9,47.28,6.44,103.82,0.14,7.61,21.63,1.0,214.0,218.0,2.6,8.7,1631.0,3.5,1608.0,1005.9,1.4,1014.3,351.132,1014.1,71.18309,0.0,7.7,7.7,7.4,74.0,6.401666667,4.622777778,,,,,,,,,
2022-05-14 18:00:00,5,0,4.91,47.28,6.44,103.83,0.13,7.62,21.63,2.0,233.0,214.0,1.7,5.3,1714.0,2.6,1701.0,1006.3,1.0,1014.7,353.1605,1014.6,73.15126,0.0,8.1,8.2,7.7,73.0,6.4,4.616666667,,,,,,,,,
2022-05-14 19:00:00,5,0,4.89,47.28,6.45,103.83,0.14,7.62,21.65,2.0,273.0,249.0,1.2,5.9,1803.0,2.4,1829.0,1006.9,1.3,1015.4,330.5429,1015.1,38.80351,0.0,7.4,8.1,7.4,72.0,6.4,4.611111111,,,,,,,,,
2022-05-14 20:00:00,5,0,4.92,47.27,6.46,103.85,0.14,7.62,21.64,2.0,265.0,260.0,1.3,3.8,1950.0,1.5,1959.0,1007.4,1.5,1015.9,338.1454,1015.6,8.871474,0.0,7.3,7.5,7.3,70.0,6.4,4.62,,,,,,,,,
2022-05-14 21:00:00,5,0,5.12,47.21,6.47,103.99,0.13,7.54,21.41,2.0,238.0,228.0,2.9,8.2,2053.0,3.1,2059.0,1007.7,1.4,1016.2,351.7859,1016.0,-7.735386,0.5,6.4,7.4,6.4,85.0,6.4,4.632222222,,,,,,,,,
2022-05-14 22:00:00,5,0,5.16,47.19,6.48,104.0,0.14,7.55,21.44,2.0,272.0,267.0,2.6,6.7,2154.0,2.7,2158.0,1008.1,1.2,1016.6,366.6375,1016.3,-8.598001,0.5,6.2,6.4,6.0,88.0,6.4,4.632222222,,,,,,,,,
2022-05-14 23:00:00,5,0,5.22,47.18,6.47,104.02,0.14,7.52,21.35,0.0,280.0,264.0,2.0,5.5,2203.0,2.8,2203.0,1008.1,0.7,1016.6,366.8232,1016.4,-7.779714,0.5,6.1,6.2,5.7,86.0,6.4,4.63,,,,,,,,,
2022-05-15 00:00:00,5,0,5.22,47.17,6.48,104.02,0.14,7.5,21.29,2.0,267.0,272.0,1.6,4.7,2358.0,2.2,2308.0,1008.4,0.7,1016.9,368.2975,1016.7,-8.494524,0.1,6.4,6.4,6.1,86.0,6.4,4.649444444,,,,,,,,,
2022-05-15 01:00:00,5,1,5.23,47.17,6.48,104.01,0.14,7.52,21.34,3.0,264.0,273.0,1.7,6.0,20.0,2.4,40.0,1008.8,0.8,1017.3,352.425,1017.1,-8.37427,0.0,6.7,6.7,6.4,81.0,6.4,4.650277778,,,,,,,,,
2022-05-15 02:00:00,5,0,5.23,47.17,6.47,104.0,0.13,7.53,21.39,2.0,276.0,267.0,0.9,5.4,123.0,2.5,127.0,1009.4,1.3,1017.9,362.918,1017.7,-7.772759,1.1,6.2,6.8,6.2,91.0,6.4,4.658611111,,,,,,,,,
2022-05-15 03:00:00,5,0,5.22,47.17,6.47,103.99,0.14,7.53,21.37,2.0,292.0,269.0,0.7,3.2,207.0,1.1,211.0,1009.8,1.4,1018.3,370.6651,1018.1,-7.177979,2.0,6.2,6.2,6.1,95.0,6.4,4.671388889,,,,,,,,,
2022-05-15 04:00:00,5,0,5.23,47.17,6.48,103.99,0.14,7.52,21.35,2.0,297.0,285.0,0.4,2.3,320.0,1.0,328.0,1010.4,1.6,1018.9,372.0438,1018.7,-3.692847,1.1,6.2,6.2,6.1,95.0,6.403888889,4.688888889,,,,,,,,,
2022-05-15 05:00:00,5,0,5.23,47.16,6.48,103.98,0.14,7.52,21.36,2.0,250.0,249.0,0.7,1.9,455.0,0.8,459.0,1011.0,1.5,1019.5,372.9527,1019.3,3.185793,1.5,6.1,6.2,6.1,95.0,6.4,4.694722222,,,,,,,,,
2022-05-15 06:00:00,5,0,5.24,47.16,6.48,103.98,0.13,7.52,21.35,2.0,329.0,231.0,0.3,2.5,534.0,0.9,548.0,1011.6,1.8,1020.1,372.6815,1019.9,17.03277,1.0,6.0,6.2,6.0,95.0,6.4,4.683333333,,,,,,,,,
2022-05-15 07:00:00,5,0,5.24,47.15,6.48,103.97,0.14,7.51,21.32,2.0,227.0,205.0,0.7,2.1,606.0,0.8,619.0,1012.2,1.8,1020.7,372.9796,1020.6,26.71808,0.5,5.9,6.1,5.9,96.0,6.4,4.69,,,,,,,,,
2022-05-15 08:00:00,5,0,5.25,47.15,6.48,103.98,0.13,7.51,21.34,2.0,164.0,217.0,0.6,1.9,800.0,0.8,702.0,1013.0,2.0,1021.5,373.4248,1021.3,37.47051,0.8,5.9,6.0,5.8,96.0,6.4,4.695277778,,,,,,,,,
2022-05-15 09:00:00,5,0,5.25,47.15,6.48,104.01,0.14,7.51,21.33,2.0,220.0,262.0,1.1,2.6,816.0,1.2,825.0,1013.7,2.1,1022.3,372.9281,1022.0,74.47626,0.6,6.0,6.0,5.8,94.0,6.401666667,4.695555556,,,,,,,,,
2022-05-15 10:00:00,5,0,5.26,47.15,6.48,104.05,0.14,7.46,21.19,2.0,207.0,208.0,1.0,2.7,936.0,1.4,943.0,1014.4,2.2,1023.0,375.4441,1022.8,111.4474,0.1,6.3,6.3,5.9,94.0,6.404722222,4.697777778,,,,,,,,,
2022-05-15 11:00:00,5,0,5.27,47.14,6.48,104.06,0.13,7.44,21.14,2.0,195.0,209.0,0.8,1.6,1029.0,1.0,1001.0,1014.9,1.9,1023.4,378.9412,1023.2,153.9675,0.0,7.2,7.2,6.3,90.0,6.4,4.698333333,,,,,,,,,
2022-05-15 12:00:00,5,0,5.28,47.13,6.49,104.15,0.13,7.49,21.26,2.0,196.0,196.0,1.4,2.7,1157.0,1.4,1200.0,1015.3,1.7,1023.8,364.8412,1023.7,281.6098,0.0,8.1,8.3,7.2,83.0,6.4,4.695,,,,,,,,,
2022-05-15 13:00:00,5,1,5.28,47.14,6.48,104.2,0.13,7.49,21.27,0.0,201.0,206.0,2.6,4.8,1252.0,2.8,1242.0,1015.5,1.1,1024.0,351.755,1023.9,435.0299,0.0,9.6,9.6,8.0,77.0,6.4,4.692777778,,,,,,,,,
2022-05-15 14:00:00,5,0,5.28,47.15,6.48,104.25,0.13,7.49,21.28,2.0,207.0,201.0,2.0,4.8,1304.0,3.0,1309.0,1016.0,1.1,1024.5,337.3611,1024.4,395.854,0.0,8.9,10.1,8.8,72.0,6.4,4.696388889,,,,,,,,,
2022-05-15 15:00:00,5,0,5.32,47.12,6.48,104.41,0.13,7.5,21.3,2.0,202.0,202.0,2.4,3.6,1454.0,2.4,1500.0,1016.3,0.9,1024.8,302.2427,1024.6,243.0009,0.0,9.4,9.5,8.7,66.0,6.4,4.695833333,,,,,,,,,
2022-05-15 16:00:00,5,0,5.34,47.12,6.49,104.5,0.13,7.5,21.3,2.0,201.0,201.0,3.2,5.7,1557.0,3.2,1600.0,1016.6,1.0,1025.1,290.198,1024.9,503.4508,0.0,9.4,10.1,9.4,63.0,6.4,4.698333333,,,,,,,,,
2022-05-15 17:00:00,5,0,5.3,47.14,6.49,104.36,0.13,7.51,21.34,2.0,101.0,199.0,1.1,5.5,1642.0,3.2,1602.0,1016.6,0.6,1025.1,286.8168,1025.0,371.3231,0.0,8.8,10.1,8.7,65.0,6.4,4.7,,,,,,,,,
2022-05-15 18:00:00,5,0,5.33,47.14,6.48,104.41,0.13,7.49,21.27,2.0,1.0,36.0,1.4,3.6,1711.0,1.5,1723.0,1017.0,0.7,1025.6,276.3092,1025.3,126.6498,0.0,6.7,8.8,6.7,73.0,6.4,4.701111111,,,,,,,,,
2022-05-15 19:00:00,5,0,5.43,47.13,6.49,104.71,0.13,7.43,21.1,2.0,360.0,359.0,1.3,3.7,1847.0,1.5,1855.0,1017.1,0.6,1025.7,268.5567,1025.5,15.41729,0.0,5.5,6.7,5.5,81.0,6.4,4.706944444,,,,,,,,,
2022-05-15 20:00:00,5,0,5.56,47.11,6.47,104.88,0.13,7.38,20.96,3.0,4.0,5.0,1.3,2.8,1913.0,1.4,1959.0,1017.7,1.1,1026.3,265.4669,1026.1,3.116076,0.0,4.3,5.5,4.3,85.0,6.4,4.721388889,,,,,,,,,
2022-05-15 21:00:00,5,0,5.46,47.13,6.48,104.66,0.13,7.43,21.1,2.0,11.0,19.0,1.3,3.1,2008.0,1.5,2035.0,1018.0,1.0,1026.7,263.1987,1026.4,-8.900106,0.0,3.7,4.3,3.7,87.0,6.4,4.751111111,,,,,,,,,
2022-05-15 22:00:00,5,0,5.48,47.14,6.49,104.72,0.13,7.42,21.06,1.0,8.0,9.0,1.1,2.5,2102.0,1.3,2102.0,1018.2,1.1,1026.9,261.5713,1026.6,-12.11629,0.0,3.3,3.7,3.3,87.0,6.4,4.739444444,,,,,,,,,
2022-05-15 23:00:00,5,0,5.49,47.15,6.48,104.77,0.13,7.39,20.99,2.0,354.0,354.0,1.2,2.1,2258.0,1.2,2300.0,1018.3,0.6,1027.0,259.9496,1026.7,-11.95347,0.0,3.0,3.4,3.0,88.0,6.4,4.737222222,,,,,,,,,
2022-05-16 00:00:00,5,0,5.57,47.12,6.49,104.93,0.13,7.38,20.95,2.0,340.0,350.0,0.7,2.2,2301.0,1.2,2307.0,1018.4,0.4,1027.1,258.365,1026.8,-11.87245,0.0,2.5,3.0,2.5,90.0,6.4,4.7425,,,,,,,,,
2022-05-16 01:00:00,5,1,5.58,47.1,6.49,104.99,0.13,7.38,20.95,2.0,12.0,341.0,0.6,2.4,55.0,1.1,8.0,1018.5,0.2,1027.2,257.9616,1026.9,-11.79475,0.0,2.5,2.6,2.4,88.0,6.401666667,4.746666667,,,,,,,,,
2022-05-16 02:00:00,5,0,5.6,47.07,6.49,105.04,0.13,7.38,20.95,4.0,31.0,31.0,1.6,3.6,157.0,1.6,200.0,1018.4,0.1,1027.1,258.0847,1026.8,-11.9459,0.0,2.9,2.9,2.3,86.0,6.4,4.744444444,,,,,,,,,
2022-05-16 03:00:00,5,0,5.51,47.12,6.49,104.84,0.13,7.41,21.05,4.0,29.0,19.0,1.7,4.9,239.0,2.4,242.0,1018.4,0.1,1027.1,257.1083,1026.8,-8.781981,0.0,3.0,3.1,2.7,86.0,6.4,4.743611111,,,,,,,,,
2022-05-16 04:00:00,5,0,5.54,47.04,6.49,104.81,0.14,7.41,21.05,7.0,29.0,28.0,1.1,3.9,301.0,2.0,324.0,1018.4,0.1,1027.1,256.6133,1026.7,3.078966,0.0,3.1,3.2,3.0,86.0,6.4,4.739166667,,,,,,,,,
2022-05-16 05:00:00,5,0,5.41,47.15,6.48,104.51,0.13,7.47,21.21,4.0,66.0,66.0,2.9,4.9,452.0,2.9,500.0,1018.3,0.1,1026.9,259.0256,1026.7,36.04074,0.0,5.0,5.0,3.0,76.0,6.4,4.738888889,,,,,,,,,
2022-05-16 06:00:00,5,0,5.43,47.14,6.49,104.55,0.12,7.41,21.05,4.0,79.0,76.0,3.2,5.4,557.0,3.3,547.0,1018.3,0.1,1026.9,261.7475,1026.7,258.9109,0.0,6.6,6.8,5.0,66.0,6.4,4.7425,,,,,,,,,
2022-05-16 07:00:00,5,0,5.41,47.14,6.48,104.54,0.13,7.41,21.04,4.0,56.0,61.0,3.7,6.2,641.0,4.0,648.0,1018.3,0.0,1026.8,266.251,1026.7,387.3028,0.0,7.9,7.9,6.6,60.0,6.4,4.740277778,,,,,,,,,
2022-05-16 08:00:00,5,0,5.42,47.15,6.48,104.56,0.13,7.39,21.0,4.0,73.0,72.0,3.9,7.1,732.0,4.0,757.0,1018.3,0.0,1026.8,271.4077,1026.7,522.9661,0.0,8.9,9.1,7.9,56.0,6.4,4.749444444,,,,,,,,,
2022-05-16 09:00:00,5,0,5.44,47.14,6.48,104.63,0.13,7.39,20.98,8.0,91.0,73.0,3.7,7.6,831.0,4.4,826.0,1018.0,0.4,1026.5,274.1333,1026.4,638.9943,0.0,9.8,10.0,8.6,48.0,6.4,4.749166667,,,,,,,,,
2022-05-16 10:00:00,5,0,5.39,47.14,6.45,104.52,0.13,7.42,21.08,7.0,83.0,68.0,3.3,7.5,959.0,3.9,913.0,1018.0,0.4,1026.4,278.9123,1026.3,731.496,0.0,10.7,11.1,9.8,44.0,6.4,4.761111111,,,,,,,,,
2022-05-16 11:00:00,5,0,5.31,47.17,6.46,104.44,0.13,7.47,21.21,7.0,71.0,73.0,3.6,8.8,1017.0,4.1,1045.0,1017.7,0.5,1026.1,282.0771,1026.1,795.3326,0.0,11.5,11.5,10.6,42.0,6.4,4.758888889,,,,,,,,,
2022-05-16 12:00:00,5,0,5.12,47.2,6.47,104.08,0.14,7.57,21.49,7.0,82.0,98.0,3.2,7.7,1105.0,3.6,1142.0,1017.6,0.4,1026.0,286.0352,1026.0,811.7657,0.0,11.7,12.2,11.1,40.0,6.4,4.763055556,,,,,,,,,
2022-05-16 13:00:00,5,1,5.16,47.2,6.46,104.26,0.14,7.54,21.4,7.0,106.0,91.0,3.0,7.1,1222.0,3.6,1212.0,1017.4,0.6,1025.8,289.3463,1025.8,767.4751,0.0,12.5,12.8,11.5,38.0,6.402777778,4.785277778,,,,,,,,,
2022-05-16 14:00:00,5,0,5.2,47.19,6.46,104.43,0.13,7.51,21.32,7.0,90.0,82.0,3.3,6.6,1306.0,3.7,1308.0,1017.2,0.6,1025.6,291.9476,1025.5,717.6852,0.0,12.8,13.0,12.2,39.0,6.41,4.799166667,,,,,,,,,
2022-05-16 15:00:00,5,0,5.22,47.19,6.46,104.42,0.13,7.49,21.27,7.0,70.0,70.0,4.0,7.3,1444.0,4.0,1500.0,1016.7,0.9,1025.1,292.13,1025.1,633.0738,0.0,12.4,13.2,12.3,37.0,6.4,4.814166667,,,,,,,,,
2022-05-16 16:00:00,5,0,5.27,47.18,6.45,104.61,0.12,7.46,21.2,7.0,81.0,74.0,3.6,7.4,1557.0,4.1,1508.0,1016.5,0.8,1024.9,288.6481,1024.9,511.748,0.0,12.2,12.8,12.2,37.0,6.4,4.866666667,,,,,,,,,
2022-05-16 17:00:00,5,0,5.31,47.17,6.45,104.63,0.12,7.47,21.22,6.0,90.0,85.0,2.8,7.3,1612.0,4.0,1627.0,1016.4,0.8,1024.8,284.2244,1024.8,369.0214,0.0,11.6,12.4,11.6,39.0,6.4,4.909166667,,,,,,,,,
2022-05-16 18:00:00,5,0,5.31,47.18,6.46,104.67,0.13,7.47,21.2,7.0,46.0,78.0,2.0,5.6,1720.0,2.9,1723.0,1016.2,0.5,1024.7,276.8389,1024.6,138.955,0.0,10.1,11.6,10.0,47.0,6.4,4.940833333,,,,,,,,,
2022-05-16 19:00:00,5,0,5.28,47.18,6.46,104.56,0.13,7.49,21.27,7.0,23.0,45.0,2.0,5.0,1829.0,2.6,1811.0,1016.3,0.2,1024.8,269.9911,1024.7,14.04831,0.0,9.1,10.1,9.1,51.0,6.4,4.997222222,,,,,,,,,
2022-05-16 20:00:00,5,0,5.28,47.17,6.45,104.56,0.13,7.49,21.28,7.0,25.0,25.0,2.7,5.5,1949.0,2.7,2000.0,1016.1,0.2,1024.6,266.6703,1024.5,2.286267,0.0,8.1,9.1,8.0,54.0,6.4,5.023333333,,,,,,,,,
2022-05-16 21:00:00,5,0,5.24,47.19,6.47,104.52,0.13,7.48,21.25,7.0,28.0,24.0,2.3,5.2,2042.0,2.7,2005.0,1016.0,0.2,1024.5,263.1393,1024.4,-9.16549,0.0,6.9,8.1,6.9,58.0,6.4,5.055833333,,,,,,,,,
2022-05-16 22:00:00,5,0,5.19,47.19,6.47,104.39,0.13,7.52,21.36,7.0,29.0,33.0,2.2,5.6,2141.0,3.2,2144.0,1015.7,0.6,1024.3,260.5585,1024.1,-12.82139,0.0,6.5,6.9,6.5,62.0,6.4,5.099722222,,,,,,,,,
2022-05-16 23:00:00,5,0,5.14,47.21,6.47,104.27,0.13,7.52,21.36,7.0,33.0,32.0,3.3,6.7,2250.0,3.4,2259.0,1015.6,0.6,1024.1,259.5659,1023.9,-12.67454,0.0,6.8,6.8,6.1,57.0,6.4,5.127777778,,,,,,,,,
2022-05-17 00:00:00,5,0,5.11,47.21,6.46,104.18,0.12,7.54,21.41,6.0,36.0,34.0,2.1,6.1,2353.0,3.2,2301.0,1015.5,0.6,1024.0,259.7159,1023.9,-12.87305,0.0,6.6,6.9,6.4,57.0,6.4,5.203888889,,,,,,,,,
2022-05-17 01:00:00,5,1,5.1,47.21,6.46,104.14,0.12,7.56,21.48,7.0,24.0,31.0,3.0,6.9,14.0,3.6,43.0,1015.2,0.5,1023.7,259.1691,1023.6,-12.67472,0.0,6.5,7.0,6.0,58.0,6.4,5.245277778,,,,,,,,,
2022-05-17 02:00:00,5,0,5.1,47.21,6.47,104.09,0.13,7.58,21.54,7.0,3.0,25.0,1.6,5.4,106.0,3.0,106.0,1015.0,0.6,1023.6,258.3473,1023.3,-12.58833,0.0,5.5,6.5,5.5,62.0,6.4,5.271666667,,,,,,,,,
2022-05-17 03:00:00,5,0,5.12,47.21,6.51,104.08,0.14,7.55,21.45,7.0,21.0,20.0,1.7,4.4,220.0,2.3,210.0,1014.9,0.7,1023.5,257.498,1023.2,-8.834452,0.0,5.6,6.0,5.5,58.0,6.4,5.300555556,,,,,,,,,
2022-05-17 04:00:00,5,0,5.12,47.21,6.47,104.17,0.13,7.55,21.45,7.0,21.0,24.0,1.9,4.8,333.0,2.5,318.0,1014.6,0.6,1023.2,256.7122,1023.0,2.842379,0.0,6.2,6.3,5.6,54.0,6.4,5.314166667,,,,,,,,,
2022-05-17 05:00:00,5,0,5.12,47.22,6.47,104.18,0.13,7.54,21.41,7.0,38.0,24.0,1.8,4.3,442.0,2.2,422.0,1014.7,0.3,1023.2,261.5576,1023.0,32.55436,0.0,8.8,8.8,6.0,46.0,6.4,5.339166667,,,,,,,,,
2022-05-17 06:00:00,5,0,5.13,47.21,6.47,104.23,0.13,7.55,21.45,7.0,79.0,52.0,1.5,4.5,529.0,2.3,532.0,1014.7,0.2,1023.1,269.7792,1023.0,269.0647,0.0,10.6,10.6,8.8,44.0,6.405,5.348888889,,,,,,,,,
2022-05-17 07:00:00,5,0,5.16,47.22,6.46,104.31,0.13,7.55,21.44,4.0,78.0,78.0,2.3,4.2,700.0,2.3,700.0,1014.7,0.0,1023.1,285.3925,1023.0,398.4851,0.0,12.3,12.3,10.6,34.0,6.401111111,5.359722222,,,,,,,,,
2022-05-17 08:00:00,5,0,5.26,47.2,6.47,104.47,0.13,7.47,21.2,2.0,70.0,73.0,3.1,4.7,751.0,3.2,758.0,1014.9,0.2,1023.2,292.6646,1023.2,532.914,0.0,13.6,13.9,12.1,31.0,6.4,5.399166667,,,,,,,,,
2022-05-17 09:00:00,5,0,5.25,47.19,6.47,104.39,0.13,7.51,21.34,3.0,104.0,72.0,1.4,4.5,801.0,3.1,806.0,1015.2,0.4,1023.5,309.2959,1023.5,645.7422,0.0,15.4,15.4,13.5,33.0,6.4,5.445555556,,,,,,,,,
2022-05-17 10:00:00,5,0,5.22,47.2,6.47,104.39,0.12,7.52,21.37,2.0,146.0,100.0,1.0,2.8,940.0,1.7,936.0,1015.2,0.5,1023.5,330.3339,1023.5,731.2125,0.0,16.3,16.3,14.9,24.0,6.401388889,5.452777778,,,,,,,,,
2022-05-17 11:00:00,5,0,5.29,47.21,6.47,104.53,0.13,7.49,21.28,0.0,150.0,150.0,1.7,3.1,1049.0,1.7,1100.0,1015.1,0.3,1023.3,336.2109,1023.5,785.7955,0.0,17.1,17.2,16.1,27.0,6.4,5.4575,,,,,,,,,
2022-05-17 12:00:00,5,0,5.34,47.2,6.48,104.71,0.13,7.45,21.16,2.0,203.0,203.0,3.8,5.7,1150.0,3.9,1159.0,1015.3,0.2,1023.5,333.8225,1023.7,806.2955,0.0,17.0,17.9,16.8,33.0,6.4,5.487777778,,,,,,,,,
2022-05-17 13:00:00,5,1,5.46,47.2,6.47,104.99,0.12,7.4,21.02,4.0,207.0,204.0,2.5,5.3,1207.0,3.7,1210.0,1015.2,0.0,1023.4,332.0014,1023.6,782.6911,0.0,18.4,18.5,16.9,31.0,6.4,5.529166667,,,,,,,,,
2022-05-17 14:00:00,5,0,5.57,47.21,6.46,105.27,0.12,7.35,20.88,2.0,206.0,204.0,2.9,5.5,1313.0,3.2,1340.0,1015.3,0.2,1023.5,338.0648,1023.6,717.7861,0.0,17.6,18.4,17.5,34.0,6.408055556,5.540555556,,,,,,,,,
2022-05-17 15:00:00,5,0,5.69,47.17,6.47,105.58,0.13,7.31,20.77,4.0,198.0,210.0,2.3,5.5,1429.0,3.1,1407.0,1015.2,0.1,1023.4,337.9385,1023.6,620.0837,0.0,17.2,17.7,17.2,35.0,6.400277778,5.537222222,,,,,,,,,
2022-05-17 16:00:00,5,0,5.81,47.15,6.47,105.94,0.13,7.28,20.67,4.0,199.0,204.0,2.1,6.9,1540.0,2.5,1516.0,1015.3,0.0,1023.6,334.2694,1023.7,497.5229,0.0,16.2,17.5,16.2,39.0,6.401111111,5.548611111,,,,,,,,,
2022-05-17 17:00:00,5,0,5.61,47.29,6.49,105.58,0.12,7.39,20.98,4.0,205.0,202.0,2.2,6.3,1655.0,2.3,1659.0,1015.2,0.0,1023.5,326.7274,1023.6,373.7511,0.0,14.9,16.5,14.9,40.0,6.4,5.551388889,,,,,,,,,
2022-05-17 18:00:00,5,0,6.21,47.17,6.45,106.51,0.12,7.19,20.41,7.0,303.0,203.0,0.8,4.0,1708.0,2.2,1702.0,1015.0,0.2,1023.4,311.1227,1023.4,133.2099,0.0,12.6,14.9,12.6,49.0,6.4025,5.553055556,,,,,,,,,
2022-05-17 19:00:00,5,0,6.49,47.02,6.48,106.71,0.11,7.11,20.17,7.0,320.0,312.0,0.7,1.7,1836.0,0.9,1853.0,1014.7,0.6,1023.1,296.5614,1023.1,15.15053,0.0,11.7,12.6,11.7,50.0,6.4,5.548611111,,,,,,,,,
2022-05-17 20:00:00,5,0,6.89,47.13,6.49,107.49,0.12,7.04,19.99,7.0,337.0,338.0,0.9,1.7,1958.0,1.0,1957.0,1014.5,0.7,1022.9,294.9373,1022.9,3.299988,0.0,10.9,11.7,10.9,54.0,6.404444444,5.550555556,,,,,,,,,
2022-05-17 21:00:00,5,0,6.76,47.16,6.49,107.26,0.12,7.06,20.05,7.0,341.0,341.0,0.3,2.5,2007.0,1.0,2008.0,1014.2,0.8,1022.6,290.9642,1022.5,-9.309079,0.0,10.3,10.9,10.3,58.0,6.4,5.541944444,,,,,,,,,
2022-05-17 22:00:00,5,0,6.72,47.17,6.49,107.18,0.12,7.09,20.12,7.0,22.0,22.0,2.0,3.6,2157.0,2.0,2200.0,1013.8,1.0,1022.2,289.226,1022.1,-12.74722,0.0,11.0,11.0,9.7,54.0,6.4,5.5,,,,,,,,,
2022-05-17 23:00:00,5,0,6.73,47.16,6.5,107.16,0.11,7.08,20.1,7.0,39.0,39.0,2.8,4.7,2237.0,2.8,2300.0,1013.3,1.2,1021.7,289.2606,1021.6,-13.29565,0.0,11.3,11.3,10.8,49.0,6.4,5.416388889,,,,,,,,,
2022-05-18 00:00:00,5,0,6.66,47.16,6.5,107.19,0.13,7.11,20.2,7.0,38.0,26.0,2.6,5.8,2339.0,2.9,2325.0,1013.0,1.2,1021.4,290.7126,1021.3,-12.92722,0.0,11.0,11.3,10.8,47.0,6.414444444,5.321111111,,,,,,,,,
2022-05-18 01:00:00,5,1,6.65,47.18,6.48,107.23,0.12,7.12,20.24,7.0,36.0,40.0,2.8,5.6,47.0,3.1,10.0,1012.5,1.3,1020.9,295.4744,1020.8,-12.77608,0.0,11.2,11.3,10.8,43.0,6.4,5.306944444,,,,,,,,,
2022-05-18 02:00:00,5,0,6.64,47.19,6.46,107.27,0.12,7.14,20.27,7.0,32.0,32.0,3.1,6.0,122.0,3.1,200.0,1012.0,1.3,1020.4,356.5972,1020.3,-10.76008,0.0,12.1,12.1,10.8,40.0,6.407777778,5.3,,,,,,,,,
2022-05-18 03:00:00,5,0,6.75,47.19,6.48,107.27,0.12,7.1,20.17,7.0,48.0,47.0,3.4,5.9,255.0,3.8,257.0,1011.5,1.6,1019.8,372.5002,1019.8,-8.501175,0.0,12.1,12.4,12.1,40.0,6.4,5.3,,,,,,,,,
2022-05-18 04:00:00,5,0,6.69,47.19,6.48,107.17,0.12,7.12,20.22,7.0,51.0,43.0,2.5,7.2,349.0,4.2,350.0,1010.8,1.6,1019.1,372.2081,1019.2,-2.360544,0.0,12.1,12.2,11.9,37.0,6.407222222,5.3,,,,,,,,,
2022-05-18 05:00:00,5,0,6.78,47.22,6.48,107.33,0.13,7.08,20.09,6.0,29.0,37.0,2.3,6.2,419.0,3.7,419.0,1010.6,1.4,1018.9,372.2505,1018.9,14.33232,0.0,12.4,12.5,12.1,37.0,6.4,5.299444444,,,,,,,,,
2022-05-18 06:00:00,5,0,6.47,47.15,6.47,106.82,0.12,7.18,20.39,7.0,29.0,38.0,2.4,6.0,551.0,3.4,523.0,1010.0,1.4,1018.3,365.5324,1018.3,81.08109,0.0,13.3,13.5,12.4,36.0,6.4,5.287222222,,,,,,,,,
2022-05-18 07:00:00,5,0,6.22,47.16,6.48,106.37,0.13,7.26,20.61,8.0,49.0,28.0,2.8,6.1,617.0,3.2,618.0,1009.5,1.3,1017.8,350.5608,1017.8,161.4272,0.0,14.5,14.5,13.3,35.0,6.399722222,5.2725,,,,,,,,,
2022-05-18 08:00:00,5,0,5.82,47.19,6.45,105.55,0.13,7.4,21.01,7.0,61.0,61.0,3.4,6.2,756.0,3.4,800.0,1008.8,1.8,1017.0,343.4634,1017.1,338.1399,0.0,16.6,16.7,14.2,32.0,6.4,5.269166667,,,,,,,,,
2022-05-18 09:00:00,5,0,5.77,47.18,6.47,105.45,0.13,7.42,21.06,8.0,57.0,50.0,3.1,5.9,834.0,3.6,856.0,1007.8,2.2,1016.0,366.6837,1016.1,470.7641,0.0,17.2,17.6,16.4,36.0,6.400277778,5.259166667,,,,,,,,,
2022-05-18 10:00:00,5,0,5.75,47.18,6.48,105.52,0.13,7.4,21.01,7.0,55.0,57.0,3.4,5.7,951.0,3.5,951.0,1007.3,2.1,1015.5,399.7563,1015.6,414.8329,0.0,17.9,18.6,17.2,31.0,6.402222222,5.250555556,,,,,,,,,
2022-05-18 11:00:00,5,0,5.74,47.17,6.48,105.53,0.13,7.4,21.02,6.0,52.0,52.0,2.6,5.4,1006.0,3.4,1006.0,1007.0,1.8,1015.2,402.7404,1015.3,221.2762,0.0,17.3,17.9,17.2,34.0,6.4,5.253888889,,,,,,,,,
2022-05-18 12:00:00,5,0,5.7,47.18,6.49,105.51,0.12,7.44,21.13,6.0,14.0,48.0,0.4,4.6,1102.0,2.9,1106.0,1007.0,0.9,1015.2,406.1444,1015.2,170.2427,0.0,16.9,17.6,16.9,40.0,6.403888889,5.194444444,0.0,19.0,,,,,,,
2022-05-18 13:00:00,5,1,6.04,47.13,6.48,106.21,0.12,7.32,20.78,3.0,317.0,301.0,1.1,4.4,1231.0,1.9,1239.0,1007.7,0.3,1016.0,403.1491,1016.0,55.45988,1.5,11.7,17.1,11.6,90.0,6.401666667,5.161944444,,,,,,,,,
2022-05-18 14:00:00,5,0,6.39,47.08,6.47,106.9,0.12,7.19,20.43,0.0,168.0,168.0,1.0,3.3,1331.0,1.0,1400.0,1007.2,0.1,1015.4,407.9991,1015.5,317.2592,0.0,14.9,15.1,11.7,73.0,6.4,5.171111111,,,,,,,,,
2022-05-18 15:00:00,5,0,6.48,47.1,6.49,107.12,0.13,7.13,20.24,0.0,192.0,233.0,0.8,3.3,1418.0,1.2,1426.0,1007.7,0.8,1016.0,393.7047,1016.0,196.5339,0.0,14.0,14.9,13.9,69.0,6.4,5.165277778,,,,,,,,,
2022-05-18 16:00:00,5,0,6.06,47.17,6.49,106.2,0.12,7.35,20.87,5.0,233.0,233.0,2.1,5.4,1600.0,2.1,1600.0,1007.9,0.1,1016.1,380.9984,1016.2,172.7026,0.0,15.1,15.6,13.6,65.0,6.4,5.169166667,,,,,,,,,
2022-05-18 17:00:00,5,0,6.22,47.16,6.5,106.46,0.12,7.3,20.74,1.0,276.0,241.0,1.1,4.4,1602.0,2.2,1603.0,1008.2,1.0,1016.5,332.3506,1016.5,202.3709,0.0,14.5,15.6,14.2,65.0,6.4,5.150277778,,,,,,,,,
2022-05-18 18:00:00,5,0,6.65,47.16,6.49,107.15,0.12,7.15,20.29,3.0,31.0,203.0,0.7,4.5,1709.0,1.7,1735.0,1008.7,1.0,1017.0,323.8477,1016.9,117.0019,0.0,12.4,14.6,12.4,78.0,6.4,5.146388889,,,,,,,,,
2022-05-18 19:00:00,5,0,6.27,47.18,6.49,106.5,0.12,7.25,20.59,1.0,44.0,9.0,0.7,1.6,1822.0,0.9,1827.0,1008.9,1.1,1017.2,335.5207,1017.2,44.09632,0.0,12.5,12.5,12.1,77.0,6.401111111,5.148888889,,,,,,,,,
2022-05-18 20:00:00,5,0,6.05,47.18,6.49,106.18,0.12,7.36,20.89,1.0,326.0,327.0,0.9,1.4,1954.0,1.0,1956.0,1008.9,0.7,1017.3,312.8027,1017.2,10.13124,0.0,11.0,12.5,11.0,78.0,6.400277778,5.144722222,,,,,,,,,
2022-05-18 21:00:00,5,0,5.79,47.17,6.5,105.85,0.12,7.43,21.09,2.0,310.0,311.0,0.7,1.7,2022.0,1.0,2041.0,1009.2,0.5,1017.6,311.0728,1017.5,-6.874527,0.0,10.7,11.0,10.5,72.0,6.402777778,5.153055556,,,,,,,,,
2022-05-18 22:00:00,5,0,5.81,47.16,6.51,105.98,0.13,7.4,21.0,2.0,308.0,308.0,0.8,1.5,2143.0,0.8,2200.0,1009.5,0.6,1017.9,302.1406,1017.8,-12.29875,0.0,9.9,10.8,9.7,73.0,6.400277778,5.156111111,,,,,,,,,
2022-05-18 23:00:00,5,0,6.81,47.14,6.5,107.46,0.12,7.09,20.13,2.0,322.0,304.0,0.7,2.4,2212.0,1.4,2216.0,1009.6,0.7,1018.0,296.7001,1017.9,-12.33338,0.0,9.4,10.2,8.8,73.0,6.4,5.239444444,,,,,,,,,
2022-05-19 00:00:00,5,0,6.7,47.16,6.49,107.44,0.12,7.12,20.21,2.0,35.0,324.0,0.8,1.8,2356.0,1.0,2310.0,1009.8,0.6,1018.2,295.8349,1018.1,-12.30837,0.0,8.6,9.7,8.6,79.0,6.4,5.252777778,,,,,,,,,
2022-05-19 01:00:00,5,1,6.55,47.14,6.48,107.13,0.12,7.17,20.35,0.0,344.0,331.0,0.2,2.0,3.0,1.0,12.0,1009.6,0.1,1018.0,293.2049,1017.9,-12.21611,0.0,8.5,9.1,7.8,78.0,6.4,5.249166667,,,,,,,,,
2022-05-19 02:00:00,5,0,6.39,47.11,6.48,106.82,0.12,7.22,20.49,8.0,323.0,323.0,0.6,1.1,153.0,0.6,200.0,1009.4,0.2,1017.8,294.7805,1017.7,-11.82421,0.0,8.5,8.6,8.3,76.0,6.4,5.245833333,,,,,,,,,
2022-05-19 03:00:00,5,0,6.59,47.14,6.49,107.12,0.13,7.16,20.32,7.0,340.0,38.0,0.2,1.5,218.0,0.6,251.0,1009.0,0.7,1017.4,304.2253,1017.3,-1.252096,0.0,8.5,8.5,7.8,76.0,6.3975,5.243888889,,,,,,,,,
2022-05-19 04:00:00,5,0,6.74,47.12,6.49,107.34,0.12,7.12,20.21,8.0,31.0,34.0,1.9,3.4,351.0,2.0,349.0,1008.2,1.4,1016.6,316.7587,1016.5,20.52069,0.0,10.2,10.2,8.4,62.0,6.399722222,5.199444444,,,,,,,,,
2022-05-19 05:00:00,5,0,6.69,47.13,6.49,107.13,0.13,7.11,20.2,7.0,42.0,41.0,1.9,4.2,445.0,2.6,449.0,1007.6,1.7,1015.9,317.2975,1015.9,69.05444,0.0,11.8,12.2,10.2,56.0,6.4,5.153333333,,,,,,,,,
2022-05-19 06:00:00,5,0,6.47,47.16,6.49,106.82,0.12,7.2,20.44,6.0,57.0,47.0,2.3,4.4,537.0,3.0,545.0,1007.1,1.9,1015.4,320.4612,1015.4,187.4788,0.0,12.7,12.8,11.8,54.0,6.4,5.156666667,,,,,,,,,
2022-05-19 07:00:00,5,0,6.56,47.12,6.48,107.02,0.13,7.13,20.25,7.0,54.0,65.0,2.1,4.9,636.0,2.9,639.0,1006.5,1.7,1014.8,342.503,1014.7,203.2624,0.0,12.6,13.3,12.5,56.0,6.4,5.147777778,,,,,,,,,
2022-05-19 08:00:00,5,0,6.47,47.14,6.48,106.82,0.12,7.21,20.47,5.0,218.0,52.0,1.0,2.8,744.0,1.9,701.0,1007.1,0.5,1015.4,350.8255,1015.3,193.9663,0.0,13.0,13.4,12.6,54.0,6.4,5.1375,,,,,,,,,
2022-05-19 09:00:00,5,0,6.63,47.1,6.48,107.14,0.12,7.1,20.16,8.0,212.0,208.0,0.9,2.6,803.0,1.5,805.0,1006.5,0.7,1014.8,363.3291,1014.7,208.0827,0.0,12.2,13.7,12.1,61.0,6.4,5.074722222,,,,,,,,,
2022-05-19 10:00:00,5,0,6.85,47.11,6.49,107.52,0.12,7.04,19.98,8.0,87.0,207.0,0.8,2.5,918.0,1.5,926.0,1006.3,0.2,1014.5,375.7485,1014.6,297.7472,0.0,14.2,14.2,12.1,51.0,6.4,5.044444444,,,,,,,,,
2022-05-19 11:00:00,5,0,6.73,47.13,6.5,107.27,0.13,7.08,20.1,6.0,204.0,94.0,0.7,2.3,1035.0,0.9,1017.0,1005.9,1.2,1014.1,386.4523,1014.1,225.2452,0.0,14.1,14.3,13.8,52.0,6.4,5.049722222,,,,,,,,,
2022-05-19 12:00:00,5,0,6.67,47.14,6.49,107.21,0.12,7.0,19.89,8.0,140.0,128.0,1.0,2.2,1153.0,1.1,1158.0,1005.2,1.2,1013.4,388.756,1013.5,223.3237,0.0,15.1,15.2,13.6,53.0,6.4,5.016388889,,,,,,,,,
2022-05-19 13:00:00,5,1,6.54,47.14,6.47,107.0,0.12,7.1,20.19,6.0,238.0,217.0,0.7,1.8,1300.0,0.9,1255.0,1005.1,1.2,1013.3,399.9318,1013.3,247.5755,0.0,15.7,15.7,14.9,51.0,6.4,5.000833333,,,,,,,,,
2022-05-19 14:00:00,5,0,6.41,47.15,6.45,106.79,0.12,7.21,20.48,5.0,185.0,189.0,1.0,1.9,1321.0,1.1,1357.0,1005.3,0.7,1013.5,388.4564,1013.5,310.0798,0.0,16.1,16.2,15.3,42.0,6.4,4.997777778,,,,,,,,,
2022-05-19 15:00:00,5,0,6.42,47.12,6.47,106.78,0.12,7.22,20.49,3.0,202.0,202.0,2.7,6.4,1458.0,2.7,1500.0,1005.5,0.3,1013.7,394.7615,1013.8,359.3553,0.0,15.7,17.1,15.7,46.0,6.4,4.996388889,,,,,,,,,
2022-05-19 16:00:00,5,0,6.42,47.12,6.48,106.77,0.12,7.22,20.51,3.0,211.0,210.0,1.9,6.8,1502.0,2.8,1503.0,1006.1,1.0,1014.4,360.7361,1014.3,162.6689,0.0,13.0,15.7,12.9,62.0,6.4,4.989166667,,,,,,,,,
2022-05-19 17:00:00,5,0,6.46,47.11,6.48,106.94,0.12,7.17,20.37,1.0,54.0,209.0,0.7,3.6,1604.0,1.8,1601.0,1006.1,0.9,1014.4,377.1528,1014.4,160.6889,0.0,13.3,13.5,13.0,62.0,6.4,4.960555556,,,,,,,,,
2022-05-19 18:00:00,5,0,6.85,47.08,6.49,107.68,0.12,7.05,20.02,1.0,267.0,266.0,1.2,4.1,1758.0,1.3,1759.0,1006.6,1.0,1014.9,379.9955,1014.9,75.7106,0.0,12.8,13.4,12.8,67.0,6.4,4.945833333,,,,,,,,,
2022-05-19 19:00:00,5,0,6.78,47.09,6.49,107.61,0.12,7.09,20.14,3.0,217.0,202.0,0.6,4.0,1835.0,2.2,1841.0,1007.1,1.0,1015.4,363.5941,1015.4,60.39854,0.0,12.1,12.8,12.1,76.0,6.4,4.952222222,,,,,,,,,
2022-05-19 20:00:00,5,0,6.76,47.1,6.49,107.52,0.11,7.12,20.21,2.0,345.0,203.0,0.4,2.5,1903.0,1.2,1912.0,1007.3,1.2,1015.7,336.2624,1015.6,18.9131,0.0,10.8,12.1,10.8,80.0,6.4,4.947222222,,,,,,,,,
2022-05-19 21:00:00,5,0,6.88,47.11,6.49,107.65,0.12,7.03,19.96,2.0,40.0,40.0,1.0,2.0,2017.0,1.0,2100.0,1007.4,0.9,1015.8,305.0655,1015.7,-6.459821,0.0,9.4,10.8,9.4,86.0,6.4,4.951944444,,,,,,,,,
2022-05-19 22:00:00,5,0,6.96,47.1,6.5,107.76,0.12,7.03,19.97,1.0,301.0,30.0,0.8,1.7,2200.0,1.1,2103.0,1007.5,0.5,1015.9,296.2924,1015.8,-12.12694,0.0,8.6,9.4,8.6,88.0,6.4,4.953055556,,,,,,,,,
2022-05-19 23:00:00,5,0,7.09,47.11,6.51,108.06,0.12,7.0,19.88,3.0,359.0,282.0,0.5,2.2,2229.0,1.1,2210.0,1007.8,0.5,1016.2,294.0618,1016.1,-12.08199,0.0,7.9,8.6,7.9,90.0,6.4,4.952777778,,,,,,,,,
2022-05-20 00:00:00,5,0,7.12,47.09,6.5,107.97,0.13,6.97,19.8,2.0,291.0,2.0,0.6,2.7,2330.0,1.0,2339.0,1007.8,0.4,1016.2,307.9768,1016.1,-11.46914,0.0,7.8,8.2,7.7,91.0,6.4,4.951111111,,,,,,,,,
2022-05-20 01:00:00,5,1,7.1,47.1,6.48,107.96,0.12,6.99,19.85,2.0,30.0,2.0,0.6,1.9,10.0,0.9,16.0,1008.0,0.5,1016.5,291.4781,1016.3,-11.95574,0.0,7.1,7.8,7.1,93.0,6.352222222,4.947777778,,,,,,,,,
2022-05-20 02:00:00,5,0,7.08,47.12,6.47,107.94,0.12,7.01,19.9,2.0,24.0,18.0,0.5,1.1,153.0,0.6,157.0,1008.0,0.2,1016.5,289.8414,1016.3,-11.58757,0.0,6.8,7.5,6.8,93.0,6.362777778,4.950277778,,,,,,,,,
2022-05-20 03:00:00,5,0,7.14,47.13,6.48,107.96,0.12,6.99,19.85,2.0,5.0,24.0,0.2,1.5,246.0,0.8,250.0,1008.0,0.2,1016.5,297.9638,1016.3,-5.205164,0.0,7.4,7.4,6.8,94.0,6.376388889,4.935,,,,,,,,,
2022-05-20 04:00:00,5,0,7.21,47.14,6.49,108.01,0.12,6.96,19.76,7.0,11.0,56.0,0.6,1.7,359.0,0.8,337.0,1007.8,0.1,1016.3,291.6964,1016.1,7.592237,0.0,7.7,7.7,7.1,94.0,6.386944444,4.928055556,,,,,,,,,
2022-05-20 05:00:00,5,0,7.21,47.14,6.49,108.04,0.12,6.96,19.76,4.0,45.0,27.0,0.4,2.9,435.0,1.1,420.0,1008.0,0.0,1016.4,299.9812,1016.3,32.51316,0.0,10.4,10.4,7.7,76.0,6.399444444,4.930277778,,,,,,,,,
2022-05-20 06:00:00,5,0,7.22,47.12,6.49,108.1,0.12,6.96,19.76,4.0,217.0,217.0,2.0,3.7,555.0,2.0,600.0,1008.1,0.0,1016.5,307.3396,1016.3,254.8269,0.0,10.5,11.1,10.1,77.0,6.4,4.930277778,,,,,,,,,
2022-05-20 07:00:00,5,0,7.24,47.14,6.49,108.16,0.13,6.98,19.82,8.0,156.0,213.0,0.7,3.7,615.0,2.1,604.0,1007.7,0.1,1016.0,310.0854,1016.0,377.6488,0.0,12.0,12.0,10.4,69.0,6.4,4.943888889,,,,,,,,,
2022-05-20 08:00:00,5,0,7.15,47.14,6.49,108.05,0.12,7.01,19.91,8.0,128.0,200.0,1.0,3.3,720.0,2.0,727.0,1007.3,0.6,1015.6,321.5519,1015.6,506.23,0.0,12.8,12.8,11.6,67.0,6.392777778,4.947222222,,,,,,,,,
2022-05-20 09:00:00,5,0,7.16,47.13,6.49,108.13,0.12,7.02,19.92,8.0,132.0,140.0,1.1,2.3,849.0,1.2,852.0,1006.7,1.3,1014.9,345.1918,1015.0,536.5132,0.0,14.6,14.6,12.6,65.0,6.375,4.951944444,,,,,,,,,
2022-05-20 10:00:00,5,0,7.25,47.13,6.5,108.31,0.12,6.96,19.76,7.0,148.0,102.0,1.5,5.2,945.0,2.2,945.0,1006.4,1.3,1014.6,352.6315,1014.6,680.6151,0.0,15.3,16.2,14.1,58.0,6.398055556,4.946944444,,,,,,,,,
2022-05-20 11:00:00,5,0,7.15,47.12,6.5,108.19,0.12,7.04,19.99,7.0,186.0,186.0,2.5,4.1,1058.0,2.5,1100.0,1005.8,1.5,1014.0,358.3433,1014.0,739.8226,0.0,15.3,16.2,14.9,53.0,6.4,4.951944444,,,,,,,,,
2022-05-20 12:00:00,5,0,7.24,47.12,6.5,108.4,0.12,7.02,19.93,7.0,199.0,202.0,2.9,5.0,1144.0,3.1,1157.0,1005.6,1.2,1013.8,350.6716,1013.8,581.3442,0.0,16.4,16.4,14.4,58.0,6.399166667,4.951111111,,,,,,,,,
2022-05-20 13:00:00,5,1,7.34,47.12,6.49,108.64,0.12,6.99,19.85,6.0,208.0,205.0,3.8,7.1,1257.0,4.0,1251.0,1005.3,1.1,1013.5,349.3326,1013.5,675.7085,0.0,15.4,16.4,15.3,63.0,6.378611111,4.953888889,,,,,,,,,
2022-05-20 14:00:00,5,0,7.45,47.13,6.48,108.88,0.12,6.96,19.77,7.0,193.0,210.0,2.4,6.5,1356.0,3.9,1305.0,1005.1,0.7,1013.3,339.7912,1013.4,638.1137,0.0,14.6,16.0,14.6,67.0,6.4,4.946111111,,,,,,,,,
2022-05-20 15:00:00,5,0,7.5,47.0,6.5,108.57,0.11,6.96,19.76,8.0,156.0,210.0,1.2,5.4,1411.0,2.8,1403.0,1004.3,1.2,1012.5,335.5162,1012.6,589.0204,0.0,13.9,14.6,13.5,68.0,6.4,4.955555556,,,,,,,,,
2022-05-20 16:00:00,5,0,7.61,47.14,6.49,109.17,0.11,6.87,19.51,8.0,211.0,200.0,1.6,3.5,1533.0,2.1,1540.0,1003.9,1.4,1012.2,338.4726,1012.1,413.9915,0.0,12.4,13.9,12.4,73.0,6.4,4.951388889,,,,,,,,,
2022-05-20 17:00:00,5,0,7.45,47.15,6.49,108.76,0.12,6.91,19.63,6.0,233.0,34.0,1.1,4.0,1616.0,1.6,1643.0,1003.5,1.6,1011.8,339.2418,1011.8,252.27,0.0,12.3,12.8,12.3,66.0,6.4,4.951944444,,,,,,,,,
2022-05-20 18:00:00,5,0,7.32,47.16,6.49,108.64,0.12,6.95,19.74,8.0,123.0,257.0,0.6,2.7,1716.0,1.1,1725.0,1002.8,1.6,1011.1,313.4784,1011.0,128.3565,0.0,11.5,12.3,11.5,69.0,6.398888889,4.933888889,,,,,,,,,
2022-05-20 19:00:00,5,0,7.29,47.14,6.5,108.56,0.12,6.97,19.8,8.0,326.0,134.0,0.5,1.8,1801.0,0.8,1803.0,1002.1,1.8,1010.4,309.2991,1010.3,40.10762,0.0,10.9,11.5,10.9,76.0,6.385,4.925,,,,,,,,,
2022-05-20 20:00:00,5,0,7.41,47.15,6.51,108.77,0.11,6.94,19.71,6.0,319.0,303.0,0.3,1.2,1911.0,0.7,1928.0,1001.9,1.7,1010.2,334.6444,1010.1,17.20578,0.0,10.9,10.9,10.5,78.0,6.387777778,4.932777778,,,,,,,,,
2022-05-20 21:00:00,5,0,7.28,47.14,6.5,108.54,0.12,6.99,19.84,7.0,308.0,308.0,0.5,0.8,2035.0,0.5,2100.0,1001.4,1.3,1009.7,345.2105,1009.7,-3.52639,0.0,10.2,10.9,10.2,81.0,6.357222222,4.929444444,,,,,,,,,
2022-05-20 22:00:00,5,0,7.23,47.12,6.5,108.47,0.12,7.0,19.89,7.0,340.0,286.0,0.3,0.9,2138.0,0.5,2132.0,1001.2,0.9,1009.5,357.8275,1009.4,-10.15382,0.0,9.6,10.2,9.6,85.0,6.378888889,4.920555556,,,,,,,,,
2022-05-20 23:00:00,5,0,7.02,47.16,6.5,108.22,0.12,7.07,20.07,7.0,328.0,296.0,0.4,1.2,2242.0,0.5,2255.0,1001.0,0.9,1009.3,342.8194,1009.2,-10.72287,0.0,9.2,9.8,9.1,86.0,6.4,4.920833333,,,,,,,,,
2022-05-21 00:00:00,5,0,7.07,47.41,6.5,108.13,0.12,7.04,19.98,5.0,60.0,60.0,0.5,1.2,2354.0,0.5,0.0,1001.2,0.3,1009.6,342.7495,1009.4,-10.89993,0.0,8.2,9.2,8.2,92.0,6.4,4.9075,,,,,,,,,
2022-05-21 01:00:00,5,1,6.98,47.28,6.48,107.97,0.12,7.07,20.06,8.0,61.0,140.0,0.7,1.8,30.0,0.9,31.0,1000.8,0.4,1009.2,340.344,1009.0,-10.31111,0.0,8.0,8.5,8.0,93.0,6.388055556,4.902777778,,,,,,,,,
2022-05-21 02:00:00,5,0,6.88,47.16,6.47,107.81,0.12,7.1,20.15,7.0,330.0,20.0,0.6,1.3,147.0,0.8,154.0,1000.8,0.2,1009.2,352.323,1009.0,-9.580134,0.0,8.2,8.2,7.9,93.0,6.393333333,4.903888889,,,,,,,,,
2022-05-21 03:00:00,5,0,6.85,47.17,6.48,107.75,0.12,7.09,20.13,6.0,253.0,329.0,0.3,0.9,201.0,0.6,201.0,1000.7,0.4,1009.1,354.5338,1008.9,-6.534248,0.0,8.3,8.4,8.1,93.0,6.378055556,4.900277778,,,,,,,,,
2022-05-21 04:00:00,5,0,7.03,47.14,6.49,107.92,0.12,7.08,20.11,4.0,359.0,255.0,0.0,0.6,324.0,0.3,308.0,1000.8,0.0,1009.2,346.6772,1009.0,15.32882,0.0,8.3,8.4,8.1,94.0,6.399722222,4.893055556,,,,,,,,,
2022-05-21 05:00:00,5,0,7.33,47.13,6.5,108.6,0.12,6.99,19.86,4.0,320.0,218.0,0.2,1.0,423.0,0.4,424.0,1000.8,0.0,1009.2,351.6432,1009.0,52.66149,0.0,9.0,9.0,8.3,95.0,6.353333333,4.893611111,,,,,,,,,
2022-05-21 06:00:00,5,0,7.2,47.13,6.49,108.39,0.12,7.03,19.97,2.0,51.0,45.0,0.2,0.9,520.0,0.5,530.0,1000.9,0.2,1009.2,356.8622,1009.2,112.6279,0.0,9.8,9.8,8.9,89.0,6.377777778,4.897777778,,,,,,,,,
2022-05-21 07:00:00,5,0,7.24,47.14,6.5,108.49,0.12,7.04,19.98,2.0,83.0,82.0,1.1,2.5,647.0,1.2,659.0,1001.0,0.2,1009.3,371.9946,1009.2,114.6747,0.0,11.1,11.1,9.8,83.0,6.369166667,4.887222222,,,,,,,,,
2022-05-21 08:00:00,5,0,7.06,47.14,6.49,108.15,0.13,7.1,20.15,2.0,187.0,68.0,0.3,2.5,727.0,1.2,732.0,1001.3,0.4,1009.6,377.917,1009.5,136.1968,0.0,11.0,11.3,10.5,82.0,6.4,4.890555556,,,,,,,,,
2022-05-21 09:00:00,5,0,7.14,47.18,6.51,108.34,0.12,7.0,19.89,3.0,148.0,148.0,0.8,1.9,851.0,0.8,900.0,1001.7,0.8,1010.0,380.1307,1009.9,181.46,0.0,11.8,11.8,11.0,80.0,6.379722222,4.891111111,,,,,,,,,
2022-05-21 10:00:00,5,0,7.06,47.14,6.5,108.21,0.12,7.09,20.13,2.0,104.0,104.0,1.9,3.1,952.0,1.9,1000.0,1001.9,0.9,1010.2,386.7079,1010.1,241.1056,0.0,11.9,12.2,11.7,80.0,6.378333333,4.896388889,,,,,,,,,
2022-05-21 11:00:00,5,0,7.07,47.16,6.5,108.21,0.11,7.0,19.88,2.0,101.0,102.0,0.9,2.8,1005.0,1.8,1002.0,1002.3,1.0,1010.6,389.7727,1010.5,163.691,0.0,11.6,12.3,11.6,84.0,6.398333333,4.901666667,,,,,,,,,
2022-05-21 12:00:00,5,0,7.22,47.14,6.5,108.59,0.12,6.99,19.86,2.0,43.0,93.0,0.6,2.0,1102.0,1.1,1107.0,1002.6,0.9,1010.9,393.2421,1010.8,110.6195,0.7,11.6,11.6,11.2,86.0,6.399722222,4.902777778,,,,,,,,,
2022-05-21 13:00:00,5,1,7.14,47.14,6.49,108.46,0.12,7.03,19.98,2.0,330.0,330.0,1.1,2.8,1252.0,1.1,1300.0,1003.1,1.2,1011.4,412.6893,1011.3,160.6664,0.2,10.7,11.7,10.7,80.0,6.374722222,4.905277778,,,,,,,,,
2022-05-21 14:00:00,5,0,7.06,47.14,6.48,108.33,0.12,7.07,20.09,2.0,155.0,318.0,0.4,1.8,1331.0,1.0,1301.0,1003.5,1.3,1011.8,395.9438,1011.8,94.64375,1.1,10.2,10.7,10.2,88.0,6.366944444,4.908055556,,,,,,,,,
2022-05-21 15:00:00,5,0,7.01,47.15,6.49,108.17,0.12,7.11,20.18,1.0,154.0,201.0,0.4,1.1,1424.0,0.6,1434.0,1003.7,1.1,1012.0,401.5482,1012.0,112.8236,0.3,10.2,10.3,10.2,89.0,6.3975,4.938055556,,,,,,,,,
2022-05-21 16:00:00,5,0,7.38,47.11,6.51,108.91,0.12,6.95,19.74,1.0,84.0,84.0,0.8,1.7,1554.0,0.8,1600.0,1003.7,0.6,1012.0,400.4215,1011.9,87.46162,0.3,10.1,10.4,10.0,92.0,6.38,4.948055556,,,,,,,,,
2022-05-21 17:00:00,5,0,7.68,47.12,6.52,109.51,0.12,6.88,19.54,0.0,83.0,86.0,0.8,2.0,1640.0,1.2,1650.0,1003.6,0.0,1011.9,403.9984,1011.8,132.2492,0.3,10.4,10.6,10.1,92.0,6.4,4.948888889,,,,,,,,,
2022-05-21 18:00:00,5,0,7.4,47.12,6.51,109.17,0.12,6.97,19.8,7.0,18.0,18.0,2.0,3.8,1749.0,2.0,1800.0,1003.6,0.1,1012.0,396.2871,1011.8,48.13266,0.1,9.8,10.4,9.8,86.0,6.3875,4.940277778,,,,,,,,,
2022-05-21 19:00:00,5,0,7.64,47.11,6.52,109.31,0.12,6.89,19.57,4.0,40.0,36.0,2.1,4.5,1825.0,2.7,1830.0,1003.6,0.1,1012.0,378.1115,1011.9,28.59808,0.0,9.6,9.9,9.6,87.0,6.396111111,4.950833333,,,,,,,,,
2022-05-21 20:00:00,5,0,7.66,47.1,6.52,109.36,0.12,6.93,19.66,2.0,12.0,44.0,1.4,4.9,1909.0,2.3,1905.0,1003.7,0.2,1012.1,367.9558,1012.0,6.185337,0.0,9.4,9.7,9.4,89.0,6.347777778,4.955277778,,,,,,,,,
2022-05-21 21:00:00,5,0,7.74,47.05,6.51,109.26,0.12,6.92,19.64,2.0,355.0,19.0,1.0,2.9,2046.0,1.6,2028.0,1003.8,0.2,1012.2,361.4401,1012.0,-7.701505,0.0,9.1,9.4,9.1,90.0,6.350555556,4.943888889,,,,,,,,,
2022-05-21 22:00:00,5,0,7.91,47.06,6.51,109.61,0.11,6.86,19.47,2.0,352.0,9.0,0.9,2.3,2148.0,1.1,2153.0,1003.8,0.2,1012.2,352.988,1012.0,-9.202409,0.0,8.9,9.1,8.8,91.0,6.338055556,4.948611111,,,,,,,,,
2022-05-21 23:00:00,5,0,7.73,47.1,6.51,109.33,0.12,6.91,19.63,4.0,5.0,9.0,0.8,2.1,2226.0,1.1,2246.0,1003.8,0.1,1012.2,368.5174,1012.0,-9.614879,0.0,8.8,8.9,8.8,92.0,6.341666667,4.971944444,,,,,,,,,
2022-05-22 00:00:00,5,0,7.87,47.07,6.51,109.56,0.12,6.86,19.47,2.0,285.0,11.0,0.3,2.3,2303.0,1.1,2310.0,1004.0,0.2,1012.4,368.2819,1012.2,-8.963498,0.0,8.7,8.9,8.7,93.0,6.357222222,4.998888889,,,,,,,,,
2022-05-22 01:00:00,5,1,7.81,47.08,6.5,109.46,0.12,6.88,19.55,4.0,314.0,16.0,0.8,2.1,36.0,1.0,37.0,1003.9,0.1,1012.3,380.9611,1012.1,-10.41932,0.2,8.6,8.7,8.4,95.0,6.394444444,4.998611111,,,,,,,,,
2022-05-22 02:00:00,5,0,7.75,47.09,6.49,109.36,0.12,6.91,19.62,4.0,315.0,299.0,0.5,1.6,133.0,0.9,138.0,1003.8,0.0,1012.2,381.1238,1012.1,-11.01266,0.0,8.2,8.6,8.2,95.0,6.348055556,5.012777778,,,,,,,,,
2022-05-22 03:00:00,5,0,7.89,47.06,6.51,109.42,0.12,6.86,19.48,7.0,343.0,339.0,0.5,1.4,248.0,0.8,224.0,1003.8,0.2,1012.2,382.4963,1012.0,-6.961484,0.2,8.3,8.3,8.2,95.0,6.379444444,5.037222222,,,,,,,,,
2022-05-22 04:00:00,5,0,7.91,47.06,6.51,109.56,0.12,6.85,19.44,7.0,328.0,325.0,0.6,2.0,335.0,1.0,342.0,1003.7,0.2,1012.1,369.3165,1012.0,8.87215,0.0,8.5,8.6,8.3,93.0,6.372777778,5.048888889,,,,,,,,,
2022-05-22 05:00:00,5,0,7.91,47.05,6.5,109.57,0.12,6.86,19.48,4.0,29.0,31.0,0.6,1.7,440.0,0.9,443.0,1003.8,0.0,1012.2,355.1576,1012.0,35.34227,0.0,9.1,9.1,8.5,92.0,6.397222222,5.053888889,,,,,,,,,
2022-05-22 06:00:00,5,0,7.81,47.07,6.5,109.33,0.12,6.89,19.57,4.0,203.0,205.0,1.0,2.5,508.0,1.1,552.0,1003.9,0.1,1012.3,364.8802,1012.1,63.47873,0.0,9.4,9.6,9.1,91.0,6.4,5.071388889,,,,,,,,,
2022-05-22 07:00:00,5,0,7.86,47.03,6.5,109.36,0.12,6.86,19.47,0.0,80.0,80.0,1.3,2.8,700.0,1.3,700.0,1003.6,0.1,1011.9,349.8116,1011.9,151.0653,0.0,10.5,10.5,9.4,89.0,6.4,5.0825,,,,,,,,,
2022-05-22 08:00:00,5,0,7.99,47.03,6.5,109.44,0.12,6.83,19.4,8.0,97.0,134.0,1.5,3.0,715.0,1.6,725.0,1003.4,0.4,1011.7,339.4464,1011.6,456.8114,0.0,12.5,13.0,10.5,74.0,6.399722222,5.110555556,,,,,,,,,
2022-05-22 09:00:00,5,0,7.81,47.05,6.5,109.49,0.11,6.9,19.59,7.0,158.0,106.0,0.6,3.6,815.0,2.1,819.0,1003.2,0.7,1011.5,348.8733,1011.4,394.6994,0.1,12.7,14.0,12.5,70.0,6.4,5.130833333,,,,,,,,,
2022-05-22 10:00:00,5,0,7.27,47.06,6.5,108.89,0.12,7.05,20.03,7.0,24.0,142.0,0.4,2.1,1000.0,0.9,952.0,1002.8,0.8,1011.0,343.2094,1011.0,281.7922,0.0,13.4,14.2,12.4,62.0,6.3825,5.148888889,,,,,,,,,
2022-05-22 11:00:00,5,0,7.2,47.06,6.5,108.67,0.12,7.08,20.1,7.0,220.0,38.0,1.0,3.3,1015.0,1.7,1025.0,1002.3,1.1,1010.5,346.8357,1010.5,413.0216,0.0,15.9,15.9,13.4,49.0,6.393611111,5.149166667,,,,,,,,,
2022-05-22 12:00:00,5,0,7.24,47.07,6.5,108.73,0.12,7.05,20.03,7.0,167.0,206.0,1.9,4.0,1151.0,2.0,1154.0,1002.0,1.2,1010.1,370.5026,1010.2,736.3273,0.0,17.0,17.0,15.6,49.0,6.360833333,5.15,,,,,,,,,
2022-05-22 13:00:00,5,1,7.44,47.06,6.5,109.06,0.12,6.98,19.82,7.0,152.0,133.0,1.6,4.5,1223.0,2.0,1213.0,1001.6,1.1,1009.7,388.2022,1009.9,594.4985,0.0,16.9,17.2,15.9,44.0,6.357222222,5.159444444,,,,,,,,,
2022-05-22 14:00:00,5,0,7.63,47.05,6.49,109.4,0.12,6.9,19.6,7.0,199.0,199.0,2.3,4.9,1332.0,3.0,1339.0,1001.4,0.9,1009.5,382.4756,1009.6,662.9926,0.0,16.4,17.5,16.4,43.0,6.347222222,5.164722222,,,,,,,,,
2022-05-22 15:00:00,5,0,7.77,47.04,6.5,109.41,0.12,6.91,19.63,7.0,209.0,211.0,2.1,4.5,1451.0,2.5,1452.0,1001.0,1.0,1009.2,377.548,1009.2,407.1164,0.0,15.6,17.2,15.6,50.0,6.391111111,5.176666667,,,,,,,,,
2022-05-22 16:00:00,5,0,7.82,47.04,6.5,109.8,0.11,6.9,19.6,7.0,223.0,222.0,1.4,4.1,1543.0,2.0,1551.0,1000.5,1.1,1008.7,387.0282,1008.7,225.4942,0.0,13.6,15.8,13.6,70.0,6.359722222,5.183611111,,,,,,,,,
2022-05-22 17:00:00,5,0,7.87,47.02,6.5,109.89,0.12,6.89,19.56,7.0,203.0,231.0,1.0,4.4,1618.0,1.6,1627.0,1000.3,1.1,1008.6,384.7547,1008.5,71.27287,0.0,11.7,13.6,11.7,82.0,6.399444444,5.185833333,,,,,,,,,
2022-05-22 18:00:00,5,0,7.65,47.04,6.5,109.48,0.12,6.95,19.73,7.0,63.0,230.0,0.6,3.6,1706.0,1.7,1713.0,1000.1,0.8,1008.4,367.544,1008.3,85.16165,0.1,11.4,11.8,11.4,82.0,6.371944444,5.184166667,,,,,,,,,
2022-05-22 19:00:00,5,0,8.79,47.09,6.49,111.3,0.11,6.61,18.77,7.0,294.0,69.0,0.4,2.1,1824.0,1.1,1833.0,999.8,0.7,1008.1,368.3841,1008.0,38.60843,0.0,11.1,11.5,11.1,82.0,6.384166667,5.182222222,,,,,,,,,
2022-05-22 20:00:00,5,0,9.02,46.99,6.52,111.29,0.11,6.57,18.64,7.0,320.0,246.0,0.4,2.0,1923.0,0.8,1940.0,999.6,0.6,1007.9,374.5446,1007.8,10.34571,0.1,10.5,11.1,10.5,89.0,6.398888889,5.178055556,,,,,,,,,
2022-05-22 21:00:00,5,0,9.17,46.97,6.52,111.47,0.11,6.51,18.48,7.0,353.0,353.0,0.8,1.3,2051.0,0.8,2100.0,999.2,0.9,1007.5,377.4914,1007.4,-5.88343,0.1,9.7,10.5,9.7,91.0,6.364166667,5.161388889,,,,,,,,,
2022-05-22 22:00:00,5,0,9.29,46.98,6.52,111.64,0.11,6.46,18.34,8.0,306.0,328.0,0.5,1.6,2117.0,1.0,2115.0,998.8,1.0,1007.1,373.7778,1007.0,-10.52075,0.1,9.5,9.7,9.5,88.0,6.383055556,5.149166667,,,,,,,,,
2022-05-22 23:00:00,5,0,8.8,47.01,6.51,110.94,0.11,6.61,18.75,8.0,25.0,25.0,2.0,4.0,2257.0,2.0,2300.0,998.1,1.5,1006.4,358.8866,1006.3,-9.971503,0.0,10.8,10.8,9.5,73.0,6.352222222,5.149166667,,,,,,,,,
2022-05-23 00:00:00,5,0,8.1,47.04,6.51,110.17,0.12,6.82,19.37,7.0,28.0,22.0,2.4,5.4,0.0,2.6,2339.0,997.5,1.7,1005.7,359.0894,1005.7,-9.424623,0.0,11.9,11.9,10.8,62.0,6.350833333,5.146666667,,,,,,,,,
2022-05-23 01:00:00,5,1,7.8,47.04,6.5,109.66,0.12,6.92,19.65,7.0,352.0,22.0,2.0,5.4,27.0,2.6,31.0,997.1,1.7,1005.3,371.2679,1005.3,-10.14364,0.0,11.8,12.1,11.8,64.0,6.376388889,5.145,,,,,,,,,
2022-05-23 02:00:00,5,0,7.49,47.05,6.48,109.16,0.12,7.02,19.92,7.0,20.0,14.0,1.5,4.5,105.0,2.4,110.0,996.5,1.5,1004.7,376.6455,1004.7,-14.50468,0.0,11.6,11.8,11.5,67.0,6.358888889,5.143888889,,,,,,,,,
2022-05-23 03:00:00,5,0,7.37,47.07,6.5,109.03,0.12,7.06,20.05,7.0,7.0,23.0,0.8,4.5,205.0,2.1,243.0,996.0,1.5,1004.2,377.828,1004.2,-10.54807,0.0,11.7,11.9,11.3,66.0,6.347777778,5.136388889,,,,,,,,,
2022-05-23 04:00:00,5,0,7.36,47.07,6.51,109.12,0.13,7.04,19.98,8.0,26.0,27.0,2.2,5.6,351.0,2.5,337.0,995.1,2.0,1003.3,370.2019,1003.3,9.318316,0.0,12.6,12.6,11.5,60.0,6.358333333,5.116388889,,,,,,,,,
2022-05-23 05:00:00,5,0,8.04,47.42,6.51,110.65,0.11,6.77,19.22,7.0,30.0,32.0,2.6,5.9,422.0,3.2,426.0,994.4,2.1,1002.6,362.9546,1002.6,56.8004,0.0,13.1,13.1,12.6,57.0,6.4,5.146111111,,,,,,,,,
2022-05-23 06:00:00,5,0,7.63,46.98,6.52,109.34,0.12,6.98,19.81,7.0,35.0,42.0,3.1,5.7,537.0,3.4,543.0,993.7,2.3,1001.9,349.7511,1001.8,86.17485,0.0,13.7,13.7,13.1,54.0,6.4,5.149444444,,,,,,,,,
2022-05-23 07:00:00,5,0,7.38,47.04,6.51,109.08,0.13,7.05,20.03,6.0,20.0,41.0,1.4,5.1,625.0,3.0,627.0,993.2,1.8,1001.3,356.7196,1001.4,125.3939,0.0,14.0,14.2,13.6,57.0,6.4,5.148055556,,,,,,,,,
2022-05-23 08:00:00,5,0,8.1,46.69,6.5,109.08,0.12,6.95,19.72,6.0,29.0,27.0,1.6,4.2,715.0,2.2,720.0,993.1,1.4,1001.2,375.712,1001.3,115.682,0.0,14.5,14.6,14.0,53.0,6.383333333,5.149444444,,,,,,,,,
2022-05-23 09:00:00,5,0,7.6,47.05,6.5,109.41,0.12,7.0,19.87,7.0,48.0,183.0,1.4,6.1,825.0,2.0,829.0,992.8,0.9,1000.9,387.2179,1000.9,74.00184,0.1,14.9,14.9,14.2,53.0,6.4,5.149722222,,,,,,,,,
2022-05-23 10:00:00,5,0,7.34,47.09,6.51,109.05,0.12,7.06,20.05,8.0,245.0,151.0,1.5,5.5,917.0,2.5,923.0,992.5,0.8,1000.6,382.3187,1000.6,201.6439,0.0,16.4,16.4,14.9,46.0,6.4,5.160277778,,,,,,,,,
2022-05-23 11:00:00,5,0,7.16,47.1,6.51,108.76,0.13,7.11,20.18,7.0,211.0,210.0,2.8,6.1,1055.0,3.0,1057.0,992.0,0.9,1000.1,390.5953,1000.2,271.5511,0.0,16.4,16.9,16.4,47.0,6.399722222,5.156388889,,,,,,,,,
2022-05-23 12:00:00,5,0,7.45,47.05,6.51,109.18,0.12,7.06,20.04,5.0,180.0,208.0,2.8,9.6,1123.0,4.7,1143.0,992.3,0.4,1000.4,394.2292,1000.5,166.0529,0.0,16.3,16.5,16.1,45.0,6.4,5.154166667,0.0,29.0,,,,,,,
2022-05-23 13:00:00,5,1,7.37,47.08,6.5,109.14,0.12,7.08,20.1,5.0,179.0,193.0,3.5,8.9,1210.0,4.6,1228.0,992.8,0.1,1000.9,393.1285,1000.9,197.7612,0.0,15.6,16.3,15.5,48.0,6.396111111,5.150277778,,,,,,,,,
2022-05-23 14:00:00,5,0,7.28,47.1,6.49,109.09,0.12,7.1,20.16,0.0,246.0,173.0,1.7,6.0,1308.0,3.7,1301.0,992.4,0.3,1000.5,398.6629,1000.6,267.7386,0.0,16.0,16.7,15.5,47.0,6.397222222,5.160277778,,,,,,,,,
2022-05-23 15:00:00,5,0,7.24,47.1,6.5,108.93,0.12,7.09,20.14,0.0,217.0,217.0,2.6,5.8,1457.0,2.6,1500.0,992.3,0.1,1000.4,398.2062,1000.5,125.7371,0.0,16.1,16.1,15.6,48.0,6.4,5.1525,,,,,,,,,
2022-05-23 16:00:00,5,0,7.21,47.1,6.51,108.98,0.12,7.09,20.12,5.0,279.0,222.0,2.3,6.9,1519.0,2.9,1506.0,992.4,0.0,1000.5,396.4547,1000.6,88.25465,0.0,15.6,16.1,15.4,50.0,6.4,5.151666667,,,,,,,,,
2022-05-23 17:00:00,5,0,7.23,47.11,6.51,109.09,0.12,7.08,20.11,2.0,257.0,227.0,1.5,8.3,1607.0,2.8,1616.0,992.7,0.3,1000.8,393.7961,1000.8,42.04688,0.0,15.3,15.6,15.1,49.0,6.381666667,5.133333333,,,,,,,,,
2022-05-23 18:00:00,5,0,7.18,47.09,6.52,109.06,0.13,7.1,20.15,3.0,206.0,200.0,3.3,11.2,1732.0,5.0,1737.0,993.2,0.8,1001.3,390.6335,1001.4,27.25486,0.0,14.6,15.5,14.6,51.0,6.398888889,5.076666667,,,,,,,,,
2022-05-23 19:00:00,5,0,7.54,47.06,6.53,109.82,0.12,7.03,19.95,0.0,294.0,208.0,1.0,6.1,1804.0,3.2,1801.0,993.3,0.8,1001.5,387.5056,1001.4,5.978029,0.0,13.0,14.6,13.0,67.0,6.4,5.0525,,,,,,,,,
2022-05-23 20:00:00,5,0,8.98,46.98,6.52,110.84,0.11,6.6,18.74,1.0,303.0,252.0,1.0,3.9,1929.0,1.6,1930.0,993.4,0.8,1001.6,390.8555,1001.5,-7.387152,0.3,11.5,13.3,11.5,79.0,6.399444444,5.053611111,,,,,,,,,
2022-05-23 21:00:00,5,0,9.16,46.98,6.53,110.61,0.12,6.56,18.61,0.0,321.0,312.0,0.5,1.9,2038.0,1.1,2003.0,993.2,0.0,1001.4,377.0652,1001.4,-12.28157,0.1,10.9,11.5,10.8,81.0,6.4,5.044444444,,,,,,,,,
2022-05-23 22:00:00,5,0,9.03,47.01,6.52,110.5,0.12,6.6,18.75,8.0,21.0,21.0,1.6,3.1,2153.0,1.6,2200.0,993.0,0.1,1001.2,379.0673,1001.2,-9.748093,0.1,10.8,10.9,10.6,83.0,6.367222222,5.0425,,,,,,,,,
2022-05-23 23:00:00,5,0,9.2,46.99,6.53,110.36,0.12,6.57,18.64,7.0,5.0,15.0,1.5,3.5,2211.0,1.9,2222.0,992.8,0.6,1001.0,380.2783,1001.0,-10.08411,0.0,10.9,11.0,10.7,79.0,6.360277778,5.025,,,,,,,,,
2022-05-24 00:00:00,5,0,9.05,46.73,6.53,110.13,0.12,6.65,18.88,7.0,5.0,9.0,1.8,3.5,2340.0,2.2,2347.0,992.8,0.5,1001.0,378.7621,1001.0,-10.21807,0.3,10.6,11.1,10.6,84.0,6.391944444,5.003333333,,,,,,,,,
2022-05-24 01:00:00,5,1,8.9,46.9,6.51,110.16,0.12,6.66,18.91,5.0,332.0,4.0,1.1,2.1,3.0,1.8,1.0,992.9,0.2,1001.2,383.322,1001.0,-8.272763,1.0,9.5,10.6,9.5,94.0,6.386388889,4.996388889,,,,,,,,,
2022-05-24 02:00:00,5,0,8.75,47.06,6.49,110.2,0.12,6.67,18.94,8.0,330.0,308.0,1.0,2.3,149.0,1.1,106.0,992.6,0.2,1000.9,384.2836,1000.7,-8.157628,0.6,9.3,9.5,9.3,95.0,6.352222222,4.980277778,,,,,,,,,
2022-05-24 03:00:00,5,0,9.22,46.96,6.52,110.39,0.11,6.52,18.51,8.0,18.0,18.0,2.0,3.7,234.0,2.0,300.0,992.2,0.5,1000.5,380.4142,1000.4,-8.7967,0.0,9.7,9.7,9.2,88.0,6.386388889,4.945833333,,,,,,,,,
2022-05-24 04:00:00,5,0,8.4,47.1,6.51,110.12,0.12,6.71,19.05,7.0,8.0,19.0,1.5,3.6,324.0,2.1,303.0,992.0,0.9,1000.3,372.9916,1000.1,2.150645,0.0,9.9,9.9,9.7,86.0,6.399722222,4.950833333,,,,,,,,,
2022-05-24 05:00:00,5,0,7.82,47.01,6.52,109.56,0.11,7.04,20.0,7.0,16.0,17.0,1.6,3.0,457.0,1.7,455.0,991.6,1.0,999.8,374.9784,999.7,36.05291,0.1,10.6,10.6,9.8,83.0,6.383333333,4.9475,,,,,,,,,
2022-05-24 06:00:00,5,0,8.32,47.25,6.52,110.15,0.12,6.8,19.3,7.0,357.0,1.0,1.0,2.8,517.0,1.8,517.0,991.4,0.9,999.6,379.5793,999.5,51.5196,0.3,10.9,10.9,10.4,86.0,6.3575,4.953055556,,,,,,,,,
2022-05-24 07:00:00,5,0,7.3,46.99,6.51,108.97,0.13,7.1,20.17,7.0,279.0,352.0,0.3,1.5,608.0,1.0,601.0,991.1,0.9,999.3,383.0434,999.2,98.93536,0.1,11.3,11.4,10.8,91.0,6.4,4.948333333,,,,,,,,,
2022-05-24 08:00:00,5,0,9.05,47.01,6.52,110.36,0.12,6.6,18.73,7.0,185.0,308.0,0.3,1.4,737.0,0.7,739.0,990.6,0.9,998.8,388.3735,998.8,127.8381,0.0,12.3,12.3,11.0,86.0,6.356944444,4.945555556,,,,,,,,,
2022-05-24 09:00:00,5,0,8.86,46.72,6.51,110.42,0.12,6.67,18.92,8.0,190.0,190.0,1.7,2.5,900.0,1.7,900.0,990.2,1.2,998.3,391.628,998.3,522.2512,0.0,15.1,15.4,12.3,60.0,6.345833333,4.946666667,,,,,,,,,
2022-05-24 22:00:00,6,0,8.42,46.99,6.52,110.21,0.12,6.84,19.41,7.0,25.0,25.0,1.4,3.4,2158.0,1.4,2200.0,986.8,0.7,995.0,362.0162,994.9,-9.947393,0.0,11.9,11.9,10.8,68.0,6.339166667,4.935555556,,,,,,,,,
2022-05-24 23:00:00,6,0,9.38,46.94,6.53,110.78,0.11,6.56,18.61,7.0,338.0,14.0,0.5,2.6,2208.0,1.7,2207.0,986.5,0.8,994.7,381.39,994.6,-10.66483,0.0,10.8,12.9,10.7,82.0,6.321111111,4.9425,,,,,,,,,
2022-05-25 00:00:00,6,0,8.82,47.0,6.52,110.51,0.12,6.71,19.05,5.0,238.0,225.0,0.7,1.5,0.0,0.8,2333.0,986.7,0.3,994.9,376.1394,994.8,-9.859949,0.0,10.7,11.0,10.5,83.0,6.314166667,4.945277778,,,,,,,,,
2022-05-25 01:00:00,6,1,8.84,47.03,6.51,110.34,0.12,6.72,19.08,5.0,284.0,268.0,0.7,2.9,42.0,1.1,43.0,986.6,0.1,994.8,372.2412,994.7,-11.5946,0.0,10.7,11.0,10.4,84.0,6.348333333,4.947222222,,,,,,,,,
2022-05-25 02:00:00,6,0,8.86,47.06,6.5,110.16,0.12,6.73,19.12,2.0,319.0,297.0,0.6,1.7,113.0,0.9,113.0,986.8,0.3,995.0,344.1832,994.9,-11.10933,0.0,10.0,10.9,10.0,84.0,6.358055556,4.9525,,,,,,,,,
2022-05-25 03:00:00,6,0,8.69,47.04,6.51,110.28,0.12,6.78,19.24,8.0,11.0,5.0,1.0,2.6,234.0,1.1,259.0,986.4,0.3,994.6,300.2633,994.4,-6.79333,0.0,9.7,10.0,9.2,85.0,6.371388889,4.947777778,,,,,,,,,
2022-05-25 04:00:00,6,0,9.27,47.01,6.53,110.88,0.11,6.63,18.83,8.0,297.0,355.0,0.9,4.2,305.0,1.7,315.0,986.1,0.6,994.3,305.7538,994.2,14.19739,0.0,10.3,10.4,9.7,80.0,6.376388889,4.944444444,,,,,,,,,
2022-05-25 05:00:00,6,0,9.11,47.07,6.52,110.41,0.11,6.68,18.97,5.0,205.0,234.0,1.6,8.0,446.0,2.2,449.0,986.6,0.1,994.7,360.0386,994.7,55.85275,0.0,13.6,13.6,10.3,48.0,6.317222222,4.952222222,,,,,,,,,
2022-05-25 06:00:00,6,0,9.6,46.93,6.51,110.62,0.11,6.51,18.49,3.0,231.0,217.0,3.0,9.8,528.0,4.3,541.0,988.2,1.7,996.4,374.4498,996.3,51.57497,0.0,11.4,13.8,11.4,68.0,6.371944444,4.973055556,,,,,,,,,
2022-05-25 07:00:00,6,0,9.71,46.88,6.52,110.29,0.11,6.45,18.32,3.0,230.0,228.0,2.9,10.1,603.0,4.1,655.0,989.9,3.7,998.2,368.5729,998.0,123.5774,0.3,9.3,11.4,9.3,77.0,6.341666667,4.999444444,,,,,,,,,
2022-05-25 08:00:00,6,0,9.04,47.03,6.46,110.3,0.12,6.64,18.86,1.0,226.0,214.0,3.6,9.0,756.0,3.9,751.0,990.6,4.0,998.8,350.835,998.7,180.3629,0.1,10.9,10.9,9.1,61.0,6.351944444,5.036666667,,,,,,,,,
2022-05-25 09:00:00,6,0,8.38,46.98,6.45,109.17,0.12,6.84,19.4,1.0,234.0,215.0,2.4,9.4,802.0,4.2,821.0,991.2,3.1,999.4,355.1475,999.4,361.1783,0.0,11.8,12.1,10.9,57.0,6.373888889,5.05,,,,,,,,,
2022-05-25 10:00:00,6,0,8.41,47.01,6.45,109.07,0.12,6.81,19.33,1.0,235.0,222.0,2.7,7.7,906.0,3.5,914.0,991.7,1.7,999.9,363.6581,999.8,376.7735,0.0,11.8,12.8,11.8,55.0,6.308055556,5.055277778,,,,,,,,,
2022-05-25 11:00:00,6,0,8.49,47.0,6.47,109.13,0.12,6.77,19.22,2.0,219.0,222.0,2.5,7.8,1010.0,2.8,1054.0,992.1,1.4,1000.3,362.7801,1000.2,367.3393,0.0,12.5,12.8,11.7,57.0,6.353055556,5.053888889,,,,,,,,,
2022-05-25 12:00:00,6,0,8.47,46.99,6.45,109.07,0.11,6.78,19.26,1.0,216.0,208.0,2.5,6.3,1143.0,2.7,1131.0,992.2,0.9,1000.4,344.5764,1000.3,384.4696,0.0,13.4,13.4,12.4,49.0,6.335,5.055277778,,,,,,,,,
2022-05-25 13:00:00,6,1,8.2,47.02,6.46,108.72,0.12,6.84,19.4,2.0,226.0,218.0,2.2,7.9,1236.0,3.0,1221.0,992.5,0.8,1000.6,341.3959,1000.6,454.6356,0.0,14.1,14.1,13.2,47.0,6.341944444,5.052777778,,,,,,,,,
2022-05-25 14:00:00,6,0,7.94,47.04,6.47,108.36,0.13,6.89,19.55,2.0,221.0,215.0,2.9,7.2,1319.0,3.1,1337.0,992.7,0.6,1000.8,348.4015,1000.9,681.751,0.0,14.7,15.4,14.0,44.0,6.347222222,5.0375,,,,,,,,,
2022-05-25 15:00:00,6,0,7.71,47.05,6.48,107.89,0.12,6.93,19.68,0.0,221.0,220.0,2.0,10.4,1404.0,3.4,1413.0,992.5,0.3,1000.6,344.1666,1000.6,523.7665,0.0,14.2,15.1,14.2,46.0,6.384722222,5.041111111,,,,,,,,,
2022-05-25 16:00:00,6,0,7.98,47.04,6.5,108.75,0.12,6.88,19.53,8.0,226.0,218.0,1.7,5.4,1507.0,2.1,1515.0,991.8,0.7,999.9,340.951,999.9,376.9566,0.0,14.7,14.7,14.2,45.0,6.371944444,5.016111111,,,,,,,,,
2022-05-25 17:00:00,6,0,7.69,47.04,6.49,108.29,0.12,6.95,19.73,7.0,192.0,230.0,0.7,4.3,1624.0,1.7,1602.0,991.5,1.3,999.6,351.8993,999.6,238.7719,0.0,14.2,14.9,14.2,45.0,6.386111111,5.001388889,,,,,,,,,
2022-05-25 18:00:00,6,0,7.45,47.08,6.49,108.0,0.12,7.01,19.9,6.0,41.0,40.0,0.6,3.8,1715.0,1.7,1720.0,991.3,1.2,999.5,344.5337,999.4,110.9391,0.0,12.6,14.2,12.6,60.0,6.352777778,4.998611111,,,,,,,,,
2022-05-25 19:00:00,6,0,7.25,47.08,6.5,107.69,0.12,7.04,20.0,7.0,234.0,29.0,0.8,2.2,1813.0,1.0,1827.0,991.2,0.6,999.4,364.6682,999.3,40.99669,0.0,11.5,12.6,11.5,68.0,6.366944444,4.997777778,,,,,,,,,
2022-05-25 20:00:00,6,0,7.08,47.09,6.49,107.42,0.13,7.1,20.15,7.0,274.0,238.0,0.5,1.3,1938.0,0.8,1909.0,991.0,0.5,999.2,357.6503,999.1,19.58179,0.0,11.0,11.5,11.0,71.0,6.325833333,4.973055556,,,,,,,,,
2022-05-25 21:00:00,6,0,7.13,47.07,6.48,107.61,0.12,7.08,20.11,7.0,321.0,274.0,0.3,1.7,2017.0,0.9,2026.0,990.9,0.4,999.1,357.1037,999.0,-4.223407,0.0,10.1,11.0,10.1,75.0,6.342222222,4.959444444,,,,,,,,,
2022-05-25 22:00:00,6,0,7.14,47.08,6.49,107.63,0.12,7.08,20.11,7.0,350.0,344.0,0.6,2.4,2147.0,0.9,2150.0,990.5,0.7,998.7,354.5902,998.6,-10.18169,0.0,9.6,10.1,9.6,79.0,6.300555556,4.952222222,,,,,,,,,
2022-05-25 23:00:00,6,0,7.79,47.04,6.5,108.34,0.14,6.93,19.69,8.0,321.0,203.0,0.5,1.1,2201.0,0.8,2204.0,990.0,1.0,998.3,352.9852,998.1,-10.59216,0.0,9.2,9.6,9.2,79.0,6.320833333,4.944444444,,,,,,,,,
2022-05-26 00:00:00,6,0,7.53,47.07,6.48,107.98,0.13,7.02,19.94,7.0,336.0,316.0,0.2,0.9,2319.0,0.6,2328.0,989.5,1.4,997.8,342.7613,997.6,-10.45202,0.0,8.7,9.2,8.7,82.0,6.341388889,4.950555556,,,,,,,,,
2022-05-26 01:00:00,6,1,7.19,47.08,6.48,107.34,0.13,7.1,20.18,7.0,317.0,348.0,0.5,1.3,41.0,0.9,44.0,988.9,1.5,997.2,302.5751,997.0,-11.93418,0.0,7.7,8.7,7.6,85.0,6.322777778,4.953333333,,,,,,,,,
2022-05-26 02:00:00,6,0,6.84,47.1,6.47,106.69,0.13,7.19,20.42,7.0,335.0,344.0,0.7,1.4,130.0,0.8,159.0,988.7,1.3,997.0,321.7533,996.8,-10.27543,0.0,7.9,8.0,7.4,84.0,6.3,4.946666667,,,,,,,,,
2022-05-26 03:00:00,6,0,6.99,47.06,6.48,106.82,0.12,7.15,20.29,6.0,248.0,322.0,0.6,1.7,256.0,0.7,201.0,988.5,0.9,996.8,354.4134,996.6,-3.155892,0.0,7.7,8.0,7.7,89.0,6.375,4.941388889,,,,,,,,,
2022-05-26 04:00:00,6,0,6.7,47.11,6.48,106.45,0.13,7.22,20.51,5.0,290.0,259.0,0.3,1.3,358.0,0.6,302.0,988.6,0.3,996.9,357.372,996.7,20.7734,0.0,8.0,8.1,7.6,90.0,6.366944444,4.935277778,,,,,,,,,
2022-05-26 05:00:00,6,0,6.94,47.1,6.49,106.94,0.13,7.17,20.37,3.0,249.0,57.0,0.6,1.8,431.0,0.8,433.0,988.8,0.1,997.1,360.0162,996.9,40.09631,0.0,9.0,9.0,8.0,88.0,6.325,4.933333333,,,,,,,,,
2022-05-26 06:00:00,6,0,7.33,47.06,6.5,107.57,0.12,7.09,20.14,2.0,233.0,215.0,0.4,1.7,502.0,0.9,509.0,989.1,0.6,997.3,366.572,997.2,82.92533,0.0,9.5,9.5,8.7,86.0,6.348888889,4.935555556,,,,,,,,,
2022-05-26 07:00:00,6,0,7.53,47.05,6.5,107.81,0.13,7.03,19.97,3.0,201.0,201.0,1.7,5.0,659.0,1.7,700.0,989.9,1.2,998.1,371.0675,998.0,101.9395,0.0,9.7,10.2,9.5,78.0,6.381111111,4.943888889,,,,,,,,,
2022-05-26 08:00:00,6,0,7.62,47.04,6.5,107.88,0.13,7.0,19.88,3.0,239.0,206.0,1.6,4.3,702.0,2.5,707.0,990.7,1.8,998.9,388.47,998.8,65.15211,0.1,9.8,9.9,9.5,79.0,6.339444444,4.95,,,,,,,,,
2022-05-26 09:00:00,6,0,7.76,47.04,6.5,108.08,0.12,6.97,19.78,3.0,222.0,222.0,3.1,8.1,857.0,3.1,900.0,992.0,2.9,1000.3,385.2998,1000.2,112.7918,0.7,8.9,10.1,8.9,87.0,6.3,4.953055556,,,,,,,,,
2022-05-26 10:00:00,6,0,7.95,47.02,6.5,108.39,0.12,6.93,19.68,3.0,210.0,213.0,2.9,8.7,922.0,3.5,931.0,992.8,2.9,1001.1,382.0776,1001.0,190.8165,0.1,9.7,9.7,8.9,85.0,6.311666667,4.950555556,,,,,,,,,
2022-05-26 11:00:00,6,0,7.68,47.01,6.45,107.67,0.12,6.99,19.85,1.0,211.0,212.0,2.5,7.5,1015.0,3.6,1016.0,993.8,3.1,1002.1,389.9798,1001.9,200.835,0.3,9.6,9.7,9.1,85.0,6.316944444,4.973888889,,,,,,,,,
2022-05-26 12:00:00,6,0,7.63,47.04,6.48,107.66,0.13,6.99,19.84,2.0,224.0,210.0,1.8,6.8,1134.0,2.4,1104.0,994.3,2.3,1002.6,387.0744,1002.5,133.3708,1.7,8.9,9.9,8.9,88.0,6.324166667,5.130555556,,,,,,,,,
2022-05-26 13:00:00,6,1,7.58,47.04,6.47,107.57,0.13,7.0,19.86,2.0,209.0,209.0,3.9,8.2,1254.0,3.9,1300.0,995.0,2.1,1003.3,380.3431,1003.2,85.44656,1.2,8.5,8.9,8.5,84.0,6.306666667,5.175555556,,,,,,,,,
2022-05-26 14:00:00,6,0,7.52,47.04,6.46,107.49,0.13,7.0,19.88,1.0,252.0,209.0,1.5,8.7,1309.0,3.8,1301.0,995.2,1.5,1003.5,381.3269,1003.4,98.99552,1.2,9.2,9.2,8.4,88.0,6.323055556,5.155,,,,,,,,,
2022-05-26 15:00:00,6,0,7.28,47.05,6.48,107.12,0.12,7.07,20.07,1.0,298.0,202.0,1.7,7.2,1417.0,3.5,1426.0,995.3,1.0,1003.6,378.3006,1003.5,116.8435,1.6,8.9,9.4,8.1,86.0,6.342222222,5.0975,,,,,,,,,
2022-05-26 16:00:00,6,0,7.14,47.05,6.48,107.03,0.13,7.1,20.17,0.0,295.0,240.0,1.0,4.3,1508.0,2.0,1523.0,995.4,0.3,1003.7,373.9269,1003.5,206.5661,0.2,9.1,11.0,8.9,85.0,6.370555556,5.051388889,,,,,,,,,
2022-05-26 17:00:00,6,0,7.14,47.04,6.48,106.97,0.13,7.08,20.12,0.0,289.0,252.0,1.5,7.0,1609.0,2.5,1613.0,995.3,0.1,1003.6,382.1131,1003.5,135.555,1.8,8.9,9.1,8.0,89.0,6.375,5.049444444,,,,,,,,,
2022-05-26 18:00:00,6,0,7.14,47.04,6.49,106.93,0.13,7.08,20.09,8.0,309.0,303.0,1.1,4.8,1744.0,1.8,1724.0,995.2,0.1,1003.5,348.4484,1003.4,50.54512,0.0,7.9,8.9,7.9,92.0,6.350555556,5.077777778,,,,,,,,,
2022-05-26 19:00:00,6,0,7.1,47.04,6.49,106.88,0.13,7.1,20.15,4.0,9.0,292.0,1.0,3.8,1816.0,1.9,1818.0,995.3,0.0,1003.7,356.1444,1003.5,18.77269,0.2,7.3,7.9,7.3,93.0,6.334166667,5.101388889,,,,,,,,,
2022-05-26 20:00:00,6,0,7.09,47.03,6.49,106.84,0.12,7.07,20.07,3.0,326.0,301.0,0.8,2.5,1927.0,1.2,1930.0,995.5,0.1,1003.9,321.7769,1003.6,15.1454,0.0,6.9,7.3,6.8,95.0,6.371111111,5.126666667,,,,,,,,,
2022-05-26 21:00:00,6,0,7.09,47.04,6.49,106.8,0.12,7.03,19.97,2.0,327.0,334.0,0.9,1.8,2046.0,1.1,2051.0,995.5,0.3,1003.9,320.3235,1003.7,0.4098663,0.0,6.4,7.1,6.4,95.0,6.307222222,5.123611111,,,,,,,,,
2022-05-26 22:00:00,6,0,7.09,47.04,6.5,106.79,0.13,7.08,20.1,2.0,314.0,327.0,0.7,1.2,2113.0,0.9,2106.0,995.5,0.2,1003.9,321.592,1003.7,-9.398006,0.0,6.1,6.5,6.1,95.0,6.3675,5.086944444,,,,,,,,,
2022-05-26 23:00:00,6,0,7.09,47.03,6.5,106.72,0.13,7.08,20.11,4.0,344.0,317.0,0.5,1.3,2232.0,0.8,2215.0,995.4,0.1,1003.8,321.1245,1003.6,-10.00764,0.0,6.1,6.2,5.8,96.0,6.303055556,5.063055556,,,,,,,,,
2022-05-27 00:00:00,6,0,7.08,47.03,6.5,106.69,0.13,7.07,20.09,7.0,12.0,321.0,0.4,1.3,2326.0,0.7,2350.0,995.2,0.3,1003.6,294.1523,1003.4,-11.46567,0.0,5.5,6.2,5.5,95.0,6.356944444,5.051111111,,,,,,,,,
2022-05-27 01:00:00,6,1,7.03,47.05,6.48,106.65,0.13,7.08,20.13,7.0,339.0,17.0,0.3,3.2,8.0,1.5,14.0,995.1,0.4,1003.5,280.394,1003.3,-11.64193,0.0,5.4,5.8,5.2,96.0,6.3,5.046666667,,,,,,,,,
2022-05-27 02:00:00,6,0,6.99,47.07,6.45,106.61,0.13,7.1,20.17,7.0,328.0,328.0,0.6,1.4,117.0,0.7,156.0,995.0,0.4,1003.4,294.0219,1003.2,-10.2181,0.0,5.1,5.5,5.1,96.0,6.345555556,5.054166667,,,,,,,,,
2022-05-27 03:00:00,6,0,7.0,47.05,6.48,106.61,0.13,7.1,20.15,7.0,271.0,19.0,0.4,2.6,237.0,1.5,245.0,995.0,0.2,1003.4,273.1564,1003.2,-5.507856,0.0,4.7,5.3,4.7,94.0,6.301944444,5.049722222,,,,,,,,,
2022-05-27 04:00:00,6,0,7.0,47.04,6.49,106.63,0.13,7.08,20.11,2.0,290.0,261.0,0.5,1.2,349.0,0.6,357.0,995.3,0.1,1003.7,271.9256,1003.4,5.947564,0.0,4.9,4.9,4.6,96.0,6.357777778,5.052777778,,,,,,,,,
2022-05-27 05:00:00,6,0,6.99,47.05,6.5,106.52,0.13,7.09,20.14,2.0,359.0,356.0,0.0,0.9,410.0,0.5,419.0,995.4,0.4,1003.8,276.6179,1003.6,28.31796,0.0,6.6,6.6,4.9,96.0,6.352777778,5.068888889,,,,,,,,,
2022-05-27 06:00:00,6,0,6.97,47.05,6.5,106.43,0.13,7.08,20.09,2.0,112.0,174.0,0.4,1.2,558.0,0.5,531.0,996.0,0.9,1004.4,292.2175,1004.2,196.1354,0.0,7.3,7.3,6.6,91.0,6.399444444,5.126666667,,,,,,,,,
2022-05-27 07:00:00,6,0,6.98,47.04,6.49,106.46,0.13,7.06,20.06,2.0,137.0,156.0,0.7,2.2,657.0,0.9,638.0,996.5,1.2,1004.8,323.9243,1004.6,325.2575,0.0,9.0,9.2,7.3,77.0,6.379722222,5.155277778,,,,,,,,,
2022-05-27 08:00:00,6,0,6.97,47.05,6.49,106.49,0.13,7.1,20.15,2.0,174.0,150.0,1.0,2.9,741.0,1.2,747.0,996.9,1.5,1005.2,330.446,1005.1,267.6804,0.0,9.4,10.1,8.6,75.0,6.359444444,5.156666667,,,,,,,,,
2022-05-27 09:00:00,6,0,7.04,47.04,6.49,106.53,0.13,7.07,20.08,2.0,176.0,196.0,1.2,4.0,813.0,1.7,822.0,997.5,1.5,1005.8,369.4567,1005.6,159.8271,0.3,8.7,9.4,8.7,80.0,6.375,5.155555556,,,,,,,,,
2022-05-27 10:00:00,6,0,7.13,47.02,6.49,106.77,0.12,7.07,20.07,2.0,205.0,205.0,3.6,5.7,957.0,3.6,1000.0,998.0,1.6,1006.3,386.2342,1006.2,363.5052,0.0,9.8,10.4,8.7,77.0,6.333333333,5.143055556,,,,,,,,,
2022-05-27 11:00:00,6,0,7.18,47.05,6.49,106.9,0.12,7.1,20.15,2.0,205.0,203.0,2.0,6.2,1019.0,3.8,1025.0,998.5,1.6,1006.8,381.0665,1006.7,294.6176,0.1,10.3,10.3,9.3,78.0,6.358333333,5.063888889,,,,,,,,,
2022-05-27 12:00:00,6,0,7.3,47.03,6.49,107.03,0.12,7.08,20.12,2.0,268.0,202.0,1.2,5.6,1124.0,3.1,1106.0,999.1,1.6,1007.4,375.4276,1007.3,175.4091,0.0,9.9,10.3,9.6,75.0,6.343333333,5.0525,,,,,,,,,
2022-05-27 13:00:00,6,1,7.57,47.02,6.48,107.34,0.12,6.98,19.82,2.0,357.0,268.0,1.2,5.1,1234.0,1.5,1243.0,999.6,1.6,1007.9,377.3869,1007.8,108.2926,0.1,9.3,9.9,9.2,82.0,6.338461538,5.059722222,,,,,,,,,
2022-05-27 14:00:00,6,0,7.83,47.0,6.48,107.66,0.13,6.88,19.52,2.0,122.0,204.0,1.2,5.9,1309.0,3.1,1318.0,1000.2,1.7,1008.5,390.8774,1008.4,232.9514,0.1,9.7,10.1,9.3,77.0,6.320833333,5.0575,,,,,,,,,
2022-05-27 15:00:00,6,0,7.84,46.99,6.49,107.69,0.12,6.89,19.55,2.0,179.0,205.0,2.5,5.1,1445.0,2.7,1446.0,1000.7,1.6,1009.0,354.7798,1008.9,473.575,0.0,11.6,11.6,9.6,65.0,6.313611111,5.054166667,,,,,,,,,
2022-05-27 16:00:00,6,0,7.9,47.0,6.5,107.79,0.12,6.87,19.51,2.0,213.0,209.0,1.9,6.7,1600.0,2.4,1531.0,1001.1,1.5,1009.4,355.4173,1009.3,229.6526,0.0,9.4,11.8,9.4,76.0,6.355,5.100277778,,,,,,,,,
2022-05-27 17:00:00,6,0,7.93,47.0,6.5,107.85,0.12,6.85,19.45,2.0,273.0,224.0,0.7,5.7,1603.0,2.5,1608.0,1001.7,1.5,1010.1,382.0153,1009.9,50.46642,0.7,8.0,9.4,8.0,92.0,6.3475,5.156111111,,,,,,,,,
2022-05-27 18:00:00,6,0,7.97,47.0,6.51,107.86,0.12,6.85,19.44,2.0,290.0,189.0,0.6,2.1,1703.0,1.1,1738.0,1002.2,1.4,1010.6,383.4919,1010.4,15.27641,1.3,8.2,8.3,8.0,93.0,6.383888889,5.156111111,,,,,,,,,
2022-05-27 19:00:00,6,0,8.01,46.98,6.52,107.89,0.12,6.83,19.39,2.0,328.0,269.0,0.6,2.3,1841.0,1.1,1843.0,1002.6,1.5,1011.0,382.3155,1010.8,10.30099,1.1,8.0,8.2,7.9,94.0,6.371388889,5.172222222,,,,,,,,,
2022-05-27 20:00:00,6,0,8.01,46.98,6.51,107.85,0.12,6.8,19.31,2.0,314.0,288.0,0.7,2.5,1948.0,0.9,1950.0,1002.8,1.1,1011.2,381.6965,1011.0,-1.685025,0.0,7.7,8.0,7.7,95.0,6.393611111,5.1825,,,,,,,,,
2022-05-27 21:00:00,6,0,8.0,46.97,6.51,107.82,0.11,6.83,19.39,2.0,308.0,253.0,0.7,4.8,2024.0,1.4,2030.0,1003.3,1.1,1011.7,378.3773,1011.5,-6.936651,0.7,7.3,7.7,7.3,94.0,6.3225,5.190555556,,,,,,,,,
2022-05-27 22:00:00,6,0,7.98,46.97,6.51,107.71,0.12,6.84,19.42,0.0,299.0,260.0,0.9,3.4,2151.0,1.3,2152.0,1003.2,0.6,1011.6,376.9044,1011.5,-7.547183,1.6,7.5,7.5,7.2,95.0,6.315833333,5.196388889,,,,,,,,,
2022-05-27 23:00:00,6,0,7.96,46.96,6.5,107.57,0.13,6.85,19.45,1.0,327.0,259.0,0.6,3.8,2208.0,1.3,2217.0,1003.3,0.6,1011.7,378.6642,1011.6,-7.961432,1.4,7.7,7.7,7.5,96.0,6.368055556,5.1925,,,,,,,,,
2022-05-28 00:00:00,6,0,7.87,46.96,6.49,107.41,0.12,6.86,19.48,2.0,353.0,288.0,0.6,2.0,2313.0,1.0,2348.0,1003.5,0.2,1011.9,379.6869,1011.7,-8.105018,1.5,7.8,7.8,7.7,96.0,6.367222222,5.1925,,,,,,,,,
2022-05-28 01:00:00,6,1,7.72,46.97,6.49,107.22,0.12,6.9,19.6,2.0,249.0,264.0,1.0,2.3,54.0,1.1,56.0,1003.8,0.6,1012.2,379.8568,1012.1,-7.280086,2.5,7.8,7.9,7.8,95.0,6.342222222,5.176666667,,,,,,,,,
2022-05-28 02:00:00,6,0,7.58,46.98,6.49,107.04,0.12,6.95,19.72,2.0,280.0,243.0,0.7,4.7,149.0,1.5,128.0,1004.4,1.0,1012.8,378.3463,1012.6,-7.394878,1.6,7.4,7.8,7.4,94.0,6.326944444,5.149444444,,,,,,,,,
2022-05-28 03:00:00,6,0,7.46,46.97,6.49,106.96,0.13,6.98,19.81,3.0,207.0,266.0,1.1,4.0,207.0,1.3,210.0,1005.2,1.6,1013.6,375.4187,1013.4,-6.78372,1.6,7.1,7.4,7.1,94.0,6.3,5.130833333,,,,,,,,,
2022-05-28 04:00:00,6,0,7.41,46.97,6.5,106.73,0.12,6.99,19.85,2.0,217.0,241.0,1.5,3.8,335.0,1.7,354.0,1005.8,1.9,1014.3,374.3413,1014.0,-2.768833,0.7,6.8,7.1,6.8,94.0,6.341666667,5.120277778,,,,,,,,,
2022-05-28 05:00:00,6,0,7.38,46.96,6.5,106.72,0.12,7.0,19.87,2.0,298.0,202.0,0.9,3.7,436.0,1.5,402.0,1006.4,2.1,1014.9,374.3606,1014.7,0.8002911,0.1,6.5,6.8,6.5,92.0,6.366666667,5.083611111,,,,,,,,,
2022-05-28 06:00:00,6,0,7.4,46.99,6.49,106.98,0.13,6.99,19.86,2.0,315.0,243.0,0.7,2.4,545.0,1.3,548.0,1006.9,1.7,1015.4,374.1921,1015.2,16.36952,0.0,6.7,6.7,6.5,93.0,6.348055556,5.088333333,,,,,,,,,
2022-05-28 07:00:00,6,0,7.44,46.99,6.49,106.88,0.12,6.96,19.77,2.0,296.0,261.0,0.7,3.0,621.0,1.1,628.0,1007.5,1.7,1016.0,363.5527,1015.8,31.69662,0.0,6.9,7.0,6.6,91.0,6.383888889,5.072222222,,,,,,,,,
2022-05-28 08:00:00,6,0,7.4,46.99,6.49,106.9,0.12,6.95,19.74,2.0,215.0,215.0,0.9,2.6,710.0,0.9,800.0,1007.8,1.4,1016.3,361.524,1016.1,58.9035,0.0,7.2,7.4,6.9,86.0,6.333611111,5.060277778,,,,,,,,,
2022-05-28 09:00:00,6,0,7.34,46.99,6.49,106.77,0.12,6.97,19.8,2.0,208.0,203.0,1.2,3.2,856.0,1.3,859.0,1008.2,1.3,1016.7,372.5887,1016.4,78.20827,0.0,7.4,7.4,7.1,87.0,6.3025,5.076111111,,,,,,,,,
2022-05-28 10:00:00,6,0,7.37,46.97,6.49,106.71,0.12,6.96,19.76,2.0,214.0,214.0,1.1,4.0,946.0,1.7,952.0,1008.4,1.0,1016.9,377.399,1016.7,92.84701,0.1,7.2,7.5,7.1,89.0,6.370555556,5.082222222,,,,,,,,,
2022-05-28 11:00:00,6,0,7.34,46.97,6.49,106.63,0.13,6.96,19.75,2.0,216.0,216.0,2.3,5.7,1058.0,2.3,1100.0,1008.5,0.7,1017.0,382.4832,1016.8,156.2059,0.1,7.8,7.8,7.2,85.0,6.3675,5.086944444,,,,,,,,,
2022-05-28 12:00:00,6,0,7.34,46.97,6.48,106.59,0.13,6.97,19.79,2.0,204.0,205.0,3.1,7.3,1106.0,3.2,1159.0,1008.4,0.3,1016.9,372.2769,1016.7,225.8289,0.0,7.5,7.8,7.3,85.0,6.352777778,5.078055556,,,,,,,,,
2022-05-28 13:00:00,6,1,7.34,46.97,6.45,106.68,0.13,6.97,19.78,2.0,205.0,205.0,3.2,7.0,1215.0,3.2,1300.0,1008.5,0.2,1017.0,361.9607,1016.8,204.3681,0.0,7.3,7.9,7.3,84.0,6.362777778,5.071388889,,,,,,,,,
2022-05-28 14:00:00,6,0,7.34,46.98,6.42,106.77,0.13,6.97,19.78,4.0,204.0,201.0,3.1,6.3,1339.0,3.6,1335.0,1008.6,0.1,1017.1,376.5829,1016.9,166.095,0.5,6.6,7.4,6.6,92.0,6.3,5.075833333,,,,,,,,,
2022-05-28 15:00:00,6,0,7.44,46.98,6.48,106.74,0.13,6.94,19.72,4.0,201.0,208.0,3.0,6.9,1423.0,3.8,1432.0,1008.4,0.0,1016.9,373.144,1016.7,117.9905,0.3,6.5,6.8,6.4,93.0,6.3,5.085277778,,,,,,,,,
2022-05-28 16:00:00,6,0,7.59,46.96,6.48,106.88,0.12,6.92,19.64,7.0,225.0,206.0,2.0,6.7,1513.0,3.5,1516.0,1008.5,0.2,1017.0,373.0892,1016.7,105.3349,0.3,6.3,6.8,6.3,93.0,6.3,5.087777778,,,,,,,,,
2022-05-28 17:00:00,6,0,7.49,46.97,6.48,106.73,0.13,6.95,19.73,7.0,215.0,210.0,2.6,7.6,1620.0,3.7,1619.0,1008.4,0.2,1016.9,369.253,1016.7,63.54712,0.9,5.9,6.3,5.9,93.0,6.3,5.073888889,,,,,,,,,
2022-05-28 18:00:00,6,0,7.44,46.97,6.48,106.76,0.12,6.97,19.8,7.0,205.0,204.0,2.9,5.9,1734.0,3.0,1759.0,1008.1,0.3,1016.6,367.5255,1016.4,38.01837,0.2,5.7,6.0,5.7,93.0,6.305555556,5.055,,,,,,,,,
2022-05-28 19:00:00,6,0,7.35,47.0,6.49,106.68,0.13,6.99,19.84,7.0,211.0,206.0,1.9,5.8,1836.0,2.9,1801.0,1007.8,0.6,1016.3,365.7884,1016.1,17.43162,0.8,5.5,5.7,5.5,94.0,6.343333333,5.0475,,,,,,,,,
2022-05-28 20:00:00,6,0,6.94,47.04,6.49,106.23,0.12,7.1,20.17,7.0,226.0,216.0,1.7,4.5,1958.0,2.0,1904.0,1007.6,0.8,1016.1,367.7954,1015.9,8.302667,0.0,5.5,5.7,5.5,93.0,6.325277778,5.049722222,,,,,,,,,
2022-05-28 21:00:00,6,0,6.97,47.02,6.49,106.13,0.13,7.09,20.14,7.0,223.0,215.0,1.8,5.1,2051.0,2.1,2058.0,1007.2,0.9,1015.7,364.9684,1015.5,-3.803002,0.4,5.2,5.5,5.2,93.0,6.376944444,5.0525,,,,,,,,,
2022-05-28 22:00:00,6,0,7.18,47.0,6.49,106.39,0.13,7.03,19.97,7.0,238.0,210.0,1.6,6.3,2200.0,1.7,2123.0,1006.8,1.0,1015.3,363.6399,1015.1,-7.853414,0.5,5.2,5.2,5.0,94.0,6.3475,5.044166667,,,,,,,,,
2022-05-28 23:00:00,6,0,7.1,47.01,6.49,106.37,0.13,7.05,20.01,7.0,284.0,207.0,0.8,4.3,2201.0,2.1,2206.0,1006.1,1.5,1014.6,364.2715,1014.3,-8.219851,0.4,5.1,5.2,5.1,94.0,6.355,5.005277778,,,,,,,,,
2022-05-29 00:00:00,6,0,7.09,47.0,6.48,106.31,0.13,7.05,20.02,8.0,244.0,233.0,1.3,4.6,2324.0,1.9,2333.0,1005.2,2.0,1013.7,363.7842,1013.5,-9.027939,0.3,5.0,5.2,5.0,93.0,6.365277778,4.999722222,,,,,,,,,
2022-05-29 01:00:00,6,1,7.0,47.01,6.46,106.14,0.12,7.08,20.12,6.0,228.0,228.0,2.1,6.3,53.0,2.1,100.0,1004.8,2.0,1013.3,362.5007,1013.1,-8.108295,1.1,5.0,5.2,5.0,93.0,6.353888889,4.996388889,,,,,,,,,
2022-05-29 02:00:00,6,0,6.91,47.02,6.45,105.97,0.12,7.12,20.23,7.0,216.0,232.0,1.7,4.5,130.0,2.0,101.0,1003.9,2.2,1012.4,361.3879,1012.1,-7.114708,2.5,4.9,5.0,4.8,95.0,6.393888889,4.996944444,,,,,,,,,
2022-05-29 03:00:00,6,0,6.85,47.03,6.46,105.88,0.13,7.13,20.25,7.0,238.0,234.0,1.7,4.0,258.0,1.8,259.0,1003.3,1.9,1011.8,360.5982,1011.5,-4.526714,3.3,4.7,4.9,4.7,94.0,6.3925,4.997222222,,,,,,,,,
2022-05-29 04:00:00,6,0,6.76,47.03,6.48,105.78,0.13,7.17,20.36,7.0,247.0,226.0,2.1,5.9,356.0,2.2,326.0,1002.5,2.3,1011.0,359.7448,1010.8,-2.100321,3.3,4.7,4.7,4.6,95.0,6.345833333,4.993611111,,,,,,,,,
2022-05-29 05:00:00,6,0,6.93,46.98,6.48,105.82,0.13,7.15,20.29,8.0,260.0,258.0,2.5,7.2,436.0,2.7,441.0,1001.8,2.1,1010.3,359.9029,1010.0,4.391088,3.9,4.9,4.9,4.7,95.0,6.3175,4.969444444,,,,,,,,,
2022-05-29 06:00:00,6,0,7.1,46.94,6.46,105.71,0.13,7.09,20.14,6.0,221.0,258.0,2.1,6.0,530.0,2.7,502.0,1001.4,2.0,1009.9,362.4648,1009.6,17.97543,2.6,5.6,5.6,4.9,95.0,6.368888889,4.976388889,,,,,,,,,
2022-05-29 07:00:00,6,0,7.1,46.93,6.49,105.62,0.13,7.09,20.14,6.0,236.0,219.0,1.6,5.2,649.0,2.0,605.0,1001.1,1.4,1009.5,366.981,1009.3,28.54523,1.4,5.9,5.9,5.6,95.0,6.3,4.989722222,,,,,,,,,
2022-05-29 08:00:00,6,0,7.06,46.91,6.48,105.59,0.13,7.1,20.15,7.0,244.0,249.0,1.5,6.8,717.0,2.5,720.0,1000.8,1.0,1009.3,367.0281,1009.0,52.7287,1.7,5.6,5.9,5.6,93.0,6.365555556,4.99,,,,,,,,,
2022-05-29 09:00:00,6,0,7.15,46.91,6.48,105.62,0.12,7.07,20.09,7.0,222.0,247.0,1.3,5.5,826.0,2.0,830.0,1000.6,0.7,1009.0,366.5571,1008.8,61.2817,2.7,5.8,5.9,5.5,93.0,6.358611111,4.983611111,,,,,,,,,
2022-05-29 10:00:00,6,0,7.14,46.91,6.49,105.62,0.13,7.06,20.06,5.0,211.0,207.0,2.0,7.1,932.0,3.6,938.0,1000.7,0.5,1009.1,367.7787,1008.9,110.4781,1.5,5.8,6.1,5.7,92.0,6.376944444,4.988055556,,,,,,,,,
2022-05-29 11:00:00,6,0,6.81,46.92,6.48,105.66,0.13,7.19,20.42,5.0,193.0,197.0,1.2,5.7,1010.0,2.7,1015.0,1000.6,0.2,1009.0,374.4591,1008.8,151.5702,0.7,6.9,6.9,5.7,93.0,6.373333333,4.986666667,,,,,,,,,
2022-05-29 12:00:00,6,0,6.78,46.89,6.48,105.6,0.13,7.19,20.43,7.0,230.0,216.0,1.4,3.7,1158.0,1.9,1119.0,1000.5,0.1,1008.9,379.527,1008.7,223.8011,0.2,8.0,8.4,6.9,87.0,6.31,4.984444444,,,,,,,,,
2022-05-29 13:00:00,6,1,6.84,46.88,6.47,105.7,0.14,7.19,20.42,7.0,225.0,207.0,1.1,4.1,1210.0,2.1,1244.0,1000.3,0.3,1008.7,382.7844,1008.5,177.3183,0.4,7.7,8.0,7.4,89.0,6.3,4.979722222,,,,,,,,,
2022-05-29 14:00:00,6,0,6.9,46.86,6.46,105.79,0.14,7.19,20.42,7.0,232.0,209.0,1.4,3.7,1355.0,1.7,1310.0,1000.3,0.4,1008.7,379.565,1008.5,98.10478,2.0,7.6,7.7,7.4,92.0,6.331388889,4.979444444,,,,,,,,,
2022-05-29 15:00:00,6,0,7.1,46.89,6.48,105.84,0.13,7.06,20.06,4.0,43.0,226.0,0.9,3.4,1414.0,1.5,1401.0,1000.5,0.1,1008.9,376.5174,1008.7,55.57306,2.3,6.9,7.6,6.9,92.0,6.321666667,4.974722222,,,,,,,,,
2022-05-29 16:00:00,6,0,7.15,46.89,6.48,105.96,0.13,7.07,20.07,2.0,262.0,241.0,0.9,3.1,1506.0,1.3,1510.0,1000.4,0.1,1008.8,377.0663,1008.6,110.7052,1.5,7.0,7.1,6.7,87.0,6.3,4.967777778,,,,,,,,,
2022-05-29 17:00:00,6,0,7.29,46.85,6.5,105.99,0.13,6.98,19.82,0.0,208.0,192.0,0.6,1.6,1655.0,0.9,1648.0,1000.2,0.1,1008.6,385.3755,1008.4,197.3933,0.2,7.6,7.7,7.0,86.0,6.331666667,4.960277778,,,,,,,,,
2022-05-29 18:00:00,6,0,7.23,46.85,6.5,105.94,0.13,7.0,19.88,7.0,300.0,261.0,0.4,2.3,1748.0,0.7,1757.0,1000.2,0.3,1008.6,366.5291,1008.4,127.8831,0.0,7.1,7.7,7.0,90.0,6.3,4.951388889,,,,,,,,,
2022-05-29 19:00:00,6,0,7.25,46.86,6.5,106.04,0.12,7.03,19.95,5.0,351.0,313.0,0.2,0.9,1828.0,0.6,1836.0,1000.5,0.0,1008.9,323.4103,1008.7,56.65481,0.0,7.0,7.2,7.0,94.0,6.319444444,4.948888889,,,,,,,,,
2022-05-29 20:00:00,6,0,7.3,46.84,6.5,106.06,0.13,7.0,19.87,2.0,306.0,337.0,0.5,1.5,1937.0,1.0,1939.0,1000.6,0.4,1009.0,300.5723,1008.8,12.27933,0.0,5.8,7.1,5.8,95.0,6.3,4.952222222,,,,,,,,,
2022-05-29 21:00:00,6,0,7.29,46.86,6.5,106.18,0.13,7.01,19.91,2.0,344.0,344.0,1.0,1.8,2059.0,1.0,2100.0,1000.7,0.6,1009.2,273.5753,1009.0,-2.842074,0.0,4.9,5.8,4.9,96.0,6.339444444,4.948611111,,,,,,,,,
2022-05-29 22:00:00,6,0,7.35,46.81,6.5,106.08,0.13,7.08,20.11,2.0,353.0,353.0,1.4,2.8,2156.0,1.5,2159.0,1001.0,0.5,1009.5,273.0468,1009.2,-9.362786,0.0,4.9,5.0,4.8,97.0,6.3025,4.953611111,,,,,,,,,
2022-05-29 23:00:00,6,0,7.36,46.8,6.5,106.11,0.13,7.13,20.25,0.0,335.0,352.0,0.2,1.6,2201.0,1.4,2203.0,1000.8,0.3,1009.3,279.2242,1009.0,-10.57922,0.0,4.4,4.9,4.4,97.0,6.334444444,4.949722222,,,,,,,,,
2022-05-30 00:00:00,6,0,7.17,46.88,6.5,105.73,0.13,7.08,20.09,0.0,357.0,4.0,0.5,1.1,2354.0,0.6,2357.0,1000.8,0.0,1009.3,277.0642,1009.0,-10.7015,0.0,4.3,4.5,4.1,97.0,6.365555556,4.950555556,,,,,,,,,
2022-05-30 01:00:00,6,1,7.02,46.92,6.48,105.74,0.13,7.13,20.23,7.0,12.0,12.0,1.2,2.6,36.0,1.2,100.0,1000.7,0.2,1009.2,278.433,1008.9,-10.40844,0.0,4.6,4.6,4.1,97.0,6.355277778,4.945833333,,,,,,,,,
2022-05-30 02:00:00,6,0,6.88,46.96,6.45,105.76,0.13,7.18,20.37,7.0,23.0,32.0,2.1,4.5,130.0,2.6,132.0,1000.6,0.2,1009.1,277.9663,1008.8,-9.33343,0.2,4.9,5.0,4.4,95.0,6.311388889,4.933888889,,,,,,,,,
2022-05-30 03:00:00,6,0,6.9,46.96,6.47,105.91,0.13,7.17,20.35,7.0,8.0,24.0,1.9,5.4,237.0,2.8,228.0,1000.5,0.3,1009.0,281.8884,1008.7,-0.8165148,0.0,5.2,5.4,4.9,93.0,6.352222222,4.925,,,,,,,,,
2022-05-30 04:00:00,6,0,6.96,46.9,6.49,105.73,0.13,7.14,20.27,5.0,285.0,354.0,0.4,3.4,302.0,2.0,306.0,1000.7,0.0,1009.2,272.6031,1008.9,12.84494,0.0,5.0,5.2,4.9,95.0,6.349166667,4.941111111,,,,,,,,,
2022-05-30 05:00:00,6,0,7.09,46.9,6.49,105.68,0.12,7.1,20.16,3.0,32.0,37.0,1.9,4.8,453.0,2.4,457.0,1001.1,0.5,1009.5,286.9575,1009.3,43.99709,0.1,6.2,6.2,5.0,91.0,6.300277778,4.948611111,,,,,,,,,
2022-05-30 06:00:00,6,0,7.25,46.87,6.5,105.81,0.13,7.07,20.08,2.0,38.0,29.0,0.3,2.8,502.0,1.8,501.0,1001.3,0.8,1009.7,309.5201,1009.6,110.5401,0.0,6.8,6.8,6.2,91.0,6.301388889,4.949722222,,,,,,,,,
2022-05-30 07:00:00,6,0,7.47,46.83,6.5,105.95,0.13,7.01,19.91,2.0,59.0,59.0,1.0,2.5,653.0,1.0,700.0,1001.7,0.9,1010.1,314.6379,1009.9,174.8155,0.0,8.5,8.6,6.8,86.0,6.3575,4.952222222,,,,,,,,,
2022-05-30 08:00:00,6,0,7.45,46.83,6.5,106.08,0.12,7.01,19.92,2.0,172.0,164.0,0.8,2.5,727.0,1.1,744.0,1002.0,0.9,1010.3,319.8407,1010.3,514.3249,0.0,11.7,11.7,7.9,74.0,6.315,4.975833333,,,,,,,,,
2022-05-30 09:00:00,6,0,7.6,46.81,6.51,106.22,0.13,6.98,19.81,2.0,70.0,70.0,2.6,5.6,900.0,2.6,900.0,1002.2,0.9,1010.4,323.7238,1010.4,663.0193,0.0,14.5,14.6,11.7,49.0,6.325277778,5.096388889,,,,,,,,,
2022-05-30 10:00:00,6,0,7.69,46.81,6.51,106.31,0.12,6.95,19.74,2.0,85.0,74.0,3.1,7.8,941.0,3.5,950.0,1002.6,1.0,1010.8,326.4341,1010.8,701.2464,0.0,15.3,15.4,14.5,47.0,6.308055556,5.257222222,,,,,,,,,
2022-05-30 11:00:00,6,0,7.77,46.81,6.51,106.42,0.12,6.92,19.66,2.0,66.0,71.0,1.2,5.8,1030.0,3.4,1007.0,1003.0,1.0,1011.2,330.8819,1011.3,615.1047,0.0,15.2,16.3,14.9,44.0,6.330555556,5.261388889,,,,,,,,,
2022-05-30 12:00:00,6,0,7.83,46.82,6.51,106.54,0.12,6.92,19.65,2.0,179.0,174.0,1.9,4.0,1145.0,2.2,1147.0,1003.4,1.1,1011.5,360.9912,1011.6,508.1865,0.0,17.9,17.9,15.2,40.0,6.3,5.258611111,,,,,,,,,
2022-05-30 13:00:00,6,1,7.89,46.83,6.48,106.56,0.12,6.92,19.66,2.0,214.0,203.0,1.9,3.9,1223.0,2.1,1224.0,1003.8,1.2,1012.0,364.0814,1012.0,509.9143,0.0,16.9,17.9,16.3,39.0,6.36,5.256111111,,,,,,,,,
2022-05-30 14:00:00,6,0,7.94,46.84,6.46,106.59,0.12,6.92,19.66,2.0,147.0,207.0,1.2,4.1,1339.0,2.4,1326.0,1004.1,1.1,1012.2,367.4392,1012.3,791.5212,0.1,17.8,18.5,16.9,34.0,6.353611111,5.297777778,,,,,,,,,
2022-05-30 15:00:00,6,0,7.96,46.86,6.5,106.5,0.12,6.98,19.83,2.0,81.0,179.0,1.5,5.5,1412.0,2.4,1443.0,1004.6,1.2,1012.7,373.4671,1012.8,578.8875,0.1,17.2,18.6,17.2,40.0,6.389722222,5.331111111,,,,,,,,,
2022-05-30 16:00:00,6,0,7.96,46.93,6.51,106.56,0.12,6.97,19.79,2.0,265.0,135.0,0.5,3.0,1501.0,1.7,1506.0,1004.9,1.1,1013.1,366.3045,1013.2,287.8251,0.0,17.2,17.5,16.8,43.0,6.38,5.399166667,,,,,,,,,
2022-05-30 17:00:00,6,0,8.02,46.88,6.52,106.51,0.12,6.94,19.69,1.0,334.0,350.0,0.3,2.8,1632.0,1.1,1626.0,1005.0,0.9,1013.2,369.3197,1013.3,242.8788,0.0,16.5,17.5,16.5,51.0,6.3575,5.513611111,,,,,,,,,
2022-05-30 18:00:00,6,0,8.17,46.93,6.53,106.89,0.12,6.9,19.59,2.0,30.0,63.0,1.9,4.2,1745.0,2.5,1746.0,1005.5,0.9,1013.7,345.0317,1013.7,175.375,0.0,15.7,16.6,15.6,46.0,6.371666667,5.302777778,,,,,,,,,
2022-05-30 19:00:00,6,0,8.2,47.15,6.53,106.9,0.12,7.05,20.02,3.0,37.0,33.0,1.9,4.4,1841.0,2.0,1803.0,1006.1,1.1,1014.3,353.0138,1014.3,77.40486,0.0,15.8,16.1,15.6,45.0,6.343055556,5.3975,,,,,,,,,
2022-05-30 20:00:00,6,0,8.27,47.36,6.52,107.05,0.12,7.17,20.36,2.0,33.0,43.0,1.6,4.8,1906.0,2.3,1912.0,1006.4,1.4,1014.6,354.5092,1014.7,40.31676,0.0,15.0,16.0,15.0,49.0,6.38,5.565555556,,,,,,,,,
2022-05-30 21:00:00,6,0,8.29,47.39,6.53,107.01,0.11,7.21,20.46,1.0,28.0,28.0,2.2,3.8,2055.0,2.2,2100.0,1006.7,1.3,1014.9,358.4161,1015.0,-0.9249559,0.0,14.5,15.0,14.3,49.0,6.355277778,5.588333333,,,,,,,,,
2022-05-30 22:00:00,6,0,8.99,46.91,6.53,108.06,0.12,6.77,19.23,2.0,31.0,27.0,2.0,4.8,2107.0,2.3,2107.0,1007.1,1.0,1015.4,367.6238,1015.4,-9.962041,0.0,14.1,14.5,14.1,51.0,6.332777778,5.586111111,,,,,,,,,
2022-05-30 23:00:00,6,0,7.86,47.06,6.51,106.47,0.12,7.06,20.04,2.0,25.0,15.0,1.4,3.7,2222.0,2.0,2234.0,1007.3,0.8,1015.6,366.2638,1015.5,-11.82571,0.0,12.9,14.1,12.9,60.0,6.363055556,5.573611111,,,,,,,,,
2022-05-31 00:00:00,6,0,8.17,47.56,6.52,106.82,0.12,7.25,20.58,1.0,27.0,15.0,1.9,4.2,2343.0,2.2,2332.0,1007.3,0.6,1015.6,355.5578,1015.5,-12.11011,0.0,13.2,13.6,12.7,54.0,6.356388889,5.560555556,,,,,,,,,
2022-05-31 01:00:00,6,1,8.23,47.32,6.5,106.96,0.12,7.14,20.26,2.0,23.0,25.0,1.7,3.5,53.0,1.9,1.0,1007.4,0.3,1015.7,351.8148,1015.6,-11.94693,0.0,12.7,13.3,12.3,56.0,6.341388889,5.590277778,,,,,,,,,
2022-05-31 02:00:00,6,0,8.28,47.07,6.49,107.09,0.13,7.02,19.94,2.0,6.0,25.0,0.9,2.5,110.0,1.7,101.0,1007.6,0.3,1015.9,349.8325,1015.8,-9.680797,0.0,11.4,12.7,11.4,66.0,6.395555556,5.602777778,,,,,,,,,
2022-05-31 03:00:00,6,0,8.45,46.86,6.52,107.35,0.12,6.89,19.56,2.0,19.0,34.0,0.6,4.4,226.0,2.2,230.0,1007.7,0.4,1016.0,343.399,1016.0,3.835206,0.0,11.4,12.4,11.3,67.0,6.3425,5.615555556,,,,,,,,,
2022-05-31 04:00:00,6,0,8.45,46.91,6.53,107.29,0.11,6.92,19.65,2.0,3.0,325.0,0.5,1.5,345.0,0.9,325.0,1008.2,0.8,1016.6,306.3264,1016.5,23.54691,0.0,10.2,11.4,10.1,73.0,6.4,5.629722222,,,,,,,,,
2022-05-31 05:00:00,6,0,8.5,46.86,6.53,107.36,0.12,6.9,19.58,2.0,327.0,298.0,0.2,1.2,443.0,0.6,430.0,1008.4,0.8,1016.8,302.8926,1016.6,42.08116,0.0,10.2,10.4,10.1,78.0,6.4,5.671388889,,,,,,,,,
2022-05-31 06:00:00,6,0,8.59,46.87,6.53,107.47,0.12,6.87,19.5,0.0,157.0,131.0,0.6,1.3,557.0,0.7,537.0,1008.3,0.6,1016.6,323.259,1016.6,245.2538,0.0,13.0,13.0,10.2,69.0,6.4,5.65,,,,,,,,,
2022-05-31 07:00:00,6,0,8.34,46.86,6.52,107.2,0.12,6.91,19.63,4.0,199.0,199.0,1.4,2.2,651.0,1.4,700.0,1008.3,0.1,1016.6,328.9579,1016.6,399.5025,0.0,13.9,14.3,12.9,63.0,6.4,5.601388889,,,,,,,,,
2022-05-31 08:00:00,6,0,8.14,46.91,6.52,106.91,0.12,6.98,19.82,7.0,199.0,199.0,2.5,3.6,757.0,2.5,800.0,1008.2,0.2,1016.5,329.5108,1016.5,529.7045,0.0,14.3,14.7,13.7,64.0,6.393055556,5.548055556,,,,,,,,,
2022-05-31 09:00:00,6,0,8.24,47.06,6.52,107.1,0.12,7.07,20.06,8.0,197.0,198.0,2.8,4.6,853.0,2.9,858.0,1007.7,0.6,1015.9,334.3477,1016.0,638.0328,0.0,15.3,15.3,14.2,60.0,6.366111111,5.5075,,,,,,,,,
2022-05-31 10:00:00,6,0,8.45,46.84,6.53,107.56,0.12,6.91,19.63,7.0,199.0,198.0,2.9,5.3,946.0,3.7,951.0,1007.7,0.6,1015.9,338.568,1016.0,736.0186,0.0,15.8,16.0,15.1,58.0,6.376666667,5.456666667,,,,,,,,,
2022-05-31 11:00:00,6,0,8.91,46.84,6.52,107.94,0.11,6.77,19.22,6.0,206.0,200.0,2.1,3.8,1030.0,2.8,1044.0,1007.5,0.7,1015.7,345.5794,1015.8,771.0075,0.0,17.2,17.2,15.6,51.0,6.346111111,5.397777778,,,,,,,,,
2022-05-31 12:00:00,6,0,8.96,46.82,6.52,108.08,0.12,6.73,19.11,8.0,197.0,196.0,3.6,6.3,1149.0,3.8,1158.0,1007.1,0.6,1015.3,352.2442,1015.4,793.063,0.0,17.0,17.2,16.3,56.0,6.300277778,5.343055556,,,,,,,,,
2022-05-31 13:00:00,6,1,8.95,46.84,6.52,108.14,0.12,6.74,19.14,7.0,207.0,201.0,2.7,6.4,1214.0,3.7,1220.0,1006.9,0.8,1015.1,362.5184,1015.2,810.8714,0.0,17.1,17.5,16.8,56.0,6.368888889,5.303333333,,,,,,,,,
2022-05-31 14:00:00,6,0,8.93,46.86,6.53,108.21,0.11,6.76,19.18,7.0,208.0,206.0,2.1,6.2,1326.0,3.1,1341.0,1006.7,0.9,1014.9,369.8365,1014.9,757.0939,0.0,16.4,17.2,16.1,58.0,6.351666667,5.299444444,,,,,,,,,
2022-05-31 15:00:00,6,0,9.49,46.83,6.5,109.76,0.11,6.66,18.92,7.0,208.0,205.0,2.2,5.3,1437.0,2.9,1441.0,1006.4,0.8,1014.6,344.349,1014.7,557.0855,0.0,16.9,16.9,15.5,55.0,6.35,5.261666667,,,,,,,,,
2022-05-31 16:00:00,6,0,9.1,46.97,6.52,109.48,0.11,6.81,19.35,7.0,216.0,210.0,2.1,4.7,1514.0,2.5,1509.0,1006.2,0.7,1014.4,346.2847,1014.4,460.096,0.0,15.6,16.9,15.5,60.0,6.398611111,5.198333333,,,,,,,,,
2022-05-31 17:00:00,6,0,9.6,46.78,6.5,110.15,0.1,6.64,18.85,7.0,228.0,210.0,1.3,4.2,1614.0,2.3,1621.0,1006.0,0.7,1014.2,341.7937,1014.2,330.5132,0.0,14.9,16.0,14.9,62.0,6.395833333,5.144722222,,,,,,,,,
2022-05-31 18:00:00,6,0,10.29,46.79,6.52,110.55,0.1,6.43,18.24,7.0,249.0,213.0,0.4,2.9,1707.0,1.6,1733.0,1005.8,0.6,1014.0,334.9668,1014.1,164.3339,0.0,14.0,14.9,14.0,69.0,6.4,5.089722222,,,,,,,,,
2022-05-31 19:00:00,6,0,9.04,46.95,6.5,109.61,0.11,6.77,19.22,7.0,359.0,54.0,0.5,1.7,1808.0,0.9,1847.0,1005.8,0.5,1014.1,329.1789,1014.0,70.53037,0.0,13.1,14.0,13.1,74.0,6.4,5.055,,,,,,,,,
2022-05-31 20:00:00,6,0,9.01,46.78,6.51,109.33,0.11,6.82,19.35,7.0,314.0,25.0,0.6,1.4,1903.0,0.9,1912.0,1005.6,0.4,1013.9,325.6566,1013.9,27.2977,0.0,12.0,13.1,12.0,73.0,6.374722222,5.029722222,,,,,,,,,
2022-05-31 21:00:00,6,0,9.29,46.58,6.51,109.48,0.11,6.76,19.19,7.0,354.0,338.0,0.4,1.2,2004.0,0.7,2030.0,1005.4,0.4,1013.7,333.4562,1013.6,6.968367,0.0,11.2,12.0,11.2,78.0,6.35,5.023888889,,,,,,,,,
2022-05-31 22:00:00,6,0,9.06,46.84,6.51,109.45,0.11,6.77,19.22,7.0,306.0,9.0,0.3,1.2,2124.0,0.7,2126.0,1005.1,0.7,1013.4,343.2129,1013.4,-7.235957,0.0,10.7,11.2,10.7,79.0,6.366666667,4.995555556,,,,,,,,,
2022-05-31 23:00:00,6,0,9.78,47.02,6.52,110.56,0.11,6.5,18.44,7.0,15.0,341.0,0.2,0.8,2248.0,0.5,2249.0,1004.8,0.8,1013.1,365.6234,1013.1,-10.82962,0.0,10.6,10.7,10.6,84.0,6.354166667,4.981388889,,,,,,,,,
2022-06-01 00:00:00,6,0,10.13,46.87,6.53,110.46,0.11,6.47,18.37,7.0,342.0,309.0,0.3,0.9,2306.0,0.5,2345.0,1004.5,0.9,1012.9,351.574,1012.8,-11.1238,0.0,10.1,10.6,10.1,86.0,6.355555556,4.955555556,,,,,,,,,
2022-06-01 01:00:00,6,1,9.71,46.82,6.52,110.3,0.11,6.58,18.68,7.0,346.0,346.0,0.6,1.1,37.0,0.6,100.0,1004.0,1.1,1012.4,323.0839,1012.2,-11.70647,0.0,9.3,10.1,9.3,88.0,6.366388889,4.9475,,,,,,,,,
2022-06-01 02:00:00,6,0,9.29,46.78,6.5,110.15,0.1,6.69,18.98,8.0,351.0,351.0,0.6,1.1,153.0,0.6,200.0,1003.3,1.5,1011.7,337.7285,1011.6,-9.564293,0.0,9.2,9.4,9.2,90.0,6.365,4.948611111,,,,,,,,,
2022-06-01 03:00:00,6,0,8.88,46.82,6.51,109.21,0.11,6.83,19.4,6.0,348.0,252.0,0.5,1.3,234.0,0.7,237.0,1003.2,1.3,1011.6,318.155,1011.4,0.2210216,0.0,8.9,9.3,8.9,93.0,6.351666667,4.947222222,,,,,,,,,
2022-06-01 04:00:00,6,0,8.43,46.8,6.51,108.36,0.12,6.95,19.72,7.0,317.0,245.0,0.2,1.2,326.0,0.5,331.0,1002.7,1.3,1011.1,340.2554,1011.0,23.36421,0.0,9.3,9.5,8.9,94.0,6.384722222,4.951944444,,,,,,,,,
2022-06-01 05:00:00,6,0,8.68,46.8,6.51,108.87,0.12,6.9,19.59,8.0,239.0,239.0,0.5,0.9,458.0,0.5,500.0,1002.5,0.9,1010.8,354.8798,1010.7,23.80081,0.0,9.6,9.6,9.3,95.0,6.373055556,4.950833333,,,,,,,,,
2022-06-01 06:00:00,6,0,8.54,46.79,6.51,108.69,0.11,6.97,19.78,7.0,196.0,201.0,0.8,1.3,558.0,0.9,547.0,1002.1,1.0,1010.4,376.5598,1010.3,48.67178,0.0,9.8,9.9,9.6,94.0,6.361944444,4.941388889,,,,,,,,,
2022-06-01 07:00:00,6,0,8.5,46.79,6.51,108.39,0.11,7.04,19.99,5.0,208.0,205.0,1.6,3.3,640.0,2.0,642.0,1001.9,0.7,1010.2,381.8654,1010.2,106.3578,0.0,10.3,10.6,9.8,90.0,6.351944444,4.9475,,,,,,,,,
2022-06-01 08:00:00,6,0,8.45,46.83,6.51,107.83,0.11,6.94,19.69,7.0,210.0,208.0,2.5,4.3,758.0,2.6,759.0,1001.6,0.9,1009.9,380.4547,1009.8,162.4257,0.0,10.7,10.9,10.3,87.0,6.316111111,4.951388889,,,,,,,,,
2022-06-01 09:00:00,6,0,8.25,46.8,6.51,107.29,0.12,6.95,19.73,7.0,202.0,205.0,2.3,4.4,808.0,2.5,811.0,1001.4,0.7,1009.7,383.2861,1009.6,133.0557,0.0,10.4,10.7,10.4,87.0,6.363333333,4.953611111,,,,,,,,,
2022-06-01 10:00:00,6,0,8.3,46.85,6.5,107.79,0.11,6.97,19.8,7.0,221.0,200.0,2.3,4.7,954.0,2.8,926.0,1001.1,0.9,1009.4,381.6724,1009.3,262.1331,0.0,11.2,11.3,10.4,85.0,6.375277778,4.9475,,,,,,,,,
2022-06-01 11:00:00,6,0,9.8,46.76,6.51,109.96,0.11,6.61,18.76,8.0,225.0,204.0,1.6,5.2,1007.0,2.7,1041.0,1000.8,0.9,1009.1,378.3382,1009.0,216.5677,0.0,11.0,11.5,11.0,87.0,6.351111111,4.953611111,,,,,,,,,
2022-06-01 12:00:00,6,0,10.34,46.83,6.52,110.49,0.12,6.4,18.16,6.0,216.0,216.0,2.2,4.7,1112.0,2.2,1200.0,1000.8,0.6,1009.1,397.4336,1009.0,131.0812,0.4,10.4,11.0,10.4,92.0,6.360555556,4.948888889,0.0,,,,,,,,
2022-06-12 19:00:00,7,0,12.39,46.79,6.57,107.33,0.09,6.04,17.13,2.0,245.0,245.0,2.6,7.7,1838.0,2.7,1859.0,997.1,0.5,1005.4,371.6961,1005.3,31.73167,0.0,11.1,11.5,11.1,78.0,6.3,5.331388889,,,,,,,,,
2022-06-12 20:00:00,7,0,12.44,46.8,6.57,107.37,0.09,6.03,17.1,2.0,255.0,246.0,1.7,5.7,1938.0,2.7,1901.0,997.4,0.5,1005.7,370.5393,1005.6,16.92678,0.1,10.9,11.2,10.8,78.0,6.316666667,5.355555556,,,,,,,,,
2022-06-12 21:00:00,7,0,12.34,46.8,6.57,106.84,0.09,6.02,17.07,2.0,273.0,241.0,2.0,6.0,2032.0,2.4,2041.0,997.2,0.2,1005.5,355.0269,1005.4,-5.205303,0.0,11.1,11.4,10.6,75.0,6.333888889,5.357777778,,,,,,,,,
2022-06-12 22:00:00,7,0,12.13,46.8,6.57,107.06,0.09,6.1,17.3,0.0,237.0,237.0,3.0,7.9,2153.0,3.5,2154.0,997.2,0.0,1005.4,363.4149,1005.4,-8.205096,0.0,12.1,12.2,11.0,60.0,6.3,5.3825,,,,,,,,,
2022-06-12 23:00:00,7,0,11.95,46.8,6.58,107.08,0.1,6.13,17.39,5.0,251.0,238.0,2.6,7.0,2220.0,3.1,2202.0,997.3,0.0,1005.6,369.907,1005.5,-13.53542,0.0,11.3,12.1,10.9,68.0,6.304444444,5.390833333,,,,,,,,,
2022-06-13 00:00:00,7,0,11.78,46.78,6.56,106.97,0.09,6.19,17.56,4.0,247.0,253.0,2.3,7.1,2319.0,2.6,2305.0,997.3,0.0,1005.6,372.5849,1005.4,-9.863134,0.0,11.5,11.5,11.2,68.0,6.3,5.399722222,,,,,,,,,
2022-06-13 01:00:00,7,1,11.67,46.78,6.56,107.04,0.09,6.22,17.64,0.0,228.0,243.0,2.2,7.2,26.0,3.1,40.0,997.1,0.1,1005.3,371.9129,1005.3,-9.554785,0.0,11.7,11.9,11.3,63.0,6.3,5.4,,,,,,,,,
2022-06-13 02:00:00,7,0,11.56,46.79,6.56,107.12,0.09,6.25,17.73,7.0,228.0,209.0,2.5,8.6,143.0,3.9,145.0,997.0,0.3,1005.2,374.5247,1005.2,-12.22167,0.0,11.9,11.9,11.4,61.0,6.3,5.400555556,,,,,,,,,
2022-06-13 03:00:00,7,0,11.32,46.78,6.56,106.94,0.09,6.33,17.95,5.0,222.0,222.0,3.0,6.5,251.0,3.1,259.0,997.1,0.2,1005.4,374.8067,1005.3,-6.852146,0.0,11.4,11.9,11.3,67.0,6.3,5.398055556,,,,,,,,,
2022-06-13 04:00:00,7,0,11.21,46.79,6.58,106.97,0.09,6.35,18.01,4.0,214.0,211.0,3.0,7.6,359.0,3.3,339.0,997.2,0.0,1005.5,372.6077,1005.3,7.371299,0.0,11.1,11.4,11.0,70.0,6.3,5.395833333,,,,,,,,,
2022-06-13 05:00:00,7,0,11.08,46.79,6.56,106.93,0.09,6.38,18.11,3.0,215.0,215.0,3.1,9.4,435.0,3.5,440.0,997.4,0.4,1005.7,373.8877,1005.6,15.65991,0.0,10.9,11.3,10.9,73.0,6.3,5.356666667,,,,,,,,,
2022-06-13 06:00:00,7,0,11.18,46.83,6.54,106.87,0.09,6.38,18.1,2.0,207.0,208.0,3.5,8.2,550.0,3.7,559.0,997.7,0.6,1006.0,376.1283,1005.9,57.91425,0.2,11.0,11.1,10.8,70.0,6.3,5.3525,,,,,,,,,
2022-06-13 07:00:00,7,0,11.18,46.82,6.56,106.71,0.1,6.38,18.1,2.0,204.0,208.0,2.8,9.0,616.0,3.7,621.0,998.1,1.0,1006.4,377.7004,1006.3,53.43893,0.2,10.7,11.1,10.7,78.0,6.3,5.361388889,,,,,,,,,
2022-06-13 08:00:00,7,0,11.19,46.81,6.55,106.69,0.09,6.37,18.08,3.0,267.0,203.0,2.1,7.5,752.0,2.8,701.0,998.7,1.3,1007.0,384.4762,1006.9,77.53384,1.4,10.2,10.7,10.2,87.0,6.291666667,5.369444444,,,,,,,,,
2022-06-13 09:00:00,7,0,11.61,46.82,6.56,106.74,0.09,6.26,17.78,2.0,275.0,280.0,2.1,6.5,820.0,2.3,820.0,999.3,1.5,1007.6,380.9958,1007.5,66.41003,2.3,9.9,10.2,9.9,90.0,6.300555556,5.362777778,,,,,,,,,
2022-06-13 10:00:00,7,0,11.52,46.81,6.56,106.92,0.09,6.3,17.88,2.0,278.0,280.0,2.4,6.3,918.0,2.6,958.0,999.8,1.7,1008.1,381.1362,1008.0,52.52801,1.7,9.9,9.9,9.9,91.0,6.324166667,5.387222222,,,,,,,,,
2022-06-13 11:00:00,7,0,11.87,46.79,6.56,106.61,0.09,6.19,17.57,2.0,275.0,275.0,2.0,6.0,1031.0,2.9,1028.0,1000.4,1.7,1008.7,382.4876,1008.6,51.25566,2.0,10.1,10.2,9.9,93.0,6.337222222,5.446388889,,,,,,,,,
2022-06-13 12:00:00,7,0,11.84,46.79,6.56,106.58,0.09,6.19,17.56,2.0,238.0,223.0,1.9,6.1,1145.0,2.4,1138.0,1001.0,1.7,1009.3,386.4406,1009.2,48.04057,1.5,10.2,10.4,10.1,95.0,6.342777778,5.498055556,2.0,60.0,,,,,,,
2022-06-13 13:00:00,7,1,11.86,46.79,6.56,106.57,0.09,6.19,17.56,2.0,225.0,225.0,1.6,4.5,1203.0,2.0,1243.0,1001.5,1.6,1009.8,388.207,1009.7,34.01762,1.4,10.5,10.5,10.2,96.0,6.374722222,5.499444444,,,,,,,,,
2022-06-13 14:00:00,7,0,11.87,46.79,6.56,106.57,0.09,6.19,17.57,2.0,244.0,241.0,2.3,6.8,1356.0,2.4,1358.0,1002.0,1.5,1010.3,386.9168,1010.2,42.84077,0.1,10.1,10.5,10.1,94.0,6.315,5.513611111,,,,,,,,,
2022-06-13 15:00:00,7,0,11.94,46.76,6.58,106.39,0.09,6.18,17.53,2.0,244.0,256.0,1.3,6.8,1425.0,2.6,1432.0,1002.7,1.7,1011.1,385.0947,1010.9,34.19972,0.1,9.6,10.2,9.6,93.0,6.303888889,5.504722222,,,,,,,,,
2022-06-13 16:00:00,7,0,12.03,46.74,6.57,106.14,0.08,6.13,17.39,2.0,250.0,257.0,1.7,5.3,1527.0,2.0,1517.0,1003.0,1.5,1011.3,381.748,1011.2,29.79144,0.1,9.8,9.8,9.6,93.0,6.3,5.5025,,,,,,,,,
2022-06-13 17:00:00,7,0,11.95,46.75,6.57,106.05,0.09,6.16,17.47,1.0,280.0,255.0,1.6,4.1,1622.0,1.8,1601.0,1003.1,1.2,1011.4,381.6942,1011.4,26.61016,0.1,9.9,10.0,9.8,93.0,6.3,5.53,,,,,,,,,
2022-06-13 18:00:00,7,0,11.97,46.75,6.56,105.99,0.1,6.16,17.47,2.0,287.0,270.0,1.3,5.3,1713.0,1.8,1713.0,1003.3,0.7,1011.6,379.236,1011.6,6.055807,0.1,9.9,9.9,9.8,93.0,6.3,5.559444444,,,,,,,,,
2022-06-13 19:00:00,7,0,12.02,46.76,6.59,105.98,0.09,6.13,17.41,2.0,274.0,270.0,1.7,5.0,1851.0,1.9,1856.0,1003.5,0.5,1011.8,376.9267,1011.7,0.8622599,0.0,9.9,10.0,9.9,91.0,6.316666667,5.593055556,,,,,,,,,
2022-06-13 20:00:00,7,0,12.03,46.77,6.58,106.0,0.1,6.14,17.41,3.0,274.0,274.0,2.3,5.8,1955.0,2.3,2000.0,1004.0,0.8,1012.3,378.6036,1012.2,-4.550457,0.0,10.1,10.1,9.9,90.0,6.308888889,5.64,,,,,,,,,
2022-06-13 21:00:00,7,0,11.95,46.77,6.58,106.09,0.09,6.16,17.49,2.0,258.0,273.0,0.9,6.0,2008.0,2.4,2013.0,1004.1,0.8,1012.5,379.2417,1012.4,-7.046971,0.0,10.0,10.1,10.0,91.0,6.3,5.695555556,,,,,,,,,
2022-06-13 22:00:00,7,0,11.91,46.75,6.57,106.08,0.09,6.19,17.55,2.0,247.0,266.0,1.4,5.6,2117.0,1.7,2134.0,1004.4,0.9,1012.8,380.246,1012.7,-8.707786,0.0,9.9,10.0,9.9,92.0,6.3,5.698055556,,,,,,,,,
2022-06-13 23:00:00,7,0,11.85,46.73,6.57,106.08,0.09,6.21,17.63,2.0,249.0,222.0,0.9,5.1,2239.0,1.4,2248.0,1004.4,0.5,1012.8,381.7485,1012.7,-10.56867,0.0,9.7,9.9,9.7,93.0,6.3,5.642222222,,,,,,,,,
2022-06-14 00:00:00,7,0,11.63,46.75,6.56,106.31,0.09,6.28,17.81,2.0,230.0,234.0,1.3,4.5,2342.0,1.5,2357.0,1004.6,0.5,1013.0,379.2089,1012.9,-9.1191,0.0,9.7,9.7,9.6,93.0,6.311944444,5.595833333,,,,,,,,,
2022-06-14 01:00:00,7,1,11.62,46.74,6.56,106.22,0.09,6.28,17.82,3.0,280.0,262.0,1.2,5.3,18.0,2.0,25.0,1005.0,0.6,1013.4,375.8751,1013.3,-8.935557,0.0,9.6,9.8,9.6,89.0,6.306666667,5.553888889,,,,,,,,,
2022-06-14 02:00:00,7,0,11.61,46.74,6.56,106.12,0.09,6.29,17.84,2.0,275.0,287.0,0.8,3.8,200.0,1.4,125.0,1005.2,0.8,1013.6,371.5522,1013.4,-8.014954,0.0,9.3,9.6,9.3,90.0,6.3,5.533333333,,,,,,,,,
2022-06-14 03:00:00,7,0,11.64,46.74,6.58,105.98,0.1,6.27,17.8,2.0,345.0,280.0,0.2,2.1,201.0,0.9,247.0,1005.3,0.7,1013.7,375.8823,1013.6,-2.329848,0.0,9.3,9.4,9.3,92.0,6.3,5.543055556,,,,,,,,,
2022-06-14 04:00:00,7,0,11.76,46.76,6.57,105.88,0.09,6.23,17.67,2.0,286.0,215.0,0.3,1.8,339.0,0.9,341.0,1005.4,0.4,1013.8,378.6114,1013.7,5.356636,0.0,9.3,9.3,9.2,92.0,6.3,5.564444444,,,,,,,,,
2022-06-14 05:00:00,7,0,11.79,46.75,6.58,105.64,0.09,6.22,17.64,2.0,51.0,62.0,0.2,0.8,434.0,0.4,440.0,1005.6,0.5,1014.0,380.7078,1013.9,22.49655,0.0,9.4,9.4,9.3,93.0,6.335833333,5.592222222,,,,,,,,,
2022-06-14 06:00:00,7,0,11.77,46.75,6.58,105.67,0.1,6.23,17.69,2.0,95.0,95.0,0.9,1.6,557.0,0.9,600.0,1005.6,0.3,1014.0,374.4775,1013.8,68.60094,0.0,10.0,10.0,9.4,93.0,6.310277778,5.598888889,,,,,,,,,
2022-06-14 07:00:00,7,0,11.83,46.74,6.58,105.49,0.09,6.2,17.59,2.0,121.0,83.0,0.6,1.6,640.0,0.9,605.0,1005.8,0.4,1014.1,389.5559,1014.1,104.1753,0.1,10.9,10.9,10.0,93.0,6.3,5.599722222,,,,,,,,,
2022-06-14 08:00:00,7,0,11.79,46.75,6.58,105.44,0.09,6.2,17.6,2.0,94.0,97.0,0.9,1.8,732.0,1.0,734.0,1006.0,0.4,1014.3,392.3702,1014.3,91.60983,0.4,11.0,11.0,10.8,93.0,6.329722222,5.600555556,,,,,,,,,
2022-06-14 09:00:00,7,0,11.77,46.74,6.57,105.59,0.12,6.23,17.67,2.0,119.0,90.0,0.5,1.4,839.0,0.9,801.0,1006.4,0.9,1014.7,391.3283,1014.7,89.45764,0.9,10.9,11.1,10.9,93.0,6.3,5.600277778,,,,,,,,,
2022-06-14 10:00:00,7,0,11.76,46.74,6.58,105.71,0.09,6.21,17.63,3.0,283.0,281.0,1.9,4.1,955.0,2.0,959.0,1007.0,1.1,1015.4,388.0123,1015.3,95.10338,1.1,10.8,11.1,10.8,91.0,6.321388889,5.621388889,,,,,,,,,
2022-06-14 11:00:00,7,0,11.73,46.75,6.58,105.78,0.1,6.23,17.69,2.0,239.0,251.0,1.4,5.8,1022.0,2.3,1029.0,1007.7,1.6,1016.1,387.5891,1015.9,85.72948,1.9,10.6,10.8,10.6,93.0,6.3,5.670277778,,,,,,,,,
2022-06-14 12:00:00,7,0,11.71,46.77,6.56,105.81,0.08,6.25,17.74,2.0,209.0,209.0,1.6,4.4,1155.0,1.6,1200.0,1008.3,1.9,1016.7,387.4976,1016.6,96.42416,0.8,10.7,10.9,10.6,94.0,6.3,5.673888889,,,,,,,,,
2022-06-14 13:00:00,7,1,11.77,46.72,6.56,105.7,0.11,6.21,17.62,1.0,216.0,212.0,1.5,4.1,1201.0,1.9,1234.0,1008.5,1.5,1016.8,384.9431,1016.7,167.8819,0.5,11.6,11.6,10.6,93.0,6.300555556,5.6825,,,,,,,,,
2022-06-14 14:00:00,7,0,11.84,46.68,6.56,105.59,0.13,6.17,17.5,1.0,210.0,198.0,1.6,4.2,1303.0,2.0,1348.0,1008.6,1.0,1016.9,381.226,1016.9,243.6459,0.0,12.6,12.6,11.5,86.0,6.3,5.656666667,,,,,,,,,
2022-06-14 15:00:00,7,0,11.89,46.72,6.57,105.63,0.09,6.15,17.45,2.0,212.0,204.0,1.6,4.3,1416.0,2.3,1434.0,1008.8,0.5,1017.1,381.6922,1017.1,347.8131,0.0,13.1,13.9,12.6,81.0,6.301111111,5.667222222,,,,,,,,,
2022-06-14 16:00:00,7,0,11.96,46.72,6.59,105.7,0.09,6.12,17.36,2.0,269.0,207.0,0.7,4.6,1515.0,2.2,1516.0,1008.8,0.3,1017.1,379.6443,1017.1,189.9101,0.0,13.2,13.2,12.8,80.0,6.3,5.66,,,,,,,,,
2022-06-14 17:00:00,7,0,12.0,46.72,6.59,105.77,0.09,6.12,17.38,4.0,326.0,277.0,0.6,3.8,1618.0,1.6,1619.0,1008.7,0.1,1017.0,380.4091,1017.0,98.34437,0.0,12.4,13.2,12.4,88.0,6.302222222,5.645833333,,,,,,,,,
2022-06-14 18:00:00,7,0,12.01,46.72,6.6,105.85,0.1,6.12,17.36,3.0,286.0,305.0,0.7,2.5,1746.0,1.1,1754.0,1009.0,0.3,1017.4,386.2315,1017.3,36.11299,0.3,11.4,12.4,11.3,91.0,6.327222222,5.626388889,,,,,,,,,
2022-06-14 19:00:00,7,0,12.01,46.71,6.61,105.9,0.09,6.08,17.26,2.0,318.0,288.0,0.5,1.0,1824.0,0.6,1802.0,1009.0,0.2,1017.4,368.7974,1017.3,38.54534,0.0,11.2,11.5,11.2,93.0,6.343888889,5.586944444,,,,,,,,,
2022-06-14 20:00:00,7,0,11.98,46.7,6.6,105.89,0.09,6.12,17.35,0.0,326.0,326.0,0.7,1.1,1943.0,0.7,2000.0,1009.0,0.3,1017.4,361.9436,1017.2,17.63393,0.1,10.6,11.2,10.6,94.0,6.350555556,5.520277778,,,,,,,,,
2022-06-14 21:00:00,7,0,11.94,46.68,6.61,106.13,0.09,6.07,17.24,4.0,313.0,318.0,0.6,1.2,2024.0,0.8,2048.0,1009.0,0.0,1017.4,352.9581,1017.3,5.6444,0.0,10.1,10.6,10.1,95.0,6.351666667,5.488333333,,,,,,,,,
2022-06-14 22:00:00,7,0,11.9,46.68,6.6,106.18,0.1,6.11,17.33,2.0,332.0,320.0,0.6,1.3,2125.0,0.7,2149.0,1009.1,0.2,1017.5,356.3299,1017.4,-6.847014,0.0,10.0,10.1,9.8,96.0,6.305833333,5.451388889,,,,,,,,,
2022-06-14 23:00:00,7,0,11.88,46.66,6.6,106.18,0.09,6.13,17.39,2.0,326.0,308.0,0.5,1.2,2239.0,0.7,2249.0,1009.2,0.3,1017.6,375.4068,1017.5,-9.205761,0.0,10.0,10.0,10.0,96.0,6.3,5.436111111,,,,,,,,,
2022-06-15 00:00:00,7,0,11.86,46.68,6.6,106.09,0.09,6.16,17.47,2.0,315.0,312.0,0.5,1.1,2302.0,0.7,2322.0,1009.2,0.2,1017.6,377.3566,1017.5,-11.34661,0.0,9.8,10.0,9.8,96.0,6.301111111,5.400555556,,,,,,,,,
2022-06-15 01:00:00,7,1,11.85,46.68,6.58,106.16,0.09,6.16,17.48,4.0,309.0,309.0,0.7,1.5,58.0,0.7,100.0,1009.2,0.1,1017.6,375.5621,1017.5,-9.163503,0.1,9.7,9.8,9.7,96.0,6.300277778,5.395555556,,,,,,,,,
2022-06-15 02:00:00,7,0,11.85,46.68,6.57,106.23,0.09,6.16,17.48,4.0,310.0,315.0,0.6,1.3,122.0,0.7,131.0,1009.3,0.1,1017.7,377.2034,1017.6,-7.875797,0.0,9.7,9.7,9.7,95.0,6.325555556,5.385,,,,,,,,,
2022-06-15 03:00:00,7,0,11.85,46.69,6.6,106.09,0.09,6.15,17.45,2.0,255.0,258.0,0.8,2.5,254.0,0.9,258.0,1009.4,0.3,1017.8,380.9026,1017.7,-5.887049,0.2,9.8,9.8,9.7,94.0,6.306111111,5.363333333,,,,,,,,,
2022-06-15 04:00:00,7,0,11.92,46.7,6.6,106.0,0.09,6.15,17.46,2.0,345.0,255.0,0.3,1.5,344.0,0.8,301.0,1009.4,0.2,1017.8,384.4641,1017.7,3.978287,0.0,9.9,10.0,9.8,95.0,6.3,5.355555556,,,,,,,,,
2022-06-15 05:00:00,7,0,11.98,46.69,6.6,105.79,0.09,6.14,17.44,2.0,332.0,345.0,0.4,1.3,437.0,0.9,442.0,1009.6,0.3,1018.0,384.7586,1017.9,4.895985,0.2,10.2,10.2,9.9,95.0,6.314444444,5.354444444,,,,,,,,,
2022-06-15 06:00:00,7,0,11.95,46.66,6.59,105.87,0.09,6.18,17.54,2.0,241.0,311.0,0.4,1.3,558.0,0.7,548.0,1009.8,0.4,1018.2,386.6769,1018.1,28.05146,0.3,10.6,10.6,10.2,95.0,6.304166667,5.359166667,,,,,,,,,
2022-06-15 07:00:00,7,0,11.97,46.66,6.59,105.91,0.09,6.18,17.52,2.0,48.0,62.0,0.4,1.6,646.0,0.7,654.0,1009.9,0.5,1018.3,389.8186,1018.2,69.34672,0.0,11.2,11.2,10.6,92.0,6.3,5.364722222,,,,,,,,,
2022-06-15 08:00:00,7,0,11.99,46.66,6.59,105.84,0.1,6.17,17.5,2.0,77.0,75.0,1.6,3.0,800.0,1.7,755.0,1009.9,0.3,1018.2,382.9742,1018.2,131.5925,0.0,11.9,11.9,11.2,90.0,6.3,5.372777778,,,,,,,,,
2022-06-15 09:00:00,7,0,11.99,46.67,6.59,105.88,0.09,6.16,17.49,2.0,109.0,73.0,1.5,2.8,805.0,2.0,806.0,1010.0,0.1,1018.3,378.261,1018.3,322.3744,0.0,12.9,13.3,11.9,85.0,6.3,5.395555556,,,,,,,,,
2022-06-15 10:00:00,7,0,12.08,46.68,6.58,105.82,0.09,6.11,17.33,4.0,128.0,110.0,0.6,2.0,930.0,1.5,904.0,1009.8,0.0,1018.1,387.9236,1018.1,272.9755,0.0,13.4,13.4,12.9,82.0,6.3,5.399722222,,,,,,,,,
2022-06-15 11:00:00,7,0,12.13,46.69,6.59,105.95,0.09,6.09,17.28,4.0,120.0,165.0,0.5,1.3,1010.0,0.8,1011.0,1009.8,0.1,1018.1,396.9806,1018.1,215.219,0.0,14.1,14.1,13.2,79.0,6.3,5.433055556,,,,,,,,,
2022-06-15 12:00:00,7,0,12.17,46.7,6.6,106.06,0.08,6.09,17.29,7.0,152.0,148.0,0.9,2.0,1102.0,1.1,1153.0,1009.7,0.3,1018.0,396.6309,1018.0,458.6308,0.0,14.7,15.1,14.1,70.0,6.3,5.460833333,,,,,,,,,
2022-06-15 13:00:00,7,1,12.13,46.7,6.59,106.08,0.08,6.1,17.31,7.0,165.0,95.0,0.8,1.7,1300.0,0.9,1218.0,1009.6,0.3,1017.9,395.7821,1017.8,333.9966,0.0,15.0,15.1,14.5,69.0,6.3,5.432777778,,,,,,,,,
2022-06-15 14:00:00,7,0,12.08,46.69,6.58,106.1,0.09,6.11,17.34,7.0,155.0,143.0,0.9,1.8,1334.0,1.2,1339.0,1009.6,0.3,1017.8,394.7874,1017.8,352.4315,0.0,15.2,15.4,15.0,69.0,6.3,5.4,,,,,,,,,
2022-06-15 15:00:00,7,0,12.16,46.68,6.61,106.15,0.08,6.09,17.27,7.0,90.0,144.0,0.9,1.7,1404.0,1.1,1414.0,1009.5,0.2,1017.8,396.7233,1017.8,302.442,0.0,14.8,15.6,14.8,71.0,6.308611111,5.4,,,,,,,,,
2022-06-15 16:00:00,7,0,12.21,46.69,6.62,106.2,0.09,6.09,17.28,7.0,122.0,143.0,0.7,1.9,1520.0,1.0,1551.0,1009.3,0.3,1017.5,400.1498,1017.6,212.8031,0.0,15.0,15.1,14.7,74.0,6.300833333,5.398055556,,,,,,,,,
2022-06-15 17:00:00,7,0,12.24,46.69,6.63,106.3,0.08,6.06,17.19,7.0,292.0,280.0,0.9,4.0,1644.0,1.4,1653.0,1009.2,0.3,1017.5,394.0835,1017.5,138.2037,0.0,13.4,15.0,13.4,81.0,6.3,5.372222222,,,,,,,,,
2022-06-15 18:00:00,7,0,12.26,46.68,6.62,106.36,0.08,6.08,17.24,7.0,206.0,208.0,1.3,3.0,1704.0,1.7,1751.0,1009.2,0.3,1017.5,384.1838,1017.5,97.20113,0.1,12.3,13.6,12.3,88.0,6.3,5.344444444,,,,,,,,,
2022-06-15 19:00:00,7,0,12.28,46.69,6.62,106.48,0.09,6.03,17.1,4.0,207.0,205.0,0.6,2.6,1806.0,1.3,1802.0,1009.3,0.0,1017.6,391.4555,1017.6,53.84207,0.2,12.0,12.3,12.0,92.0,6.3,5.343333333,,,,,,,,,
2022-06-15 20:00:00,7,0,12.1,46.68,6.6,106.53,0.09,6.14,17.44,2.0,242.0,242.0,0.7,1.8,1924.0,0.7,2000.0,1009.4,0.2,1017.7,401.2596,1017.7,7.900315,0.4,11.7,12.0,11.7,93.0,6.3,5.301111111,,,,,,,,,
2022-06-15 21:00:00,7,0,12.06,46.6,6.6,106.65,0.09,6.25,17.75,2.0,12.0,243.0,0.1,1.7,2034.0,0.7,2001.0,1009.3,0.1,1017.7,398.5775,1017.6,-0.5277847,0.5,11.5,11.7,11.5,94.0,6.3,5.3,,,,,,,,,
2022-06-15 22:00:00,7,0,12.18,46.61,6.6,106.81,0.09,6.17,17.51,2.0,3.0,330.0,0.0,0.7,2129.0,0.2,2137.0,1009.4,0.1,1017.8,399.8389,1017.7,-7.440053,0.2,11.4,11.5,11.4,95.0,6.3,5.300555556,,,,,,,,,
2022-06-15 23:00:00,7,0,12.04,46.65,6.61,106.59,0.09,6.19,17.55,7.0,332.0,297.0,0.1,1.2,2211.0,0.5,2215.0,1009.3,0.1,1017.7,395.243,1017.6,-9.05245,0.3,11.1,11.4,11.1,95.0,6.3,5.324722222,,,,,,,,,
2022-06-16 00:00:00,7,0,12.05,46.63,6.61,106.42,0.09,6.21,17.64,7.0,346.0,346.0,0.3,0.9,2344.0,0.3,0.0,1009.2,0.1,1017.6,392.4025,1017.5,-9.439707,0.1,10.9,11.1,10.9,95.0,6.3,5.3675,,,,,,,,,
2022-06-16 01:00:00,7,1,12.06,46.64,6.6,106.41,0.1,6.19,17.58,7.0,329.0,329.0,0.5,0.8,14.0,0.5,100.0,1009.2,0.2,1017.6,387.5245,1017.5,-9.916942,0.1,10.8,10.9,10.8,96.0,6.3,5.380277778,,,,,,,,,
2022-06-16 02:00:00,7,0,12.06,46.65,6.59,106.4,0.12,6.17,17.52,7.0,339.0,299.0,0.2,0.8,112.0,0.5,149.0,1009.2,0.2,1017.6,386.1484,1017.5,-8.309776,0.2,10.8,10.8,10.7,96.0,6.3,5.398888889,,,,,,,,,
2022-06-16 03:00:00,7,0,12.05,46.66,6.62,106.25,0.09,6.17,17.49,7.0,3.0,337.0,0.2,0.6,217.0,0.4,223.0,1009.1,0.1,1017.5,381.653,1017.4,0.9247056,0.0,10.9,10.9,10.8,96.0,6.3,5.404722222,,,,,,,,,
2022-06-16 04:00:00,7,0,12.02,46.64,6.62,106.27,0.08,6.22,17.64,7.0,114.0,114.0,0.5,1.1,359.0,0.5,400.0,1008.9,0.2,1017.3,384.5852,1017.2,24.16029,0.0,11.3,11.3,10.9,96.0,6.3,5.456388889,,,,,,,,,
2022-06-16 05:00:00,7,0,12.02,46.64,6.62,106.26,0.08,6.22,17.65,7.0,86.0,72.0,0.3,1.3,449.0,0.7,443.0,1008.8,0.3,1017.1,392.7395,1017.1,76.20852,0.1,11.8,12.0,11.3,96.0,6.3,5.481388889,,,,,,,,,
2022-06-16 06:00:00,7,0,12.05,46.64,6.62,106.29,0.1,6.23,17.67,7.0,68.0,68.0,1.1,2.3,556.0,1.1,600.0,1008.7,0.3,1017.0,392.7834,1017.0,97.38873,0.3,12.3,12.3,11.8,94.0,6.3,5.479444444,,,,,,,,,
2022-06-16 07:00:00,7,0,12.04,46.65,6.61,106.34,0.09,6.21,17.61,7.0,49.0,49.0,2.3,3.8,657.0,2.3,700.0,1008.6,0.4,1016.9,407.0146,1016.9,121.3881,0.3,12.3,12.3,12.1,91.0,6.3,5.496111111,,,,,,,,,
2022-06-16 08:00:00,7,0,11.99,46.66,6.61,106.39,0.08,6.25,17.74,7.0,91.0,68.0,1.2,3.9,737.0,2.6,729.0,1008.7,0.2,1017.0,412.8108,1017.0,202.5094,0.1,13.0,13.0,12.3,91.0,6.3,5.497777778,,,,,,,,,
2022-06-16 09:00:00,7,0,12.06,46.64,6.6,106.39,0.09,6.21,17.62,3.0,111.0,61.0,0.5,2.7,811.0,1.4,820.0,1008.9,0.2,1017.2,403.5389,1017.2,179.8268,0.3,13.4,13.5,13.0,87.0,6.3,5.492777778,,,,,,,,,
2022-06-16 10:00:00,7,0,11.92,46.68,6.6,106.49,0.08,6.23,17.68,2.0,219.0,211.0,0.7,2.0,943.0,1.2,951.0,1009.2,0.6,1017.5,398.1377,1017.5,139.1246,0.2,12.8,13.4,12.8,90.0,6.3,5.498333333,,,,,,,,,
2022-06-16 11:00:00,7,0,11.88,46.64,6.6,106.4,0.09,6.32,17.92,3.0,353.0,282.0,0.4,4.1,1023.0,1.5,1019.0,1009.8,1.1,1018.1,394.9974,1018.1,80.03142,1.2,12.5,12.8,12.2,91.0,6.3,5.5,,,,,,,,,
2022-06-16 12:00:00,7,0,12.03,46.56,6.6,106.65,0.08,6.32,17.95,2.0,289.0,193.0,0.6,3.1,1105.0,1.5,1127.0,1010.2,1.2,1018.5,393.9919,1018.5,118.5982,0.2,12.8,12.8,12.4,90.0,6.3,5.499722222,,,,,,,,,
2022-06-16 13:00:00,7,1,12.13,46.62,6.6,106.76,0.08,6.24,17.72,2.0,201.0,275.0,1.1,3.7,1217.0,1.8,1211.0,1010.5,1.4,1018.8,395.1573,1018.8,76.94628,1.5,12.3,12.8,12.3,93.0,6.3,5.5,,,,,,,,,
2022-06-16 14:00:00,7,0,12.22,46.69,6.59,106.88,0.09,6.16,17.48,0.0,129.0,202.0,0.7,3.1,1322.0,1.1,1301.0,1010.5,0.7,1018.8,398.3384,1018.8,131.4602,0.5,12.7,13.0,12.3,94.0,6.3,5.5,,,,,,,,,
2022-06-16 15:00:00,7,0,12.28,46.72,6.62,106.77,0.09,6.15,17.45,0.0,153.0,182.0,0.6,3.3,1417.0,1.2,1426.0,1010.5,0.4,1018.8,398.2099,1018.8,119.714,0.0,13.1,13.3,12.6,91.0,6.300277778,5.515277778,,,,,,,,,
2022-06-16 16:00:00,7,0,12.17,46.69,6.62,106.85,0.09,6.19,17.57,2.0,249.0,249.0,1.3,3.2,1555.0,1.4,1558.0,1010.7,0.2,1019.0,397.963,1019.0,98.36156,0.0,13.3,13.3,12.9,91.0,6.3025,5.515833333,,,,,,,,,
2022-06-16 17:00:00,7,0,12.41,46.68,6.62,107.2,0.09,6.13,17.4,2.0,253.0,255.0,1.2,3.9,1615.0,1.9,1617.0,1010.8,0.4,1019.1,393.8561,1019.1,156.9355,0.0,13.3,13.5,13.2,87.0,6.321666667,5.503333333,,,,,,,,,
2022-06-16 18:00:00,7,0,12.91,46.44,6.62,107.6,0.08,6.06,17.19,2.0,227.0,204.0,0.8,3.4,1709.0,1.4,1739.0,1010.9,0.4,1019.2,390.3387,1019.2,89.5489,0.0,12.8,13.6,12.8,92.0,6.308333333,5.501111111,,,,,,,,,
2022-06-16 19:00:00,7,0,12.65,46.6,6.62,107.79,0.08,6.09,17.28,2.0,53.0,200.0,0.3,2.5,1802.0,1.3,1811.0,1010.9,0.3,1019.2,401.4126,1019.2,27.55468,0.5,12.3,12.8,12.3,95.0,6.3,5.505277778,,,,,,,,,
2022-06-16 20:00:00,7,0,12.83,46.56,6.63,107.53,0.08,5.98,16.96,8.0,315.0,30.0,0.5,1.9,1944.0,0.9,1946.0,1010.7,0.1,1019.0,398.0197,1019.0,2.030928,0.1,12.3,12.5,12.2,95.0,6.3,5.527777778,,,,,,,,,
2022-06-16 21:00:00,7,0,13.0,46.56,6.63,107.5,0.07,5.9,16.73,7.0,317.0,311.0,0.5,1.1,2043.0,0.6,2032.0,1010.7,0.3,1019.0,388.0977,1019.0,0.2553735,0.0,12.0,12.3,12.0,96.0,6.3,5.538333333,,,,,,,,,
2022-06-16 22:00:00,7,0,12.82,46.59,6.63,107.31,0.08,5.95,16.89,5.0,353.0,289.0,0.3,1.2,2112.0,0.6,2128.0,1011.0,0.1,1019.4,388.1954,1019.3,-6.665616,0.0,11.9,12.0,11.9,96.0,6.3,5.550833333,,,,,,,,,
2022-06-16 23:00:00,7,0,12.96,46.58,6.63,107.36,0.08,5.89,16.7,0.0,316.0,319.0,0.4,1.2,2244.0,0.6,2253.0,1010.7,0.0,1019.1,385.6783,1019.0,-8.32805,0.0,11.7,11.9,11.6,96.0,6.3,5.551388889,,,,,,,,,
2022-06-17 00:00:00,7,0,12.98,46.58,6.63,107.3,0.08,5.87,16.67,0.0,309.0,313.0,0.3,0.8,2335.0,0.5,2336.0,1010.7,0.0,1019.1,394.982,1019.0,-10.25083,0.0,11.7,11.7,11.7,97.0,6.3,5.561944444,,,,,,,,,
2022-06-17 01:00:00,7,1,12.62,46.62,6.62,107.22,0.08,6.02,17.07,8.0,358.0,349.0,0.3,0.7,54.0,0.5,43.0,1010.1,0.8,1018.5,392.4209,1018.4,-9.771748,0.0,11.6,11.7,11.6,97.0,6.3,5.592222222,,,,,,,,,
2022-06-17 02:00:00,7,0,12.25,46.66,6.62,107.15,0.08,6.16,17.47,8.0,354.0,355.0,0.3,1.0,125.0,0.6,134.0,1009.5,1.1,1017.8,394.0279,1017.8,-6.456649,0.0,11.7,11.7,11.6,97.0,6.3,5.624166667,,,,,,,,,
2022-06-17 03:00:00,7,0,12.5,46.6,6.63,107.21,0.08,6.1,17.31,6.0,354.0,34.0,0.7,3.5,239.0,1.9,245.0,1009.1,1.7,1017.5,338.0612,1017.4,1.594926,0.0,11.1,11.7,11.1,96.0,6.3,5.673333333,,,,,,,,,
2022-06-17 04:00:00,7,0,12.16,46.65,6.63,106.81,0.09,6.21,17.64,6.0,30.0,30.0,1.1,1.9,358.0,1.1,400.0,1008.4,1.7,1016.7,370.9112,1016.7,30.01928,0.0,11.7,11.7,11.1,96.0,6.3,5.676111111,,,,,,,,,
2022-06-17 05:00:00,7,0,12.16,46.65,6.63,107.1,0.09,6.22,17.65,6.0,25.0,28.0,1.3,2.9,440.0,1.5,441.0,1007.8,1.8,1016.1,372.2405,1016.1,65.93241,0.0,12.0,12.0,11.6,91.0,6.3,5.653611111,,,,,,,,,
2022-06-17 06:00:00,7,0,12.25,46.69,6.64,107.12,0.09,6.14,17.43,7.0,98.0,25.0,0.8,2.6,517.0,1.4,503.0,1007.3,1.7,1015.6,370.7363,1015.6,143.523,0.0,13.5,13.5,12.0,86.0,6.3,5.651666667,,,,,,,,,
2022-06-17 07:00:00,7,0,12.1,46.7,6.62,106.99,0.08,6.2,17.59,7.0,122.0,87.0,1.0,2.5,655.0,1.4,636.0,1006.4,2.0,1014.6,356.6034,1014.7,311.3177,0.0,15.4,15.6,13.4,75.0,6.3,5.648611111,,,,,,,,,
2022-06-17 08:00:00,7,0,12.17,46.7,6.6,107.21,0.08,6.18,17.54,8.0,103.0,103.0,1.5,2.5,757.0,1.5,800.0,1005.4,2.3,1013.6,362.1799,1013.7,418.1565,0.0,16.0,16.2,15.1,73.0,6.310833333,5.654722222,,,,,,,,,
2022-06-17 09:00:00,7,0,12.08,46.69,6.61,107.05,0.09,6.2,17.6,7.0,72.0,106.0,1.7,3.7,851.0,1.8,815.0,1004.6,2.8,1012.8,380.122,1012.8,335.3582,0.0,16.3,16.4,15.9,72.0,6.307222222,5.647222222,,,,,,,,,
2022-06-17 10:00:00,7,0,11.98,46.58,6.61,107.0,0.08,6.38,18.1,8.0,31.0,60.0,1.6,3.8,923.0,2.4,920.0,1003.2,3.3,1011.4,390.8833,1011.4,275.0926,0.0,16.6,17.0,16.3,71.0,6.3,5.634444444,,,,,,,,,
2022-06-17 11:00:00,7,0,12.06,46.64,6.6,106.91,0.08,6.29,17.86,8.0,7.0,23.0,1.6,3.1,1037.0,1.7,1052.0,1002.1,3.4,1010.3,399.8114,1010.3,167.1592,0.0,16.1,16.7,16.1,68.0,6.3,5.648611111,,,,,,,,,
2022-06-17 12:00:00,7,0,12.29,46.59,6.61,107.37,0.08,6.27,17.81,6.0,319.0,350.0,0.6,2.8,1107.0,1.5,1110.0,1001.5,3.0,1009.7,400.6133,1009.8,72.56232,0.0,14.2,16.1,14.2,82.0,6.3,5.624722222,,,,,,,,,
2022-06-17 13:00:00,7,1,12.47,46.68,6.62,107.36,0.08,6.19,17.58,8.0,25.0,25.0,2.0,4.3,1255.0,2.0,1300.0,999.9,3.2,1008.1,399.6598,1008.1,62.5481,0.2,13.9,14.2,13.5,75.0,6.3,5.6,,,,,,,,,
2022-06-17 14:00:00,7,0,12.64,46.76,6.62,107.35,0.09,6.11,17.34,8.0,32.0,32.0,3.0,5.2,1358.0,3.0,1400.0,997.8,4.2,1006.0,396.1721,1006.0,44.39866,0.3,14.3,14.3,13.9,75.0,6.3,5.598888889,,,,,,,,,
2022-06-17 15:00:00,7,0,12.4,46.68,6.63,106.88,0.09,6.15,17.44,6.0,10.0,33.0,1.7,4.8,1409.0,3.1,1402.0,997.1,4.4,1005.3,397.4325,1005.2,49.09529,0.2,14.2,14.5,14.2,78.0,6.3,5.596388889,,,,,,,,,
2022-06-17 16:00:00,7,0,12.14,46.62,6.62,107.14,0.08,6.29,17.86,6.0,310.0,8.0,0.7,2.9,1506.0,1.7,1510.0,996.5,3.5,1004.7,401.598,1004.6,74.82458,0.0,14.2,14.4,14.1,87.0,6.302222222,5.563611111,,,,,,,,,
2022-06-17 17:00:00,7,0,12.38,46.69,6.65,106.97,0.08,6.15,17.44,5.0,139.0,299.0,0.7,2.9,1628.0,1.0,1650.0,996.5,1.3,1004.7,404.5585,1004.7,60.92023,0.7,13.7,14.2,13.7,88.0,6.303055556,5.566944444,,,,,,,,,
2022-06-17 18:00:00,7,0,12.9,46.71,6.65,107.75,0.08,6.12,17.37,6.0,71.0,222.0,0.8,4.6,1709.0,1.4,1730.0,996.2,0.8,1004.4,401.4802,1004.4,24.25858,0.5,13.2,13.7,13.2,92.0,6.303888889,5.549166667,,,,,,,,,
2022-06-17 19:00:00,7,0,12.69,46.69,6.63,107.4,0.08,6.13,17.4,8.0,263.0,62.0,0.6,2.1,1819.0,1.1,1822.0,996.1,0.5,1004.3,397.5145,1004.2,15.95548,0.0,13.1,13.2,13.1,95.0,6.303888889,5.552777778,,,,,,,,,
2022-06-17 20:00:00,7,0,12.36,46.58,6.64,107.26,0.08,6.23,17.69,7.0,1.0,303.0,0.3,1.1,1952.0,0.6,1937.0,995.7,0.8,1003.9,394.8777,1003.9,0.122015,0.0,12.8,13.1,12.8,95.0,6.3,5.5475,,,,,,,,,
2022-06-17 21:00:00,7,0,12.56,46.59,6.64,107.45,0.09,6.18,17.54,5.0,166.0,166.0,1.1,3.9,2100.0,1.1,2100.0,995.9,0.3,1004.1,395.2087,1004.1,-5.676686,0.1,12.6,12.8,12.6,94.0,6.3,5.55,,,,,,,,,
2022-06-17 22:00:00,7,0,12.6,46.67,6.64,107.79,0.09,6.18,17.52,3.0,247.0,256.0,2.7,7.4,2130.0,3.6,2132.0,996.6,0.5,1004.8,397.3103,1004.8,-7.122867,1.0,11.8,12.8,11.8,92.0,6.3,5.548055556,,,,,,,,,
2022-06-17 23:00:00,7,0,13.2,46.77,6.63,107.81,0.08,6.0,17.03,1.0,259.0,259.0,3.6,9.8,2238.0,3.6,2300.0,996.6,0.9,1004.9,383.6615,1004.8,-8.830842,0.4,11.3,11.8,11.3,83.0,6.3,5.551944444,,,,,,,,,
2022-06-18 00:00:00,7,0,13.44,46.67,6.57,107.19,0.08,5.87,16.64,1.0,247.0,252.0,2.7,10.3,2325.0,3.6,2344.0,997.1,1.1,1005.4,363.2202,1005.2,-11.75053,0.0,11.0,11.6,11.0,77.0,6.3,5.541388889,,,,,,,,,
2022-06-18 01:00:00,7,1,13.18,46.72,6.58,107.18,0.08,5.92,16.78,0.0,240.0,253.0,2.7,9.8,44.0,3.4,48.0,997.2,0.5,1005.5,324.2603,1005.3,-9.937199,0.0,11.2,11.3,10.9,71.0,6.3,5.548055556,,,,,,,,,
2022-06-18 02:00:00,7,0,12.93,46.77,6.58,107.17,0.08,5.97,16.93,0.0,247.0,243.0,2.5,9.6,109.0,3.0,129.0,997.0,0.4,1005.3,330.9203,1005.2,-6.901812,0.0,10.8,11.3,10.7,69.0,6.3,5.545555556,,,,,,,,,
2022-06-18 03:00:00,7,0,12.41,46.63,6.6,106.31,0.09,6.12,17.35,0.0,250.0,259.0,2.3,8.0,239.0,3.2,249.0,997.2,0.1,1005.5,325.6012,1005.4,9.963553,0.0,11.2,11.2,10.7,58.0,6.3,5.534722222,,,,,,,,,
2022-06-18 04:00:00,7,0,12.32,46.63,6.61,106.2,0.09,6.08,17.26,7.0,237.0,238.0,2.4,6.3,305.0,2.6,319.0,997.0,0.2,1005.2,332.3784,1005.1,38.85252,0.0,11.6,11.6,11.1,52.0,6.3,5.504444444,,,,,,,,,
2022-06-18 05:00:00,7,0,12.37,46.65,6.6,106.21,0.09,6.07,17.23,0.0,222.0,232.0,2.9,11.3,449.0,3.1,458.0,996.8,0.0,1005.0,349.5539,1004.9,82.20291,0.0,12.5,12.5,11.5,47.0,6.315833333,5.505,,,,,,,,,
2022-06-18 06:00:00,7,0,12.3,46.6,6.6,105.92,0.09,6.09,17.28,5.0,224.0,236.0,2.7,8.7,534.0,3.3,548.0,997.0,0.1,1005.2,343.4724,1005.1,181.445,0.0,11.9,12.6,11.0,56.0,6.3,5.501111111,,,,,,,,,
2022-06-18 07:00:00,7,0,12.31,46.6,6.57,105.84,0.08,6.08,17.25,5.0,233.0,208.0,2.7,8.1,612.0,3.9,615.0,997.1,0.0,1005.4,347.6104,1005.3,240.8429,0.1,11.0,13.2,11.0,59.0,6.3,5.490555556,,,,,,,,,
2022-06-18 08:00:00,7,0,12.65,46.61,6.58,106.02,0.08,5.98,16.96,3.0,228.0,228.0,2.0,9.1,701.0,3.2,704.0,997.6,0.7,1005.8,341.3912,1005.7,212.0873,0.2,12.0,12.1,9.7,58.0,6.3,5.467777778,,,,,,,,,
2022-06-18 09:00:00,7,0,12.17,46.72,6.59,106.66,0.09,6.14,17.41,3.0,206.0,194.0,2.8,8.8,821.0,3.4,830.0,997.3,0.3,1005.5,334.3674,1005.5,541.7045,0.0,13.4,13.4,11.1,53.0,6.3,5.428611111,,,,,,,,,
2022-06-18 10:00:00,7,0,11.99,46.63,6.57,106.0,0.09,6.2,17.59,0.0,259.0,229.0,2.4,8.7,915.0,3.3,923.0,997.3,0.2,1005.6,367.1983,1005.4,323.2132,0.0,10.9,13.8,10.9,67.0,6.3,5.400555556,,,,,,,,,
2022-06-18 11:00:00,7,0,11.63,46.56,6.57,105.74,0.08,6.32,17.93,5.0,249.0,205.0,2.3,8.1,1034.0,3.2,1035.0,997.3,0.2,1005.6,364.5923,1005.5,338.9784,0.8,10.8,13.0,10.6,78.0,6.3,5.4,,,,,,,,,
2022-06-18 12:00:00,7,0,10.98,46.66,6.53,105.98,0.09,6.5,18.46,7.0,213.0,210.0,2.6,7.5,1146.0,4.1,1150.0,997.1,0.2,1005.3,375.895,1005.3,409.319,0.2,12.4,12.4,10.7,65.0,6.3,5.390833333,,,,,,,,,
2022-06-18 13:00:00,7,1,11.47,46.66,6.54,106.08,0.09,6.36,18.05,5.0,249.0,209.0,2.4,6.6,1256.0,2.8,1202.0,997.3,0.2,1005.6,360.7648,1005.4,309.1561,0.6,11.4,13.1,11.4,69.0,6.3,5.388888889,,,,,,,,,
2022-06-18 14:00:00,7,0,11.96,46.66,6.55,106.18,0.09,6.22,17.64,6.0,215.0,190.0,2.0,6.3,1317.0,3.4,1326.0,997.2,0.4,1005.4,360.1739,1005.3,430.2055,0.7,11.5,13.8,10.8,69.0,6.300277778,5.352222222,,,,,,,,,
2022-06-18 15:00:00,7,0,11.58,46.68,6.56,106.13,0.09,6.36,18.04,7.0,241.0,213.0,2.0,9.2,1419.0,3.4,1426.0,996.9,0.1,1005.1,333.8458,1005.0,507.2145,0.2,13.7,13.7,11.5,49.0,6.301666667,5.318888889,,,,,,,,,
2022-06-18 16:00:00,7,0,11.95,46.68,6.59,106.25,0.09,6.22,17.65,5.0,216.0,213.0,4.6,11.3,1553.0,4.8,1559.0,997.1,0.2,1005.4,350.7067,1005.3,283.824,0.0,11.2,13.8,11.1,67.0,6.3,5.3,,,,,,,,,
2022-06-18 17:00:00,7,0,12.1,46.66,6.57,106.13,0.09,6.18,17.54,8.0,236.0,217.0,2.1,7.2,1608.0,4.6,1601.0,996.6,0.4,1004.8,339.8903,1004.8,268.0986,0.0,11.6,12.5,11.2,60.0,6.3,5.299722222,,,,,,,,,
2022-06-18 18:00:00,7,0,12.13,46.63,6.54,105.96,0.09,6.17,17.52,8.0,198.0,189.0,3.8,9.7,1750.0,4.5,1757.0,996.6,0.3,1004.8,336.0213,1004.7,172.7733,0.0,11.5,12.1,11.5,57.0,6.3,5.3,,,,,,,,,
2022-06-18 19:00:00,7,0,12.04,46.67,6.58,106.14,0.09,6.16,17.48,6.0,319.0,200.0,1.1,6.3,1821.0,3.7,1804.0,996.5,0.7,1004.8,311.368,1004.7,59.88106,0.0,11.0,11.8,11.0,58.0,6.3,5.299166667,,,,,,,,,
2022-06-18 20:00:00,7,0,12.19,46.66,6.61,106.1,0.08,6.12,17.37,7.0,283.0,64.0,1.4,7.5,1933.0,2.1,1940.0,996.5,0.1,1004.8,310.4097,1004.6,28.84629,0.0,10.7,11.5,10.7,61.0,6.3,5.298611111,,,,,,,,,
2022-06-18 21:00:00,7,0,12.2,46.66,6.61,106.1,0.09,6.12,17.35,7.0,182.0,242.0,1.4,5.9,2040.0,2.3,2048.0,996.5,0.1,1004.8,308.9258,1004.6,5.38792,0.0,10.7,11.1,9.9,56.0,6.3,5.299722222,,,,,,,,,
2022-06-18 22:00:00,7,0,12.18,46.67,6.61,106.08,0.09,6.13,17.4,7.0,311.0,221.0,0.7,3.5,2101.0,1.6,2104.0,996.3,0.2,1004.6,343.5468,1004.5,-6.819702,0.0,9.6,10.8,9.6,72.0,6.3,5.333055556,,,,,,,,,
2022-06-18 23:00:00,7,0,12.22,46.67,6.61,105.96,0.09,6.12,17.36,7.0,5.0,3.0,1.1,2.4,2216.0,1.5,2225.0,996.1,0.4,1004.4,356.4566,1004.3,-10.4406,0.0,9.5,9.6,9.3,68.0,6.3,5.4075,,,,,,,,,
2022-06-19 00:00:00,7,0,12.27,46.67,6.6,106.05,0.08,6.12,17.37,7.0,31.0,31.0,2.3,4.7,0.0,2.3,0.0,996.1,0.3,1004.4,350.0465,1004.3,-10.92349,0.0,10.5,10.5,9.5,60.0,6.3,5.501944444,,,,,,,,,
2022-06-19 01:00:00,7,1,12.2,46.68,6.6,106.0,0.08,6.13,17.4,7.0,25.0,33.0,2.3,4.6,12.0,2.5,40.0,996.0,0.3,1004.3,360.7264,1004.2,-11.36179,0.0,10.4,10.6,10.4,63.0,6.3,5.606666667,,,,,,,,,
2022-06-19 02:00:00,7,0,12.13,46.69,6.59,105.94,0.09,6.14,17.43,7.0,21.0,33.0,2.0,5.2,108.0,2.4,117.0,995.8,0.3,1004.1,359.1688,1004.0,-8.801756,0.0,10.6,10.6,10.3,61.0,6.3,5.634444444,,,,,,,,,
2022-06-19 03:00:00,7,0,11.99,46.69,6.59,105.94,0.09,6.18,17.54,5.0,34.0,26.0,2.1,4.0,202.0,2.3,231.0,996.0,0.2,1004.3,356.5807,1004.2,17.62893,0.0,11.1,11.1,10.6,57.0,6.3,5.5475,,,,,,,,,
2022-06-19 04:00:00,7,0,11.8,46.69,6.6,105.97,0.09,6.24,17.71,3.0,22.0,23.0,2.3,4.1,310.0,2.4,359.0,996.1,0.1,1004.4,367.6419,1004.3,41.62225,0.1,10.8,11.3,10.8,63.0,6.303611111,5.572222222,,,,,,,,,
2022-06-19 05:00:00,7,0,11.91,46.68,6.6,105.73,0.09,6.19,17.58,2.0,23.0,25.0,2.2,4.1,413.0,2.5,422.0,996.5,0.7,1004.8,349.8373,1004.6,44.68132,0.0,11.2,11.2,10.8,60.0,6.325,5.659722222,,,,,,,,,
2022-06-19 06:00:00,7,0,11.9,46.68,6.6,105.64,0.09,6.21,17.62,3.0,31.0,34.0,2.0,4.7,541.0,2.6,530.0,997.0,0.9,1005.2,357.45,1005.1,72.98866,0.0,12.2,12.2,11.2,59.0,6.320833333,5.672222222,,,,,,,,,
2022-06-19 07:00:00,7,0,11.84,46.68,6.6,105.62,0.08,6.2,17.59,2.0,29.0,30.0,1.4,3.9,612.0,2.2,605.0,997.6,1.4,1005.8,374.4572,1005.8,111.0652,0.0,13.0,13.0,12.2,59.0,6.302222222,5.6925,,,,,,,,,
2022-06-19 08:00:00,7,0,11.86,46.7,6.6,105.57,0.09,6.2,17.59,2.0,66.0,57.0,1.5,3.9,730.0,2.5,732.0,998.5,2.0,1006.7,375.2032,1006.7,247.4196,0.0,14.5,14.5,13.0,54.0,6.313055556,5.7,,,,,,,,,
2022-06-19 09:00:00,7,0,11.82,46.68,6.59,105.67,0.09,6.21,17.63,2.0,96.0,54.0,1.7,4.1,844.0,2.0,825.0,999.1,2.1,1007.3,368.1653,1007.3,402.7699,0.0,15.5,16.4,14.5,54.0,6.3,5.703055556,,,,,,,,,
2022-06-19 10:00:00,7,0,11.81,46.7,6.59,105.76,0.08,6.22,17.65,2.0,146.0,60.0,1.5,4.0,905.0,2.0,912.0,999.6,2.0,1007.7,358.474,1007.8,454.4044,0.0,17.0,17.0,15.4,47.0,6.3,5.7,,,,,,,,,
2022-06-19 11:00:00,7,0,11.79,46.71,6.58,105.88,0.09,6.24,17.72,2.0,160.0,160.0,2.2,4.8,1034.0,2.2,1100.0,1000.3,1.7,1008.4,356.2989,1008.5,817.8811,0.1,17.3,18.0,16.7,46.0,6.3,5.7,,,,,,,,,
2022-06-19 12:00:00,7,0,11.77,46.72,6.58,105.9,0.08,6.21,17.61,1.0,118.0,131.0,1.9,6.2,1109.0,2.5,1143.0,1000.5,1.5,1008.6,357.5027,1008.7,607.8997,0.0,17.3,18.0,15.8,51.0,6.3,5.700277778,,,,,,,,,
2022-06-19 13:00:00,7,1,11.83,46.72,6.58,105.87,0.08,6.2,17.6,2.0,200.0,216.0,2.2,5.7,1253.0,2.3,1253.0,1001.1,1.5,1009.2,350.6757,1009.3,784.5606,0.1,17.5,18.2,17.2,51.0,6.3,5.700277778,,,,,,,,,
2022-06-19 14:00:00,7,0,11.88,46.71,6.59,105.84,0.09,6.2,17.58,2.0,120.0,170.0,1.8,6.1,1355.0,2.7,1319.0,1001.5,1.2,1009.6,350.4243,1009.8,757.9193,0.0,17.1,18.1,16.9,54.0,6.3,5.726944444,,,,,,,,,
2022-06-19 15:00:00,7,0,11.93,46.7,6.6,105.88,0.08,6.2,17.6,3.0,124.0,159.0,1.9,5.5,1450.0,2.4,1456.0,1002.4,1.8,1010.6,345.5596,1010.6,673.4523,0.0,16.5,17.6,16.4,51.0,6.3,5.749166667,,,,,,,,,
2022-06-19 16:00:00,7,0,11.99,46.71,6.62,106.01,0.08,6.19,17.57,3.0,149.0,149.0,2.0,5.4,1528.0,2.0,1600.0,1003.0,2.0,1011.2,335.218,1011.2,563.2749,0.0,15.7,16.5,15.3,53.0,6.3,5.744444444,,,,,,,,,
2022-06-19 17:00:00,7,0,12.39,46.72,6.61,106.8,0.07,6.07,17.22,2.0,131.0,111.0,1.4,5.4,1632.0,2.2,1636.0,1003.6,2.1,1011.8,324.8118,1011.9,437.269,0.0,14.0,15.7,14.0,57.0,6.3,5.746388889,,,,,,,,,
2022-06-19 18:00:00,7,0,12.83,46.72,6.6,107.15,0.08,5.93,16.81,2.0,14.0,14.0,2.6,5.3,1736.0,2.7,1759.0,1004.2,1.8,1012.5,309.8861,1012.4,236.8528,0.0,12.2,14.0,12.2,69.0,6.310555556,5.748055556,,,,,,,,,
2022-06-19 19:00:00,7,0,12.97,46.71,6.63,107.35,0.07,5.89,16.72,3.0,182.0,10.0,1.2,3.2,1808.0,2.4,1801.0,1005.0,2.0,1013.3,297.6587,1013.3,18.3658,0.0,11.1,12.2,11.1,78.0,6.348888889,5.751388889,,,,,,,,,
2022-06-19 20:00:00,7,0,13.32,46.75,6.62,107.7,0.07,5.8,16.46,2.0,342.0,196.0,1.1,3.7,1959.0,1.3,1902.0,1005.4,1.8,1013.7,295.2348,1013.7,10.1624,0.0,10.5,11.1,10.3,79.0,6.325,5.779444444,,,,,,,,,
2022-06-19 21:00:00,7,0,11.84,46.7,6.6,106.92,0.08,6.23,17.68,1.0,318.0,354.0,0.8,3.9,2003.0,1.4,2053.0,1005.7,1.6,1014.1,292.6986,1013.9,0.05332433,0.0,9.5,10.6,9.5,86.0,6.306111111,5.785555556,,,,,,,,,
2022-06-19 22:00:00,7,0,12.04,46.72,6.64,106.91,0.08,6.17,17.49,1.0,320.0,322.0,0.7,1.5,2159.0,0.8,2152.0,1005.7,0.7,1014.1,290.333,1014.0,-8.342749,0.0,8.6,9.5,8.6,88.0,6.301111111,5.745277778,,,,,,,,,
2022-06-19 23:00:00,7,0,12.18,46.73,6.62,106.65,0.08,6.15,17.44,2.0,323.0,323.0,0.9,1.7,2254.0,0.9,2300.0,1005.7,0.4,1014.1,287.2946,1014.0,-11.56464,0.0,8.2,8.6,8.2,90.0,6.3,5.699444444,,,,,,,,,
2022-06-20 00:00:00,7,0,11.86,46.71,6.61,106.45,0.08,6.26,17.76,4.0,328.0,325.0,0.7,1.6,2326.0,0.9,2302.0,1005.7,0.0,1014.1,286.1193,1013.9,-11.86165,0.0,7.8,8.3,7.8,91.0,6.3,5.626666667,,,,,,,,,
2022-06-20 01:00:00,7,1,11.84,46.71,6.61,106.46,0.08,6.27,17.78,4.0,320.0,329.0,0.8,1.3,54.0,0.9,5.0,1005.6,0.1,1014.0,285.3515,1013.9,-11.52102,0.0,7.7,7.8,7.6,92.0,6.3,5.5225,,,,,,,,,
2022-06-20 02:00:00,7,0,11.81,46.71,6.61,106.47,0.09,6.28,17.81,7.0,290.0,258.0,0.5,1.9,128.0,0.8,132.0,1005.4,0.4,1013.8,284.8074,1013.6,-9.314198,0.0,7.3,7.8,7.3,94.0,6.3,5.496944444,,,,,,,,,
2022-06-20 03:00:00,7,0,11.58,46.7,6.6,106.1,0.09,6.32,17.93,8.0,6.0,305.0,0.4,0.8,253.0,0.6,243.0,1005.0,0.7,1013.4,283.5104,1013.2,-0.4998548,0.0,7.2,7.3,7.1,94.0,6.3,5.500277778,,,,,,,,,
2022-06-20 04:00:00,7,0,11.68,46.72,6.61,106.15,0.09,6.3,17.88,5.0,308.0,308.0,0.5,0.9,337.0,0.5,400.0,1004.9,0.7,1013.3,283.8051,1013.2,11.51724,0.0,7.7,7.7,7.2,94.0,6.3,5.491111111,,,,,,,,,
2022-06-20 05:00:00,7,0,11.79,46.7,6.62,106.14,0.09,6.28,17.82,6.0,50.0,299.0,0.2,0.8,410.0,0.5,414.0,1004.8,0.6,1013.2,294.8044,1013.0,34.59487,0.0,9.8,10.2,7.7,88.0,6.3,5.478888889,,,,,,,,,
2022-06-20 06:00:00,7,0,11.87,46.7,6.62,106.15,0.09,6.25,17.73,7.0,147.0,141.0,0.6,1.8,554.0,0.8,556.0,1004.5,0.5,1012.8,307.2708,1012.7,300.741,0.0,11.8,11.8,9.8,79.0,6.3,5.453611111,,,,,,,,,
2022-06-20 07:00:00,7,0,11.91,46.69,6.62,106.09,0.09,6.25,17.73,7.0,161.0,149.0,0.6,1.7,658.0,0.8,648.0,1004.2,0.7,1012.4,318.6371,1012.4,429.146,0.0,13.6,13.7,11.8,70.0,6.3,5.410833333,,,,,,,,,
2022-06-20 08:00:00,7,0,12.01,46.71,6.62,106.54,0.09,6.22,17.64,7.0,174.0,174.0,1.4,2.8,738.0,1.4,800.0,1003.9,0.9,1012.1,328.1086,1012.1,560.2952,0.0,14.7,14.8,13.6,67.0,6.288055556,5.397777778,,,,,,,,,
2022-06-20 09:00:00,7,0,12.25,46.69,6.63,106.71,0.08,6.16,17.48,7.0,141.0,193.0,1.6,3.0,838.0,1.9,820.0,1003.5,1.0,1011.7,332.5705,1011.7,674.9208,0.0,15.8,15.9,14.6,62.0,6.3,5.375,,,,,,,,,
2022-07-31 21:00:00,8,0,15.39,46.42,6.59,104.84,1.05,6.78,18.0,2.0,316.0,315.0,0.6,2.2,2016.0,1.0,2023.0,1005.6,0.2,1013.9,368.7982,1013.9,-9.209496,0.0,10.8,11.1,10.8,92.0,6.451111111,6.186111111,,,,,,,,,
2022-07-31 22:00:00,8,0,15.44,46.43,6.59,104.86,1.09,6.78,17.98,2.0,315.0,302.0,0.6,2.0,2149.0,0.7,2156.0,1005.8,0.2,1014.1,381.4398,1014.1,-9.017071,1.2,10.8,11.0,10.8,94.0,6.458055556,6.191388889,,,,,,,,,
2022-07-31 23:00:00,8,0,15.54,46.44,6.58,104.9,1.06,6.8,18.04,2.0,317.0,317.0,0.7,1.6,2239.0,0.7,2300.0,1005.9,0.2,1014.3,383.5522,1014.2,-9.764604,0.3,10.4,10.8,10.4,95.0,6.455555556,6.192777778,,,,,,,,,
2022-08-01 00:00:00,8,0,15.66,46.45,6.56,104.93,1.07,6.72,17.82,2.0,308.0,304.0,0.8,2.2,2320.0,0.9,2331.0,1006.1,0.4,1014.5,373.9924,1014.3,-10.26687,0.0,9.9,10.4,9.9,95.0,6.450555556,6.195833333,,,,,,,,,
2022-08-01 01:00:00,8,1,15.63,46.44,6.56,104.85,1.07,6.73,17.85,0.0,311.0,311.0,0.9,1.5,57.0,0.9,100.0,1005.8,0.0,1014.2,340.1793,1014.1,-9.869524,0.0,9.1,9.9,9.1,96.0,6.450277778,6.203888889,,,,,,,,,
2022-08-01 02:00:00,8,0,15.59,46.44,6.55,104.77,1.07,6.74,17.88,8.0,322.0,309.0,0.7,1.6,104.0,0.9,112.0,1005.7,0.2,1014.1,362.5399,1014.0,-8.082354,0.0,9.5,9.5,9.1,96.0,6.449444444,6.207222222,,,,,,,,,
2022-08-01 03:00:00,8,0,15.59,46.47,6.58,104.72,1.05,6.71,17.8,7.0,312.0,295.0,0.6,1.4,214.0,0.8,230.0,1005.8,0.3,1014.2,360.0861,1014.0,-8.022048,0.0,9.6,9.7,9.5,96.0,6.458333333,6.209722222,,,,,,,,,
2022-08-01 04:00:00,8,0,15.52,46.43,6.59,104.61,1.05,6.76,17.94,4.0,310.0,310.0,0.7,1.4,346.0,0.8,355.0,1005.8,0.0,1014.2,357.72,1014.1,-4.283968,0.0,9.4,9.6,9.4,96.0,6.450833333,6.256944444,,,,,,,,,
2022-08-01 05:00:00,8,0,15.47,46.43,6.59,104.52,1.02,6.77,17.96,4.0,316.0,327.0,0.7,1.9,421.0,0.8,442.0,1005.8,0.1,1014.2,353.1313,1014.1,25.24184,0.0,9.8,9.8,9.4,95.0,6.451944444,6.2875,,,,,,,,,
2022-08-01 06:00:00,8,0,15.4,46.44,6.58,104.45,1.05,6.79,18.02,4.0,311.0,310.0,0.4,1.5,517.0,0.8,521.0,1005.9,0.1,1014.2,348.9285,1014.1,103.434,0.0,11.4,11.4,9.8,91.0,6.453611111,6.289722222,,,,,,,,,
2022-08-01 07:00:00,8,0,15.39,46.43,6.58,104.48,1.03,6.82,18.1,3.0,332.0,228.0,0.2,4.1,613.0,1.7,619.0,1006.2,0.4,1014.6,375.7393,1014.5,68.36169,2.2,10.0,11.8,9.6,93.0,6.453055556,6.299166667,,,,,,,,,
2022-08-01 08:00:00,8,0,15.36,46.44,6.56,104.36,1.04,6.8,18.04,2.0,99.0,129.0,0.3,1.5,748.0,0.6,751.0,1006.3,0.4,1014.6,382.273,1014.5,152.4682,0.2,11.2,11.2,10.0,86.0,6.453333333,6.3,,,,,,,,,
2022-08-01 09:00:00,8,0,15.42,46.43,6.57,104.47,1.04,6.8,18.05,1.0,221.0,177.0,0.8,3.2,843.0,1.6,846.0,1006.5,0.6,1014.8,355.6341,1014.8,203.7273,0.6,11.2,12.2,11.2,85.0,6.456824513,6.298885794,,,,,,,,,
2022-08-01 10:00:00,8,0,15.43,46.43,6.58,104.51,1.02,6.77,17.97,2.0,169.0,173.0,1.6,3.4,921.0,1.9,927.0,1006.5,0.3,1014.8,368.925,1014.8,390.7994,0.1,13.5,13.5,11.2,79.0,6.446666667,6.299722222,,,,,,,,,
2022-08-01 11:00:00,8,0,15.48,46.43,6.58,104.54,1.03,6.77,17.97,2.0,199.0,199.0,2.8,7.1,1100.0,2.8,1100.0,1006.7,0.5,1015.0,338.0624,1015.0,267.3026,0.0,12.8,13.5,11.7,76.0,6.451111111,6.299444444,,,,,,,,,
2022-08-01 12:00:00,8,0,15.51,46.43,6.58,104.68,1.04,6.78,17.99,2.0,184.0,214.0,2.7,5.9,1157.0,3.2,1105.0,1006.8,0.3,1015.1,362.1055,1015.1,590.4561,0.4,13.8,14.5,11.2,72.0,6.45,6.299722222,0.0,,,,,,,,
2022-08-01 13:00:00,8,1,15.63,46.42,6.56,104.71,1.02,6.7,17.77,2.0,202.0,199.0,3.3,7.5,1202.0,3.6,1256.0,1006.8,0.3,1015.1,355.9151,1015.1,717.8676,0.1,13.9,14.4,12.8,67.0,6.445277778,6.299722222,,,,,,,,,
2022-08-01 14:00:00,8,0,15.75,46.41,6.53,104.73,1.01,6.62,17.55,2.0,211.0,202.0,1.5,6.0,1305.0,3.2,1302.0,1006.8,0.1,1015.1,363.8932,1015.1,306.7144,0.2,12.4,13.9,12.4,80.0,6.446388889,6.298611111,,,,,,,,,
2022-08-01 15:00:00,8,0,15.75,46.42,6.58,104.88,1.03,6.65,17.64,7.0,202.0,196.0,1.6,3.1,1412.0,1.8,1421.0,1006.7,0.1,1015.0,347.1233,1014.9,453.1682,0.0,13.4,14.8,12.4,70.0,6.449166667,6.299444444,,,,,,,,,
2022-08-01 16:00:00,8,0,15.75,46.43,6.59,105.04,0.99,6.65,17.63,7.0,197.0,163.0,1.2,3.1,1516.0,1.9,1524.0,1006.4,0.4,1014.7,341.6427,1014.7,373.0466,0.0,14.2,14.5,13.2,67.0,6.444166667,6.299722222,,,,,,,,,
2022-08-01 17:00:00,8,0,15.79,46.44,6.61,105.08,1.0,6.6,17.51,7.0,176.0,201.0,1.0,4.8,1614.0,2.7,1624.0,1006.3,0.5,1014.6,341.1429,1014.6,322.7337,0.0,13.7,15.0,13.2,73.0,6.445833333,6.298611111,,,,,,,,,
2022-08-01 18:00:00,8,0,15.85,46.43,6.61,105.16,1.02,6.61,17.52,7.0,315.0,187.0,0.6,2.8,1703.0,1.4,1708.0,1006.3,0.4,1014.6,347.1026,1014.5,73.48557,0.0,12.1,13.7,12.1,87.0,6.441666667,6.291944444,,,,,,,,,
2022-08-01 19:00:00,8,0,15.88,46.43,6.6,105.29,1.03,6.56,17.41,7.0,315.0,303.0,0.6,1.5,1831.0,0.7,1826.0,1006.1,0.3,1014.4,339.1782,1014.4,25.63198,0.0,11.3,12.1,11.3,89.0,6.440277778,6.250277778,,,,,,,,,
2022-08-01 20:00:00,8,0,15.95,46.43,6.6,105.31,1.0,6.54,17.34,7.0,324.0,324.0,0.8,1.3,1924.0,0.8,2000.0,1006.0,0.3,1014.3,332.582,1014.3,5.42054,0.0,10.6,11.3,10.4,89.0,6.437777778,6.216388889,,,,,,,,,
2022-08-01 21:00:00,8,0,15.96,46.43,6.6,105.3,1.02,6.54,17.33,7.0,337.0,337.0,0.8,1.6,2056.0,0.8,2100.0,1005.8,0.4,1014.2,300.7338,1014.1,-9.364599,0.0,9.6,10.6,9.6,91.0,6.428611111,6.200277778,,,,,,,,,
2022-08-01 22:00:00,8,0,15.93,46.44,6.6,105.22,0.98,6.53,17.32,7.0,319.0,2.0,0.7,2.1,2107.0,1.0,2141.0,1005.7,0.4,1014.1,312.2176,1014.0,-11.70954,0.0,9.7,10.0,9.6,92.0,6.433611111,6.183055556,,,,,,,,,
2022-08-01 23:00:00,8,0,15.88,46.44,6.6,105.19,1.01,6.55,17.36,7.0,326.0,2.0,0.6,2.5,2235.0,1.3,2243.0,1005.5,0.5,1013.9,293.8167,1013.8,-12.41481,0.0,9.4,9.8,9.4,93.0,6.432222222,6.109166667,,,,,,,,,
2022-08-02 00:00:00,8,0,15.86,46.43,6.6,105.04,1.03,6.54,17.34,7.0,17.0,15.0,1.3,2.8,2351.0,1.4,2358.0,1005.0,0.8,1013.4,286.4775,1013.2,-12.48307,0.0,9.1,9.4,9.0,93.0,6.432222222,6.098611111,,,,,,,,,
2022-08-02 01:00:00,8,1,15.93,46.44,6.58,104.94,1.02,6.52,17.28,7.0,336.0,10.0,0.6,2.7,1.0,1.3,4.0,1004.7,1.0,1013.1,284.1744,1012.9,-12.71288,0.0,8.7,9.2,8.7,94.0,6.435277778,6.095555556,,,,,,,,,
2022-08-02 02:00:00,8,0,16.0,46.44,6.56,104.84,1.01,6.5,17.23,8.0,11.0,13.0,1.5,3.3,118.0,1.6,155.0,1003.8,1.6,1012.2,295.0721,1012.1,-12.24394,0.0,8.9,9.0,8.7,92.0,6.441666667,6.078333333,,,,,,,,,
2022-08-02 03:00:00,8,0,15.96,46.44,6.59,104.79,1.03,6.47,17.15,8.0,18.0,18.0,1.6,4.6,249.0,1.9,251.0,1003.1,1.8,1011.5,312.549,1011.4,-9.872977,0.0,9.6,9.6,8.9,89.0,6.436388889,6.076944444,,,,,,,,,
2022-08-02 04:00:00,8,0,15.9,46.46,6.6,104.78,1.02,6.51,17.25,7.0,32.0,33.0,2.6,5.4,341.0,3.0,346.0,1002.2,2.5,1010.5,346.655,1010.4,2.891058,0.1,10.1,10.2,9.6,85.0,6.436388889,6.081666667,,,,,,,,,
2022-08-02 05:00:00,8,0,15.9,46.43,6.6,104.7,1.01,6.54,17.35,7.0,20.0,26.0,3.0,5.8,446.0,3.2,440.0,1001.3,2.4,1009.6,313.5579,1009.6,37.24737,0.0,10.7,10.7,10.1,79.0,6.435833333,6.089444444,,,,,,,,,
2022-08-02 06:00:00,8,0,15.88,46.43,6.58,104.62,1.0,6.56,17.4,6.0,27.0,22.0,2.5,5.2,556.0,3.1,503.0,1000.8,2.4,1009.1,334.7608,1009.0,118.9656,0.0,11.8,12.1,10.7,71.0,6.4375,6.092222222,,,,,,,,,
2022-08-02 07:00:00,8,0,15.85,46.43,6.57,104.51,1.03,6.58,17.45,7.0,13.0,34.0,2.0,5.3,606.0,3.3,611.0,1000.2,2.0,1008.5,362.1646,1008.4,71.8772,0.0,12.1,12.2,11.8,72.0,6.446666667,6.094166667,,,,,,,,,
2022-08-02 08:00:00,8,0,15.76,46.43,6.57,104.38,1.03,6.61,17.54,8.0,28.0,33.0,1.9,5.5,742.0,2.9,732.0,999.1,2.3,1007.3,364.2739,1007.3,109.6472,0.0,13.2,13.2,11.9,66.0,6.442777778,6.098055556,,,,,,,,,
2022-08-02 09:00:00,8,0,15.63,46.39,6.57,104.23,1.02,6.75,17.9,7.0,37.0,38.0,2.6,5.7,814.0,2.8,855.0,998.2,2.5,1006.4,361.2382,1006.4,201.9171,0.0,14.5,14.5,13.2,60.0,6.441944444,6.099166667,,,,,,,,,
2022-08-02 10:00:00,8,0,15.67,46.43,6.57,104.23,1.01,6.66,17.65,6.0,39.0,49.0,2.4,5.1,908.0,2.8,949.0,997.1,3.1,1005.2,365.2311,1005.3,239.8568,0.0,15.4,15.6,14.5,57.0,6.445,6.099722222,,,,,,,,,
2022-08-02 11:00:00,8,0,15.63,46.43,6.56,104.27,1.02,6.68,17.71,7.0,29.0,41.0,2.1,4.6,1010.0,2.7,1015.0,996.2,2.9,1004.4,374.9959,1004.4,115.6848,0.0,14.2,15.4,14.2,67.0,6.450555556,6.1,,,,,,,,,
2022-08-02 12:00:00,8,0,15.52,46.44,6.56,104.28,1.02,6.74,17.89,8.0,29.0,42.0,2.4,8.6,1121.0,3.4,1122.0,994.9,3.3,1003.1,384.9056,1003.1,52.29503,2.6,11.5,14.2,11.5,87.0,6.4475,6.1,,,,,,,,,
2022-08-02 13:00:00,8,1,15.25,46.44,6.55,104.07,1.05,6.88,18.25,8.0,41.0,33.0,3.2,7.3,1220.0,3.6,1251.0,993.7,3.3,1001.9,379.8687,1001.8,44.94535,2.9,11.3,11.6,11.2,89.0,6.450555556,6.127222222,,,,,,,,,
2022-08-02 14:00:00,8,0,14.98,46.43,6.54,103.86,1.08,7.01,18.61,8.0,36.0,34.0,3.1,7.7,1312.0,4.2,1329.0,992.0,4.1,1000.2,380.2289,1000.1,46.61195,1.0,11.6,11.6,11.3,85.0,6.450277778,6.141111111,,,,,,,,,
2022-08-02 15:00:00,8,0,14.85,46.42,6.54,103.64,1.06,7.04,18.69,6.0,27.0,35.0,4.1,8.6,1435.0,4.6,1449.0,991.1,3.8,999.3,381.8667,999.3,44.6798,2.8,11.6,11.7,11.4,87.0,6.445277778,6.195833333,,,,,,,,,
2022-08-02 16:00:00,8,0,14.58,46.45,6.53,103.5,1.06,7.14,18.96,6.0,29.0,28.0,3.7,7.6,1513.0,4.4,1522.0,989.8,3.8,997.9,380.5111,997.9,95.78898,0.3,13.1,13.1,11.6,80.0,6.448888889,6.201111111,,,,,,,,,
2022-08-02 17:00:00,8,0,14.36,46.43,6.54,103.36,1.08,7.22,19.19,5.0,318.0,25.0,1.1,6.8,1616.0,3.9,1610.0,990.0,2.0,998.1,388.8091,998.1,62.79312,0.7,13.3,14.0,13.0,91.0,6.450277778,6.200555556,,,,,,,,,
2022-08-02 18:00:00,8,0,14.31,46.46,6.53,103.3,1.09,7.22,19.17,6.0,9.0,11.0,1.4,4.0,1749.0,1.6,1759.0,989.5,1.5,997.6,392.6625,997.6,32.61926,0.4,13.3,13.5,13.1,91.0,6.445,6.2,,,,,,,,,
2022-08-02 19:00:00,8,0,14.26,46.44,6.56,103.21,1.09,7.23,19.21,5.0,48.0,24.0,1.1,3.2,1805.0,1.7,1812.0,989.6,0.3,997.7,393.0008,997.7,17.53975,0.1,13.4,13.7,13.3,94.0,6.453611111,6.198611111,,,,,,,,,
2022-08-02 20:00:00,8,0,14.52,46.36,6.56,103.37,1.07,7.12,18.92,5.0,21.0,19.0,2.3,4.2,1958.0,2.4,1958.0,989.4,0.5,997.5,398.4389,997.5,-5.056947,0.0,13.9,13.9,13.3,88.0,6.4525,6.200555556,,,,,,,,,
2022-08-02 21:00:00,8,0,14.54,46.44,6.57,103.25,1.08,7.1,18.85,3.0,358.0,23.0,1.9,4.5,2016.0,2.5,2020.0,989.9,0.3,998.0,396.4997,998.0,-9.827508,1.0,13.6,14.2,13.5,93.0,6.445555556,6.211388889,,,,,,,,,
2022-08-02 22:00:00,8,0,15.29,46.4,6.59,103.44,1.04,6.83,18.13,3.0,3.0,357.0,0.5,2.0,2130.0,1.8,2101.0,991.0,1.4,999.1,400.1143,999.1,-7.945227,1.4,13.5,13.6,13.5,96.0,6.449166667,6.210277778,,,,,,,,,
2022-08-02 23:00:00,8,0,15.08,46.41,6.58,103.42,1.04,6.94,18.41,0.0,341.0,5.0,1.1,2.3,2238.0,1.2,2240.0,990.4,1.0,998.5,399.7478,998.5,-10.7228,0.1,14.0,14.0,13.5,97.0,6.446388889,6.204166667,,,,,,,,,
2022-08-03 00:00:00,8,0,15.01,46.4,6.58,103.49,1.05,6.95,18.46,0.0,1.0,6.0,1.9,3.8,2352.0,2.0,2358.0,989.9,0.0,998.0,381.7013,998.0,-13.99676,0.0,13.8,14.1,13.8,93.0,6.442222222,6.200555556,,,,,,,,,
2022-08-03 01:00:00,8,1,15.02,46.4,6.56,103.48,1.06,6.95,18.45,8.0,347.0,33.0,1.2,5.7,35.0,2.9,36.0,989.1,1.9,997.2,357.3297,997.2,-13.07823,0.0,14.0,14.3,13.7,94.0,6.438888889,6.200277778,,,,,,,,,
2022-08-03 02:00:00,8,0,15.02,46.41,6.55,103.48,1.06,6.95,18.45,5.0,339.0,330.0,0.3,2.7,106.0,1.2,112.0,989.3,1.2,997.4,402.4339,997.4,-10.57245,0.3,14.1,14.2,13.9,96.0,6.447222222,6.202222222,,,,,,,,,
2022-08-03 03:00:00,8,0,15.03,46.4,6.57,103.36,1.04,6.95,18.45,3.0,75.0,286.0,0.6,2.2,215.0,1.0,220.0,990.1,0.2,998.2,405.8367,998.2,-7.561947,3.3,14.1,14.2,14.0,96.0,6.447777778,6.199722222,,,,,,,,,
2022-08-03 04:00:00,8,0,15.06,46.39,6.59,103.29,1.05,6.95,18.46,0.0,2.0,50.0,0.2,1.7,306.0,0.8,314.0,990.0,0.9,998.1,407.9871,998.1,-6.202162,2.6,14.2,14.2,14.1,97.0,6.44,6.169722222,,,,,,,,,
2022-08-03 05:00:00,8,0,14.8,46.41,6.56,103.26,1.07,7.07,18.79,0.0,21.0,21.0,1.4,5.1,459.0,1.4,500.0,989.5,0.4,997.6,404.8929,997.6,1.996997,0.2,14.2,14.3,14.2,97.0,6.441666667,6.110833333,,,,,,,,,
2022-08-03 06:00:00,8,0,14.96,46.38,6.58,103.16,1.05,7.0,18.58,8.0,36.0,40.0,2.0,4.1,504.0,2.1,508.0,989.4,0.6,997.5,400.171,997.5,18.35917,0.2,14.5,14.5,14.2,96.0,6.443611111,6.1,,,,,,,,,
2022-08-03 07:00:00,8,0,14.9,46.39,6.56,103.07,1.07,7.03,18.68,8.0,27.0,29.0,1.6,5.0,623.0,2.9,631.0,988.9,1.1,997.0,389.0316,997.0,61.22989,0.0,15.2,15.3,14.5,93.0,6.4375,6.100555556,,,,,,,,,
2022-08-03 08:00:00,8,0,15.02,46.36,6.56,103.11,1.07,6.96,18.48,5.0,54.0,25.0,0.8,2.6,711.0,1.6,704.0,989.2,0.4,997.3,396.8314,997.3,43.22505,2.0,15.0,15.4,15.0,95.0,6.443888889,6.100555556,,,,,,,,,
2022-08-03 09:00:00,8,0,15.03,46.34,6.56,103.04,1.06,6.94,18.43,3.0,56.0,213.0,0.8,2.6,824.0,1.1,829.0,989.7,0.3,997.8,406.1346,997.8,26.59537,4.5,14.9,15.1,14.9,96.0,6.439166667,6.100555556,,,,,,,,,
2022-08-03 10:00:00,8,0,14.92,46.4,6.57,103.09,1.05,7.04,18.68,3.0,68.0,60.0,0.3,1.0,942.0,0.7,901.0,990.6,1.7,998.7,405.3764,998.8,22.54981,4.5,15.0,15.0,14.9,97.0,6.4375,6.1,,,,,,,,,
2022-08-03 11:00:00,8,0,14.97,46.39,6.57,103.12,1.04,6.96,18.49,1.0,84.0,108.0,0.9,2.7,1008.0,1.3,1028.0,991.0,1.6,999.1,404.329,999.1,289.1916,0.5,15.7,16.3,15.0,93.0,6.436388889,6.1,,,,,,,,,
2022-08-03 12:00:00,8,0,14.97,46.37,6.56,103.26,1.03,7.0,18.59,1.0,120.0,71.0,0.7,2.1,1142.0,1.0,1115.0,991.4,1.8,999.5,405.8601,999.5,163.1872,1.0,16.3,16.4,15.7,93.0,6.433333333,6.103611111,,,,,,,,,
2022-08-03 13:00:00,8,1,14.98,46.33,6.55,103.28,1.02,6.98,18.54,2.0,223.0,243.0,0.6,4.3,1234.0,1.4,1243.0,991.8,1.2,999.9,405.7963,999.9,137.2754,2.7,16.2,16.5,15.7,93.0,6.433055556,6.101111111,,,,,,,,,
2022-08-03 14:00:00,8,0,14.99,46.3,6.54,103.31,1.02,6.96,18.49,0.0,273.0,225.0,1.5,4.8,1320.0,2.0,1329.0,991.9,1.0,999.9,387.9347,1000.0,366.9163,0.4,17.6,17.9,16.0,83.0,6.442222222,6.1,,,,,,,,,
2022-08-03 15:00:00,8,0,15.0,46.35,6.58,103.34,1.07,6.95,18.47,1.0,274.0,272.0,0.9,2.6,1401.0,1.5,1403.0,992.1,0.7,1000.2,395.509,1000.3,160.4852,0.0,16.6,17.6,16.6,86.0,6.437777778,6.1,,,,,,,,,
2022-08-03 16:00:00,8,0,14.99,46.31,6.58,103.32,1.04,6.95,18.46,2.0,327.0,270.0,0.9,2.3,1506.0,1.0,1508.0,992.5,0.6,1000.6,393.5692,1000.6,112.2591,0.0,15.8,16.7,15.8,92.0,6.4375,6.118333333,,,,,,,,,
2022-08-03 17:00:00,8,0,15.02,46.35,6.59,103.46,1.05,6.96,18.49,2.0,295.0,293.0,1.5,4.1,1642.0,1.6,1659.0,992.8,0.9,1000.9,391.964,1001.0,208.4826,0.0,16.2,17.3,15.5,86.0,6.435555556,6.161666667,,,,,,,,,
2022-08-03 18:00:00,8,0,15.22,46.18,6.59,103.45,1.03,6.8,18.05,3.0,282.0,282.0,2.2,6.5,1742.0,2.2,1800.0,993.6,1.5,1001.7,390.4095,1001.8,49.73978,0.5,14.7,16.2,14.7,85.0,6.435833333,6.199722222,,,,,,,,,
2022-08-03 19:00:00,8,0,15.32,46.22,6.58,103.54,1.06,6.74,17.88,3.0,286.0,284.0,1.5,5.5,1814.0,2.4,1805.0,994.3,1.9,1002.5,386.3519,1002.5,4.857835,0.0,14.1,14.7,13.9,87.0,6.440833333,6.215833333,,,,,,,,,
2022-08-03 20:00:00,8,0,15.18,46.25,6.58,103.42,1.05,6.93,18.4,1.0,337.0,280.0,0.6,5.3,1907.0,2.0,1911.0,995.0,2.1,1003.2,388.4648,1003.1,-6.510748,0.0,13.5,14.2,13.5,90.0,6.445,6.241111111,,,,,,,,,
2022-08-03 21:00:00,8,0,15.24,46.3,6.58,103.42,1.04,6.84,18.15,1.0,331.0,338.0,0.5,1.6,2036.0,1.0,2046.0,995.3,1.6,1003.5,387.8012,1003.5,-9.514817,0.0,13.3,13.5,13.3,92.0,6.449722222,6.271944444,,,,,,,,,
2022-08-03 22:00:00,8,0,15.24,46.28,6.58,103.45,1.02,6.83,18.14,2.0,14.0,261.0,0.3,2.6,2140.0,1.0,2143.0,995.6,1.3,1003.8,386.804,1003.8,-11.11918,0.0,13.3,13.4,13.2,92.0,6.441111111,6.295833333,,,,,,,,,
2022-08-03 23:00:00,8,0,15.23,46.23,6.58,103.33,1.04,6.85,18.19,2.0,297.0,297.0,1.0,3.0,2258.0,1.0,2300.0,996.0,1.0,1004.2,386.0909,1004.2,-10.4326,0.2,13.3,13.3,13.2,92.0,6.451111111,6.298611111,,,,,,,,,
2022-08-04 00:00:00,8,0,15.25,46.22,6.58,103.35,1.0,6.83,18.14,3.0,219.0,220.0,1.5,6.1,2337.0,2.4,2345.0,997.1,1.8,1005.3,391.9297,1005.3,-10.34296,0.2,12.0,13.4,12.0,94.0,6.452222222,6.299444444,,,,,,,,,
2022-08-04 01:00:00,8,1,15.2,46.14,6.56,103.24,1.02,7.02,18.65,3.0,223.0,216.0,1.3,4.0,29.0,1.9,35.0,997.7,2.2,1006.0,387.4773,1005.9,-7.319405,2.8,11.4,12.0,11.4,95.0,6.452222222,6.296666667,,,,,,,,,
2022-08-04 02:00:00,8,0,15.15,46.07,6.55,103.14,1.04,7.21,19.16,1.0,220.0,234.0,1.2,4.3,139.0,1.7,117.0,998.1,2.2,1006.4,384.6987,1006.3,-7.467155,2.7,11.0,11.4,11.0,96.0,6.448888889,6.2975,,,,,,,,,
2022-08-04 03:00:00,8,0,15.12,46.12,6.57,103.05,1.01,7.17,19.04,1.0,278.0,208.0,0.7,4.2,215.0,1.4,217.0,998.4,1.3,1006.7,389.9577,1006.6,-10.73351,0.1,11.0,11.1,11.0,95.0,6.456944444,6.296111111,,,,,,,,,
2022-08-04 04:00:00,8,0,15.03,46.1,6.57,102.92,1.06,7.26,19.29,1.0,264.0,232.0,0.7,3.1,318.0,1.4,321.0,998.5,0.8,1006.8,385.1791,1006.7,-8.337457,0.3,10.6,11.0,10.6,95.0,6.455555556,6.298055556,,,,,,,,,
2022-08-04 05:00:00,8,0,14.91,46.17,6.56,102.87,1.04,7.27,19.33,2.0,301.0,222.0,0.4,2.8,445.0,1.1,446.0,998.9,0.8,1007.2,383.0023,1007.1,-0.2851456,2.0,10.6,10.7,10.6,96.0,6.451666667,6.299722222,,,,,,,,,
2022-08-04 06:00:00,8,0,14.89,46.2,6.57,102.79,1.07,7.27,19.32,2.0,37.0,271.0,0.3,3.0,522.0,0.8,531.0,999.1,0.7,1007.4,385.0532,1007.3,14.86627,0.3,11.0,11.0,10.6,96.0,6.453333333,6.3,,,,,,,,,
2022-08-04 07:00:00,8,0,14.94,46.26,6.56,102.79,1.04,7.06,18.76,2.0,5.0,5.0,0.3,1.4,639.0,0.8,642.0,999.7,1.1,1008.0,390.0275,1007.9,37.0253,0.3,11.3,11.3,11.0,95.0,6.446666667,6.300555556,,,,,,,,,
2022-08-04 08:00:00,8,0,14.86,46.29,6.56,102.63,1.06,7.13,18.95,2.0,110.0,116.0,0.7,1.6,712.0,0.8,757.0,1000.0,1.1,1008.2,376.4746,1008.2,176.3608,0.0,12.9,12.9,11.3,91.0,6.451666667,6.300833333,,,,,,,,,
2022-08-04 09:00:00,8,0,14.95,46.27,6.57,102.57,1.07,7.01,18.62,0.0,90.0,148.0,0.3,2.3,819.0,1.3,821.0,999.9,0.7,1008.1,333.7986,1008.1,356.6458,0.0,13.9,14.2,12.7,79.0,6.449722222,6.300555556,,,,,,,,,
2022-08-04 10:00:00,8,0,14.91,46.27,6.57,102.7,1.06,7.06,18.74,1.0,36.0,155.0,0.3,2.2,911.0,1.4,916.0,1000.1,0.5,1008.3,371.6404,1008.3,316.2178,0.0,14.4,14.5,13.9,74.0,6.445277778,6.3,,,,,,,,,
2022-08-04 11:00:00,8,0,15.06,46.12,6.57,102.82,1.03,7.09,18.83,2.0,327.0,327.0,0.8,1.8,1035.0,0.8,1100.0,1000.2,0.2,1008.4,381.1272,1008.4,114.6794,0.9,13.0,14.4,12.8,93.0,6.443333333,6.301388889,,,,,,,,,
2022-08-04 12:00:00,8,0,14.85,46.26,6.57,102.77,1.06,7.15,18.99,2.0,315.0,315.0,1.0,1.7,1159.0,1.0,1200.0,1000.3,0.4,1008.6,380.6413,1008.5,91.36877,0.1,12.0,13.1,12.0,92.0,6.445,6.319444444,,,,,,,,,
2022-08-04 13:00:00,8,1,14.84,46.28,6.56,102.82,1.06,7.14,18.96,3.0,315.0,317.0,0.9,2.3,1250.0,1.0,1254.0,1000.6,0.5,1008.9,379.0898,1008.8,81.55758,1.0,11.6,12.4,11.5,93.0,6.441944444,6.322222222,,,,,,,,,
2022-08-04 14:00:00,8,0,14.83,46.3,6.54,102.87,1.05,7.13,18.94,3.0,292.0,291.0,1.3,2.3,1355.0,1.4,1359.0,1000.7,0.5,1009.0,379.5192,1009.0,49.46305,1.9,11.5,11.9,11.5,94.0,6.441111111,6.299444444,,,,,,,,,
2022-08-04 15:00:00,8,0,14.96,46.18,6.58,102.96,1.06,7.2,19.14,1.0,281.0,281.0,2.0,3.8,1458.0,2.0,1500.0,1000.9,0.6,1009.2,379.0012,1009.1,79.80716,0.9,11.5,11.8,11.4,93.0,6.444166667,6.254722222,,,,,,,,,
2022-08-04 16:00:00,8,0,14.96,46.15,6.58,103.01,1.05,7.25,19.27,2.0,347.0,282.0,0.6,3.4,1502.0,2.0,1502.0,1000.8,0.1,1009.1,367.0695,1009.0,78.69917,0.2,11.7,11.7,11.3,92.0,6.428888889,6.253055556,,,,,,,,,
2022-08-04 17:00:00,8,0,14.97,46.17,6.58,103.06,1.05,7.23,19.21,3.0,224.0,252.0,1.7,5.9,1636.0,2.6,1642.0,1001.3,0.6,1009.6,376.3805,1009.5,61.45112,0.2,11.4,12.0,11.4,91.0,6.423333333,6.219444444,,,,,,,,,
2022-08-04 18:00:00,8,0,14.98,46.15,6.58,103.09,1.08,7.24,19.25,3.0,282.0,286.0,1.5,4.2,1707.0,1.7,1756.0,1001.7,0.8,1010.0,378.1729,1009.9,47.22375,0.7,10.9,11.4,10.8,92.0,6.424722222,6.185277778,,,,,,,,,
2022-08-04 19:00:00,8,0,15.0,46.09,6.57,103.08,1.03,7.22,19.19,1.0,276.0,276.0,1.5,3.9,1854.0,1.5,1900.0,1001.9,1.1,1010.2,366.8886,1010.1,24.3361,0.0,11.0,11.1,10.9,92.0,6.425833333,6.154444444,,,,,,,,,
2022-08-04 20:00:00,8,0,14.97,46.08,6.57,102.96,1.01,7.22,19.2,2.0,300.0,282.0,1.2,3.7,1950.0,1.7,1935.0,1002.2,0.9,1010.5,366.6311,1010.5,-5.077646,0.0,10.9,11.0,10.8,93.0,6.426666667,6.145833333,,,,,,,,,
2022-08-04 21:00:00,8,0,14.95,46.07,6.57,102.88,1.03,7.17,19.05,3.0,281.0,289.0,0.5,4.3,2035.0,1.4,2005.0,1002.8,1.2,1011.1,374.2748,1011.1,-7.46287,2.7,10.1,10.9,10.1,94.0,6.426666667,6.100555556,,,,,,,,,
2022-08-04 22:00:00,8,0,14.94,46.09,6.57,102.82,1.06,7.16,19.03,3.0,244.0,244.0,1.8,5.8,2146.0,1.8,2200.0,1003.2,1.3,1011.5,377.5609,1011.5,-8.064136,1.0,10.0,10.2,10.0,94.0,6.43,6.1,,,,,,,,,
2022-08-04 23:00:00,8,0,14.92,46.1,6.56,102.71,1.05,7.16,19.01,1.0,293.0,244.0,0.8,4.3,2207.0,1.8,2201.0,1003.4,1.2,1011.8,374.2934,1011.7,-7.767351,1.4,9.7,10.0,9.7,95.0,6.437777778,6.099722222,,,,,,,,,
2022-08-05 00:00:00,8,0,14.87,46.11,6.55,102.71,1.06,7.25,19.28,2.0,308.0,308.0,1.1,2.5,2339.0,1.1,0.0,1003.6,0.8,1012.0,373.1449,1011.9,-10.14832,0.2,9.3,9.7,9.3,95.0,6.433888889,6.098888889,,,,,,,,,
2022-08-05 01:00:00,8,1,14.85,46.1,6.56,102.6,1.06,7.25,19.27,2.0,317.0,314.0,1.1,2.1,50.0,1.2,51.0,1003.7,0.5,1012.1,355.4526,1011.9,-11.97945,0.0,9.2,9.4,9.2,96.0,6.438611111,6.0625,,,,,,,,,
2022-08-05 02:00:00,8,0,14.84,46.08,6.57,102.48,1.05,7.25,19.26,2.0,292.0,292.0,1.8,4.6,200.0,1.8,200.0,1003.9,0.5,1012.3,343.823,1012.1,-11.56386,0.0,9.1,9.2,9.1,95.0,6.435277778,6.057222222,,,,,,,,,
2022-08-05 03:00:00,8,0,14.84,46.06,6.58,102.43,1.04,7.27,19.32,8.0,278.0,282.0,1.7,5.9,205.0,2.0,209.0,1003.5,0.1,1011.9,359.6573,1011.8,-9.603064,0.2,9.1,9.3,9.0,90.0,6.439722222,6.058888889,,,,,,,,,
2022-08-05 04:00:00,8,0,14.82,46.07,6.58,102.43,1.09,7.21,19.17,2.0,304.0,287.0,1.1,4.7,319.0,1.9,336.0,1003.9,0.2,1012.3,353.8219,1012.2,-6.832169,0.0,8.9,9.1,8.8,92.0,6.429722222,6.083055556,,,,,,,,,
2022-08-05 05:00:00,8,0,14.8,46.0,6.55,102.32,1.02,7.32,19.46,3.0,282.0,281.0,1.6,3.8,438.0,1.7,459.0,1004.1,0.2,1012.5,341.1123,1012.3,23.16963,0.0,9.3,9.3,8.8,88.0,6.436666667,6.098055556,,,,,,,,,
2022-08-05 06:00:00,8,0,14.8,46.0,6.56,102.34,1.07,7.33,19.5,1.0,307.0,286.0,0.8,2.7,539.0,1.6,504.0,1004.3,0.8,1012.6,349.877,1012.6,42.79436,0.0,10.2,10.2,9.2,89.0,6.44,6.098888889,,,,,,,,,
2022-08-05 07:00:00,8,0,14.82,45.97,6.56,102.37,1.08,7.35,19.55,2.0,280.0,262.0,1.3,4.2,626.0,1.7,647.0,1004.5,0.6,1012.8,353.381,1012.8,56.23054,0.0,10.2,10.3,10.0,84.0,6.431666667,6.099444444,,,,,,,,,
2022-08-05 08:00:00,8,0,14.82,45.97,6.56,102.39,1.05,7.33,19.49,0.0,215.0,259.0,2.2,6.0,717.0,2.4,714.0,1004.6,0.4,1012.9,331.9681,1012.8,248.81,0.0,13.4,13.4,10.2,67.0,6.433055556,6.1,,,,,,,,,
2022-08-05 09:00:00,8,0,14.83,45.96,6.54,102.39,1.04,7.35,19.55,2.0,226.0,211.0,2.3,6.4,820.0,2.9,851.0,1004.7,0.4,1013.0,359.0261,1013.0,335.0711,0.0,13.4,14.3,12.2,63.0,6.431388889,6.1,,,,,,,,,
2022-08-05 10:00:00,8,0,14.84,45.97,6.55,102.38,1.0,7.29,19.37,2.0,242.0,213.0,2.1,6.1,913.0,2.7,920.0,1004.8,0.3,1013.1,338.1519,1013.0,258.2308,0.0,12.9,13.8,12.4,61.0,6.434166667,6.1,,,,,,,,,
2022-08-05 11:00:00,8,0,14.85,45.96,6.54,102.43,1.07,7.3,19.41,2.0,230.0,230.0,2.4,5.6,1032.0,2.5,1059.0,1004.9,0.4,1013.2,352.3055,1013.1,165.4607,0.2,11.9,12.9,11.9,71.0,6.432777778,6.1,,,,,,,,,
2022-08-05 12:00:00,8,0,14.82,45.97,6.54,102.37,1.07,7.29,19.36,4.0,207.0,206.0,2.4,5.3,1104.0,2.5,1157.0,1004.6,0.1,1012.8,346.6554,1012.8,376.3573,0.1,14.9,14.9,11.7,63.0,6.431388889,6.086944444,,,,,,,,,
2022-08-05 13:00:00,8,1,14.81,46.04,6.52,102.42,1.04,7.24,19.22,8.0,218.0,210.0,2.5,6.7,1223.0,3.0,1250.0,1004.5,0.2,1012.7,347.7247,1012.8,397.648,0.1,14.1,15.0,12.6,63.0,6.436388889,6.066944444,,,,,,,,,
2022-08-05 14:00:00,8,0,14.81,46.11,6.51,102.46,1.01,7.18,19.07,5.0,231.0,223.0,2.2,8.4,1313.0,3.3,1316.0,1004.7,0.1,1012.9,340.597,1013.0,432.0555,0.0,13.8,14.6,12.4,65.0,6.435833333,6.060555556,,,,,,,,,
2022-08-05 15:00:00,8,0,14.85,45.96,6.54,102.46,1.04,7.27,19.32,0.0,226.0,232.0,2.3,8.4,1434.0,2.9,1441.0,1004.6,0.1,1012.9,352.6403,1012.9,217.0329,0.0,13.3,14.0,13.0,66.0,6.438888889,6.068611111,,,,,,,,,
2022-08-05 16:00:00,8,0,14.78,46.19,6.55,102.61,1.08,7.19,19.11,0.0,223.0,219.0,2.7,8.0,1545.0,3.0,1557.0,1004.5,0.0,1012.7,339.5434,1012.8,248.7626,0.0,13.9,14.3,13.3,56.0,6.446944444,6.068888889,,,,,,,,,
2022-08-05 17:00:00,8,0,14.74,46.26,6.54,102.68,1.06,7.19,19.1,7.0,251.0,225.0,1.8,7.8,1631.0,2.8,1601.0,1004.4,0.3,1012.7,332.8247,1012.6,121.7503,0.0,12.4,13.9,12.4,66.0,6.444722222,6.061666667,,,,,,,,,
2022-08-05 18:00:00,8,0,14.69,46.2,6.53,102.62,1.07,7.28,19.34,7.0,252.0,225.0,2.4,7.8,1739.0,3.3,1745.0,1004.4,0.2,1012.7,350.8126,1012.7,73.71158,0.0,11.7,12.5,11.7,70.0,6.450277778,6.058611111,,,,,,,,,
2022-08-05 19:00:00,8,0,14.64,46.3,6.54,102.62,1.02,7.25,19.28,4.0,225.0,234.0,2.0,6.7,1829.0,2.8,1840.0,1004.4,0.0,1012.7,358.337,1012.7,28.7065,0.0,11.0,11.8,11.0,76.0,6.454444444,6.065277778,,,,,,,,,
2022-08-05 20:00:00,8,0,14.48,46.38,6.52,102.65,1.08,7.34,19.51,2.0,242.0,233.0,1.9,5.6,1929.0,2.4,1930.0,1004.6,0.2,1012.9,349.8328,1012.9,-0.9673348,0.0,11.0,11.1,10.8,74.0,6.454444444,6.094166667,,,,,,,,,
2022-08-05 21:00:00,8,0,14.4,46.37,6.52,102.38,1.07,7.46,19.83,2.0,246.0,264.0,1.6,5.8,2010.0,2.3,2042.0,1004.8,0.4,1013.1,364.7181,1013.1,-9.699792,0.2,10.4,11.0,10.3,82.0,6.451944444,6.106388889,,,,,,,,,
2022-08-05 22:00:00,8,0,14.57,46.2,6.54,102.36,1.06,7.39,19.65,2.0,258.0,257.0,1.9,5.7,2147.0,2.1,2153.0,1004.7,0.3,1013.0,362.2911,1013.0,-9.290835,0.2,10.3,10.5,10.3,81.0,6.452222222,6.149166667,,,,,,,,,
2022-08-05 23:00:00,8,0,14.52,46.21,6.54,102.24,1.08,7.43,19.76,4.0,259.0,225.0,2.1,6.8,2209.0,2.8,2210.0,1004.7,0.0,1013.1,358.9903,1012.9,-10.42976,0.0,9.8,10.4,9.7,86.0,6.456666667,6.15,,,,,,,,,
2022-08-06 00:00:00,8,0,14.63,46.06,6.55,102.22,1.1,7.36,19.58,5.0,254.0,261.0,1.5,5.5,2336.0,2.4,2341.0,1005.0,0.1,1013.4,353.7261,1013.2,-9.634277,0.0,9.8,9.9,9.7,88.0,6.448888889,6.185,,,,,,,,,
2022-08-06 01:00:00,8,1,14.63,46.08,6.53,102.14,1.1,7.35,19.53,3.0,262.0,254.0,1.8,6.2,40.0,2.7,41.0,1005.1,0.4,1013.5,364.5003,1013.3,-8.347415,0.8,9.5,9.8,9.4,94.0,6.4525,6.194722222,,,,,,,,,
2022-08-06 02:00:00,8,0,14.63,46.1,6.51,102.07,1.09,7.33,19.48,0.0,257.0,257.0,2.2,6.0,145.0,2.2,200.0,1005.0,0.3,1013.4,369.8383,1013.2,-8.001971,0.4,9.4,9.5,9.4,93.0,6.453611111,6.199444444,,,,,,,,,
2022-08-06 03:00:00,8,0,14.58,46.12,6.55,101.99,1.06,7.31,19.44,2.0,243.0,263.0,1.5,5.2,208.0,2.6,208.0,1005.1,0.2,1013.5,370.6437,1013.4,-6.847387,2.6,9.4,9.5,9.3,95.0,6.450555556,6.219722222,,,,,,,,,
2022-08-06 04:00:00,8,0,14.52,46.15,6.54,102.1,1.06,7.34,19.52,2.0,248.0,260.0,1.9,6.6,331.0,3.2,332.0,1005.2,0.2,1013.6,370.8838,1013.5,-4.506045,4.0,9.5,9.5,9.3,96.0,6.451111111,6.226944444,,,,,,,,,
2022-08-06 05:00:00,8,0,14.44,46.16,6.53,101.98,1.04,7.36,19.58,2.0,252.0,236.0,2.2,5.5,409.0,2.3,416.0,1005.6,0.6,1014.0,373.7662,1013.9,2.992256,4.7,9.6,9.6,9.5,96.0,6.448888889,6.269722222,,,,,,,,,
2022-08-06 06:00:00,8,0,14.44,46.15,6.53,101.95,1.04,7.37,19.58,3.0,219.0,232.0,1.7,5.5,534.0,2.4,508.0,1006.1,0.9,1014.5,375.3661,1014.3,9.235071,2.5,9.6,9.7,9.6,96.0,6.453888889,6.299722222,,,,,,,,,
2022-08-06 07:00:00,8,0,14.42,46.11,6.53,101.85,1.07,7.37,19.58,3.0,223.0,223.0,2.1,5.4,657.0,2.1,700.0,1006.9,1.6,1015.3,375.4135,1015.1,25.72283,2.2,9.6,9.7,9.6,95.0,6.453055556,6.333333333,,,,,,,,,
2022-08-06 08:00:00,8,0,14.43,46.08,6.53,101.81,1.06,7.36,19.56,2.0,211.0,221.0,2.2,5.3,735.0,2.3,704.0,1007.5,1.9,1015.9,377.8343,1015.7,64.53567,1.2,9.8,10.0,9.6,96.0,6.448611111,6.311944444,,,,,,,,,
2022-08-06 09:00:00,8,0,14.34,46.13,6.5,101.85,1.09,7.39,19.64,2.0,228.0,222.0,1.7,5.9,833.0,2.7,842.0,1008.2,2.1,1016.6,376.1501,1016.5,73.00362,1.2,10.2,10.2,9.7,95.0,6.450555556,6.295,,,,,,,,,
2022-08-06 10:00:00,8,0,14.24,46.2,6.5,101.85,1.07,7.44,19.78,2.0,237.0,237.0,2.0,6.0,911.0,2.0,1000.0,1008.7,1.8,1017.1,377.6896,1017.0,125.9531,0.2,10.5,10.6,10.2,92.0,6.452777778,6.299722222,,,,,,,,,
2022-08-06 11:00:00,8,0,14.29,46.15,6.5,101.82,1.1,7.39,19.65,1.0,233.0,240.0,2.5,7.6,1052.0,2.9,1056.0,1008.9,1.5,1017.3,371.8782,1017.2,180.7724,0.0,11.0,11.0,10.5,90.0,6.4525,6.318888889,,,,,,,,,
2022-08-06 12:00:00,8,0,14.26,46.17,6.51,101.8,1.07,7.42,19.71,2.0,237.0,221.0,2.1,7.6,1107.0,2.9,1123.0,1009.4,1.2,1017.8,375.6793,1017.7,167.571,0.4,10.6,11.1,10.5,91.0,6.448888889,6.303055556,,,,,,,,,
2022-08-06 13:00:00,8,1,14.26,46.16,6.52,101.79,1.07,7.4,19.68,2.0,253.0,222.0,1.9,5.2,1258.0,2.2,1216.0,1009.8,1.2,1018.2,371.1768,1018.1,157.855,0.0,11.0,11.3,10.6,88.0,6.451111111,6.315555556,,,,,,,,,
2022-08-06 14:00:00,8,0,14.27,46.15,6.52,101.78,1.07,7.39,19.65,2.0,222.0,216.0,2.0,6.4,1347.0,2.6,1352.0,1010.4,1.4,1018.8,374.6162,1018.7,113.8013,0.8,10.2,11.3,10.2,94.0,6.446666667,6.311944444,,,,,,,,,
2022-08-06 15:00:00,8,0,14.2,46.18,6.53,101.81,1.06,7.45,19.82,2.0,227.0,224.0,2.1,8.5,1447.0,2.7,1448.0,1010.6,1.2,1019.0,374.3382,1018.9,62.64194,0.3,10.1,10.3,10.0,93.0,6.448888889,6.34,,,,,,,,,
2022-08-06 16:00:00,8,0,14.12,46.21,6.52,101.83,1.06,7.48,19.9,1.0,243.0,243.0,1.6,6.5,1513.0,2.5,1518.0,1010.7,0.9,1019.1,370.1752,1019.0,82.74191,0.0,10.5,10.6,10.1,90.0,6.443611111,6.359166667,,,,,,,,,
2022-08-06 17:00:00,8,0,14.06,46.22,6.51,101.81,1.04,7.51,19.97,2.0,228.0,255.0,1.3,5.5,1615.0,2.0,1630.0,1010.7,0.4,1019.1,356.8869,1019.1,131.2561,0.0,11.3,11.3,10.2,88.0,6.446111111,6.3475,,,,,,,,,
2022-08-06 18:00:00,8,0,13.99,46.23,6.52,101.88,1.1,7.55,20.08,0.0,274.0,271.0,1.8,4.7,1755.0,1.9,1758.0,1010.7,0.0,1019.1,347.4255,1019.0,90.6504,0.0,10.9,11.4,10.9,86.0,6.444166667,6.350555556,,,,,,,,,
2022-08-06 19:00:00,8,0,14.01,46.21,6.53,101.83,1.09,7.52,20.0,3.0,276.0,272.0,1.4,3.7,1854.0,1.8,1803.0,1010.9,0.1,1019.3,366.0933,1019.2,13.50642,0.0,10.4,10.9,10.4,89.0,6.453611111,6.350277778,,,,,,,,,
2022-08-06 20:00:00,8,0,13.99,46.21,6.52,101.83,1.08,7.54,20.05,4.0,288.0,285.0,1.7,3.6,1935.0,1.8,1948.0,1010.7,0.0,1019.1,353.9565,1019.0,2.357384,0.0,10.3,10.4,10.1,90.0,6.45,6.354444444,,,,,,,,,
2022-08-06 21:00:00,8,0,14.18,45.94,6.53,101.82,1.07,7.71,20.51,0.0,283.0,276.0,1.8,4.9,2046.0,2.1,2042.0,1010.6,0.0,1019.0,368.3833,1018.9,-9.430378,0.0,10.4,10.4,10.2,90.0,6.450555556,6.356388889,,,,,,,,,
2022-08-06 22:00:00,8,0,14.16,46.15,6.54,101.69,1.05,7.46,19.84,7.0,273.0,273.0,2.1,5.1,2107.0,2.1,2200.0,1010.4,0.4,1018.8,366.1787,1018.7,-9.116597,0.0,10.8,10.9,10.4,85.0,6.445,6.352222222,,,,,,,,,
2022-08-06 23:00:00,8,0,14.03,46.2,6.53,101.75,1.09,7.52,19.99,8.0,266.0,272.0,1.3,3.9,2207.0,2.2,2202.0,1009.9,0.8,1018.3,357.1915,1018.2,-9.611053,0.0,10.5,10.8,10.5,87.0,6.448333333,6.353333333,,,,,,,,,
2022-08-07 00:00:00,8,0,14.03,46.21,6.52,101.8,1.09,7.51,19.98,7.0,332.0,268.0,0.9,1.7,2325.0,1.2,2301.0,1009.5,1.1,1017.9,298.941,1017.8,-11.95869,0.0,8.9,10.5,8.9,94.0,6.443611111,6.358888889,,,,,,,,,
2022-08-07 01:00:00,8,1,14.05,46.2,6.52,101.7,1.08,7.52,19.98,7.0,317.0,328.0,0.8,2.0,22.0,1.1,29.0,1009.1,1.3,1017.5,285.7207,1017.4,-11.76165,0.0,8.5,8.9,8.5,95.0,6.448055556,6.331666667,,,,,,,,,
2022-08-07 02:00:00,8,0,14.08,46.18,6.51,101.59,1.08,7.52,19.99,7.0,339.0,331.0,0.3,1.4,124.0,1.0,127.0,1008.7,1.2,1017.1,304.1095,1017.0,-11.43434,0.0,8.5,8.5,8.3,96.0,6.449166667,6.295833333,,,,,,,,,
2022-08-07 03:00:00,8,0,14.06,46.17,6.53,101.57,1.08,7.52,19.99,7.0,8.0,13.0,1.4,2.7,259.0,1.5,259.0,1008.5,1.0,1016.9,351.1764,1016.8,-9.708841,0.0,9.4,9.4,8.5,93.0,6.444444444,6.255,,,,,,,,,
2022-08-07 04:00:00,8,0,14.05,46.17,6.54,101.54,1.09,7.51,19.97,7.0,13.0,8.0,1.2,3.2,307.0,1.4,301.0,1008.3,0.8,1016.7,349.8898,1016.6,-0.1589847,0.0,9.6,9.6,9.3,91.0,6.440555556,6.256666667,,,,,,,,,
2022-08-07 05:00:00,8,0,14.05,46.17,6.54,101.53,1.1,7.51,19.98,7.0,14.0,21.0,1.7,3.7,444.0,2.0,452.0,1008.1,0.7,1016.5,359.7092,1016.4,12.99901,0.0,10.7,10.8,9.6,80.0,6.433888889,6.256388889,,,,,,,,,
2022-08-07 06:00:00,8,0,14.05,46.18,6.54,101.49,1.1,7.5,19.95,7.0,28.0,32.0,2.3,4.4,552.0,2.4,557.0,1007.9,0.6,1016.2,362.434,1016.1,41.0361,0.0,11.6,11.6,10.7,75.0,6.434722222,6.237222222,,,,,,,,,
2022-08-07 07:00:00,8,0,14.06,46.18,6.54,101.48,1.13,7.53,20.01,7.0,25.0,31.0,2.1,5.3,633.0,2.6,642.0,1007.9,0.4,1016.2,366.4731,1016.2,90.18924,0.0,12.3,12.3,11.6,76.0,6.433333333,6.183611111,,,,,,,,,
2022-08-07 08:00:00,8,0,14.05,46.18,6.53,101.5,1.09,7.54,20.04,7.0,49.0,44.0,2.8,4.9,756.0,3.0,739.0,1007.7,0.4,1015.9,369.5613,1016.0,343.9423,0.0,15.2,15.2,12.3,66.0,6.434444444,6.148055556,,,,,,,,,
2022-08-07 09:00:00,8,0,14.06,46.17,6.51,101.49,1.08,7.51,19.97,8.0,99.0,54.0,1.8,5.5,813.0,3.2,821.0,1007.4,0.4,1015.6,358.0412,1015.7,397.1913,0.0,15.8,16.1,14.9,62.0,6.4325,6.169722222,,,,,,,,,
2022-08-07 10:00:00,8,0,14.1,46.17,6.51,101.6,1.09,7.49,19.93,7.0,110.0,70.0,1.7,4.7,937.0,2.7,928.0,1007.2,0.7,1015.4,362.805,1015.5,542.2569,0.0,17.1,18.1,15.7,57.0,6.437777778,6.156944444,,,,,,,,,
2022-08-07 11:00:00,8,0,14.15,46.17,6.52,101.69,1.05,7.46,19.83,7.0,131.0,110.0,0.9,3.1,1007.0,1.8,1015.0,1007.0,0.7,1015.2,388.5359,1015.2,315.3067,0.0,17.4,17.4,16.3,55.0,6.448333333,6.133888889,,,,,,,,,
2022-08-07 12:00:00,8,0,14.14,46.17,6.53,101.74,1.09,7.49,19.93,7.0,174.0,143.0,1.3,3.8,1131.0,2.3,1137.0,1006.9,0.6,1015.0,376.7426,1015.1,603.4929,0.0,18.5,18.9,17.3,52.0,6.450555556,6.1,,,,,,,,,
2022-08-07 13:00:00,8,1,14.11,46.16,6.52,101.71,1.1,7.51,19.98,5.0,222.0,203.0,2.2,6.1,1256.0,2.6,1250.0,1007.2,0.0,1015.4,380.1612,1015.5,427.9908,0.0,17.4,18.5,17.4,55.0,6.450555556,6.1,,,,,,,,,
2022-08-07 14:00:00,8,0,14.07,46.16,6.52,101.68,1.1,7.53,20.03,3.0,203.0,203.0,2.4,5.7,1303.0,2.4,1400.0,1007.4,0.4,1015.6,392.0318,1015.7,375.5994,0.0,15.8,17.9,15.8,69.0,6.449166667,6.100277778,,,,,,,,,
2022-08-07 15:00:00,8,0,14.0,46.21,6.53,101.66,1.04,7.58,20.15,2.0,60.0,195.0,0.6,5.6,1409.0,3.3,1413.0,1007.6,0.8,1015.8,393.598,1015.9,153.525,0.0,15.2,15.8,14.7,76.0,6.443055556,6.101111111,,,,,,,,,
2022-08-07 16:00:00,8,0,14.02,46.2,6.53,101.75,1.08,7.57,20.13,2.0,347.0,171.0,0.6,2.0,1532.0,1.4,1533.0,1008.0,0.8,1016.2,393.4137,1016.2,114.9281,0.0,15.1,15.5,14.9,75.0,6.449722222,6.1725,,,,,,,,,
2022-08-07 17:00:00,8,0,14.02,46.21,6.55,101.76,1.1,7.56,20.12,2.0,15.0,170.0,0.1,3.8,1627.0,2.0,1630.0,1008.2,0.8,1016.5,391.7266,1016.5,59.19561,0.0,14.3,15.1,14.3,79.0,6.443888889,6.225277778,,,,,,,,,
2022-08-07 18:00:00,8,0,14.03,46.18,6.56,101.82,1.03,7.57,20.13,2.0,51.0,53.0,1.8,3.0,1750.0,1.9,1759.0,1008.3,0.7,1016.6,387.9837,1016.6,34.62142,0.0,13.5,14.3,13.5,85.0,6.441111111,6.253055556,,,,,,,,,
2022-08-07 19:00:00,8,0,14.24,46.17,6.56,102.21,1.1,7.46,19.83,2.0,23.0,33.0,1.3,3.2,1801.0,1.8,1840.0,1008.7,0.7,1017.0,385.5214,1017.0,7.484345,0.0,13.6,13.7,13.5,85.0,6.439444444,6.251111111,,,,,,,,,
2022-08-07 20:00:00,8,0,14.29,46.17,6.56,102.28,1.06,7.44,19.79,3.0,26.0,32.0,1.2,3.8,1916.0,2.0,1917.0,1009.2,1.0,1017.5,385.6515,1017.5,-2.799573,0.0,13.5,13.6,13.5,85.0,6.444166667,6.253611111,,,,,,,,,
2022-08-07 21:00:00,8,0,14.34,46.17,6.56,102.33,1.05,7.41,19.71,2.0,316.0,21.0,0.4,1.7,2003.0,1.2,2003.0,1009.7,1.4,1018.0,369.4667,1018.0,-10.22275,0.0,12.7,13.5,12.7,89.0,6.438888889,6.228333333,,,,,,,,,
2022-08-07 22:00:00,8,0,14.45,46.17,6.56,102.45,1.05,7.38,19.61,2.0,326.0,296.0,0.3,2.3,2150.0,0.7,2157.0,1010.3,1.6,1018.6,371.2733,1018.6,-10.94234,0.0,12.6,12.7,12.5,92.0,6.443611111,6.199166667,,,,,,,,,
2022-08-07 23:00:00,8,0,14.42,46.17,6.56,102.46,1.06,7.36,19.58,2.0,249.0,245.0,0.5,2.3,2226.0,0.9,2223.0,1010.7,1.6,1019.0,389.1808,1019.1,-10.40323,0.0,12.7,12.8,12.6,93.0,6.439444444,6.169444444,,,,,,,,,
2022-08-08 00:00:00,8,0,14.38,46.15,6.55,102.31,1.06,7.47,19.85,2.0,312.0,276.0,0.5,2.8,2320.0,0.9,2329.0,1011.1,1.4,1019.4,389.2996,1019.4,-12.83425,0.1,12.3,12.7,12.3,92.0,6.444722222,6.151111111,,,,,,,,,
2022-08-08 01:00:00,8,1,14.33,46.16,6.54,102.21,1.06,7.48,19.89,2.0,9.0,34.0,0.5,1.1,49.0,0.8,53.0,1011.3,1.1,1019.7,394.5826,1019.6,-10.14932,0.3,12.0,12.3,12.0,95.0,6.445277778,6.1,,,,,,,,,
2022-08-08 02:00:00,8,0,14.28,46.17,6.53,102.11,1.05,7.49,19.93,2.0,316.0,336.0,0.5,1.3,141.0,0.7,149.0,1011.8,1.1,1020.2,392.0436,1020.2,-14.14535,0.0,11.4,12.0,11.4,96.0,6.436944444,6.100277778,,,,,,,,,
2022-08-08 03:00:00,8,0,14.58,46.12,6.57,102.22,1.04,7.38,19.62,2.0,354.0,317.0,0.2,0.9,235.0,0.6,223.0,1012.3,1.2,1020.7,384.1626,1020.6,-13.94493,0.0,11.5,11.5,11.4,96.0,6.440277778,6.101388889,,,,,,,,,
2022-08-08 04:00:00,8,0,14.57,46.12,6.56,102.23,1.03,7.39,19.65,2.0,336.0,346.0,0.8,1.8,338.0,0.9,357.0,1012.8,1.4,1021.2,370.2104,1021.1,-9.342704,0.0,11.7,11.7,11.5,96.0,6.44,6.1,,,,,,,,,
2022-08-08 05:00:00,8,0,14.57,46.11,6.57,102.21,1.06,7.37,19.58,1.0,333.0,338.0,0.5,1.2,431.0,0.7,437.0,1012.9,1.1,1021.3,367.5636,1021.2,17.80982,0.0,12.1,12.1,11.7,95.0,6.441666667,6.098611111,,,,,,,,,
2022-08-08 06:00:00,8,0,14.48,46.12,6.56,102.19,1.07,7.46,19.83,2.0,148.0,320.0,0.4,1.1,518.0,0.6,527.0,1013.3,1.0,1021.6,353.8321,1021.6,74.56494,0.0,12.9,12.9,12.1,94.0,6.438611111,6.097777778,,,,,,,,,
2022-08-08 07:00:00,8,0,14.41,46.14,6.55,102.11,1.03,7.5,19.93,2.0,120.0,124.0,0.8,2.1,648.0,1.3,643.0,1013.6,0.8,1021.9,349.9877,1021.9,256.1299,0.0,14.9,15.1,12.8,80.0,6.438888889,6.098333333,,,,,,,,,
2022-08-08 08:00:00,8,0,14.3,46.16,6.54,102.1,1.1,7.56,20.11,2.0,148.0,150.0,1.4,2.4,744.0,1.5,758.0,1013.8,0.9,1022.0,360.9785,1022.1,455.1425,0.0,16.5,16.5,14.6,70.0,6.439166667,6.099444444,,,,,,,,,
2022-08-08 09:00:00,8,0,14.52,46.12,6.56,102.25,1.07,7.43,19.76,2.0,199.0,199.0,2.6,5.3,853.0,2.6,900.0,1014.0,0.7,1022.2,364.9821,1022.3,486.8163,0.0,17.6,17.6,16.0,58.0,6.435555556,6.098611111,,,,,,,,,
2022-08-08 10:00:00,8,0,14.56,46.11,6.57,102.36,1.01,7.43,19.75,0.0,234.0,191.0,2.3,5.2,916.0,2.6,902.0,1013.9,0.3,1022.1,337.6699,1022.2,623.6087,0.0,18.9,19.0,17.5,50.0,6.444166667,6.1,,,,,,,,,
2022-08-08 11:00:00,8,0,14.54,46.11,6.56,102.36,1.04,7.43,19.76,0.0,209.0,218.0,2.8,6.3,1018.0,2.9,1021.0,1013.8,0.0,1022.0,339.1781,1022.1,711.5236,0.0,19.1,19.4,18.5,49.0,6.439166667,6.098055556,,,,,,,,,
2022-08-08 12:00:00,8,0,14.56,46.09,6.56,102.41,1.05,7.45,19.8,4.0,200.0,200.0,3.2,6.6,1141.0,3.2,1200.0,1013.9,0.1,1022.1,339.1467,1022.2,727.3267,0.2,19.1,19.8,19.1,49.0,6.441666667,6.090833333,1.0,34.0,,,,,,,
2022-08-08 13:00:00,8,1,14.55,46.09,6.53,102.48,1.05,7.48,19.87,2.0,218.0,211.0,2.0,7.5,1214.0,3.2,1235.0,1014.0,0.2,1022.2,365.315,1022.3,602.7653,0.1,18.8,20.2,18.8,52.0,6.445555556,6.094166667,,,,,,,,,
2022-08-08 14:00:00,8,0,14.54,46.09,6.5,102.54,1.05,7.5,19.94,2.0,245.0,211.0,2.1,5.5,1359.0,2.5,1349.0,1014.2,0.4,1022.4,409.3408,1022.5,287.7855,0.1,18.7,18.9,18.4,52.0,6.443055556,6.101944444,,,,,,,,,
2022-08-08 15:00:00,8,0,14.97,46.1,6.54,103.23,1.03,7.27,19.33,2.0,252.0,240.0,1.8,5.2,1406.0,2.2,1408.0,1014.5,0.6,1022.7,407.4135,1022.8,151.6635,0.0,18.0,18.8,18.0,56.0,6.448333333,6.196111111,,,,,,,,,
2022-08-08 16:00:00,8,0,15.08,46.13,6.56,103.46,1.02,7.22,19.18,2.0,233.0,228.0,1.6,5.5,1558.0,2.1,1547.0,1014.6,0.6,1022.8,404.6815,1022.9,62.42093,0.0,17.6,18.0,17.5,58.0,6.451666667,6.276388889,,,,,,,,,
2022-08-08 17:00:00,8,0,15.12,46.15,6.56,103.54,1.05,7.17,19.06,2.0,260.0,245.0,1.6,4.5,1646.0,1.8,1655.0,1014.6,0.5,1022.8,403.1399,1023.0,52.18803,0.0,17.5,17.9,17.5,61.0,6.448888889,6.285277778,,,,,,,,,
2022-08-08 18:00:00,8,0,15.1,46.16,6.56,103.58,1.0,7.17,19.06,2.0,239.0,216.0,1.5,5.7,1757.0,2.3,1728.0,1014.8,0.3,1023.0,400.883,1023.2,15.28443,0.0,17.1,17.5,17.1,63.0,6.449444444,6.286388889,,,,,,,,,
2022-08-08 19:00:00,8,0,15.07,46.17,6.56,103.56,1.02,7.19,19.11,2.0,260.0,261.0,1.9,5.6,1835.0,2.0,1846.0,1015.0,0.4,1023.3,398.2151,1023.3,7.265744,0.0,16.4,17.1,16.4,67.0,6.451111111,6.291666667,,,,,,,,,
2022-08-08 20:00:00,8,0,15.04,46.18,6.56,103.5,1.04,7.19,19.09,2.0,335.0,254.0,0.6,5.3,1910.0,2.3,1916.0,1015.3,0.6,1023.6,396.6166,1023.6,-10.16911,0.1,15.1,16.4,15.1,81.0,6.445555556,6.299722222,,,,,,,,,
2022-08-08 21:00:00,8,0,15.0,46.19,6.56,103.44,1.02,7.18,19.08,2.0,315.0,302.0,0.4,2.4,2025.0,1.1,2034.0,1015.5,0.7,1023.8,396.7271,1023.9,-10.93844,0.5,13.8,15.1,13.8,92.0,6.453055556,6.320277778,,,,,,,,,
2022-08-08 22:00:00,8,0,14.92,46.2,6.54,103.33,1.04,7.2,19.12,0.0,309.0,340.0,0.7,1.4,2113.0,0.9,2137.0,1015.4,0.5,1023.7,392.632,1023.8,-8.633369,0.5,13.4,13.8,13.4,94.0,6.454722222,6.335833333,,,,,,,,,
2022-08-08 23:00:00,8,0,14.76,46.18,6.56,103.12,1.03,7.3,19.4,0.0,321.0,311.0,0.5,1.3,2240.0,0.8,2246.0,1015.5,0.2,1023.8,393.2578,1023.8,-9.700145,0.5,13.3,13.4,13.3,95.0,6.448055556,6.344166667,,,,,,,,,
2022-08-09 00:00:00,8,0,14.53,46.19,6.56,102.97,1.03,7.46,19.85,4.0,312.0,320.0,0.7,1.3,2338.0,0.8,2347.0,1015.4,0.0,1023.8,395.5318,1023.8,-8.601469,0.6,13.2,13.3,13.2,96.0,6.448333333,6.367222222,,,,,,,,,
2022-08-09 01:00:00,8,1,14.6,46.18,6.54,102.98,1.04,7.42,19.74,3.0,313.0,307.0,0.5,1.9,30.0,1.0,38.0,1015.7,0.3,1024.1,392.0624,1024.1,-10.5368,0.0,13.2,13.2,13.2,96.0,6.454722222,6.361944444,,,,,,,,,
2022-08-09 02:00:00,8,0,14.67,46.17,6.52,103.0,1.04,7.38,19.63,3.0,336.0,313.0,0.6,1.7,120.0,0.9,123.0,1015.8,0.3,1024.2,395.882,1024.1,-11.05321,0.3,13.2,13.2,13.2,96.0,6.452777778,6.355555556,,,,,,,,,
2022-08-09 03:00:00,8,0,14.56,46.21,6.56,102.8,1.05,7.45,19.8,2.0,312.0,312.0,0.7,1.3,259.0,0.7,300.0,1015.8,0.4,1024.2,390.4352,1024.2,-10.90764,0.0,13.1,13.2,13.1,97.0,6.451666667,6.349166667,,,,,,,,,
2022-08-11 19:00:00,9,0,14.11,46.07,6.54,102.3,1.07,7.57,20.15,3.0,189.0,189.0,0.8,1.8,1859.0,0.8,1900.0,1012.2,0.1,1020.5,407.1887,1020.5,1.869991,0.3,13.5,13.6,13.5,97.0,6.449166667,6.4,,,,,,,,,
2022-08-11 20:00:00,9,0,14.12,46.11,6.54,102.25,1.09,7.59,20.19,3.0,28.0,252.0,0.5,2.8,1924.0,1.2,1931.0,1012.4,0.3,1020.7,404.5038,1020.8,-6.127402,0.0,13.4,13.5,13.4,97.0,6.443333333,6.4,,,,,,,,,
2022-08-11 21:00:00,9,0,14.12,46.09,6.53,102.26,1.07,7.61,20.24,2.0,280.0,253.0,0.6,3.3,2046.0,1.2,2053.0,1012.7,0.9,1021.0,392.3705,1021.1,-8.157284,0.0,13.3,13.4,13.2,97.0,6.453055556,6.4,,,,,,,,,
2022-08-11 22:00:00,9,0,14.1,46.12,6.53,102.14,1.07,7.61,20.25,2.0,244.0,249.0,1.0,4.4,2106.0,1.6,2115.0,1013.0,0.7,1021.3,391.2285,1021.3,-8.266963,0.0,12.9,13.3,12.9,96.0,6.443611111,6.4,,,,,,,,,
2022-08-11 23:00:00,9,0,14.11,46.11,6.52,102.19,1.06,7.62,20.28,2.0,292.0,265.0,1.3,4.9,2241.0,1.8,2247.0,1013.2,0.7,1021.5,390.1677,1021.5,-10.05771,0.0,13.0,13.0,12.8,95.0,6.446666667,6.425555556,,,,,,,,,
2022-08-12 00:00:00,9,0,14.1,46.09,6.52,102.18,1.09,7.62,20.28,2.0,246.0,268.0,0.7,6.6,2309.0,1.7,2323.0,1013.6,0.8,1021.9,392.9262,1021.9,-9.685611,0.2,12.9,13.1,12.9,96.0,6.436388889,6.442777778,,,,,,,,,
2022-08-12 01:00:00,9,1,14.11,46.07,6.5,102.11,1.08,7.62,20.26,2.0,226.0,210.0,0.9,3.7,19.0,1.6,28.0,1014.0,1.0,1022.4,398.933,1022.3,-8.389464,0.8,12.6,12.9,12.6,97.0,6.426666667,6.3925,,,,,,,,,
2022-08-12 02:00:00,9,0,14.13,46.05,6.48,102.04,1.06,7.61,20.25,2.0,323.0,228.0,0.2,1.7,125.0,0.9,101.0,1014.3,1.1,1022.7,400.6497,1022.6,-9.276748,0.3,12.5,12.6,12.5,97.0,6.421666667,6.289166667,,,,,,,,,
2022-08-12 03:00:00,9,0,14.14,46.05,6.53,102.05,1.12,7.65,20.35,1.0,270.0,211.0,0.3,2.0,224.0,1.0,230.0,1014.3,0.8,1022.7,399.5203,1022.7,-8.146664,0.9,12.4,12.5,12.4,97.0,6.423055556,6.21,,,,,,,,,
2022-08-12 04:00:00,9,0,14.17,46.03,6.54,102.0,1.06,7.62,20.28,0.0,243.0,232.0,0.5,1.5,355.0,0.6,358.0,1014.3,0.3,1022.7,401.248,1022.6,-6.442858,0.2,12.5,12.5,12.4,97.0,6.414166667,6.200277778,,,,,,,,,
2022-08-12 05:00:00,9,0,14.16,46.02,6.53,102.02,1.05,7.65,20.36,2.0,358.0,188.0,0.0,1.8,433.0,0.9,442.0,1014.5,0.2,1022.9,402.3143,1022.8,5.276725,0.0,12.5,12.5,12.4,97.0,6.422777778,6.208888889,,,,,,,,,
2022-08-12 06:00:00,9,0,14.19,45.99,6.53,102.0,1.12,7.64,20.31,2.0,52.0,212.0,0.2,1.1,519.0,0.6,526.0,1014.7,0.3,1023.1,404.7625,1023.0,20.33677,0.0,12.7,12.7,12.4,97.0,6.423888889,6.201666667,,,,,,,,,
2022-08-12 07:00:00,9,0,14.22,45.95,6.53,102.05,1.04,7.61,20.24,2.0,112.0,190.0,0.4,1.2,630.0,0.9,631.0,1014.9,0.6,1023.2,398.2213,1023.2,111.8552,0.0,13.0,13.2,12.6,95.0,6.420555556,6.183055556,,,,,,,,,
2022-08-12 08:00:00,9,0,14.25,45.99,6.53,102.02,1.06,7.62,20.26,2.0,202.0,200.0,0.5,1.1,757.0,0.6,759.0,1015.1,0.7,1023.4,392.2954,1023.5,63.95951,0.0,13.4,13.5,13.0,95.0,6.424722222,6.132222222,,,,,,,,,
2022-08-12 09:00:00,9,0,14.21,45.99,6.53,102.0,1.06,7.63,20.29,2.0,166.0,186.0,0.8,1.6,859.0,0.9,848.0,1015.3,0.6,1023.6,395.3109,1023.6,151.488,0.0,14.0,14.0,13.4,93.0,6.422777778,6.113611111,,,,,,,,,
2022-08-12 10:00:00,9,0,14.21,45.99,6.53,101.99,1.05,7.59,20.2,2.0,187.0,187.0,1.0,1.8,959.0,1.0,1000.0,1015.5,0.5,1023.8,393.3283,1023.8,264.89,0.0,15.3,15.3,13.9,88.0,6.417222222,6.113888889,,,,,,,,,
2022-08-12 11:00:00,9,0,14.2,45.99,6.53,102.08,1.06,7.62,20.26,2.0,193.0,191.0,1.9,3.7,1057.0,2.0,1059.0,1015.5,0.3,1023.8,397.1279,1023.8,361.8782,0.0,15.3,15.7,15.2,86.0,6.415833333,6.100555556,,,,,,,,,
2022-08-12 12:00:00,9,0,14.22,46.0,6.53,102.18,1.02,7.62,20.26,2.0,204.0,201.0,1.8,4.2,1154.0,2.5,1155.0,1015.5,0.2,1023.8,401.984,1023.9,209.3343,0.0,14.9,15.5,14.6,89.0,6.408055556,6.1,,,,,,,,,
2022-08-12 13:00:00,9,1,14.23,46.0,6.51,102.27,1.05,7.61,20.24,3.0,226.0,204.0,1.0,2.9,1211.0,1.8,1201.0,1015.9,0.4,1024.2,401.5486,1024.2,110.5969,0.0,14.3,15.0,14.3,87.0,6.406944444,6.1,,,,,,,,,
2022-08-12 14:00:00,9,0,14.25,45.99,6.48,102.36,1.08,7.6,20.22,2.0,219.0,205.0,1.1,3.5,1332.0,2.1,1336.0,1015.8,0.4,1024.1,398.4447,1024.2,118.858,0.0,14.1,14.5,14.0,88.0,6.406666667,6.099722222,,,,,,,,,
2022-08-12 15:00:00,9,0,14.29,45.99,6.56,102.47,1.05,7.6,20.22,0.0,208.0,199.0,1.3,3.7,1459.0,1.5,1447.0,1015.7,0.2,1024.0,397.1372,1024.1,117.0615,0.0,14.1,14.1,13.9,85.0,6.411944444,6.098611111,,,,,,,,,
2022-08-12 16:00:00,9,0,14.5,45.96,6.55,102.72,1.06,7.54,20.06,7.0,205.0,194.0,1.7,3.1,1520.0,1.9,1536.0,1015.5,0.4,1023.8,397.5721,1023.8,154.0847,0.0,13.9,14.5,13.9,86.0,6.4125,6.054166667,,,,,,,,,
2022-08-12 17:00:00,9,0,14.52,45.96,6.56,102.75,1.05,7.54,20.05,7.0,276.0,208.0,0.4,2.8,1637.0,1.7,1602.0,1015.2,0.6,1023.5,394.8401,1023.5,33.63238,0.0,13.5,13.9,13.4,90.0,6.419166667,6.030277778,,,,,,,,,
2022-08-12 18:00:00,9,0,14.61,45.98,6.56,103.03,1.05,7.49,19.93,7.0,358.0,151.0,0.4,1.6,1720.0,0.7,1723.0,1014.8,0.9,1023.1,394.2516,1023.2,54.30126,0.0,13.7,13.7,13.5,89.0,6.424444444,6.000555556,,,,,,,,,
2022-08-12 19:00:00,9,0,14.62,45.97,6.55,102.93,1.05,7.51,19.98,7.0,13.0,19.0,0.2,1.4,1839.0,0.5,1847.0,1014.3,1.2,1022.6,394.1281,1022.7,15.2832,0.0,13.4,13.7,13.4,91.0,6.425555556,6.005277778,,,,,,,,,
2022-08-12 20:00:00,9,0,14.65,45.96,6.55,103.02,1.06,7.52,19.99,7.0,326.0,357.0,0.3,1.3,1930.0,0.5,1939.0,1013.9,1.3,1022.2,391.043,1022.2,-2.514016,0.0,13.2,13.4,13.2,93.0,6.424166667,6.046388889,,,,,,,,,
2022-08-12 21:00:00,9,0,14.65,45.93,6.55,102.98,1.0,7.52,20.0,5.0,294.0,287.0,0.5,1.0,2050.0,0.6,2057.0,1014.1,0.7,1022.5,383.5935,1022.5,-10.4866,0.0,12.8,13.2,12.8,95.0,6.435833333,6.051666667,,,,,,,,,
2022-08-12 22:00:00,9,0,14.7,45.94,6.56,103.05,1.02,7.49,19.92,8.0,330.0,309.0,0.4,1.0,2136.0,0.5,2153.0,1013.6,0.7,1022.0,385.1875,1021.9,-10.6322,0.0,12.7,12.8,12.7,95.0,6.448611111,6.052777778,,,,,,,,,
2022-08-12 23:00:00,9,0,14.65,45.95,6.56,102.94,1.02,7.51,19.96,8.0,304.0,302.0,0.6,1.3,2242.0,0.8,2248.0,1013.6,0.4,1022.0,368.2603,1021.9,-10.70256,0.0,12.3,12.7,12.3,95.0,6.443055556,6.061666667,,,,,,,,,
2022-08-13 00:00:00,9,0,14.61,45.96,6.55,102.87,1.03,7.55,20.07,6.0,313.0,292.0,0.5,0.8,2318.0,0.6,2308.0,1013.4,0.7,1021.8,386.5235,1021.7,-10.3813,0.0,12.5,12.5,12.3,95.0,6.445,6.096944444,,,,,,,,,
2022-08-13 01:00:00,9,1,14.59,45.96,6.52,102.82,1.04,7.56,20.1,8.0,300.0,316.0,0.6,1.3,40.0,0.7,35.0,1013.0,0.6,1021.4,371.9246,1021.3,-10.67002,0.0,12.3,12.5,12.3,95.0,6.4525,6.119722222,,,,,,,,,
2022-08-13 02:00:00,9,0,14.56,45.97,6.5,102.76,1.04,7.57,20.14,8.0,312.0,302.0,0.2,1.1,103.0,0.7,109.0,1013.0,0.5,1021.4,386.1469,1021.3,-9.963355,0.0,12.5,12.5,12.3,96.0,6.453333333,6.190833333,,,,,,,,,
2022-08-13 03:00:00,9,0,14.64,45.95,6.54,102.8,1.04,7.55,20.09,6.0,266.0,267.0,0.5,1.1,249.0,0.6,258.0,1012.9,0.5,1021.2,391.5229,1021.3,-9.614068,0.0,12.6,12.6,12.5,96.0,6.450833333,6.19,,,,,,,,,
2022-08-13 04:00:00,9,0,14.66,45.96,6.55,102.78,1.01,7.56,20.12,7.0,348.0,260.0,0.1,0.8,320.0,0.5,307.0,1012.8,0.2,1021.1,396.1851,1021.1,-9.876895,0.2,12.8,12.8,12.6,96.0,6.451944444,6.193888889,,,,,,,,,
2022-08-13 05:00:00,9,0,14.64,45.94,6.56,102.75,1.02,7.59,20.19,4.0,197.0,197.0,0.6,1.2,455.0,0.6,500.0,1012.9,0.1,1021.2,401.6421,1021.2,-3.189652,0.2,12.8,12.9,12.8,96.0,6.453333333,6.201666667,,,,,,,,,
2022-08-13 06:00:00,9,0,14.64,45.92,6.55,102.75,1.05,7.55,20.09,4.0,254.0,252.0,0.7,1.7,554.0,0.8,557.0,1012.9,0.1,1021.2,402.8186,1021.2,3.28797,0.1,12.7,12.9,12.7,96.0,6.450833333,6.222222222,,,,,,,,,
2022-08-13 07:00:00,9,0,14.64,45.94,6.54,102.76,1.04,7.57,20.14,4.0,178.0,178.0,1.2,2.0,652.0,1.2,700.0,1012.9,0.1,1021.2,403.1164,1021.2,18.38015,0.1,12.9,13.0,12.7,97.0,6.453333333,6.211666667,,,,,,,,,
2022-08-13 08:00:00,9,0,14.68,45.94,6.54,102.75,1.06,7.65,20.34,2.0,208.0,198.0,1.4,2.9,709.0,1.8,718.0,1013.2,0.2,1021.5,404.2757,1021.5,42.98242,0.1,13.0,13.1,12.9,97.0,6.449444444,6.280277778,,,,,,,,,
2022-08-13 09:00:00,9,0,14.71,45.93,6.54,102.68,1.05,7.66,20.37,2.0,201.0,209.0,0.8,2.9,805.0,1.4,806.0,1013.4,0.5,1021.7,405.8277,1021.7,44.56034,0.0,12.8,13.0,12.7,96.0,6.456388889,6.288333333,,,,,,,,,
2022-08-13 10:00:00,9,0,14.65,45.88,6.53,102.77,1.03,7.67,20.4,2.0,106.0,165.0,0.3,1.9,907.0,1.0,942.0,1013.6,0.7,1021.9,399.4413,1021.9,60.69231,0.0,13.0,13.1,12.8,94.0,6.451944444,6.3,,,,,,,,,
2022-08-13 11:00:00,9,0,14.67,45.91,6.54,102.79,1.01,7.63,20.28,2.0,199.0,199.0,1.8,2.7,1100.0,1.8,1100.0,1013.6,0.5,1021.9,395.9172,1022.0,102.3808,0.0,13.3,13.4,13.0,94.0,6.447222222,6.33,,,,,,,,,
2022-08-13 12:00:00,9,0,14.64,45.86,6.53,102.78,1.03,7.66,20.39,2.0,200.0,199.0,0.9,2.7,1102.0,1.9,1104.0,1013.8,0.4,1022.1,397.4785,1022.1,92.71188,0.1,13.1,13.3,13.1,94.0,6.446388889,6.331388889,,,,,,,,,
2022-08-13 13:00:00,9,1,14.66,45.89,6.52,102.88,1.04,7.64,20.31,2.0,198.0,200.0,0.5,1.9,1231.0,1.1,1232.0,1013.8,0.3,1022.1,403.6718,1022.2,66.1917,0.3,13.0,13.1,12.9,95.0,6.445833333,6.397222222,,,,,,,,,
2022-08-13 14:00:00,9,0,14.67,45.92,6.51,102.99,1.04,7.61,20.24,4.0,61.0,214.0,0.2,1.2,1301.0,0.6,1336.0,1013.7,0.1,1022.0,412.0149,1022.0,87.90996,0.1,13.4,13.5,13.0,92.0,6.445833333,6.399166667,,,,,,,,,
2022-08-13 15:00:00,9,0,14.65,45.83,6.54,102.94,1.03,7.72,20.53,7.0,332.0,157.0,0.2,1.4,1441.0,0.7,1445.0,1013.5,0.3,1021.8,412.2349,1021.8,98.76684,0.0,13.8,13.9,13.4,92.0,6.448333333,6.399166667,,,,,,,,,
2022-08-13 16:00:00,9,0,14.64,45.8,6.56,102.99,1.03,7.76,20.65,7.0,85.0,15.0,0.9,2.6,1538.0,1.4,1532.0,1013.0,0.8,1021.3,395.9173,1021.4,112.7153,0.0,13.9,14.0,13.5,90.0,6.4475,6.4,,,,,,,,,
2022-08-13 17:00:00,9,0,14.64,45.71,6.55,103.08,1.04,7.86,20.93,8.0,164.0,21.0,0.8,2.3,1631.0,1.0,1634.0,1012.5,1.1,1020.8,395.4775,1020.8,80.67998,0.0,13.9,14.0,13.7,91.0,6.452222222,6.4,,,,,,,,,
2022-08-13 18:00:00,9,0,14.65,45.7,6.56,103.14,1.05,7.87,20.95,7.0,79.0,79.0,1.1,2.0,1757.0,1.2,1744.0,1012.0,1.5,1020.3,381.4236,1020.3,65.85123,0.0,13.6,13.9,13.6,90.0,6.45,6.4,,,,,,,,,
2022-08-13 19:00:00,9,0,14.65,45.67,6.55,103.24,1.07,7.92,21.07,6.0,315.0,79.0,0.3,2.0,1828.0,1.2,1804.0,1012.0,1.1,1020.3,364.5422,1020.3,38.34504,0.0,13.0,13.6,13.0,92.0,6.448333333,6.4,,,,,,,,,
2022-08-13 20:00:00,9,0,14.65,45.66,6.55,103.21,1.06,7.93,21.11,5.0,356.0,263.0,0.5,1.2,1911.0,0.6,1917.0,1011.8,0.7,1020.1,390.4918,1020.1,-2.933611,0.0,12.9,13.0,12.9,93.0,6.447777778,6.4,,,,,,,,,
2022-08-13 21:00:00,9,0,14.65,45.67,6.55,103.26,1.04,7.91,21.05,8.0,357.0,44.0,0.6,2.0,2022.0,0.8,2031.0,1011.3,0.7,1019.6,388.9699,1019.6,-8.617661,0.0,12.8,12.9,12.7,94.0,6.45,6.401388889,,,,,,,,,
2022-08-13 22:00:00,9,0,14.64,45.69,6.55,103.2,1.06,7.91,21.05,8.0,345.0,355.0,0.5,2.3,2200.0,0.7,2102.0,1010.9,1.0,1019.2,370.6226,1019.2,-9.533834,0.0,12.6,12.8,12.5,96.0,6.447777778,6.400277778,,,,,,,,,
2022-08-13 23:00:00,9,0,14.64,45.75,6.54,103.12,1.06,7.86,20.92,7.0,12.0,351.0,0.7,1.8,2300.0,0.8,2210.0,1010.5,1.3,1018.8,378.6597,1018.8,-8.983191,0.0,12.9,12.9,12.6,96.0,6.450555556,6.4,,,,,,,,,
2022-08-14 00:00:00,9,0,14.61,45.87,6.54,102.91,1.1,7.72,20.54,7.0,21.0,20.0,1.7,4.3,2358.0,1.9,2339.0,1010.1,1.2,1018.4,368.2527,1018.4,-9.833063,0.0,13.2,13.2,12.9,93.0,6.447222222,6.399444444,,,,,,,,,
2022-08-14 01:00:00,9,1,14.69,45.9,6.52,102.96,1.08,7.7,20.48,7.0,27.0,27.0,2.1,4.3,58.0,2.1,100.0,1009.4,1.5,1017.7,380.9321,1017.6,-9.341875,0.0,13.5,13.5,13.2,92.0,6.449444444,6.3975,,,,,,,,,
2022-08-14 02:00:00,9,0,14.77,45.92,6.5,103.01,1.05,7.67,20.41,7.0,24.0,24.0,2.2,4.6,151.0,2.3,158.0,1008.8,1.7,1017.1,340.4792,1017.1,-10.86399,0.0,13.4,13.6,13.3,92.0,6.453055556,6.3875,,,,,,,,,
2022-08-14 03:00:00,9,0,14.56,45.93,6.53,102.55,1.07,7.86,20.93,7.0,25.0,26.0,2.7,5.8,215.0,3.0,221.0,1008.2,1.9,1016.5,331.9331,1016.5,-11.2702,0.0,13.5,13.5,13.3,92.0,6.446944444,6.370555556,,,,,,,,,
2022-08-14 04:00:00,9,0,14.64,45.95,6.55,102.66,1.06,7.74,20.59,5.0,19.0,30.0,1.8,5.4,324.0,2.7,329.0,1008.0,1.4,1016.3,370.229,1016.3,-7.876149,0.0,14.0,14.1,13.5,89.0,6.443888889,6.353055556,,,,,,,,,
2022-08-14 05:00:00,9,0,14.62,45.93,6.54,102.61,1.04,7.77,20.68,6.0,27.0,22.0,1.7,4.1,420.0,2.0,422.0,1007.5,1.3,1015.7,346.5889,1015.8,25.50743,0.0,14.6,14.6,14.0,86.0,6.449444444,6.365,,,,,,,,,
2022-08-14 06:00:00,9,0,14.63,45.95,6.54,102.68,1.09,7.75,20.63,7.0,44.0,25.0,0.8,4.7,529.0,2.0,514.0,1007.2,1.0,1015.4,330.7869,1015.5,131.1066,0.0,16.2,16.4,14.6,83.0,6.446666667,6.381111111,,,,,,,,,
2022-08-14 07:00:00,9,0,14.57,45.92,6.55,102.66,1.03,7.72,20.54,7.0,40.0,60.0,0.7,3.2,603.0,1.7,610.0,1006.8,1.2,1015.0,332.8654,1015.1,183.72,0.0,16.3,17.2,16.0,83.0,6.4425,6.391111111,,,,,,,,,
2022-08-14 08:00:00,9,0,14.54,45.98,6.54,102.78,1.03,7.63,20.3,7.0,189.0,75.0,0.5,3.7,719.0,1.5,724.0,1006.5,1.0,1014.6,345.2345,1014.8,382.3408,0.0,18.6,18.6,16.1,75.0,6.438611111,6.335277778,,,,,,,,,
2022-08-14 09:00:00,9,0,14.5,45.97,6.59,102.69,1.03,7.66,20.38,7.0,103.0,127.0,0.5,2.0,812.0,0.7,845.0,1006.4,0.8,1014.6,353.1827,1014.6,309.0479,0.0,17.5,19.0,17.5,77.0,6.446111111,6.328333333,,,,,,,,,
2022-08-14 10:00:00,9,0,14.48,46.0,6.55,102.72,1.04,7.64,20.32,7.0,168.0,168.0,0.8,1.5,957.0,0.8,1000.0,1006.2,0.7,1014.3,353.7916,1014.4,286.4205,0.0,18.6,18.6,17.5,74.0,6.445555556,6.304166667,,,,,,,,,
2022-08-14 11:00:00,9,0,14.38,45.98,6.53,102.51,1.05,7.7,20.49,7.0,149.0,149.0,1.0,1.8,1050.0,1.1,1058.0,1006.0,0.5,1014.1,387.3893,1014.3,516.9023,0.0,20.6,20.7,18.6,63.0,6.445833333,6.34,,,,,,,,,
2022-08-14 12:00:00,9,0,14.44,45.97,6.53,102.68,1.07,7.71,20.5,7.0,204.0,204.0,2.6,4.0,1156.0,2.6,1200.0,1005.8,0.6,1013.9,390.1048,1014.0,646.459,0.0,21.0,21.2,20.4,68.0,6.440833333,6.306666667,,,,,,,,,
2022-08-14 13:00:00,9,1,14.48,45.85,6.51,102.85,1.04,7.85,20.88,7.0,202.0,202.0,2.3,4.3,1207.0,2.6,1220.0,1005.5,0.7,1013.6,380.4951,1013.7,569.1253,0.0,20.3,21.2,20.2,71.0,6.446944444,6.300277778,,,,,,,,,
2022-08-14 14:00:00,9,0,14.51,45.73,6.49,103.02,1.0,7.99,21.26,7.0,206.0,200.0,1.7,4.0,1328.0,2.7,1330.0,1005.2,0.9,1013.3,381.8372,1013.4,476.2994,0.0,20.1,20.9,19.9,73.0,6.449444444,6.3,,,,,,,,,
2022-08-14 15:00:00,9,0,14.41,44.55,6.52,102.91,1.04,9.08,24.24,7.0,212.0,206.0,1.8,4.1,1429.0,2.2,1438.0,1005.0,0.8,1013.1,379.1116,1013.3,506.9523,0.0,20.1,21.0,20.0,71.0,6.441666667,6.299444444,,,,,,,,,
2022-08-14 16:00:00,9,0,14.68,45.79,6.56,103.5,1.04,7.86,20.93,7.0,204.0,209.0,0.8,3.1,1507.0,2.0,1503.0,1004.7,0.8,1012.8,374.3445,1012.9,323.5042,0.0,20.2,20.4,19.8,71.0,6.443333333,6.299722222,,,,,,,,,
2022-08-14 17:00:00,9,0,14.81,45.73,6.56,103.86,1.05,7.86,20.93,7.0,358.0,156.0,0.0,1.5,1603.0,0.9,1622.0,1004.4,0.8,1012.5,390.9166,1012.6,291.1696,0.0,19.7,20.9,19.7,75.0,6.442222222,6.282777778,,,,,,,,,
2022-08-14 18:00:00,9,0,14.67,45.54,6.55,103.69,1.05,8.21,21.86,7.0,334.0,334.0,0.5,1.2,1755.0,0.5,1800.0,1004.0,0.9,1012.1,372.0428,1012.3,60.78637,0.0,17.5,19.7,17.5,83.0,6.435,6.271388889,,,,,,,,,
2022-08-14 19:00:00,9,0,14.72,45.63,6.56,103.84,1.04,8.04,21.42,7.0,325.0,325.0,0.6,1.3,1858.0,0.6,1900.0,1003.9,0.8,1012.1,354.885,1012.1,24.86452,0.0,16.5,17.5,16.5,82.0,6.437222222,6.261111111,,,,,,,,,
2022-08-14 20:00:00,9,0,14.69,45.62,6.57,103.77,1.03,8.1,21.58,7.0,322.0,331.0,0.4,1.2,1943.0,0.6,1955.0,1003.6,0.7,1011.8,348.9476,1011.8,-1.13682,0.0,15.6,16.5,15.6,84.0,6.433333333,6.241388889,,,,,,,,,
2022-08-14 21:00:00,9,0,14.68,45.62,6.57,103.77,1.01,8.08,21.51,7.0,306.0,289.0,0.5,1.3,2028.0,0.8,2036.0,1003.3,0.7,1011.5,343.8048,1011.5,-12.30271,0.0,15.3,15.6,15.3,88.0,6.435833333,6.238611111,,,,,,,,,
2022-08-14 22:00:00,9,0,14.65,45.67,6.57,103.79,1.03,8.04,21.41,7.0,21.0,21.0,1.6,3.8,2155.0,1.6,2200.0,1002.9,1.0,1011.1,342.9196,1011.1,-12.44446,0.0,16.0,16.0,15.2,89.0,6.426388889,6.216388889,,,,,,,,,
2022-08-14 23:00:00,9,0,14.66,45.5,6.55,103.59,1.04,8.19,21.82,7.0,29.0,29.0,2.5,4.8,2218.0,2.5,2300.0,1002.5,1.1,1010.6,347.4589,1010.8,-12.69277,0.0,17.2,17.2,16.0,79.0,6.425555556,6.168055556,,,,,,,,,
2022-08-15 00:00:00,9,0,14.7,45.7,6.56,103.72,1.05,7.98,21.24,5.0,26.0,34.0,2.5,5.4,2351.0,3.0,2320.0,1002.3,1.1,1010.4,351.4099,1010.5,-12.51786,0.0,17.3,17.3,16.8,76.0,6.430555556,6.155,,,,,,,,,
2022-08-15 01:00:00,9,1,14.74,45.7,6.54,103.75,1.04,7.98,21.23,6.0,356.0,22.0,0.9,4.2,40.0,2.4,3.0,1002.0,0.9,1010.2,357.4287,1010.2,-12.65473,0.0,16.1,17.4,16.0,81.0,6.435,6.1125,,,,,,,,,
2022-08-15 02:00:00,9,0,14.77,45.69,6.53,103.78,1.04,7.97,21.22,7.0,9.0,31.0,0.7,3.8,118.0,1.6,112.0,1001.5,1.0,1009.7,348.3405,1009.7,-12.82119,0.0,15.5,16.6,15.5,83.0,6.437777778,6.100277778,,,,,,,,,
2022-08-15 03:00:00,9,0,14.79,45.7,6.57,103.77,1.02,7.96,21.19,7.0,18.0,18.0,1.1,3.0,257.0,1.1,300.0,1000.9,1.4,1009.0,364.2529,1009.1,-11.79694,0.0,16.5,16.6,15.5,77.0,6.434166667,6.1,,,,,,,,,
2022-08-15 04:00:00,9,0,14.8,45.72,6.57,103.78,1.01,7.92,21.07,7.0,17.0,17.0,0.9,3.2,331.0,1.4,333.0,1000.6,1.4,1008.7,373.7541,1008.8,-9.780737,0.0,16.4,16.9,16.1,78.0,6.445555556,6.1,,,,,,,,,
2022-08-15 05:00:00,9,0,14.8,45.74,6.58,103.77,1.04,7.88,20.97,7.0,333.0,36.0,0.5,2.4,416.0,1.2,418.0,1000.3,1.2,1008.4,380.2029,1008.5,5.305447,0.0,16.2,16.8,15.8,80.0,6.441666667,6.1,,,,,,,,,
2022-08-15 06:00:00,9,0,14.72,45.47,6.56,103.64,1.02,8.25,21.97,7.0,282.0,262.0,0.5,1.9,524.0,0.8,548.0,1000.1,0.9,1008.2,372.5235,1008.3,67.33713,0.0,17.4,17.4,16.1,82.0,6.443055556,6.100833333,,,,,,,,,
2022-08-15 07:00:00,9,0,14.59,45.65,6.57,103.54,1.04,8.12,21.62,7.0,351.0,351.0,0.2,1.6,620.0,0.6,610.0,999.9,0.8,1008.0,387.3309,1008.1,93.32557,0.0,17.1,18.1,17.1,85.0,6.447222222,6.107777778,,,,,,,,,
2022-08-15 08:00:00,9,0,14.59,45.63,6.56,103.6,1.02,8.19,21.83,7.0,52.0,46.0,0.3,1.3,744.0,0.6,753.0,999.7,0.6,1007.8,403.6317,1007.9,95.7495,0.0,18.1,18.1,16.9,80.0,6.448055556,6.131111111,,,,,,,,,
2022-08-15 09:00:00,9,0,14.56,45.64,6.55,103.56,1.03,8.23,21.93,7.0,25.0,251.0,0.8,3.2,841.0,1.5,850.0,999.7,0.4,1007.8,410.8695,1007.9,146.7309,0.0,19.2,19.2,18.0,76.0,6.445833333,6.143333333,,,,,,,,,
2022-08-15 10:00:00,9,0,14.59,45.66,6.55,103.71,1.03,8.19,21.81,8.0,46.0,269.0,0.2,2.8,917.0,1.2,919.0,999.3,0.4,1007.3,408.2545,1007.5,127.369,0.0,19.5,19.5,18.6,80.0,6.435,6.176388889,,,,,,,,,
2022-08-15 11:00:00,9,0,14.61,45.63,6.55,103.78,1.02,8.15,21.72,5.0,317.0,317.0,0.8,1.2,1058.0,0.8,1100.0,999.4,0.2,1007.5,412.8012,1007.6,141.5282,0.0,19.2,20.0,19.2,83.0,6.431666667,6.2,,,,,,,,,
2022-08-15 12:00:00,9,0,14.73,45.44,6.54,103.75,1.04,8.31,22.14,5.0,355.0,355.0,1.1,2.5,1159.0,1.1,1200.0,999.6,0.0,1007.7,424.6351,1007.8,50.3425,0.2,17.7,19.2,17.7,88.0,6.430555556,6.202777778,1.0,36.0,,,,,,,
2022-08-15 13:00:00,9,1,14.73,45.46,6.52,103.84,1.04,8.35,22.24,0.0,59.0,23.0,0.9,3.5,1250.0,1.6,1250.0,999.3,0.0,1007.3,417.5162,1007.5,143.0299,0.0,19.6,19.6,17.7,79.0,6.441666667,6.216944444,,,,,,,,,
2022-08-15 14:00:00,9,0,14.74,45.48,6.51,103.94,1.03,8.38,22.34,8.0,10.0,10.0,1.2,3.8,1400.0,1.2,1400.0,999.3,0.2,1007.4,419.8612,1007.5,80.13627,0.0,18.8,20.2,18.8,76.0,6.443333333,6.246944444,,,,,,,,,
2022-08-15 15:00:00,9,0,14.64,45.73,6.54,104.03,1.06,8.03,21.39,8.0,348.0,331.0,0.6,3.1,1431.0,1.6,1434.0,998.8,0.8,1006.8,415.8128,1007.0,164.3228,0.0,21.0,21.5,18.8,72.0,6.44,6.245,,,,,,,,,
2022-08-15 16:00:00,9,0,14.6,45.73,6.58,103.91,1.04,7.98,21.25,8.0,15.0,354.0,0.5,2.3,1527.0,1.0,1510.0,998.4,1.0,1006.4,403.584,1006.5,218.6199,0.0,21.8,21.8,20.2,69.0,6.435277778,6.290833333,,,,,,,,,
2022-08-15 17:00:00,9,0,14.52,45.78,6.58,103.84,1.03,7.99,21.26,7.0,312.0,21.0,0.6,1.5,1602.0,0.8,1608.0,997.9,1.4,1005.9,413.0179,1006.1,175.0377,0.0,20.0,22.1,20.0,76.0,6.429722222,6.300277778,,,,,,,,,
2022-08-15 18:00:00,9,0,14.51,45.82,6.57,103.78,1.02,7.91,21.04,5.0,292.0,285.0,0.8,1.5,1753.0,0.9,1757.0,997.9,0.9,1005.9,406.0219,1006.1,45.06805,0.0,19.0,20.0,19.0,78.0,6.426944444,6.3,,,,,,,,,
2022-08-15 19:00:00,9,0,14.58,45.75,6.59,103.81,1.04,7.97,21.23,5.0,326.0,303.0,0.6,1.6,1821.0,0.8,1828.0,997.9,0.4,1006.0,404.3488,1006.1,19.31549,0.0,18.4,19.0,18.4,80.0,6.431666667,6.303333333,,,,,,,,,
2022-08-15 20:00:00,9,0,14.64,45.71,6.59,103.92,1.06,8.0,21.29,3.0,349.0,279.0,0.5,2.1,1948.0,1.1,1952.0,998.5,0.5,1006.6,409.8837,1006.7,-6.683621,0.0,17.9,18.4,17.8,83.0,6.441666667,6.307777778,,,,,,,,,
2022-08-15 21:00:00,9,0,14.65,45.74,6.59,104.11,1.04,8.0,21.3,3.0,9.0,310.0,0.5,1.4,2046.0,0.6,2055.0,998.7,0.8,1006.8,402.8536,1006.9,-11.34328,0.0,16.9,17.9,16.9,89.0,6.439444444,6.308888889,,,,,,,,,
2022-08-15 22:00:00,9,0,14.67,45.73,6.57,104.25,1.05,8.05,21.44,0.0,65.0,336.0,0.7,1.5,2125.0,0.8,2131.0,998.6,0.6,1006.7,403.7017,1006.8,-14.08009,0.1,16.7,17.0,16.7,91.0,6.438055556,6.305277778,,,,,,,,,
2022-08-15 23:00:00,9,0,14.66,45.73,6.57,104.19,1.02,8.0,21.29,1.0,309.0,40.0,0.3,1.2,2205.0,0.7,2204.0,998.8,0.4,1006.9,398.1725,1007.0,-10.93002,0.0,16.6,16.7,16.5,90.0,6.443611111,6.301111111,,,,,,,,,
2022-08-16 00:00:00,9,0,14.58,45.76,6.57,104.01,1.03,7.96,21.18,0.0,314.0,320.0,0.6,1.4,2331.0,0.7,2359.0,998.8,0.1,1006.9,399.5468,1007.0,-10.5917,0.1,16.4,16.6,16.3,91.0,6.444166667,6.3,,,,,,,,,
2022-08-16 01:00:00,9,1,14.57,45.89,6.56,103.66,1.02,8.04,21.42,0.0,327.0,328.0,1.0,3.2,24.0,1.2,58.0,998.8,0.3,1006.9,419.0733,1007.0,-8.377923,4.3,16.0,16.4,16.0,96.0,6.440833333,6.3,,,,,,,,,
2022-08-16 02:00:00,9,0,14.56,46.02,6.54,103.32,1.02,8.13,21.65,8.0,14.0,16.0,1.8,4.4,138.0,2.5,145.0,998.3,0.6,1006.4,410.814,1006.5,-11.72398,0.0,16.2,16.2,16.0,94.0,6.441666667,6.3,,,,,,,,,
2022-08-16 03:00:00,9,0,14.56,45.98,6.56,103.31,1.08,7.98,21.24,8.0,313.0,10.0,0.6,3.0,201.0,1.7,201.0,998.2,0.6,1006.3,398.8067,1006.4,-11.19934,0.1,15.6,16.2,15.6,96.0,6.441944444,6.3,,,,,,,,,
2022-08-16 04:00:00,9,0,14.64,46.03,6.57,103.46,1.07,7.99,21.27,5.0,71.0,210.0,0.5,1.5,330.0,0.8,351.0,998.8,0.1,1006.9,394.6245,1007.0,-9.524632,0.1,15.6,15.8,15.5,97.0,6.431944444,6.299722222,,,,,,,,,
2022-08-16 05:00:00,9,0,14.68,46.0,6.57,103.42,1.02,7.9,21.03,3.0,312.0,249.0,0.5,1.4,431.0,0.7,438.0,998.7,0.5,1006.8,411.8568,1006.9,-4.352301,0.2,15.7,15.7,15.5,97.0,6.435555556,6.3,,,,,,,,,
2022-08-16 06:00:00,9,0,14.73,45.94,6.58,103.54,1.03,7.85,20.89,1.0,328.0,119.0,0.5,1.6,519.0,0.9,534.0,998.9,0.7,1007.0,418.9135,1007.1,6.426399,2.0,15.9,15.9,15.7,97.0,6.428611111,6.299722222,,,,,,,,,
2022-08-16 07:00:00,9,0,14.76,45.76,6.58,103.63,1.06,7.92,21.1,4.0,99.0,33.0,0.3,1.7,609.0,0.7,614.0,998.7,0.1,1006.8,424.511,1006.9,26.42938,1.0,16.1,16.1,15.8,97.0,6.420277778,6.299722222,,,,,,,,,
2022-08-16 08:00:00,9,0,14.71,46.0,6.57,103.38,1.03,7.83,20.85,8.0,177.0,64.0,0.5,1.4,749.0,0.7,753.0,998.6,0.3,1006.7,427.6134,1006.8,40.45555,0.1,16.2,16.3,15.9,97.0,6.420833333,6.299722222,,,,,,,,,
2022-08-16 09:00:00,9,0,14.81,45.64,6.57,103.98,1.02,8.08,21.53,5.0,159.0,194.0,0.4,1.7,802.0,0.9,833.0,998.9,0.1,1007.0,419.1592,1007.1,65.26273,0.0,16.5,16.5,16.2,97.0,6.418611111,6.298055556,,,,,,,,,
2022-08-16 10:00:00,9,0,14.86,45.64,6.57,104.13,1.06,8.12,21.63,8.0,113.0,191.0,0.4,1.2,942.0,0.6,919.0,998.6,0.2,1006.7,404.0705,1006.7,170.1152,0.0,17.2,17.2,16.5,94.0,6.41,6.256388889,,,,,,,,,
2022-08-16 11:00:00,9,0,14.86,45.78,6.57,103.92,1.04,7.93,21.11,8.0,114.0,91.0,0.6,3.1,1035.0,1.6,1042.0,998.2,0.3,1006.3,405.6599,1006.3,208.0554,0.0,17.7,17.8,17.2,90.0,6.4075,6.216944444,,,,,,,,,
2022-08-16 12:00:00,9,0,14.86,45.94,6.56,103.39,1.06,7.85,20.89,5.0,337.0,356.0,1.2,3.6,1147.0,1.4,1153.0,998.1,0.7,1006.2,398.7542,1006.3,161.3923,0.0,17.2,17.7,17.1,90.0,6.413611111,6.200833333,,,,,,,,,
2022-08-16 13:00:00,9,1,14.8,45.95,6.54,103.34,1.06,7.84,20.84,5.0,297.0,334.0,0.8,2.7,1201.0,1.2,1205.0,998.2,0.3,1006.3,408.3055,1006.4,176.7451,0.0,17.7,17.7,17.0,86.0,6.417222222,6.199722222,,,,,,,,,
2022-08-16 14:00:00,9,0,14.74,45.96,6.53,103.28,1.05,7.82,20.8,8.0,185.0,185.0,1.2,2.2,1351.0,1.2,1400.0,997.8,0.4,1005.9,420.2321,1006.0,151.7819,0.0,17.1,17.8,17.1,89.0,6.421666667,6.199722222,,,,,,,,,
2022-08-16 15:00:00,9,0,14.78,45.98,6.56,103.29,1.02,7.85,20.9,8.0,155.0,138.0,0.7,3.6,1418.0,1.5,1423.0,997.8,0.3,1005.9,414.7292,1006.0,39.35471,0.0,15.7,17.1,15.7,93.0,6.420555556,6.202777778,,,,,,,,,
2022-08-16 16:00:00,9,0,14.76,45.97,6.58,103.29,1.02,7.83,20.85,5.0,354.0,20.0,1.2,3.4,1534.0,1.7,1537.0,997.7,0.5,1005.9,409.7687,1005.9,15.53931,0.0,14.9,15.7,14.9,94.0,6.425277778,6.232777778,,,,,,,,,
2022-08-16 17:00:00,9,0,14.83,45.96,6.56,103.45,1.05,7.85,20.9,8.0,11.0,10.0,1.2,4.2,1609.0,1.8,1616.0,997.4,0.3,1005.6,406.3129,1005.6,7.856756,0.0,14.6,14.9,14.5,95.0,6.4225,6.209166667,,,,,,,,,
2022-08-16 18:00:00,9,0,14.93,45.93,6.55,103.67,1.04,7.89,21.0,5.0,165.0,8.0,0.8,2.6,1718.0,1.2,1701.0,997.6,0.2,1005.8,405.2057,1005.8,0.8651388,0.0,14.4,14.6,14.4,94.0,6.423333333,6.215,,,,,,,,,
2022-08-16 19:00:00,9,0,14.85,45.81,6.58,103.71,1.05,7.78,20.71,3.0,261.0,262.0,1.2,4.3,1801.0,1.4,1857.0,997.9,0.2,1006.1,405.2809,1006.1,-5.766388,0.3,14.1,14.4,14.1,93.0,6.434444444,6.278055556,,,,,,,,,
2022-08-16 20:00:00,9,0,14.88,45.86,6.58,103.7,1.05,7.79,20.74,3.0,227.0,201.0,1.2,4.5,1916.0,2.0,1922.0,998.7,1.3,1006.9,402.3519,1006.9,-6.792821,2.5,13.2,14.1,13.2,93.0,6.432222222,6.309444444,,,,,,,,,
2022-08-16 21:00:00,9,0,14.78,45.92,6.55,103.53,1.04,7.74,20.6,3.0,304.0,216.0,0.5,4.5,2004.0,1.7,2042.0,999.3,1.7,1007.5,399.5774,1007.5,-7.425287,2.0,12.8,13.2,12.8,95.0,6.431111111,6.306944444,,,,,,,,,
2022-08-16 22:00:00,9,0,14.7,45.96,6.55,103.29,1.04,7.78,20.69,2.0,221.0,221.0,1.2,3.1,2127.0,1.2,2200.0,1000.0,2.1,1008.2,400.2965,1008.2,-9.085464,0.6,12.6,12.8,12.6,95.0,6.438888889,6.315277778,,,,,,,,,
2022-08-16 23:00:00,9,0,14.76,45.95,6.59,103.37,1.05,7.78,20.7,2.0,240.0,244.0,1.4,3.6,2241.0,1.8,2250.0,1000.7,2.0,1009.0,397.0712,1008.9,-7.183033,2.7,12.3,12.6,12.3,94.0,6.436666667,6.334166667,,,,,,,,,
2022-08-17 00:00:00,9,0,14.82,45.93,6.53,103.29,1.02,7.86,20.91,2.0,222.0,236.0,1.6,6.2,2345.0,2.2,2348.0,1001.4,2.1,1009.7,392.8388,1009.6,-7.213001,1.1,11.7,12.3,11.7,94.0,6.433611111,6.339444444,,,,,,,,,
2022-08-17 01:00:00,9,1,14.81,45.92,6.53,103.32,1.04,7.82,20.79,3.0,230.0,204.0,2.1,6.1,5.0,2.5,25.0,1002.6,2.5,1010.9,387.4956,1010.8,-7.031557,2.0,10.9,11.7,10.9,92.0,6.431944444,6.358055556,,,,,,,,,
2022-08-17 02:00:00,9,0,14.81,45.92,6.53,103.34,1.05,7.77,20.67,3.0,214.0,220.0,0.9,4.1,109.0,2.1,124.0,1003.5,2.7,1011.8,384.7291,1011.7,-7.316348,1.9,10.3,10.9,10.3,94.0,6.436111111,6.308611111,,,,,,,,,
2022-08-17 03:00:00,9,0,14.78,45.94,6.54,103.39,1.06,7.75,20.62,1.0,103.0,351.0,0.7,3.1,251.0,0.9,233.0,1004.0,2.7,1012.3,384.7276,1012.3,-7.752442,1.2,10.2,10.3,10.2,95.0,6.433055556,6.3,,,,,,,,,
2022-08-17 04:00:00,9,0,15.76,45.67,6.58,102.84,1.0,7.84,20.87,1.0,57.0,85.0,0.3,2.1,337.0,0.9,348.0,1004.1,1.6,1012.5,384.3921,1012.4,-7.198625,1.5,10.0,10.2,10.0,96.0,6.433611111,6.299166667,,,,,,,,,
2022-08-17 05:00:00,9,0,15.69,45.67,6.58,102.76,1.0,7.83,20.85,1.0,21.0,66.0,0.8,2.6,424.0,1.1,433.0,1004.7,1.2,1013.1,382.9179,1012.9,-2.777115,2.6,9.8,10.0,9.7,96.0,6.431666667,6.3,,,,,,,,,
2022-08-17 06:00:00,9,0,15.02,45.92,6.57,103.75,1.04,7.82,20.81,3.0,350.0,75.0,0.3,1.9,549.0,0.9,552.0,1005.3,1.2,1013.7,383.4801,1013.5,0.8085694,1.2,9.8,9.8,9.7,96.0,6.436666667,6.3,,,,,,,,,
2022-08-17 07:00:00,9,0,14.79,45.88,6.57,103.91,1.04,7.74,20.6,2.0,87.0,109.0,0.9,2.8,652.0,1.1,642.0,1005.8,1.6,1014.2,383.5547,1014.1,7.662547,0.9,9.7,9.8,9.7,95.0,6.433611111,6.3,,,,,,,,,
2022-08-17 08:00:00,9,0,14.82,45.89,6.58,103.84,1.04,7.8,20.75,2.0,76.0,173.0,1.0,3.0,705.0,1.2,722.0,1006.3,1.6,1014.7,382.8951,1014.6,20.41401,0.3,9.5,9.7,9.5,94.0,6.436388889,6.3,,,,,,,,,
2022-08-17 09:00:00,9,0,14.75,45.89,6.57,104.05,1.05,7.74,20.58,2.0,118.0,79.0,0.7,2.8,812.0,1.4,821.0,1006.9,1.6,1015.3,384.7963,1015.1,50.79692,0.1,9.8,9.8,9.5,92.0,6.441944444,6.3,,,,,,,,,
2022-08-17 10:00:00,9,0,14.71,45.9,6.57,104.02,1.04,7.77,20.67,2.0,190.0,93.0,0.6,2.9,936.0,1.3,923.0,1007.2,1.4,1015.6,387.5811,1015.5,86.65233,0.1,10.3,10.3,9.7,90.0,6.440833333,6.3,,,,,,,,,
2022-08-17 11:00:00,9,0,14.72,45.9,6.56,104.0,1.03,7.78,20.69,1.0,107.0,107.0,1.8,3.4,1057.0,1.8,1100.0,1007.1,0.9,1015.4,392.1561,1015.4,146.7961,0.0,10.9,10.9,10.3,87.0,6.441388889,6.3,,,,,,,,,
2022-08-17 12:00:00,9,0,14.9,45.89,6.57,104.1,1.01,7.76,20.64,2.0,149.0,96.0,1.2,4.5,1141.0,2.0,1112.0,1007.4,0.5,1015.7,373.7974,1015.7,198.724,0.0,11.5,11.5,10.9,85.0,6.440833333,6.3,,,,,,,,,
2022-08-17 13:00:00,9,1,15.06,45.78,6.54,103.6,1.02,7.79,20.72,3.0,78.0,120.0,0.7,3.0,1205.0,1.4,1227.0,1007.9,0.6,1016.2,374.0509,1016.1,127.434,0.0,11.5,11.6,11.4,82.0,6.443055556,6.3,,,,,,,,,
2022-08-17 14:00:00,9,0,15.23,45.66,6.52,103.09,1.02,7.82,20.8,0.0,121.0,121.0,1.3,2.8,1352.0,1.3,1400.0,1007.8,0.7,1016.1,375.1293,1016.1,123.3754,0.0,11.7,11.7,11.5,80.0,6.438888889,6.3,,,,,,,,,
2022-08-17 15:00:00,9,0,15.15,45.7,6.56,103.05,1.02,7.8,20.77,0.0,127.0,121.0,0.7,2.7,1404.0,1.4,1401.0,1007.9,0.5,1016.2,375.6297,1016.1,87.1091,0.0,11.6,11.7,11.5,81.0,6.443611111,6.300277778,,,,,,,,,
2022-08-17 16:00:00,9,0,15.21,45.63,6.58,103.05,0.97,7.78,20.69,3.0,231.0,194.0,0.6,2.3,1521.0,1.0,1529.0,1008.2,0.4,1016.5,375.3557,1016.5,60.41072,0.0,11.3,11.6,11.2,87.0,6.436666667,6.311944444,,,,,,,,,
2022-08-17 17:00:00,9,0,15.17,45.64,6.57,102.93,1.02,7.76,20.65,2.0,71.0,93.0,0.5,2.0,1640.0,0.9,1647.0,1008.2,0.4,1016.5,375.541,1016.5,48.20057,0.0,11.3,11.4,11.2,82.0,6.442222222,6.346388889,,,,,,,,,
2022-08-17 18:00:00,9,0,15.17,45.61,6.58,102.84,0.98,7.74,20.59,2.0,295.0,238.0,0.5,1.7,1713.0,0.9,1738.0,1008.3,0.5,1016.7,374.9058,1016.6,31.89203,0.0,10.9,11.3,10.9,88.0,6.435555556,6.338055556,,,,,,,,,
2022-08-17 19:00:00,9,0,15.12,45.62,6.57,102.96,1.0,7.77,20.67,2.0,298.0,268.0,0.6,1.3,1817.0,0.7,1823.0,1008.4,0.2,1016.8,373.5796,1016.7,1.379276,0.0,10.3,10.9,10.3,91.0,6.438611111,6.347222222,,,,,,,,,
2022-08-17 20:00:00,9,0,15.04,45.65,6.58,102.98,1.05,7.81,20.79,0.0,18.0,18.0,1.3,3.5,1956.0,1.3,2000.0,1008.2,0.0,1016.6,372.1291,1016.5,-9.132764,0.0,10.2,10.3,10.0,88.0,6.444722222,6.341944444,,,,,,,,,
2022-08-17 21:00:00,9,0,15.0,45.65,6.58,102.99,1.05,7.87,20.93,8.0,36.0,26.0,1.2,3.5,2037.0,1.7,2038.0,1008.1,0.3,1016.5,371.915,1016.4,-10.306,0.0,10.4,10.5,10.2,87.0,6.439722222,6.327777778,,,,,,,,,
2022-08-17 22:00:00,9,0,15.0,45.63,6.57,102.9,1.02,7.92,21.09,7.0,65.0,73.0,1.4,3.0,2154.0,1.5,2158.0,1007.7,0.8,1016.1,370.618,1016.0,-9.889695,0.0,10.7,10.7,10.3,85.0,6.435833333,6.315277778,,,,,,,,,
2022-08-17 23:00:00,9,0,14.9,45.65,6.59,102.83,1.07,7.98,21.25,7.0,3.0,66.0,0.8,2.4,2223.0,1.3,2201.0,1007.5,0.7,1015.9,370.0204,1015.8,-10.29911,0.0,10.2,10.7,10.2,90.0,6.440833333,6.311944444,,,,,,,,,
2022-08-18 00:00:00,9,0,14.85,45.63,6.56,102.73,0.98,8.06,21.46,7.0,358.0,11.0,1.1,2.1,2335.0,1.3,2338.0,1007.1,1.0,1015.5,369.7651,1015.3,-10.74275,0.0,10.1,10.2,10.1,91.0,6.4375,6.300833333,,,,,,,,,
2022-08-18 01:00:00,9,1,14.85,45.62,6.54,102.71,1.02,8.07,21.48,7.0,0.0,3.0,1.2,2.0,51.0,1.3,57.0,1006.7,1.0,1015.1,363.5301,1014.9,-10.83533,0.0,9.9,10.1,9.9,92.0,6.443055556,6.301111111,,,,,,,,,
2022-08-18 02:00:00,9,0,14.85,45.62,6.52,102.69,1.05,8.08,21.51,7.0,12.0,13.0,1.6,3.0,141.0,1.9,152.0,1006.2,1.3,1014.6,308.4017,1014.4,-12.26157,0.0,9.2,9.9,9.2,91.0,6.434444444,6.308611111,,,,,,,,,
2022-08-18 03:00:00,9,0,14.8,45.62,6.55,102.61,1.04,8.12,21.63,7.0,310.0,11.0,0.6,2.8,237.0,1.6,203.0,1005.8,1.3,1014.2,286.0647,1014.1,-12.45602,0.0,8.6,9.2,8.6,93.0,6.438055556,6.306944444,,,,,,,,,
2022-08-18 04:00:00,9,0,14.74,45.62,6.55,102.51,1.04,8.16,21.72,6.0,319.0,302.0,0.5,1.3,330.0,0.8,345.0,1005.5,1.2,1013.9,287.2755,1013.7,-7.571545,0.0,8.2,8.6,8.2,94.0,6.435833333,6.321388889,,,,,,,,,
2022-08-18 05:00:00,9,0,14.69,45.64,6.56,102.49,1.05,8.21,21.85,7.0,17.0,19.0,1.2,3.4,443.0,1.7,447.0,1004.9,1.2,1013.3,286.657,1013.2,20.04551,0.0,9.6,9.6,8.1,91.0,6.431388889,6.303055556,,,,,,,,,
2022-08-18 06:00:00,9,0,14.67,45.62,6.55,102.38,1.03,8.23,21.93,7.0,68.0,19.0,1.1,2.7,525.0,1.5,511.0,1004.8,1.0,1013.1,301.8372,1013.1,151.1076,0.0,11.5,12.3,9.6,80.0,6.428055556,6.301666667,,,,,,,,,
2022-08-18 07:00:00,9,0,14.64,45.63,6.55,102.3,1.05,8.21,21.85,7.0,128.0,71.0,1.3,2.5,635.0,1.6,639.0,1004.4,1.1,1012.7,306.5429,1012.6,226.4588,0.0,13.3,13.4,11.5,76.0,6.427222222,6.3,,,,,,,,,
2022-08-18 08:00:00,9,0,14.66,45.67,6.55,102.4,1.05,8.22,21.9,7.0,154.0,143.0,1.1,2.6,711.0,1.5,718.0,1004.1,0.9,1012.3,315.0766,1012.3,306.175,0.0,14.1,14.1,12.9,74.0,6.422777778,6.2525,,,,,,,,,
2022-08-18 09:00:00,9,0,14.61,45.67,6.55,102.5,1.02,8.22,21.9,7.0,192.0,149.0,1.1,2.5,836.0,1.2,845.0,1003.8,1.0,1012.0,319.3111,1012.0,397.7531,0.0,13.9,15.0,13.9,73.0,6.423055556,6.201388889,,,,,,,,,
2022-08-18 10:00:00,9,0,14.59,45.68,6.55,102.52,1.06,8.22,21.9,6.0,202.0,202.0,2.4,4.5,958.0,2.4,1000.0,1003.7,0.7,1011.9,327.1097,1011.9,314.2927,0.0,14.6,14.6,13.7,75.0,6.425833333,6.161388889,,,,,,,,,
2022-08-18 11:00:00,9,0,14.63,45.67,6.55,102.63,1.06,8.21,21.86,7.0,203.0,202.0,2.2,4.9,1003.0,3.3,1024.0,1003.6,0.5,1011.8,329.5629,1011.9,511.1136,0.0,15.1,15.7,14.2,71.0,6.425277778,6.146388889,,,,,,,,,
2022-08-18 12:00:00,9,0,14.66,45.66,6.55,102.65,1.06,8.15,21.7,7.0,200.0,200.0,3.0,5.4,1125.0,3.4,1154.0,1003.3,0.4,1011.5,339.283,1011.5,496.3338,0.0,15.7,15.9,15.1,71.0,6.43,6.146111111,,,,,,,,,
2022-08-18 13:00:00,9,1,14.68,45.66,6.54,102.79,1.06,8.12,21.62,8.0,199.0,201.0,3.1,4.4,1252.0,3.3,1257.0,1002.9,0.7,1011.1,345.9785,1011.1,454.8798,0.0,15.6,16.3,15.4,68.0,6.43,6.150277778,,,,,,,,,
2022-08-18 14:00:00,9,0,14.68,45.66,6.52,102.93,1.07,8.09,21.53,8.0,163.0,200.0,1.5,4.7,1313.0,3.1,1301.0,1002.4,1.2,1010.5,337.8763,1010.6,407.462,0.0,17.2,17.4,15.6,64.0,6.438333333,6.1425,,,,,,,,,
2022-08-18 15:00:00,9,0,15.0,45.67,6.58,103.12,1.0,7.95,21.17,7.0,338.0,198.0,0.8,4.2,1445.0,1.8,1426.0,1002.1,1.2,1010.3,346.4332,1010.4,271.5855,0.0,15.3,17.2,15.2,73.0,6.439722222,6.139444444,,,,,,,,,
2022-08-18 16:00:00,9,0,15.22,45.63,6.6,103.14,1.0,7.89,21.0,6.0,228.0,266.0,1.2,3.9,1539.0,1.6,1515.0,1002.1,0.8,1010.3,351.5649,1010.3,156.5168,0.0,14.2,15.3,14.2,79.0,6.445833333,6.140833333,,,,,,,,,
2022-08-18 17:00:00,9,0,15.28,45.62,6.58,103.14,1.0,7.86,20.92,7.0,195.0,159.0,1.0,4.7,1634.0,1.3,1648.0,1001.9,0.6,1010.1,372.6671,1010.1,119.3132,0.0,13.7,14.3,13.7,79.0,6.435,6.148333333,,,,,,,,,
2022-08-18 18:00:00,9,0,15.54,45.63,6.59,103.22,1.01,7.74,20.59,7.0,272.0,195.0,0.7,2.6,1717.0,1.2,1705.0,1001.9,0.2,1010.1,389.0339,1010.1,16.92276,0.0,12.9,13.7,12.9,83.0,6.425555556,6.169444444,,,,,,,,,
2022-08-18 19:00:00,9,0,15.54,45.63,6.59,103.14,1.02,7.7,20.49,5.0,176.0,262.0,0.7,3.1,1821.0,1.3,1829.0,1001.9,0.2,1010.2,387.5588,1010.2,12.41493,0.0,12.7,12.9,12.7,82.0,6.428611111,6.2025,,,,,,,,,
2022-08-18 20:00:00,9,0,15.51,45.64,6.59,103.09,0.99,7.72,20.54,2.0,7.0,233.0,0.5,1.3,1929.0,0.6,1936.0,1002.2,0.4,1010.5,387.2854,1010.5,-2.972902,0.0,12.5,12.7,12.5,87.0,6.428611111,6.224444444,,,,,,,,,
2022-08-18 21:00:00,9,0,15.38,45.62,6.6,102.94,0.99,7.79,20.74,0.0,45.0,45.0,1.5,2.9,2055.0,1.5,2100.0,1001.9,0.1,1010.2,382.2002,1010.1,-10.49992,0.0,12.2,12.5,12.2,87.0,6.431944444,6.291388889,,,,,,,,,
2022-08-18 22:00:00,9,0,15.36,45.6,6.6,102.91,0.99,7.81,20.8,8.0,29.0,44.0,0.8,2.8,2103.0,1.5,2103.0,1001.8,0.1,1010.1,366.6217,1010.0,-10.79391,0.0,11.9,12.2,11.9,89.0,6.4325,6.299722222,,,,,,,,,
2022-08-18 23:00:00,9,0,15.31,45.61,6.6,102.79,1.01,7.85,20.9,8.0,20.0,14.0,1.0,2.8,2254.0,1.4,2235.0,1001.3,0.9,1009.6,351.658,1009.5,-11.63579,0.0,11.9,11.9,11.8,89.0,6.434166667,6.3,,,,,,,,,
2022-08-19 00:00:00,9,0,15.25,45.6,6.59,102.71,1.03,7.88,20.97,8.0,18.0,18.0,1.5,2.7,2355.0,1.5,0.0,1000.7,1.0,1009.0,351.4162,1008.9,-11.48911,0.0,12.0,12.1,11.9,89.0,6.438888889,6.300833333,,,,,,,,,
2022-08-19 01:00:00,9,1,15.16,45.61,6.57,102.73,1.02,7.94,21.14,7.0,16.0,10.0,1.4,3.5,38.0,1.9,53.0,1000.4,1.4,1008.7,328.1145,1008.6,-12.11511,0.0,12.1,12.2,11.8,89.0,6.439444444,6.300555556,,,,,,,,,
2022-08-19 02:00:00,9,0,15.07,45.62,6.55,102.75,1.01,8.01,21.32,7.0,24.0,25.0,1.9,4.7,150.0,2.1,157.0,1000.0,1.3,1008.2,332.5042,1008.2,-12.05711,0.0,12.8,12.8,12.1,87.0,6.431388889,6.300277778,,,,,,,,,
2022-08-19 03:00:00,9,0,15.09,45.62,6.59,102.7,1.06,8.0,21.29,7.0,22.0,29.0,1.9,5.1,250.0,2.8,255.0,999.4,1.3,1007.6,357.314,1007.6,-11.31294,0.0,13.4,13.6,12.8,84.0,6.428888889,6.3,,,,,,,,,
2022-08-19 04:00:00,9,0,15.01,45.64,6.59,102.99,1.03,8.04,21.4,8.0,25.0,25.0,2.3,5.2,320.0,2.3,400.0,999.0,1.5,1007.2,342.2336,1007.2,-10.66902,0.0,13.2,13.4,12.9,84.0,6.441111111,6.3,,,,,,,,,
2022-08-19 05:00:00,9,0,15.04,45.62,6.58,102.88,1.02,8.04,21.4,7.0,26.0,33.0,2.9,5.6,438.0,3.3,446.0,998.5,1.5,1006.7,320.7105,1006.7,1.186088,0.0,13.7,13.7,13.2,82.0,6.434166667,6.3,,,,,,,,,
2022-08-19 06:00:00,9,0,14.79,45.65,6.57,103.07,1.03,8.14,21.67,7.0,23.0,34.0,2.3,6.2,520.0,3.4,525.0,998.2,1.2,1006.4,317.7575,1006.4,52.36924,0.0,14.5,14.5,13.6,80.0,6.435833333,6.300555556,,,,,,,,,
2022-08-19 07:00:00,9,0,15.15,45.61,6.58,102.67,1.02,7.98,21.25,5.0,34.0,33.0,3.0,6.7,611.0,3.8,647.0,997.9,1.1,1006.0,334.7757,1006.1,221.3758,0.0,16.6,16.9,14.5,67.0,6.434444444,6.315833333,,,,,,,,,
2022-08-19 08:00:00,9,0,14.9,45.67,6.55,102.8,1.04,8.2,21.83,7.0,46.0,46.0,3.7,6.1,800.0,3.7,800.0,997.2,1.2,1005.3,347.4635,1005.4,240.4843,0.0,17.7,17.7,16.6,62.0,6.437777778,6.345277778,,,,,,,,,
2022-08-19 09:00:00,9,0,14.92,45.65,6.55,102.86,1.05,8.17,21.75,6.0,35.0,42.0,2.4,6.3,822.0,4.0,804.0,997.3,0.9,1005.4,368.4898,1005.5,360.3374,0.0,18.2,20.2,17.7,60.0,6.445,6.340277778,,,,,,,,,
2022-08-19 10:00:00,9,0,14.91,45.67,6.55,103.02,1.03,8.17,21.76,5.0,314.0,38.0,0.9,4.8,912.0,2.7,919.0,997.3,0.5,1005.4,402.5536,1005.5,110.8563,0.0,17.8,18.3,17.8,72.0,6.440555556,6.338888889,,,,,,,,,
2022-08-23 22:00:00,10,0,14.86,45.78,6.57,102.01,1.0,7.99,21.26,0.0,343.0,343.0,0.6,2.1,2200.0,0.6,2200.0,1010.8,0.2,1019.1,311.1295,1019.1,-12.68131,0.0,12.9,13.4,12.8,79.0,6.400833333,6.179444444,,,,,,,,,
2022-08-23 23:00:00,10,0,14.82,45.8,6.57,102.01,1.0,8.01,21.32,4.0,31.0,34.0,1.7,5.0,2235.0,2.5,2239.0,1010.8,0.1,1019.1,312.7408,1019.2,-12.71376,0.0,14.2,14.6,12.8,70.0,6.408888889,6.111666667,,,,,,,,,
2022-08-24 00:00:00,10,0,14.86,45.79,6.57,101.96,1.01,8.0,21.29,4.0,32.0,26.0,2.2,4.7,2306.0,2.4,2325.0,1010.9,0.1,1019.2,312.5812,1019.2,-13.06462,0.0,14.5,14.8,13.9,68.0,6.405,6.1,,,,,,,,,
2022-08-24 01:00:00,10,1,14.83,45.8,6.55,102.03,1.02,8.02,21.34,7.0,36.0,32.0,1.0,4.8,29.0,2.2,11.0,1010.6,0.2,1018.9,314.5718,1018.9,-13.12214,0.0,13.9,14.7,13.9,70.0,6.402777778,6.099722222,,,,,,,,,
2022-08-24 02:00:00,10,0,14.8,45.81,6.53,102.1,1.02,8.04,21.4,7.0,17.0,38.0,0.9,4.5,109.0,2.0,111.0,1010.7,0.2,1019.0,319.9525,1019.0,-12.81342,0.0,13.5,14.4,13.5,72.0,6.406944444,6.099722222,,,,,,,,,
2022-08-24 03:00:00,10,0,14.87,45.77,6.57,101.96,0.96,7.97,21.21,7.0,40.0,38.0,2.1,5.8,223.0,3.4,226.0,1010.5,0.3,1018.8,327.5722,1018.8,-12.3661,0.0,15.1,15.1,13.0,64.0,6.4125,6.1,,,,,,,,,
2022-08-24 04:00:00,10,0,14.86,45.79,6.58,102.0,1.02,7.96,21.19,4.0,26.0,38.0,2.8,5.6,353.0,3.1,329.0,1010.5,0.1,1018.7,344.3046,1018.8,-10.95826,0.0,15.8,15.9,14.6,60.0,6.413333333,6.099722222,,,,,,,,,
2022-08-24 05:00:00,10,0,14.85,45.79,6.57,102.01,1.0,7.99,21.28,3.0,1.0,25.0,0.6,5.0,410.0,2.7,403.0,1010.9,0.2,1019.1,383.0985,1019.2,6.968506,0.0,15.5,16.0,15.2,66.0,6.414166667,6.099722222,,,,,,,,,
2022-08-24 06:00:00,10,0,14.85,45.77,6.57,101.82,1.0,8.0,21.31,0.0,33.0,30.0,2.4,5.6,553.0,2.6,546.0,1010.7,0.2,1018.9,392.2415,1019.0,1.841596,0.0,15.5,15.7,15.4,65.0,6.426388889,6.099722222,,,,,,,,,
2022-08-24 07:00:00,10,0,14.74,45.85,6.55,102.17,1.05,8.03,21.38,0.0,39.0,39.0,2.7,4.8,700.0,2.7,700.0,1010.8,0.3,1019.0,391.9507,1019.1,35.13614,0.0,16.1,16.1,15.5,64.0,6.413611111,6.1,,,,,,,,,
2022-08-24 08:00:00,10,0,14.75,45.79,6.56,101.84,0.99,7.98,21.25,4.0,35.0,42.0,2.5,5.0,800.0,2.9,704.0,1010.7,0.1,1018.9,394.8038,1019.1,79.78278,0.0,16.9,16.9,15.9,64.0,6.420555556,6.1,,,,,,,,,
2022-08-24 09:00:00,10,0,14.79,45.78,6.55,101.84,1.02,8.02,21.35,4.0,27.0,27.0,1.7,5.8,806.0,3.1,831.0,1010.7,0.0,1018.9,401.0366,1019.0,73.10638,0.0,17.6,17.6,16.9,59.0,6.421111111,6.099722222,,,,,,,,,
2022-08-24 10:00:00,10,0,14.88,45.76,6.55,101.94,1.0,8.02,21.35,8.0,48.0,48.0,2.6,5.1,1000.0,2.6,1000.0,1010.3,0.5,1018.4,403.3096,1018.6,291.3853,0.0,21.4,21.4,17.6,53.0,6.424166667,6.100277778,,,,,,,,,
2022-08-24 11:00:00,10,0,14.74,45.8,6.54,101.96,1.02,7.95,21.18,7.0,46.0,46.0,3.7,6.3,1047.0,3.7,1100.0,1010.1,0.8,1018.2,411.8528,1018.4,383.9313,0.0,21.7,22.2,21.4,51.0,6.428055556,6.191944444,,,,,,,,,
2022-08-24 12:00:00,10,0,14.72,45.84,6.54,102.1,1.0,8.01,21.33,5.0,247.0,47.0,0.7,4.8,1103.0,3.5,1101.0,1010.3,0.4,1018.4,421.674,1018.6,220.2417,0.0,21.1,21.7,21.0,60.0,6.431944444,6.243333333,,,,,,,,,
2022-08-24 13:00:00,10,1,14.72,45.84,6.53,102.13,1.0,8.03,21.38,3.0,39.0,294.0,0.4,1.5,1246.0,0.7,1251.0,1010.4,0.2,1018.5,424.4893,1018.7,218.8248,0.0,21.1,21.2,20.7,72.0,6.433888889,6.248333333,,,,,,,,,
2022-08-24 14:00:00,10,0,14.72,45.85,6.52,102.16,1.0,8.05,21.42,0.0,52.0,83.0,0.3,1.7,1305.0,1.0,1307.0,1010.1,0.1,1018.2,413.5038,1018.4,245.0123,0.0,21.7,21.7,21.1,61.0,6.429722222,6.278611111,,,,,,,,,
2022-08-24 15:00:00,10,0,14.71,45.85,6.56,102.18,1.02,8.04,21.42,8.0,121.0,97.0,0.5,1.6,1429.0,0.8,1431.0,1009.6,0.7,1017.6,404.4655,1017.9,350.0722,0.0,23.4,23.4,21.7,61.0,6.426944444,6.323333333,,,,,,,,,
2022-08-24 16:00:00,10,0,14.71,45.84,6.57,102.27,1.01,7.99,21.28,7.0,4.0,26.0,0.9,2.4,1530.0,1.1,1535.0,1009.5,0.8,1017.6,412.6202,1017.8,166.6549,0.1,21.0,23.9,21.0,70.0,6.426111111,6.331111111,,,,,,,,,
2022-08-24 17:00:00,10,0,14.76,45.84,6.59,102.46,1.04,7.94,21.14,7.0,26.0,26.0,2.6,5.9,1659.0,2.6,1700.0,1009.2,0.9,1017.3,397.9467,1017.4,105.8149,0.0,21.5,21.5,20.8,54.0,6.431388889,6.374722222,,,,,,,,,
2022-08-24 18:00:00,10,0,14.74,45.84,6.58,102.36,1.0,7.92,21.09,7.0,31.0,32.0,2.7,5.6,1707.0,3.0,1755.0,1009.1,0.6,1017.2,395.2366,1017.4,48.5301,0.0,21.3,21.6,21.3,55.0,6.430555556,6.399166667,,,,,,,,,
2022-08-24 19:00:00,10,0,14.8,45.8,6.58,102.29,1.01,8.0,21.29,5.0,30.0,30.0,2.7,5.3,1851.0,2.7,1900.0,1009.2,0.4,1017.3,406.5657,1017.5,6.930716,0.0,21.3,21.3,21.1,54.0,6.4225,6.4,,,,,,,,,
2022-08-24 20:00:00,10,0,14.85,45.8,6.58,102.47,1.0,8.0,21.3,7.0,32.0,32.0,2.3,5.0,1917.0,2.9,1902.0,1008.9,0.3,1017.0,407.3133,1017.2,-11.47465,0.0,20.9,21.3,20.8,55.0,6.424444444,6.401388889,,,,,,,,,
2022-08-24 21:00:00,10,0,14.76,45.85,6.57,102.27,0.99,7.95,21.18,8.0,28.0,27.0,2.2,5.2,2044.0,2.7,2047.0,1008.6,0.4,1016.7,405.9676,1016.9,-11.98387,0.0,20.8,21.0,20.7,55.0,6.428888889,6.420277778,,,,,,,,,
2022-08-24 22:00:00,10,0,14.78,45.85,6.56,102.27,1.01,7.97,21.21,5.0,12.0,26.0,1.8,4.4,2118.0,2.4,2124.0,1008.6,0.5,1016.7,410.8584,1016.9,-12.02998,0.0,20.3,20.9,20.3,61.0,6.434722222,6.454166667,,,,,,,,,
2022-08-24 23:00:00,10,0,14.81,45.82,6.56,102.03,0.98,8.01,21.32,5.0,320.0,5.0,0.9,4.0,2204.0,2.2,2231.0,1008.7,0.2,1016.9,416.9383,1017.0,-12.36877,0.0,17.7,20.3,17.6,76.0,6.425555556,6.455833333,,,,,,,,,
2022-08-25 00:00:00,10,0,14.85,45.8,6.56,102.03,1.02,7.99,21.27,4.0,305.0,260.0,1.0,2.7,2317.0,1.3,2349.0,1008.7,0.1,1016.9,412.1556,1017.0,-10.37462,0.0,17.5,17.7,17.0,77.0,6.428333333,6.417777778,,,,,,,,,
2022-08-25 01:00:00,10,1,14.89,45.81,6.55,102.04,1.01,7.96,21.21,0.0,13.0,336.0,0.6,4.1,1.0,1.5,14.0,1008.6,0.1,1016.8,401.039,1016.9,-10.57889,0.0,16.9,17.6,16.7,82.0,6.427222222,6.400555556,,,,,,,,,
2022-08-25 02:00:00,10,0,14.94,45.82,6.54,102.06,1.0,7.94,21.15,7.0,302.0,283.0,1.0,3.0,115.0,1.7,117.0,1008.6,0.3,1016.8,379.4183,1016.9,-11.06437,0.0,18.1,18.1,16.8,71.0,6.4275,6.400277778,,,,,,,,,
2022-08-25 03:00:00,10,0,14.95,45.85,6.57,102.06,1.02,7.91,21.05,5.0,313.0,314.0,0.9,4.1,215.0,1.6,223.0,1008.7,0.1,1016.9,403.9796,1017.0,-10.28863,0.0,17.8,18.2,16.9,77.0,6.423888889,6.4,,,,,,,,,
2022-08-25 04:00:00,10,0,14.98,45.79,6.58,102.15,1.04,7.95,21.17,3.0,262.0,219.0,1.1,4.4,324.0,2.0,333.0,1009.3,0.7,1017.5,403.8221,1017.5,-9.988213,0.0,16.2,17.9,16.2,90.0,6.424166667,6.399722222,,,,,,,,,
2022-08-25 05:00:00,10,0,14.91,45.78,6.58,102.24,1.01,8.0,21.31,3.0,338.0,268.0,0.6,1.8,437.0,1.2,406.0,1009.9,1.3,1018.1,397.9477,1018.2,-4.94713,0.0,16.3,16.4,16.2,90.0,6.425277778,6.393055556,,,,,,,,,
2022-08-25 06:00:00,10,0,14.95,45.78,6.56,102.2,1.01,8.0,21.31,1.0,311.0,283.0,0.3,2.0,503.0,1.1,511.0,1010.6,1.8,1018.8,407.0522,1018.9,9.336171,0.0,16.7,16.7,16.3,89.0,6.421666667,6.33,,,,,,,,,
2022-08-25 07:00:00,10,0,14.9,45.87,6.56,102.53,0.99,7.87,20.93,1.0,260.0,198.0,0.5,1.9,611.0,0.8,619.0,1010.7,1.5,1018.9,407.5219,1019.0,23.22374,0.0,16.9,16.9,16.7,88.0,6.415833333,6.330277778,,,,,,,,,
2022-08-25 08:00:00,10,0,14.91,45.81,6.57,102.26,1.02,7.95,21.17,1.0,335.0,196.0,0.2,1.5,702.0,0.6,731.0,1011.2,1.2,1019.4,405.0233,1019.5,69.09492,0.0,17.6,17.6,16.9,87.0,6.415277778,6.305,,,,,,,,,
2022-08-25 09:00:00,10,0,15.0,45.78,6.58,102.27,1.02,7.97,21.22,2.0,67.0,67.0,1.2,2.7,858.0,1.2,900.0,1011.5,0.9,1019.7,409.6913,1019.8,62.04646,0.0,17.6,17.7,17.3,85.0,6.415,6.3125,,,,,,,,,
2022-08-25 10:00:00,10,0,15.0,45.78,6.57,102.32,1.0,7.98,21.24,0.0,85.0,97.0,0.9,2.4,928.0,1.4,943.0,1011.0,0.3,1019.2,412.781,1019.3,125.8555,0.0,18.0,18.4,17.6,85.0,6.414722222,6.303055556,,,,,,,,,
2022-08-25 11:00:00,10,0,15.11,45.81,6.57,102.55,0.96,7.9,21.03,8.0,307.0,99.0,0.3,1.7,1016.0,0.9,1010.0,1010.7,0.4,1018.9,414.3435,1019.1,124.5253,0.0,18.6,18.6,17.8,81.0,6.405277778,6.300833333,,,,,,,,,
2022-08-25 12:00:00,10,0,15.02,45.78,6.57,102.43,0.98,7.98,21.23,5.0,210.0,181.0,0.7,1.8,1144.0,1.0,1150.0,1011.1,0.5,1019.3,417.1021,1019.4,156.7675,0.0,18.7,19.0,18.6,82.0,6.409444444,6.3,,,,,,,,,
2022-08-25 13:00:00,10,1,15.06,45.8,6.55,102.5,1.0,7.92,21.06,5.0,183.0,207.0,1.1,3.6,1236.0,1.9,1245.0,1010.8,0.2,1018.9,413.5068,1019.1,188.2522,0.0,19.1,19.3,18.6,80.0,6.408333333,6.3,,,,,,,,,
2022-08-25 14:00:00,10,0,15.09,45.82,6.53,102.58,1.03,7.85,20.9,8.0,181.0,136.0,1.1,3.3,1317.0,1.5,1320.0,1010.6,0.1,1018.7,412.705,1018.9,225.3636,0.0,19.1,19.7,18.9,78.0,6.404166667,6.299722222,,,,,,,,,
2022-08-25 15:00:00,10,0,15.09,45.83,6.57,102.54,1.02,7.84,20.87,8.0,72.0,183.0,0.8,2.7,1500.0,1.1,1401.0,1010.1,1.1,1018.3,418.5065,1018.4,100.9848,0.1,18.0,19.1,17.9,83.0,6.407222222,6.3,,,,,,,,,
2022-08-25 16:00:00,10,0,15.05,45.85,6.58,102.51,0.99,7.83,20.85,8.0,95.0,67.0,0.8,4.6,1527.0,2.8,1533.0,1009.3,1.6,1017.5,403.4153,1017.6,123.0365,0.0,17.7,18.0,17.6,85.0,6.406111111,6.301111111,,,,,,,,,
2022-08-25 17:00:00,10,0,15.06,45.82,6.58,102.6,0.97,7.87,20.95,6.0,228.0,228.0,1.3,3.4,1700.0,1.3,1700.0,1009.3,1.2,1017.5,413.9019,1017.6,18.9262,0.0,16.6,17.7,16.6,89.0,6.405,6.302777778,,,,,,,,,
2022-08-25 18:00:00,10,0,15.08,45.83,6.59,102.75,0.97,7.88,20.96,5.0,99.0,220.0,0.5,3.7,1701.0,1.6,1708.0,1009.8,0.3,1018.0,411.0349,1018.1,-3.761039,0.0,15.5,16.6,15.5,93.0,6.406666667,6.308888889,,,,,,,,,
2022-08-25 19:00:00,10,0,15.08,45.82,6.57,102.77,0.98,7.87,20.95,0.0,69.0,69.0,1.2,3.1,1900.0,1.2,1900.0,1009.5,0.2,1017.7,416.9615,1017.8,-6.421296,0.7,15.1,15.5,15.1,94.0,6.406111111,6.338055556,,,,,,,,,
2022-08-25 20:00:00,10,0,15.06,45.84,6.57,102.64,0.99,7.86,20.93,8.0,12.0,12.0,1.4,3.1,2000.0,1.4,2000.0,1008.6,0.6,1016.8,414.2929,1016.9,-11.15722,0.1,15.2,15.2,14.9,95.0,6.413333333,6.343611111,,,,,,,,,
2022-08-25 21:00:00,10,0,15.05,45.83,6.58,102.66,0.97,7.89,21.0,8.0,315.0,17.0,0.3,2.6,2017.0,1.4,2026.0,1007.9,1.9,1016.1,416.5982,1016.1,-13.21775,0.1,15.0,15.5,15.0,95.0,6.407222222,6.3475,,,,,,,,,
2022-08-25 22:00:00,10,0,14.98,45.83,6.57,102.45,1.0,7.94,21.13,8.0,360.0,360.0,0.8,1.9,2159.0,0.8,2200.0,1006.7,2.7,1014.9,416.8539,1015.0,-8.843277,0.6,15.4,15.4,15.0,96.0,6.413611111,6.301111111,,,,,,,,,
2022-08-25 23:00:00,10,0,14.9,45.85,6.56,102.22,1.03,7.93,21.12,8.0,30.0,30.0,2.1,4.9,2300.0,2.1,2300.0,1005.6,2.9,1013.8,418.154,1013.9,-9.756898,0.1,15.8,15.8,15.4,95.0,6.415833333,6.277222222,,,,,,,,,
2022-08-26 00:00:00,10,0,14.92,45.83,6.57,102.3,0.97,8.0,21.29,8.0,21.0,32.0,1.9,5.1,2301.0,2.9,2307.0,1004.8,3.0,1013.0,399.6851,1013.1,-8.772065,0.0,16.3,16.3,15.8,92.0,6.424722222,6.246944444,,,,,,,,,
2022-08-26 01:00:00,10,1,14.89,45.84,6.54,102.23,1.0,7.99,21.27,6.0,304.0,26.0,1.1,4.4,38.0,2.1,33.0,1004.3,2.4,1012.5,401.5164,1012.6,-8.757768,0.0,15.9,16.6,15.9,93.0,6.413333333,6.215,,,,,,,,,
2022-08-26 02:00:00,10,0,14.87,45.85,6.52,102.16,1.04,7.98,21.25,5.0,228.0,242.0,1.3,5.5,132.0,2.3,138.0,1005.6,0.2,1013.8,405.3472,1013.9,-8.39791,0.2,15.6,15.9,15.6,96.0,6.416666667,6.209166667,,,,,,,,,
2022-08-26 03:00:00,10,0,14.94,45.84,6.58,102.5,1.03,7.93,21.11,3.0,218.0,211.0,3.9,8.7,218.0,4.3,233.0,1007.2,2.3,1015.5,398.9624,1015.5,-7.165182,1.6,12.8,15.6,12.8,94.0,6.423055556,6.226666667,,,,,,,,,
2022-08-26 04:00:00,10,0,15.06,45.85,6.56,102.62,1.0,7.92,21.08,1.0,234.0,219.0,0.9,8.0,307.0,3.8,309.0,1007.5,3.2,1015.8,393.8127,1015.8,-7.192257,1.9,12.3,12.8,12.3,95.0,6.420277778,6.228055556,,,,,,,,,
2022-08-26 05:00:00,10,0,14.85,45.85,6.51,102.12,1.01,7.96,21.18,1.0,38.0,231.0,0.2,2.7,408.0,1.1,416.0,1007.7,2.2,1016.0,397.4129,1016.0,-6.649514,0.9,12.5,12.5,12.3,96.0,6.417222222,6.253333333,,,,,,,,,
2022-08-26 06:00:00,10,0,14.9,45.85,6.52,102.13,0.99,7.95,21.15,0.0,16.0,340.0,0.2,0.8,556.0,0.4,517.0,1007.4,0.3,1015.7,401.3559,1015.7,0.6179907,0.7,12.6,12.6,12.5,96.0,6.417222222,6.238888889,,,,,,,,,
2022-08-26 07:00:00,10,0,14.97,45.83,6.5,102.16,0.97,7.91,21.07,3.0,302.0,245.0,0.2,0.9,641.0,0.5,656.0,1007.8,0.2,1016.1,402.884,1016.1,8.674605,0.1,12.7,12.7,12.6,96.0,6.410277778,6.240833333,,,,,,,,,
2022-08-26 08:00:00,10,0,15.0,45.83,6.54,102.22,1.04,7.88,20.98,3.0,256.0,201.0,0.3,1.0,749.0,0.6,736.0,1008.2,0.4,1016.5,403.5853,1016.4,11.60606,0.3,12.6,12.8,12.6,96.0,6.408055556,6.246944444,,,,,,,,,
2022-08-26 09:00:00,10,0,14.94,45.83,6.55,102.24,1.01,7.89,20.99,2.0,103.0,103.0,0.5,1.2,846.0,0.5,900.0,1008.4,0.8,1016.7,403.1281,1016.7,26.36944,0.6,12.8,12.8,12.6,96.0,6.408888889,6.235,,,,,,,,,
2022-08-26 10:00:00,10,0,14.92,45.84,6.55,102.21,0.99,7.9,21.04,1.0,90.0,98.0,0.6,1.4,925.0,0.8,928.0,1008.4,0.7,1016.7,402.7485,1016.7,39.2796,0.5,12.7,12.9,12.6,96.0,6.413333333,6.236111111,,,,,,,,,
2022-08-26 11:00:00,10,0,14.93,45.81,6.54,102.19,0.97,7.87,20.96,2.0,45.0,84.0,0.4,1.4,1058.0,0.6,1052.0,1008.7,0.5,1017.0,404.7483,1016.9,56.10625,0.8,13.1,13.2,12.7,96.0,6.423333333,6.248888889,,,,,,,,,
2022-08-26 12:00:00,10,0,14.92,45.84,6.55,102.22,1.0,7.88,20.97,2.0,63.0,130.0,0.5,1.8,1126.0,0.9,1135.0,1008.7,0.3,1017.0,407.148,1017.0,82.37115,0.6,13.3,13.4,13.0,96.0,6.416111111,6.258055556,,,,,,,,,
2022-08-26 13:00:00,10,1,14.88,45.84,6.53,102.2,1.0,7.9,21.04,2.0,343.0,130.0,0.4,1.9,1212.0,0.9,1219.0,1008.6,0.2,1016.9,411.49,1016.9,126.5619,0.3,13.7,13.7,13.3,94.0,6.418611111,6.255,,,,,,,,,
2022-08-26 14:00:00,10,0,14.84,45.85,6.51,102.17,0.99,7.93,21.12,4.0,193.0,197.0,0.4,0.9,1349.0,0.5,1356.0,1008.6,0.0,1016.9,405.645,1016.9,122.2204,0.0,14.1,14.1,13.7,91.0,6.414166667,6.244722222,,,,,,,,,
2022-08-26 15:00:00,10,0,14.84,45.86,6.55,102.23,1.0,7.92,21.1,7.0,224.0,205.0,0.7,1.9,1446.0,1.0,1453.0,1008.4,0.3,1016.7,393.0581,1016.7,136.27,0.0,14.1,14.5,14.1,85.0,6.415277778,6.240833333,,,,,,,,,
2022-08-26 16:00:00,10,0,14.86,45.88,6.56,102.29,0.99,7.89,21.0,7.0,223.0,284.0,0.6,2.7,1520.0,1.3,1528.0,1008.4,0.2,1016.7,395.2119,1016.7,42.65309,0.2,13.1,14.1,13.0,94.0,6.411666667,6.274722222,,,,,,,,,
2022-08-26 17:00:00,10,0,14.95,45.81,6.57,102.49,1.03,7.85,20.89,8.0,304.0,200.0,0.3,1.5,1605.0,0.9,1624.0,1008.0,0.6,1016.3,403.5974,1016.3,23.63197,0.1,12.9,13.1,12.8,94.0,6.414166667,6.338611111,,,,,,,,,
2022-08-26 18:00:00,10,0,14.96,45.82,6.57,102.47,0.99,7.86,20.92,7.0,335.0,93.0,0.2,1.2,1732.0,0.4,1741.0,1008.0,0.4,1016.3,404.0434,1016.3,6.597424,0.3,12.8,12.9,12.8,95.0,6.411388889,6.336944444,,,,,,,,,
2022-08-26 19:00:00,10,0,15.03,45.81,6.58,102.56,1.01,7.77,20.68,5.0,281.0,247.0,0.4,1.6,1836.0,0.6,1844.0,1008.1,0.4,1016.4,400.8694,1016.4,-6.425745,0.2,12.4,12.8,12.4,95.0,6.410555556,6.329444444,,,,,,,,,
2022-08-26 20:00:00,10,0,15.04,45.8,6.58,102.62,0.99,7.76,20.66,2.0,311.0,311.0,0.5,1.1,1901.0,0.5,2000.0,1008.2,0.2,1016.5,399.8825,1016.5,-10.97665,0.1,12.3,12.4,12.3,96.0,6.418611111,6.321944444,,,,,,,,,
2022-08-26 21:00:00,10,0,14.91,45.8,6.57,102.29,1.02,7.9,21.03,2.0,292.0,295.0,0.6,1.8,2043.0,0.8,2052.0,1008.3,0.3,1016.6,398.4363,1016.6,-13.24372,0.0,11.9,12.3,11.9,96.0,6.418055556,6.310555556,,,,,,,,,
2022-08-26 22:00:00,10,0,14.91,45.81,6.56,102.2,1.05,7.93,21.11,2.0,320.0,318.0,0.9,2.3,2135.0,1.1,2142.0,1008.3,0.3,1016.7,374.0982,1016.6,-14.34755,0.0,11.1,11.9,11.1,96.0,6.431388889,6.299166667,,,,,,,,,
2022-08-26 23:00:00,10,0,14.9,45.82,6.56,102.12,1.01,7.93,21.11,2.0,303.0,303.0,1.5,3.2,2259.0,1.5,2300.0,1008.3,0.2,1016.7,329.4284,1016.6,-14.57146,0.0,10.5,11.1,10.5,96.0,6.437222222,6.255833333,,,,,,,,,
2022-08-27 00:00:00,10,0,14.88,45.83,6.54,102.17,1.02,7.93,21.12,4.0,295.0,301.0,0.7,3.4,2303.0,1.4,2308.0,1008.4,0.1,1016.8,296.1921,1016.6,-15.05592,0.1,9.7,10.5,9.7,95.0,6.428055556,6.232222222,,,,,,,,,
2022-08-27 01:00:00,10,1,14.9,45.82,6.52,102.15,1.02,7.9,21.03,4.0,283.0,276.0,1.8,4.7,52.0,1.9,57.0,1008.4,0.1,1016.8,303.683,1016.7,-14.98503,0.0,10.0,10.0,9.7,92.0,6.425833333,6.238055556,,,,,,,,,
2022-08-27 02:00:00,10,0,14.92,45.8,6.51,102.12,1.01,7.87,20.94,2.0,330.0,280.0,0.5,5.2,130.0,2.2,138.0,1008.6,0.3,1017.0,313.8333,1016.9,-14.26544,0.0,9.9,10.2,9.9,93.0,6.424444444,6.238055556,,,,,,,,,
2022-08-27 03:00:00,10,0,14.92,45.8,6.56,102.14,0.99,7.84,20.87,0.0,198.0,293.0,2.1,6.1,300.0,2.3,220.0,1008.5,0.2,1016.9,328.3293,1016.8,-11.42454,0.0,11.3,11.3,9.8,80.0,6.416388889,6.285,,,,,,,,,
2022-08-27 04:00:00,10,0,14.9,45.79,6.56,102.1,0.97,7.82,20.81,2.0,310.0,207.0,0.8,5.6,302.0,3.0,306.0,1008.7,0.3,1017.1,365.8371,1017.0,-9.130645,0.0,10.4,11.8,10.4,91.0,6.419444444,6.311944444,,,,,,,,,
2022-08-27 05:00:00,10,0,14.86,45.79,6.56,102.02,0.98,7.86,20.91,4.0,3.0,276.0,0.4,2.7,421.0,1.1,429.0,1008.6,0.0,1017.0,337.4813,1016.9,-2.837448,0.0,10.3,10.4,10.3,90.0,6.412222222,6.397777778,,,,,,,,,
2022-08-27 06:00:00,10,0,14.87,45.79,6.56,102.04,0.98,7.86,20.93,2.0,282.0,274.0,1.5,4.9,544.0,2.4,534.0,1008.8,0.3,1017.1,365.1745,1017.1,27.76282,0.0,11.9,12.0,10.3,79.0,6.420833333,6.399166667,,,,,,,,,
2022-08-27 07:00:00,10,0,14.84,45.78,6.55,101.97,1.02,7.87,20.95,3.0,271.0,283.0,1.3,4.5,654.0,1.5,656.0,1009.1,0.4,1017.4,370.8016,1017.4,31.48188,0.0,12.0,12.0,11.7,78.0,6.433333333,6.350833333,,,,,,,,,
2022-08-27 08:00:00,10,0,14.82,45.78,6.55,101.93,0.98,7.9,21.04,2.0,211.0,212.0,2.6,6.2,724.0,2.7,759.0,1009.5,1.0,1017.8,373.3972,1017.8,98.55342,0.0,13.4,13.4,12.0,74.0,6.432222222,6.36,,,,,,,,,
2022-08-27 09:00:00,10,0,14.82,45.79,6.58,101.97,0.99,7.92,21.07,2.0,244.0,211.0,1.6,4.9,835.0,2.5,801.0,1010.0,1.2,1018.3,376.106,1018.3,161.8833,0.0,13.1,13.5,12.9,80.0,6.420555556,6.348888889,,,,,,,,,
2022-08-27 10:00:00,10,0,14.79,45.82,6.53,101.93,0.99,7.89,21.0,2.0,225.0,248.0,2.0,5.6,921.0,2.4,917.0,1010.5,1.3,1018.8,375.9682,1018.8,130.2645,0.0,12.2,13.1,12.1,85.0,6.420833333,6.363055556,,,,,,,,,
2022-08-27 11:00:00,10,0,14.79,45.8,6.54,101.95,0.97,7.89,20.99,2.0,265.0,232.0,1.7,5.2,1010.0,2.1,1040.0,1010.9,1.3,1019.3,383.4807,1019.2,102.4576,0.2,11.1,12.4,11.1,89.0,6.427222222,6.398888889,,,,,,,,,
2022-08-27 12:00:00,10,0,14.77,45.81,6.54,101.99,0.98,7.9,21.02,2.0,283.0,261.0,1.7,5.8,1144.0,2.4,1150.0,1011.3,1.3,1019.7,387.3099,1019.6,75.05972,1.1,10.9,11.1,10.8,91.0,6.421666667,6.355277778,,,,,,,,,
2022-08-27 13:00:00,10,1,14.75,45.82,6.52,101.96,0.98,7.9,21.02,2.0,260.0,289.0,1.4,4.6,1222.0,1.9,1235.0,1011.6,1.1,1019.9,393.9883,1019.9,175.9954,0.2,12.7,12.9,10.9,85.0,6.422777778,6.311388889,,,,,,,,,
2022-08-27 14:00:00,10,0,14.74,45.84,6.51,101.93,0.98,7.89,21.01,2.0,219.0,258.0,1.9,6.7,1324.0,2.8,1328.0,1012.0,1.1,1020.4,378.1632,1020.3,171.3446,0.0,11.6,12.7,11.6,90.0,6.419722222,6.321111111,,,,,,,,,
2022-08-27 15:00:00,10,0,14.76,45.81,6.55,101.96,0.98,7.86,20.91,2.0,210.0,224.0,1.5,4.4,1401.0,2.1,1403.0,1012.1,0.8,1020.5,392.6567,1020.4,122.0782,0.8,11.8,11.8,11.3,95.0,6.422777778,6.305277778,,,,,,,,,
2022-08-27 16:00:00,10,0,14.79,45.79,6.54,101.99,0.97,7.83,20.83,1.0,217.0,210.0,1.3,3.9,1509.0,1.9,1524.0,1012.3,0.7,1020.7,396.4852,1020.6,97.38097,0.3,11.7,11.9,11.5,93.0,6.421666667,6.301666667,,,,,,,,,
2022-08-27 17:00:00,10,0,14.79,45.79,6.56,101.99,0.99,7.82,20.82,2.0,211.0,211.0,1.3,3.2,1637.0,1.5,1643.0,1012.5,0.5,1020.9,396.6053,1020.8,55.17276,0.2,11.5,12.1,11.5,93.0,6.426111111,6.299722222,,,,,,,,,
2022-08-27 18:00:00,10,0,14.78,45.82,6.56,102.08,1.0,7.81,20.77,2.0,239.0,234.0,1.2,4.0,1752.0,1.4,1758.0,1012.7,0.6,1021.1,391.9169,1021.0,20.43149,0.5,10.8,11.6,10.8,93.0,6.430555556,6.299444444,,,,,,,,,
2022-08-27 19:00:00,10,0,14.77,45.82,6.56,102.0,1.01,7.85,20.9,3.0,325.0,209.0,0.6,3.9,1803.0,1.7,1810.0,1013.2,0.9,1021.6,388.5963,1021.5,-3.726891,0.4,10.7,10.8,10.7,95.0,6.428055556,6.253888889,,,,,,,,,
2022-08-27 20:00:00,10,0,14.81,45.78,6.56,102.01,1.02,7.83,20.83,2.0,264.0,257.0,0.7,2.2,1948.0,0.8,1957.0,1013.5,1.0,1021.9,386.5512,1021.8,-9.100397,0.2,10.3,10.7,10.3,95.0,6.425,6.233055556,,,,,,,,,
2022-08-27 21:00:00,10,0,14.8,45.8,6.56,101.97,1.0,7.83,20.85,2.0,344.0,296.0,0.4,2.1,2059.0,0.8,2015.0,1013.6,1.0,1022.0,386.0325,1022.0,-10.1289,0.3,10.2,10.3,10.1,96.0,6.4275,6.234166667,,,,,,,,,
2022-08-27 22:00:00,10,0,14.78,45.81,6.56,101.96,1.03,7.81,20.8,2.0,309.0,305.0,0.5,1.8,2111.0,0.8,2130.0,1013.9,0.7,1022.3,385.1766,1022.2,-12.15319,0.0,9.9,10.2,9.9,96.0,6.425277778,6.230555556,,,,,,,,,
2022-08-27 23:00:00,10,0,14.79,45.78,6.57,101.92,1.01,7.83,20.82,2.0,309.0,309.0,0.7,1.6,2213.0,0.7,2300.0,1014.0,0.5,1022.4,384.1554,1022.4,-13.03006,0.0,9.8,9.9,9.8,96.0,6.428055556,6.245277778,,,,,,,,,
2022-08-28 00:00:00,10,0,14.78,45.79,6.57,101.88,0.97,7.84,20.86,2.0,306.0,304.0,0.6,1.6,2310.0,0.8,2326.0,1014.1,0.5,1022.5,381.4584,1022.5,-10.31822,0.2,9.6,9.8,9.5,96.0,6.425,6.246944444,,,,,,,,,
2022-08-28 01:00:00,10,1,14.77,45.79,6.55,101.84,0.98,7.84,20.88,2.0,293.0,272.0,0.9,2.0,51.0,1.3,49.0,1014.1,0.3,1022.5,382.9933,1022.5,-11.71109,0.0,9.6,9.7,9.6,96.0,6.4225,6.296388889,,,,,,,,,
2022-08-28 02:00:00,10,0,14.76,45.79,6.53,101.8,1.0,7.85,20.9,2.0,312.0,305.0,0.7,1.7,120.0,0.8,149.0,1014.4,0.4,1022.9,379.1956,1022.7,-12.9642,0.0,9.3,9.6,9.3,96.0,6.423888889,6.306944444,,,,,,,,,
2022-08-28 03:00:00,10,0,14.75,45.78,6.6,101.8,1.0,7.86,20.92,2.0,319.0,298.0,0.7,1.9,217.0,0.9,221.0,1014.4,0.3,1022.9,369.0011,1022.8,-13.07813,0.0,9.2,9.3,9.2,96.0,6.425277778,6.321666667,,,,,,,,,
2022-08-28 04:00:00,10,0,14.73,45.78,6.57,101.74,1.0,7.85,20.9,2.0,313.0,309.0,0.7,1.3,326.0,0.8,330.0,1014.5,0.4,1023.0,360.2398,1022.9,-12.52848,0.0,9.1,9.2,9.0,96.0,6.429722222,6.380833333,,,,,,,,,
2022-08-28 05:00:00,10,0,14.71,45.78,6.58,101.76,1.01,7.87,20.94,2.0,311.0,310.0,0.6,1.3,410.0,0.8,420.0,1014.6,0.2,1023.1,354.6806,1023.0,-1.639769,0.0,9.2,9.2,9.0,96.0,6.428888889,6.4,,,,,,,,,
2022-08-28 06:00:00,10,0,14.67,45.8,6.56,101.73,1.01,7.91,21.06,2.0,359.0,299.0,0.2,1.5,526.0,0.8,535.0,1015.0,0.5,1023.4,353.8697,1023.3,34.87244,0.0,9.9,9.9,9.2,96.0,6.430277778,6.4,,,,,,,,,
2022-08-28 07:00:00,10,0,14.68,45.8,6.56,101.72,0.98,7.91,21.06,2.0,188.0,200.0,0.7,2.0,646.0,1.1,650.0,1015.2,0.6,1023.6,380.2188,1023.5,56.53386,0.1,10.3,10.3,9.9,92.0,6.436111111,6.4,,,,,,,,,
2022-08-28 08:00:00,10,0,14.66,45.79,6.56,101.72,1.01,7.93,21.1,2.0,48.0,58.0,1.2,2.6,738.0,1.5,746.0,1015.4,0.8,1023.8,370.7795,1023.8,98.80832,0.0,10.7,10.9,10.3,87.0,6.4275,6.398055556,,,,,,,,,
2022-08-28 09:00:00,10,0,14.66,45.79,6.55,101.7,0.99,7.91,21.06,2.0,96.0,102.0,1.6,3.5,858.0,1.7,846.0,1015.4,0.5,1023.8,364.8385,1023.8,219.6223,0.0,11.9,12.0,10.7,79.0,6.4225,6.399722222,,,,,,,,,
2022-08-28 10:00:00,10,0,14.65,45.8,6.55,101.74,1.01,7.9,21.04,2.0,115.0,94.0,1.7,4.3,944.0,2.4,945.0,1015.6,0.4,1024.0,365.2568,1023.9,259.4288,0.0,12.4,12.4,11.7,77.0,6.436388889,6.4,,,,,,,,,
2022-08-28 11:00:00,10,0,14.66,45.81,6.54,101.83,0.97,7.89,20.99,2.0,132.0,111.0,1.4,4.5,1002.0,2.1,1003.0,1015.7,0.3,1024.1,370.7661,1024.1,243.284,0.0,12.4,12.7,12.2,75.0,6.433055556,6.4,,,,,,,,,
2022-08-28 12:00:00,10,0,14.66,45.8,6.54,101.83,0.99,7.9,21.03,2.0,130.0,95.0,1.4,4.6,1137.0,2.2,1132.0,1015.7,0.3,1024.1,374.0013,1024.1,258.4138,0.0,13.5,13.5,12.3,74.0,6.431388889,6.4,,,,,,,,,
2022-08-28 13:00:00,10,1,14.67,45.81,6.52,101.92,1.0,7.89,21.0,2.0,145.0,128.0,1.6,4.4,1253.0,2.0,1218.0,1016.0,0.5,1024.4,374.6068,1024.4,272.746,0.0,13.0,13.6,13.0,73.0,6.435555556,6.4,,,,,,,,,
2022-08-28 14:00:00,10,0,14.68,45.82,6.51,102.02,1.0,7.88,20.97,2.0,86.0,146.0,1.3,4.2,1330.0,1.9,1334.0,1016.2,0.5,1024.6,374.4566,1024.6,220.6504,0.0,13.0,13.1,12.7,74.0,6.428888889,6.400277778,,,,,,,,,
2022-08-28 15:00:00,10,0,14.68,45.82,6.56,102.09,1.01,7.89,20.99,2.0,127.0,124.0,1.1,3.2,1441.0,1.8,1443.0,1016.2,0.5,1024.6,373.7605,1024.6,173.6067,0.0,12.5,13.1,12.5,73.0,6.430555556,6.401111111,,,,,,,,,
2022-08-28 16:00:00,10,0,14.7,45.8,6.58,102.13,0.99,7.87,20.93,2.0,189.0,223.0,1.2,4.0,1544.0,1.6,1553.0,1016.4,0.3,1024.8,372.5639,1024.7,132.4456,0.0,12.4,12.5,12.3,75.0,6.434166667,6.4025,,,,,,,,,
2022-08-28 17:00:00,10,0,14.75,45.82,6.57,102.26,1.0,7.78,20.69,2.0,122.0,112.0,0.4,3.2,1604.0,1.5,1610.0,1016.5,0.3,1024.9,372.6432,1024.9,66.07243,0.0,12.2,12.4,12.2,72.0,6.428055556,6.403333333,,,,,,,,,
2022-08-28 18:00:00,10,0,14.72,45.83,6.57,102.18,0.96,7.81,20.78,2.0,285.0,285.0,0.7,1.3,1725.0,0.7,1800.0,1016.5,0.3,1024.9,370.3356,1024.8,27.76513,0.0,11.5,12.2,11.5,82.0,6.417777778,6.418888889,,,,,,,,,
2022-08-28 19:00:00,10,0,14.71,45.84,6.57,102.14,1.02,7.81,20.78,2.0,96.0,214.0,0.7,2.5,1818.0,1.0,1853.0,1016.6,0.3,1025.0,367.7707,1025.0,0.06988741,0.0,11.1,11.5,11.1,80.0,6.421388889,6.419722222,,,,,,,,,
2022-08-28 20:00:00,10,0,14.74,45.83,6.58,102.25,1.01,7.78,20.71,2.0,341.0,357.0,0.5,2.3,1947.0,1.1,1950.0,1016.7,0.2,1025.1,367.0482,1025.1,-10.21882,0.0,10.6,11.1,10.6,86.0,6.417222222,6.411388889,,,,,,,,,
2022-08-28 21:00:00,10,0,14.74,45.83,6.58,102.32,0.98,7.74,20.59,2.0,7.0,7.0,0.9,1.8,2100.0,0.9,2100.0,1017.0,0.5,1025.4,362.8355,1025.3,-10.33485,0.0,10.7,10.7,10.6,82.0,6.407777778,6.39,,,,,,,,,
2022-08-28 22:00:00,10,0,14.7,45.83,6.57,102.23,0.98,7.79,20.74,2.0,12.0,27.0,1.1,3.0,2136.0,1.6,2150.0,1017.2,0.6,1025.7,338.4456,1025.6,-11.3282,0.0,10.1,10.7,10.0,83.0,6.408611111,6.312222222,,,,,,,,,
2022-08-28 23:00:00,10,0,14.67,45.83,6.57,102.09,1.0,7.83,20.85,2.0,20.0,24.0,1.3,4.4,2245.0,1.6,2253.0,1017.3,0.5,1025.8,319.7354,1025.6,-11.73715,0.0,9.6,10.1,9.6,83.0,6.414166667,6.300277778,,,,,,,,,
2022-08-29 00:00:00,10,0,14.63,45.84,6.56,102.0,1.01,7.88,20.98,0.0,359.0,17.0,1.4,3.2,2308.0,1.5,2316.0,1017.1,0.2,1025.6,286.9171,1025.5,-12.52883,0.0,8.7,9.7,8.7,86.0,6.409444444,6.250277778,,,,,,,,,
2022-08-29 01:00:00,10,1,14.61,45.85,6.54,101.87,1.0,7.9,21.02,4.0,19.0,13.0,0.9,3.1,16.0,1.6,25.0,1017.2,0.0,1025.7,281.2565,1025.6,-12.41789,0.0,8.7,8.9,8.4,86.0,6.406666667,6.201388889,,,,,,,,,
2022-08-29 02:00:00,10,0,14.58,45.86,6.53,101.74,0.98,7.92,21.07,3.0,17.0,18.0,1.3,3.4,149.0,1.4,158.0,1017.4,0.2,1025.9,281.6921,1025.8,-12.34827,0.0,8.5,8.7,8.4,88.0,6.411388889,6.201666667,,,,,,,,,
2022-08-29 03:00:00,10,0,14.56,45.86,6.56,101.67,0.98,7.92,21.09,2.0,7.0,12.0,0.9,2.5,252.0,1.3,254.0,1017.5,0.4,1026.0,281.8897,1025.9,-12.46634,0.0,8.6,8.7,8.4,88.0,6.414166667,6.201388889,,,,,,,,,
2022-08-29 04:00:00,10,0,14.53,45.85,6.57,101.64,1.01,7.95,21.15,2.0,20.0,16.0,1.2,2.8,345.0,1.3,353.0,1017.5,0.3,1026.0,282.2442,1025.8,-12.12513,0.0,8.4,8.6,8.4,89.0,6.415,6.2,,,,,,,,,
2022-08-29 05:00:00,10,0,14.51,45.86,6.56,101.58,1.04,7.93,21.11,2.0,26.0,27.0,1.2,3.1,439.0,1.7,432.0,1017.6,0.2,1026.1,281.4556,1026.0,-2.185076,0.0,9.0,9.0,8.4,85.0,6.411111111,6.195555556,,,,,,,,,
2022-08-29 06:00:00,10,0,14.5,45.85,6.56,101.54,0.99,7.92,21.08,2.0,52.0,56.0,1.2,3.2,554.0,1.8,554.0,1017.9,0.3,1026.3,285.1504,1026.3,81.0575,0.0,11.0,11.0,8.8,80.0,6.413611111,6.178333333,,,,,,,,,
2022-08-29 07:00:00,10,0,14.48,45.86,6.57,101.57,0.99,7.9,21.03,2.0,111.0,111.0,2.2,3.9,655.0,2.2,700.0,1018.0,0.6,1026.4,290.5745,1026.4,211.242,0.0,12.4,12.6,11.0,72.0,6.423333333,6.195,,,,,,,,,
2022-08-29 08:00:00,10,0,14.48,45.85,6.55,101.57,0.99,7.93,21.1,2.0,88.0,88.0,3.1,5.4,751.0,3.1,800.0,1018.2,0.6,1026.6,296.7526,1026.6,344.5706,0.0,13.5,13.5,12.4,65.0,6.418055556,6.199444444,,,,,,,,,
2022-08-29 09:00:00,10,0,14.48,45.85,6.55,101.64,0.98,7.89,20.99,2.0,109.0,84.0,1.5,5.5,804.0,3.0,806.0,1018.3,0.4,1026.6,301.9906,1026.7,449.041,0.1,14.8,15.0,13.4,62.0,6.417222222,6.198611111,,,,,,,,,
2022-08-29 10:00:00,10,0,14.49,45.85,6.53,101.72,1.01,7.89,21.01,2.0,164.0,100.0,1.4,4.8,907.0,2.4,911.0,1018.4,0.4,1026.7,308.0586,1026.8,513.9346,0.0,15.5,15.8,14.5,63.0,6.430277778,6.1975,,,,,,,,,
2022-08-29 11:00:00,10,0,14.52,45.85,6.55,101.81,0.99,7.89,20.99,2.0,92.0,124.0,2.1,6.4,1033.0,3.2,1038.0,1018.7,0.4,1027.0,312.3669,1027.1,473.0908,0.0,15.2,15.8,14.1,62.0,6.436111111,6.194722222,,,,,,,,,
2022-08-29 12:00:00,10,0,14.53,45.85,6.56,101.95,1.01,7.87,20.96,2.0,90.0,162.0,1.9,5.1,1131.0,2.2,1131.0,1018.7,0.3,1027.0,318.819,1027.0,594.8677,0.0,16.0,16.8,15.2,59.0,6.435833333,6.199444444,0.0,,,,,,,,
2022-08-29 13:00:00,10,1,14.54,45.86,6.54,102.0,1.0,7.88,20.97,2.0,59.0,36.0,2.0,5.3,1231.0,2.1,1249.0,1018.8,0.4,1027.1,322.4189,1027.2,599.0695,0.0,16.3,16.3,15.7,61.0,6.425,6.202777778,,,,,,,,,
2022-08-29 14:00:00,10,0,14.55,45.86,6.52,102.04,1.0,7.88,20.98,2.0,165.0,49.0,1.2,5.5,1314.0,2.5,1327.0,1018.9,0.3,1027.2,330.5909,1027.3,390.1658,0.0,15.1,16.3,14.9,67.0,6.426666667,6.247777778,,,,,,,,,
2022-08-29 15:00:00,10,0,14.57,45.85,6.58,102.15,1.0,7.88,20.98,0.0,247.0,232.0,1.6,5.8,1407.0,2.1,1423.0,1018.7,0.1,1027.0,318.3102,1027.1,445.1364,0.0,15.6,16.1,15.1,63.0,6.430833333,6.323888889,,,,,,,,,
2022-08-29 16:00:00,10,0,14.54,45.86,6.59,102.07,1.0,7.92,21.09,7.0,231.0,209.0,1.7,4.4,1528.0,1.9,1538.0,1018.6,0.2,1026.9,318.3168,1027.0,341.0343,0.0,14.6,16.0,14.6,67.0,6.441666667,6.338055556,,,,,,,,,
2022-08-29 17:00:00,10,0,14.57,45.86,6.59,102.21,0.99,7.92,21.09,5.0,102.0,209.0,0.7,3.0,1611.0,1.6,1603.0,1018.8,0.1,1027.2,321.5794,1027.2,157.012,0.1,13.4,14.6,13.4,73.0,6.434444444,6.379166667,,,,,,,,,
2022-08-29 18:00:00,10,0,14.7,45.84,6.59,102.56,0.99,7.87,20.94,4.0,18.0,18.0,1.2,2.9,1753.0,1.2,1800.0,1018.8,0.1,1027.2,299.4333,1027.2,17.67797,0.0,11.8,13.4,11.8,80.0,6.435555556,6.399166667,,,,,,,,,
2022-08-29 19:00:00,10,0,15.01,45.97,6.58,103.31,0.95,7.67,20.39,2.0,27.0,14.0,1.3,3.3,1837.0,1.6,1842.0,1019.2,0.5,1027.6,294.4684,1027.6,-2.994809,0.0,11.2,11.8,11.0,82.0,6.443611111,6.4,,,,,,,,,
2022-08-29 20:00:00,10,0,14.63,45.86,6.58,102.44,0.98,7.92,21.07,3.0,352.0,17.0,0.7,3.0,1920.0,1.7,1928.0,1019.7,0.8,1028.2,292.3612,1028.1,-12.37803,0.0,10.7,11.2,10.4,83.0,6.446111111,6.4,,,,,,,,,
2022-08-29 21:00:00,10,0,14.73,45.85,6.59,102.54,0.97,7.88,20.97,2.0,316.0,5.0,0.6,3.5,2001.0,1.1,2030.0,1020.0,1.2,1028.5,290.5465,1028.3,-12.67911,0.0,9.8,11.0,9.8,89.0,6.439444444,6.400277778,,,,,,,,,
2022-08-29 22:00:00,10,0,14.66,45.85,6.58,102.53,0.91,7.91,21.05,1.0,330.0,338.0,0.5,1.7,2106.0,0.8,2113.0,1020.2,1.0,1028.7,288.5181,1028.6,-12.31916,0.0,9.5,9.8,9.4,89.0,6.436666667,6.402222222,,,,,,,,,
2022-08-29 23:00:00,10,0,14.58,45.85,6.59,102.26,1.0,7.93,21.12,2.0,355.0,1.0,0.7,2.2,2249.0,0.9,2255.0,1020.2,0.5,1028.7,287.3013,1028.6,-12.32827,0.0,9.3,9.5,9.1,90.0,6.434166667,6.410277778,,,,,,,,,
2022-08-30 00:00:00,10,0,14.56,45.85,6.58,102.21,0.99,7.92,21.08,2.0,14.0,14.0,1.1,2.3,2343.0,1.1,0.0,1020.1,0.2,1028.6,287.0862,1028.5,-12.41825,0.0,9.4,9.4,9.2,89.0,6.434444444,6.427222222,,,,,,,,,
2022-08-30 01:00:00,10,1,14.57,45.86,6.56,102.2,1.0,7.92,21.09,4.0,22.0,25.0,1.0,2.9,9.0,1.4,12.0,1020.3,0.1,1028.8,287.5115,1028.7,-12.67772,0.0,9.3,9.5,9.3,89.0,6.429166667,6.423611111,,,,,,,,,
2022-08-30 02:00:00,10,0,14.58,45.86,6.54,102.2,1.0,7.93,21.1,3.0,35.0,36.0,1.7,3.2,154.0,1.9,154.0,1020.6,0.4,1029.1,289.0367,1029.0,-12.47551,0.0,9.5,9.5,9.2,88.0,6.4275,6.423333333,,,,,,,,,
2022-08-30 03:00:00,10,0,14.59,45.85,6.6,102.23,0.97,7.88,20.97,0.0,28.0,34.0,1.5,3.1,248.0,1.7,201.0,1020.4,0.3,1028.9,295.8282,1028.8,-12.35662,0.0,9.4,9.6,9.3,87.0,6.428333333,6.421388889,,,,,,,,,
2022-08-30 04:00:00,10,0,14.57,45.86,6.57,102.09,0.98,7.89,21.0,0.0,47.0,48.0,1.4,3.0,328.0,1.6,355.0,1020.4,0.1,1028.9,291.8866,1028.8,-12.15242,0.0,9.1,9.4,9.1,87.0,6.433055556,6.415,,,,,,,,,
2022-08-30 05:00:00,10,0,14.53,45.87,6.57,102.02,0.97,7.82,20.82,3.0,31.0,57.0,1.5,4.0,438.0,2.3,439.0,1020.8,0.2,1029.3,284.7735,1029.2,-3.443443,0.0,9.3,9.7,9.0,86.0,6.4275,6.403055556,,,,,,,,,
2022-08-30 06:00:00,10,0,14.53,45.87,6.57,101.95,1.0,7.79,20.72,3.0,65.0,63.0,3.2,5.1,526.0,3.3,559.0,1021.1,0.7,1029.6,286.4042,1029.5,92.06963,0.0,11.3,11.3,9.3,77.0,6.424722222,6.400277778,,,,,,,,,
2022-08-30 07:00:00,10,0,14.49,45.87,6.55,101.92,0.96,7.92,21.08,2.0,58.0,60.0,3.0,5.9,601.0,3.6,655.0,1021.4,0.9,1029.8,290.0014,1029.8,206.6951,0.0,12.4,12.4,11.3,73.0,6.425277778,6.400555556,,,,,,,,,
2022-08-30 08:00:00,10,0,14.51,45.87,6.56,101.96,0.97,7.94,21.13,1.0,72.0,64.0,3.1,5.7,744.0,3.3,733.0,1021.4,0.6,1029.8,295.7936,1029.8,321.6448,0.0,13.5,13.5,12.4,68.0,6.418888889,6.400833333,,,,,,,,,
2022-08-30 09:00:00,10,0,14.53,45.87,6.56,102.04,1.0,7.83,20.83,2.0,88.0,78.0,3.1,7.0,832.0,3.7,842.0,1021.6,0.4,1030.0,308.9466,1030.0,411.0622,0.0,14.1,14.1,13.4,66.0,6.420833333,6.4,,,,,,,,,
2022-08-30 10:00:00,10,0,14.56,45.87,6.56,102.03,1.01,7.85,20.88,2.0,58.0,72.0,3.3,8.2,931.0,4.0,954.0,1021.5,0.2,1029.9,315.3021,1029.9,534.5415,0.0,14.7,15.1,14.0,62.0,6.431111111,6.4,,,,,,,,,
2022-08-30 11:00:00,10,0,14.6,45.87,6.55,102.14,0.97,7.79,20.74,2.0,70.0,74.0,3.0,6.6,1004.0,3.4,1043.0,1021.5,0.1,1029.8,311.3478,1029.9,619.1552,0.0,15.9,16.2,14.7,56.0,6.439166667,6.4,,,,,,,,,
2022-08-30 12:00:00,10,0,14.62,45.88,6.55,102.21,0.99,7.77,20.67,7.0,70.0,67.0,3.2,6.3,1133.0,3.6,1141.0,1021.2,0.4,1029.5,333.1975,1029.6,597.5267,0.0,15.6,16.7,15.6,55.0,6.438888889,6.4,,,,,,,,,
2022-08-30 13:00:00,10,1,14.61,45.89,6.54,102.19,0.98,7.79,20.72,7.0,123.0,78.0,2.5,7.1,1237.0,3.7,1232.0,1020.9,0.5,1029.2,320.4367,1029.3,449.4899,0.0,16.6,16.8,14.7,59.0,6.434722222,6.399722222,,,,,,,,,
2022-08-30 14:00:00,10,0,14.6,45.9,6.52,102.17,0.98,7.81,20.77,7.0,115.0,104.0,3.0,6.4,1327.0,3.5,1350.0,1020.7,0.8,1029.0,318.9603,1029.1,530.1487,0.0,16.8,17.1,16.4,54.0,6.439722222,6.4,,,,,,,,,
2022-08-30 15:00:00,10,0,14.59,45.91,6.55,102.3,0.95,7.8,20.75,7.0,102.0,110.0,2.5,7.3,1416.0,3.2,1405.0,1020.7,0.5,1029.0,317.6409,1029.1,448.7144,0.0,16.5,17.1,16.4,53.0,6.429166667,6.4,,,,,,,,,
2022-08-30 16:00:00,10,0,14.64,45.92,6.55,102.51,0.97,7.77,20.68,7.0,97.0,105.0,1.3,5.0,1503.0,2.9,1506.0,1020.5,0.4,1028.8,316.3667,1028.9,339.086,0.0,16.0,17.2,16.0,56.0,6.4325,6.4,,,,,,,,,
2022-08-30 17:00:00,10,0,14.7,45.92,6.55,102.66,0.97,7.75,20.61,7.0,346.0,98.0,0.8,3.8,1606.0,1.9,1607.0,1020.5,0.3,1028.9,312.7928,1028.9,214.5958,0.0,13.9,16.0,13.9,67.0,6.431944444,6.4,,,,,,,,,
2022-08-30 18:00:00,10,0,14.71,45.92,6.56,102.74,0.99,7.72,20.54,5.0,18.0,18.0,1.2,3.9,1738.0,1.2,1800.0,1020.7,0.1,1029.1,301.0141,1029.1,8.940033,0.0,12.7,13.9,12.7,76.0,6.430555556,6.4,,,,,,,,,
2022-08-30 19:00:00,10,0,14.71,45.91,6.56,102.77,0.97,7.71,20.52,3.0,24.0,27.0,1.6,4.1,1843.0,1.8,1859.0,1021.0,0.5,1029.4,297.9926,1029.4,-4.278166,0.0,12.3,12.7,12.3,75.0,6.423888889,6.4,,,,,,,,,
2022-08-30 20:00:00,10,0,14.66,45.91,6.57,102.65,0.97,7.74,20.59,2.0,32.0,32.0,1.9,5.4,1906.0,2.0,1948.0,1021.2,0.7,1029.6,295.6982,1029.6,-12.56715,0.0,11.9,12.5,11.6,77.0,6.4125,6.371666667,,,,,,,,,
2022-08-30 21:00:00,10,0,14.62,45.91,6.58,102.52,1.01,7.76,20.66,2.0,42.0,33.0,1.2,5.5,2005.0,2.2,2053.0,1021.3,0.7,1029.7,293.7121,1029.7,-12.87111,0.0,11.6,12.0,11.4,79.0,6.411388889,6.330277778,,,,,,,,,
2022-08-30 22:00:00,10,0,14.58,45.91,6.57,102.4,0.98,7.79,20.72,2.0,30.0,25.0,1.5,4.1,2155.0,1.8,2117.0,1021.5,0.4,1030.0,291.8689,1029.9,-12.91027,0.0,10.7,11.6,10.7,82.0,6.416111111,6.301944444,,,,,,,,,
2022-08-30 23:00:00,10,0,14.55,45.91,6.57,102.33,0.99,7.79,20.73,0.0,36.0,28.0,2.3,4.9,2229.0,2.6,2232.0,1021.3,0.1,1029.8,289.6613,1029.7,-12.76236,0.0,10.8,11.2,10.5,79.0,6.423055556,6.3,,,,,,,,,
2022-08-31 00:00:00,10,0,14.52,45.91,6.57,102.22,0.98,7.79,20.74,4.0,31.0,31.0,2.5,4.6,0.0,2.5,0.0,1021.3,0.0,1029.8,288.2219,1029.7,-12.72746,0.0,10.5,10.8,10.4,81.0,6.421388889,6.288611111,,,,,,,,,
2022-08-31 01:00:00,10,1,14.51,45.92,6.55,102.18,0.98,7.79,20.74,4.0,27.0,33.0,1.9,4.9,14.0,2.9,15.0,1021.3,0.1,1029.8,288.0884,1029.7,-12.70033,0.0,10.4,10.7,10.2,81.0,6.409444444,6.223888889,,,,,,,,,
2022-08-31 02:00:00,10,0,14.51,45.92,6.53,102.15,0.99,7.79,20.74,2.0,27.0,26.0,1.5,4.9,107.0,2.6,112.0,1021.5,0.2,1030.0,287.2482,1029.9,-12.66081,0.0,10.0,10.7,10.0,83.0,6.418055556,6.228333333,,,,,,,,,
2022-08-31 03:00:00,10,0,14.5,45.91,6.56,102.09,0.95,7.81,20.78,2.0,17.0,29.0,1.2,4.3,217.0,2.2,218.0,1021.5,0.2,1030.0,285.6074,1029.9,-12.72276,0.0,9.5,10.3,9.4,87.0,6.414722222,6.2475,,,,,,,,,
2022-08-31 04:00:00,10,0,14.49,45.9,6.57,102.02,1.18,7.81,20.77,2.0,33.0,27.0,1.7,3.8,317.0,1.9,320.0,1021.5,0.2,1030.0,285.6327,1029.9,-12.53486,0.0,9.6,9.9,9.5,85.0,6.41484375,6.238671875,,,,,,,,,
2022-08-31 05:00:00,10,0,14.46,45.91,6.57,101.99,1.03,7.79,20.74,3.0,21.0,21.0,1.8,3.3,450.0,1.8,500.0,1021.9,0.4,1030.4,283.4127,1030.3,-3.808956,0.0,9.5,9.6,9.1,86.0,,,,,,,,,,,
2022-08-31 06:00:00,10,0,14.48,45.91,6.56,101.96,0.97,7.81,20.8,2.0,65.0,27.0,1.6,4.1,527.0,2.0,512.0,1022.3,0.8,1030.7,288.4019,1030.7,94.4601,0.0,12.0,12.2,9.5,74.0,,,,,,,,,,,
2022-08-31 07:00:00,10,0,14.47,45.92,6.56,102.03,1.02,7.79,20.72,0.0,73.0,61.0,2.3,4.2,635.0,2.6,644.0,1022.3,0.8,1030.7,294.3129,1030.7,201.0631,0.0,13.3,13.3,12.0,70.0,6.4,6.233695652,,,,,,,,,
2022-08-31 08:00:00,10,0,14.48,45.91,6.56,102.07,0.96,7.79,20.72,1.0,118.0,73.0,1.3,3.7,708.0,2.3,717.0,1022.4,0.5,1030.8,302.3317,1030.8,319.888,0.0,15.2,15.2,13.3,64.0,6.4,6.238888889,,,,,,,,,
2022-08-31 09:00:00,10,0,14.47,45.9,6.56,102.07,0.97,7.8,20.75,2.0,152.0,154.0,1.1,3.5,815.0,1.8,818.0,1022.4,0.2,1030.7,310.9654,1030.8,426.3124,0.0,15.6,15.6,14.4,69.0,6.4,6.210555556,,,,,,,,,
2022-08-31 10:00:00,10,0,14.46,45.91,6.58,102.12,0.96,7.8,20.76,2.0,144.0,145.0,1.0,2.2,916.0,1.2,901.0,1022.4,0.2,1030.7,321.4198,1030.8,522.915,0.0,16.9,16.9,15.6,61.0,6.400555556,6.127222222,,,,,,,,,
2022-08-31 11:00:00,10,0,14.48,45.91,6.58,102.22,1.0,7.78,20.71,4.0,158.0,158.0,1.5,2.6,1054.0,1.5,1100.0,1022.4,0.0,1030.7,328.0545,1030.8,608.6836,0.0,18.1,18.1,16.7,58.0,6.400833333,6.1,,,,,,,,,
2022-08-31 12:00:00,10,0,14.51,45.91,6.58,102.25,0.97,7.75,20.63,4.0,176.0,191.0,1.5,2.8,1147.0,1.6,1157.0,1022.4,0.0,1030.7,330.5395,1030.8,591.0645,0.0,18.4,18.6,17.8,52.0,6.403888889,6.1,,,,,,,,,
2022-08-31 13:00:00,10,1,14.55,45.92,6.56,102.42,0.98,7.76,20.64,7.0,159.0,149.0,1.1,2.7,1214.0,1.5,1220.0,1022.3,0.2,1030.6,332.627,1030.7,561.2728,0.0,18.5,18.7,17.7,54.0,6.417777778,6.1,,,,,,,,,
2022-08-31 14:00:00,10,0,14.58,45.93,6.53,102.58,0.98,7.76,20.65,7.0,186.0,186.0,2.9,4.4,1356.0,2.9,1400.0,1022.1,0.3,1030.4,333.9839,1030.5,500.7994,0.0,17.9,19.0,17.9,60.0,6.4225,6.100277778,,,,,,,,,
2022-08-31 15:00:00,10,0,14.62,45.91,6.58,102.67,0.97,7.75,20.63,7.0,203.0,204.0,2.7,4.9,1403.0,3.5,1424.0,1021.8,0.5,1030.1,327.7876,1030.2,417.9888,0.0,17.5,18.0,17.4,60.0,6.415,6.101944444,,,,,,,,,
2022-08-31 16:00:00,10,0,15.05,45.93,6.59,103.38,0.94,7.48,19.89,7.0,210.0,205.0,1.9,4.2,1504.0,3.0,1509.0,1021.7,0.6,1030.0,327.3489,1030.1,323.9344,0.0,16.8,17.8,16.8,66.0,6.409722222,6.133888889,,,,,,,,,
2022-08-31 17:00:00,10,0,14.98,45.92,6.59,103.31,0.95,7.56,20.11,7.0,319.0,206.0,0.6,2.9,1608.0,1.9,1607.0,1021.5,0.6,1029.9,326.7126,1029.9,203.2385,0.0,14.7,16.8,14.7,78.0,6.401111111,6.247222222,,,,,,,,,
2022-08-31 18:00:00,10,0,15.29,45.94,6.6,103.84,0.93,7.39,19.64,7.0,311.0,351.0,0.8,2.5,1706.0,1.4,1714.0,1021.4,0.4,1029.8,311.5487,1029.8,9.443509,0.0,13.2,14.7,13.2,82.0,6.407777778,6.330277778,,,,,,,,,
2022-08-31 19:00:00,10,0,15.25,45.91,6.6,103.75,0.91,7.45,19.8,7.0,317.0,313.0,0.7,1.5,1822.0,0.9,1827.0,1021.3,0.4,1029.7,307.0866,1029.7,-4.037799,0.0,12.3,13.2,12.3,84.0,6.421944444,6.326111111,,,,,,,,,
2022-08-31 20:00:00,10,0,15.12,46.03,6.6,104.07,0.93,7.46,19.84,7.0,323.0,315.0,0.5,1.3,1919.0,0.7,1949.0,1021.3,0.3,1029.8,302.5915,1029.7,-12.21474,0.0,11.4,12.3,11.4,86.0,6.424722222,6.323611111,,,,,,,,,
2022-08-31 21:00:00,10,0,15.21,45.95,6.6,103.67,0.99,7.47,19.87,7.0,319.0,312.0,0.6,1.4,2012.0,0.7,2036.0,1020.9,0.5,1029.4,298.4559,1029.3,-12.22312,0.0,10.9,11.4,10.9,89.0,6.434444444,6.336666667,,,,,,,,,
2022-08-31 22:00:00,10,0,15.26,45.96,6.61,103.52,0.95,7.33,19.48,7.0,249.0,331.0,0.4,1.2,2122.0,0.6,2127.0,1020.7,0.6,1029.2,296.5272,1029.1,-12.34552,0.0,10.7,11.0,10.7,91.0,6.428888889,6.344722222,,,,,,,,,
2022-08-31 23:00:00,10,0,14.9,45.91,6.6,103.26,0.94,7.67,20.4,7.0,325.0,6.0,0.3,1.4,2245.0,0.7,2230.0,1020.3,0.9,1028.8,293.4877,1028.7,-12.45746,0.0,10.6,10.7,10.6,92.0,6.424166667,6.35,,,,,,,,,
2022-09-01 00:00:00,10,0,14.8,45.92,6.6,102.94,0.96,7.69,20.47,7.0,354.0,354.0,0.7,1.2,2356.0,0.7,0.0,1020.0,0.9,1028.5,290.6741,1028.4,-12.48307,0.0,9.9,10.6,9.9,91.0,6.424722222,6.393055556,,,,,,,,,
2022-09-01 01:00:00,10,1,14.85,45.92,6.58,103.0,0.98,7.63,20.3,7.0,13.0,15.0,1.4,2.7,52.0,1.5,59.0,1019.7,1.0,1028.2,290.5044,1028.1,-12.33673,0.0,10.4,10.4,9.9,89.0,6.429166667,6.399722222,,,,,,,,,
2022-09-01 02:00:00,10,0,14.9,45.93,6.56,103.05,0.99,7.57,20.13,7.0,240.0,12.0,0.6,2.6,143.0,1.4,101.0,1019.5,0.9,1028.0,289.7532,1027.9,-12.72171,0.0,10.1,10.5,9.9,92.0,6.425833333,6.399444444,,,,,,,,,
2022-09-01 03:00:00,10,0,14.96,45.93,6.6,103.11,0.94,7.57,20.14,7.0,6.0,16.0,0.5,3.0,240.0,1.1,247.0,1019.1,0.9,1027.6,289.5264,1027.4,-12.50172,0.0,9.7,10.1,9.7,93.0,6.428888889,6.399444444,,,,,,,,,
2022-09-01 04:00:00,10,0,14.99,45.94,6.6,103.13,0.94,7.57,20.14,7.0,244.0,346.0,0.5,1.4,400.0,0.6,345.0,1018.6,1.1,1027.1,288.4869,1027.0,-12.37737,0.0,9.4,9.8,9.3,93.0,6.428333333,6.4,,,,,,,,,
2022-09-01 05:00:00,10,0,15.02,45.92,6.6,102.95,0.94,7.47,19.86,6.0,340.0,244.0,0.4,1.5,420.0,0.7,405.0,1018.6,0.9,1027.1,286.7531,1026.9,-4.766553,0.0,9.2,9.4,9.2,94.0,6.422777778,6.4,,,,,,,,,
2022-09-01 06:00:00,10,0,14.98,45.94,6.6,102.87,0.93,7.41,19.7,6.0,166.0,166.0,0.4,0.8,544.0,0.4,600.0,1018.5,0.6,1026.9,292.3541,1026.9,87.97251,0.0,11.4,11.4,9.2,92.0,6.425277778,6.4,,,,,,,,,
2022-09-01 07:00:00,10,0,14.94,45.95,6.6,102.76,0.96,7.41,19.71,7.0,177.0,176.0,0.9,1.5,653.0,1.0,653.0,1018.5,0.1,1026.9,298.5012,1026.8,192.0179,0.0,12.2,12.3,11.4,87.0,6.431944444,6.426944444,,,,,,,,,
2022-09-01 08:00:00,10,0,14.78,45.92,6.6,102.72,1.05,7.66,20.39,7.0,153.0,140.0,0.8,2.4,734.0,1.1,741.0,1018.4,0.2,1026.8,303.8926,1026.7,307.0042,0.0,13.7,13.7,12.2,81.0,6.428611111,6.445555556,,,,,,,,,
2022-09-01 09:00:00,10,0,14.69,45.94,6.59,102.51,0.96,7.64,20.33,7.0,155.0,155.0,1.1,1.9,842.0,1.1,900.0,1018.2,0.3,1026.5,312.9519,1026.6,415.8723,0.0,14.9,14.9,13.7,77.0,6.424444444,6.443055556,,,,,,,,,
2022-09-01 10:00:00,10,0,14.71,45.93,6.59,102.59,0.96,7.56,20.12,8.0,145.0,155.0,1.5,2.8,952.0,1.6,936.0,1017.9,0.5,1026.2,318.3334,1026.3,523.0427,0.0,16.0,16.4,14.9,72.0,6.420277778,6.433055556,,,,,,,,,
2022-09-01 11:00:00,10,0,14.73,45.94,6.59,102.69,0.95,7.55,20.08,7.0,202.0,202.0,3.0,4.6,1058.0,3.0,1100.0,1017.5,0.8,1025.8,321.4449,1025.9,614.3276,0.0,16.3,17.5,16.0,71.0,6.424166667,6.406666667,,,,,,,,,
2022-09-01 12:00:00,10,0,14.79,45.92,6.59,102.86,0.97,7.52,19.99,7.0,201.0,200.0,3.4,5.7,1131.0,3.6,1104.0,1017.4,0.8,1025.7,320.1246,1025.8,592.6082,0.0,16.6,16.9,16.2,68.0,6.418055556,6.4,,,,,,,,,
2022-09-01 13:00:00,10,1,14.86,45.93,6.56,103.0,0.96,7.47,19.86,7.0,203.0,202.0,4.2,6.7,1244.0,4.6,1249.0,1017.3,0.6,1025.6,321.4304,1025.7,560.8471,0.0,16.2,16.6,16.2,71.0,6.414444444,6.4,,,,,,,,,
2022-09-01 14:00:00,10,0,14.93,45.94,6.54,103.13,0.95,7.42,19.73,7.0,204.0,202.0,4.2,8.1,1352.0,4.5,1353.0,1017.3,0.2,1025.6,319.0381,1025.7,499.1172,0.0,15.6,16.2,15.5,71.0,6.421666667,6.386944444,,,,,,,,,
2022-09-01 15:00:00,10,0,15.26,45.95,6.58,103.77,0.94,7.3,19.4,7.0,200.0,201.0,3.5,7.0,1421.0,4.3,1450.0,1017.1,0.3,1025.4,323.0144,1025.5,402.5027,0.0,15.2,15.6,14.6,77.0,6.416292135,6.339044944,,,,,,,,,
2022-09-01 16:00:00,10,0,15.04,45.93,6.58,103.48,0.95,7.46,19.83,7.0,200.0,198.0,2.3,6.1,1548.0,3.6,1514.0,1017.1,0.2,1025.4,341.7648,1025.4,194.925,0.0,14.0,15.2,14.0,81.0,6.426764706,6.333235294,,,,,,,,,
2022-09-01 17:00:00,10,0,14.93,45.93,6.6,103.3,0.92,7.52,19.99,7.0,200.0,199.0,1.4,3.7,1602.0,2.3,1601.0,1016.9,0.4,1025.2,366.2078,1025.3,92.80359,0.0,14.0,14.1,14.0,81.0,6.411666667,6.360555556,,,,,,,,,
2022-09-01 18:00:00,10,0,14.94,45.93,6.6,103.24,0.92,7.54,20.06,7.0,263.0,200.0,0.5,1.8,1708.0,1.4,1701.0,1016.6,0.5,1025.0,349.2053,1025.0,27.67115,0.0,13.3,14.0,13.3,83.0,6.418333333,6.334166667,,,,,,,,,
2022-09-01 19:00:00,10,0,14.95,45.93,6.61,103.27,0.95,7.5,19.95,7.0,276.0,235.0,0.6,1.7,1805.0,0.8,1827.0,1016.6,0.5,1025.0,387.1595,1025.0,-5.815096,0.0,13.2,13.4,13.2,84.0,6.428055556,6.303888889,,,,,,,,,
2022-09-01 20:00:00,10,0,15.0,45.94,6.6,103.32,0.97,7.51,19.98,7.0,329.0,252.0,0.2,1.7,1903.0,0.8,1904.0,1016.5,0.4,1024.9,387.752,1024.8,-10.28076,0.0,12.9,13.2,12.9,87.0,6.424444444,6.300277778,,,,,,,,,
2022-09-01 21:00:00,10,0,14.98,45.9,6.61,103.16,0.96,7.57,20.14,7.0,350.0,273.0,0.1,0.9,2018.0,0.4,2025.0,1016.2,0.4,1024.6,385.7918,1024.6,-9.948464,0.0,12.7,12.9,12.7,88.0,6.425833333,6.299444444,,,,,,,,,
2022-09-01 22:00:00,10,0,14.9,45.93,6.6,103.11,0.99,7.55,20.08,7.0,348.0,231.0,0.2,0.8,2118.0,0.4,2120.0,1016.1,0.5,1024.5,384.6104,1024.4,-10.03781,0.0,12.5,12.7,12.5,89.0,6.426666667,6.299444444,,,,,,,,,
2022-09-01 23:00:00,10,0,14.93,45.92,6.6,103.14,0.97,7.56,20.1,7.0,325.0,0.0,0.2,0.6,2258.0,0.3,2239.0,1015.9,0.6,1024.3,384.2018,1024.2,-10.52877,0.0,12.4,12.5,12.4,90.0,6.428611111,6.287777778,,,,,,,,,
2022-09-02 00:00:00,10,0,14.94,45.92,6.6,103.16,0.97,7.55,20.08,7.0,321.0,38.0,0.2,1.3,2320.0,0.5,2328.0,1015.5,0.7,1023.9,381.9758,1023.8,-10.15025,0.0,12.1,12.4,12.1,90.0,6.4275,6.250277778,,,,,,,,,
2022-09-02 01:00:00,10,1,14.98,45.93,6.58,103.18,0.96,7.54,20.04,7.0,343.0,281.0,0.1,1.6,24.0,0.9,30.0,1015.3,0.8,1023.7,377.5894,1023.7,-9.775876,0.0,12.0,12.1,12.0,90.0,6.422777778,6.243055556,,,,,,,,,
2022-09-02 02:00:00,10,0,15.02,45.94,6.56,103.19,0.95,7.52,20.0,7.0,319.0,313.0,0.2,0.8,123.0,0.5,129.0,1015.1,0.8,1023.5,378.1777,1023.5,-9.980783,0.0,11.9,12.0,11.8,89.0,6.4225,6.234166667,,,,,,,,,
2022-09-02 03:00:00,10,0,15.04,45.93,6.6,103.19,0.95,7.52,20.0,7.0,1.0,1.0,0.3,0.7,300.0,0.3,300.0,1014.8,0.7,1023.2,379.9734,1023.1,-10.37757,0.0,11.9,11.9,11.8,90.0,6.424722222,6.246111111,,,,,,,,,
2022-09-02 04:00:00,10,0,15.03,45.93,6.61,103.16,0.98,7.55,20.07,7.0,326.0,321.0,0.5,1.2,336.0,0.7,346.0,1014.8,0.6,1023.2,327.3025,1023.1,-12.18073,0.0,10.7,11.9,10.7,90.0,6.433333333,6.255,,,,,,,,,
2022-09-02 05:00:00,10,0,15.01,45.92,6.61,103.14,0.94,7.56,20.1,7.0,303.0,358.0,0.4,1.7,423.0,1.0,427.0,1014.7,0.4,1023.1,346.8781,1023.1,-7.808763,0.0,11.2,11.2,10.5,89.0,6.4275,6.274166667,,,,,,,,,
2022-09-02 06:00:00,10,0,14.97,45.93,6.6,102.99,0.92,7.59,20.19,4.0,231.0,231.0,0.6,1.5,556.0,0.6,600.0,1014.8,0.0,1023.2,363.706,1023.1,15.72268,0.0,11.5,11.6,11.2,90.0,6.435555556,6.288611111,,,,,,,,,
2022-09-02 07:00:00,10,0,14.94,45.95,6.6,102.99,0.95,7.55,20.07,4.0,106.0,81.0,0.7,1.9,700.0,0.8,653.0,1014.8,0.0,1023.2,353.3876,1023.1,90.58,0.0,12.7,12.7,11.4,89.0,6.425277778,6.253611111,,,,,,,,,
2022-09-02 08:00:00,10,0,14.94,45.94,6.6,102.96,0.96,7.6,20.2,2.0,156.0,129.0,0.8,2.8,741.0,1.3,744.0,1015.0,0.2,1023.3,360.3018,1023.3,206.0524,0.0,13.5,14.4,12.7,82.0,6.423611111,6.261944444,,,,,,,,,
2022-09-02 09:00:00,10,0,14.92,45.93,6.59,103.04,0.95,7.62,20.28,4.0,187.0,158.0,0.5,1.9,819.0,1.0,822.0,1014.8,0.1,1023.1,375.4765,1023.1,209.6802,0.0,14.4,14.4,13.4,80.0,6.4225,6.248055556,,,,,,,,,
2022-09-02 10:00:00,10,0,14.91,45.92,6.59,103.02,0.93,7.63,20.29,0.0,181.0,181.0,0.7,1.4,1000.0,0.7,1000.0,1014.8,0.0,1023.1,386.627,1023.1,163.0667,0.0,14.6,14.6,14.1,79.0,6.415,6.256944444,,,,,,,,,
2022-09-02 11:00:00,10,0,14.9,45.92,6.59,103.07,0.97,7.66,20.38,4.0,157.0,153.0,0.9,2.0,1042.0,1.1,1043.0,1014.9,0.1,1023.2,382.4778,1023.2,281.8341,0.0,16.1,16.1,14.6,72.0,6.404166667,6.266944444,,,,,,,,,
2022-09-02 12:00:00,10,0,14.89,45.94,6.59,103.05,0.96,7.65,20.36,4.0,195.0,187.0,1.5,3.1,1129.0,1.6,1158.0,1014.7,0.1,1022.9,353.5482,1023.0,498.0714,0.0,17.5,17.6,16.1,64.0,6.410833333,6.273333333,,,,,,,,,
2022-09-02 13:00:00,10,1,14.86,45.94,6.57,103.04,0.96,7.66,20.39,7.0,111.0,202.0,1.5,3.3,1254.0,1.9,1224.0,1014.5,0.3,1022.7,349.762,1022.8,568.7357,0.0,18.0,18.4,17.3,58.0,6.4175,6.255277778,,,,,,,,,
2022-09-02 14:00:00,10,0,14.83,45.94,6.56,103.04,0.97,7.68,20.42,5.0,126.0,92.0,1.3,5.4,1320.0,2.7,1328.0,1014.5,0.3,1022.7,339.6954,1022.9,410.4591,0.0,16.4,18.0,16.4,62.0,6.412777778,6.278333333,,,,,,,,,
2022-09-02 15:00:00,10,0,14.88,45.94,6.6,103.17,0.95,7.67,20.41,7.0,145.0,155.0,1.8,4.5,1432.0,1.9,1458.0,1014.4,0.4,1022.6,368.2206,1022.7,446.4347,0.0,17.1,17.8,16.3,57.0,6.418055556,6.307222222,,,,,,,,,
2022-09-02 16:00:00,10,0,14.95,45.92,6.6,103.44,0.94,7.65,20.36,4.0,143.0,95.0,1.5,5.4,1515.0,1.8,1536.0,1014.5,0.1,1022.8,354.5097,1022.8,390.9943,0.0,15.6,17.4,15.6,65.0,6.432777778,6.345555556,,,,,,,,,
2022-09-02 17:00:00,10,0,15.06,45.92,6.61,103.76,0.95,7.58,20.16,7.0,122.0,48.0,1.1,4.1,1640.0,1.7,1641.0,1014.3,0.2,1022.6,356.5793,1022.7,89.13992,0.0,13.6,15.6,13.6,77.0,6.421944444,6.3475,,,,,,,,,
2022-09-02 18:00:00,10,0,15.12,45.93,6.62,103.95,0.97,7.52,20.01,4.0,110.0,109.0,0.8,2.7,1759.0,1.0,1702.0,1014.4,0.0,1022.7,349.0746,1022.7,39.6721,0.0,13.2,13.8,13.2,76.0,6.426388889,6.3975,,,,,,,,,
2022-09-02 19:00:00,10,0,15.09,45.92,6.63,103.86,0.92,7.52,20.01,3.0,347.0,360.0,0.4,2.8,1832.0,1.3,1838.0,1014.6,0.2,1023.0,322.6691,1022.9,-4.29386,0.0,11.7,13.2,11.7,85.0,6.429722222,6.4,,,,,,,,,
2022-09-02 20:00:00,10,0,14.99,45.93,6.66,103.7,0.98,7.66,20.37,2.0,347.0,347.0,0.9,2.4,2000.0,0.9,2000.0,1014.7,0.3,1023.1,310.8405,1023.0,-12.47147,0.0,11.1,11.7,11.1,88.0,6.429722222,6.399444444,,,,,,,,,
2022-09-02 21:00:00,10,0,14.89,45.92,6.61,103.31,0.93,7.69,20.46,0.0,3.0,353.0,0.8,2.1,2001.0,1.0,2003.0,1014.7,0.3,1023.1,357.752,1023.0,-10.54609,0.0,11.6,11.6,11.1,84.0,6.430277778,6.4,,,,,,,,,
2022-09-02 22:00:00,10,0,14.86,45.92,6.61,103.19,0.89,7.69,20.47,4.0,351.0,39.0,0.7,2.5,2109.0,1.2,2123.0,1014.7,0.0,1023.1,370.7427,1023.0,-10.91019,0.0,11.8,12.2,11.6,82.0,6.419166667,6.4,,,,,,,,,
2022-09-02 23:00:00,10,0,14.82,45.93,6.61,103.23,0.94,7.72,20.55,4.0,330.0,7.0,0.6,3.0,2232.0,1.2,2238.0,1014.8,0.1,1023.2,312.2169,1023.1,-12.57614,0.0,10.7,11.9,10.7,86.0,6.421944444,6.4,,,,,,,,,
2022-09-03 00:00:00,10,0,15.06,45.94,6.6,103.62,0.97,7.56,20.1,4.0,30.0,353.0,1.0,2.2,2358.0,1.3,2338.0,1014.7,0.1,1023.1,321.7187,1023.1,-11.74711,0.0,10.9,10.9,10.5,86.0,6.425833333,6.4,,,,,,,,,
2022-09-03 01:00:00,10,1,15.09,45.94,6.59,103.58,0.96,7.52,20.01,4.0,265.0,265.0,0.9,2.4,54.0,0.9,100.0,1014.7,0.0,1023.1,342.2855,1023.0,-10.86171,0.0,11.0,11.0,10.7,89.0,6.43,6.399722222,,,,,,,,,
2022-09-03 02:00:00,10,0,15.12,45.95,6.58,103.54,0.95,7.49,19.91,7.0,307.0,254.0,0.5,2.0,115.0,1.2,120.0,1014.6,0.2,1023.0,337.2834,1023.0,-10.97393,0.0,10.7,11.0,10.6,87.0,6.426944444,6.399722222,,,,,,,,,
2022-09-03 03:00:00,10,0,15.12,45.95,6.61,103.56,0.96,7.5,19.94,7.0,315.0,315.0,0.6,1.1,259.0,0.6,300.0,1014.6,0.1,1023.0,319.6524,1023.0,-11.55355,0.0,10.1,10.8,10.1,89.0,6.426666667,6.4,,,,,,,,,
2022-09-03 04:00:00,10,0,15.11,45.95,6.62,103.5,0.97,7.5,19.95,7.0,324.0,289.0,0.6,1.1,304.0,0.7,307.0,1014.6,0.1,1023.0,329.1109,1022.9,-11.20112,0.0,10.1,10.3,10.1,88.0,6.428888889,6.399166667,,,,,,,,,
2022-09-03 05:00:00,10,0,15.05,45.94,6.62,103.36,0.97,7.5,19.93,2.0,328.0,302.0,0.4,1.2,407.0,0.7,420.0,1014.8,0.2,1023.2,326.2198,1023.2,-6.42237,0.0,10.2,10.2,9.8,90.0,6.416944444,6.361388889,,,,,,,,,
2022-09-03 06:00:00,10,0,14.98,45.96,6.61,103.3,0.92,7.56,20.11,2.0,348.0,342.0,0.4,1.0,545.0,0.5,559.0,1014.8,0.2,1023.2,317.3918,1023.1,20.85033,0.0,10.2,10.3,10.0,92.0,6.4075,6.343611111,,,,,,,,,
2022-09-03 07:00:00,10,0,14.84,45.93,6.59,102.92,0.94,7.69,20.47,2.0,115.0,139.0,0.5,1.5,651.0,0.8,654.0,1014.9,0.3,1023.3,319.3104,1023.3,150.6453,0.0,12.6,12.9,10.2,82.0,6.411666667,6.338888889,,,,,,,,,
2022-09-03 08:00:00,10,0,14.86,45.93,6.6,102.92,0.97,7.64,20.33,4.0,148.0,155.0,0.9,2.1,800.0,1.2,752.0,1014.8,0.0,1023.1,313.7838,1023.2,244.7197,0.0,13.9,13.9,12.0,81.0,6.409722222,6.341944444,,,,,,,,,
2022-09-03 09:00:00,10,0,14.85,45.94,6.6,102.93,0.96,7.63,20.31,4.0,161.0,161.0,1.3,2.4,819.0,1.3,900.0,1014.9,0.1,1023.2,316.3796,1023.2,402.0857,0.0,15.4,15.6,13.7,71.0,6.421111111,6.345833333,,,,,,,,,
2022-09-03 10:00:00,10,0,14.82,45.93,6.59,102.84,0.97,7.74,20.58,7.0,168.0,151.0,1.4,2.7,952.0,1.5,956.0,1014.8,0.2,1023.0,323.6645,1023.1,510.738,0.0,16.8,16.8,15.3,68.0,6.425833333,6.341111111,,,,,,,,,
2022-09-03 11:00:00,10,0,14.83,45.94,6.59,102.83,1.0,7.7,20.48,7.0,202.0,209.0,1.6,2.9,1041.0,1.8,1047.0,1014.7,0.2,1022.9,328.7288,1023.0,599.4343,0.0,16.9,17.4,16.2,63.0,6.420833333,6.345277778,,,,,,,,,
2022-09-03 12:00:00,10,0,14.85,45.94,6.6,102.96,0.96,7.63,20.3,7.0,145.0,147.0,1.5,4.3,1146.0,2.4,1155.0,1014.6,0.2,1022.8,340.4014,1022.9,612.3438,0.0,18.3,18.3,16.7,66.0,6.414166667,6.318888889,,,,,,,,,
2022-09-03 13:00:00,10,1,14.9,45.94,6.57,103.17,0.96,7.58,20.17,7.0,142.0,133.0,1.6,3.7,1234.0,1.9,1230.0,1014.4,0.3,1022.6,335.781,1022.8,571.8731,0.0,17.6,18.3,17.4,66.0,6.420277778,6.335,,,,,,,,,
2022-09-03 14:00:00,10,0,14.94,45.94,6.54,103.38,0.95,7.54,20.04,7.0,158.0,45.0,1.3,5.2,1316.0,2.7,1322.0,1014.3,0.3,1022.5,331.3535,1022.7,488.5137,0.0,17.7,18.0,17.0,66.0,6.405277778,6.36,,,,,,,,,
2022-09-03 15:00:00,10,0,14.93,45.93,6.6,103.45,0.96,7.65,20.36,7.0,152.0,165.0,1.3,3.6,1447.0,1.9,1454.0,1014.1,0.5,1022.3,328.0627,1022.5,386.7403,0.0,17.2,17.7,16.8,68.0,6.416666667,6.362777778,,,,,,,,,
2022-09-03 16:00:00,10,0,15.03,45.92,6.62,103.73,0.92,7.58,20.15,7.0,322.0,38.0,1.2,5.0,1522.0,2.3,1523.0,1014.1,0.4,1022.4,320.3408,1022.4,273.3875,0.0,14.8,17.2,14.8,72.0,6.419444444,6.400277778,,,,,,,,,
2022-09-03 17:00:00,10,0,15.02,45.92,6.62,103.79,0.95,7.6,20.21,7.0,358.0,271.0,0.8,3.0,1625.0,1.2,1630.0,1014.0,0.3,1022.3,326.1485,1022.3,167.0742,0.0,14.3,14.8,14.2,75.0,6.421944444,6.4075,,,,,,,,,
2022-09-03 18:00:00,10,0,15.04,45.92,6.63,103.89,0.91,7.61,20.26,7.0,257.0,245.0,0.9,3.6,1706.0,1.2,1757.0,1014.0,0.2,1022.3,358.9974,1022.3,46.72234,0.0,13.9,14.3,13.9,77.0,6.408055556,6.4175,,,,,,,,,
2022-09-03 19:00:00,10,0,15.43,45.96,6.64,104.38,0.92,7.32,19.45,3.0,323.0,252.0,0.4,1.8,1802.0,0.9,1802.0,1014.3,0.3,1022.7,345.666,1022.7,0.2058606,0.0,12.6,13.9,12.6,84.0,6.407777778,6.400277778,,,,,,,,,
2022-09-03 20:00:00,10,0,15.4,45.96,6.64,104.39,0.9,7.34,19.5,3.0,322.0,2.0,0.6,2.2,1914.0,0.9,1923.0,1014.5,0.5,1022.9,331.4635,1022.8,-11.82887,0.0,11.9,12.6,11.9,86.0,6.415555556,6.4,,,,,,,,,
2022-09-03 21:00:00,10,0,15.02,45.9,6.63,103.81,0.91,7.65,20.36,0.0,316.0,313.0,0.6,1.7,2031.0,0.8,2034.0,1014.5,0.5,1022.9,301.5483,1022.8,-12.33884,0.0,10.7,11.9,10.7,87.0,6.41,6.401944444,,,,,,,,,
2022-09-03 22:00:00,10,0,14.83,45.91,6.61,103.59,0.96,7.79,20.73,2.0,303.0,324.0,0.7,1.3,2107.0,0.8,2116.0,1014.5,0.1,1022.9,297.785,1022.9,-12.23034,0.0,10.3,10.7,10.3,89.0,6.406944444,6.400833333,,,,,,,,,
2022-09-03 23:00:00,10,0,14.85,45.91,6.61,103.58,0.94,7.75,20.61,3.0,320.0,316.0,0.3,1.1,2220.0,0.7,2222.0,1014.7,0.2,1023.1,300.8504,1023.1,-12.07264,0.0,10.0,10.3,10.0,91.0,6.408055556,6.4,,,,,,,,,
2022-09-04 00:00:00,10,0,14.84,45.9,6.62,103.56,0.93,7.76,20.66,2.0,313.0,313.0,0.7,1.1,2315.0,0.7,0.0,1014.9,0.4,1023.3,304.5494,1023.3,-11.74765,0.0,10.0,10.1,9.9,91.0,6.415,6.400277778,,,,,,,,,
2022-09-04 01:00:00,10,1,15.16,45.94,6.6,103.77,0.92,7.48,19.91,2.0,345.0,254.0,0.2,1.3,30.0,0.7,33.0,1015.1,0.6,1023.5,330.1884,1023.4,-11.31408,0.0,10.2,10.3,10.0,93.0,6.416666667,6.400277778,,,,,,,,,
2022-09-04 02:00:00,10,0,15.48,45.97,6.59,103.98,0.92,7.21,19.16,2.0,329.0,314.0,0.3,1.0,138.0,0.6,155.0,1015.2,0.5,1023.6,330.219,1023.6,-10.95716,0.0,10.2,10.2,10.1,94.0,6.416666667,6.4,,,,,,,,,
2022-09-04 03:00:00,10,0,15.46,45.98,6.62,103.96,0.93,7.19,19.11,2.0,340.0,318.0,0.3,0.9,240.0,0.6,248.0,1015.4,0.5,1023.8,319.1274,1023.8,-11.36335,0.0,9.9,10.3,9.9,93.0,6.410555556,6.4,,,,,,,,,
2022-09-04 04:00:00,10,0,15.31,45.95,6.64,104.04,0.94,7.4,19.68,2.0,312.0,312.0,0.5,1.1,351.0,0.6,359.0,1015.6,0.5,1024.1,316.0722,1024.0,-11.50348,0.0,9.8,9.9,9.8,93.0,6.420833333,6.4,,,,,,,,,
2022-09-04 05:00:00,10,0,15.37,45.97,6.63,103.83,0.92,7.28,19.36,2.0,293.0,9.0,0.3,1.1,413.0,0.5,437.0,1016.0,0.8,1024.4,337.9748,1024.4,-6.471718,0.0,10.1,10.1,9.6,95.0,6.421944444,6.399722222,,,,,,,,,
2022-09-04 06:00:00,10,0,15.32,45.96,6.63,103.94,0.97,7.35,19.54,2.0,176.0,176.0,0.8,1.4,552.0,0.8,600.0,1016.5,1.1,1024.9,337.7288,1024.8,54.18314,0.0,11.2,11.2,10.1,94.0,6.423055556,6.4,,,,,,,,,
2022-09-04 07:00:00,10,0,15.26,45.97,6.62,103.67,0.93,7.36,19.56,2.0,147.0,147.0,0.8,1.8,656.0,0.8,700.0,1017.0,1.4,1025.4,344.2365,1025.4,113.1819,0.0,12.3,12.3,11.2,91.0,6.429722222,6.4,,,,,,,,,
2022-09-04 08:00:00,10,0,15.12,45.94,6.61,103.75,0.95,7.65,20.34,2.0,112.0,113.0,1.8,3.0,717.0,1.9,745.0,1017.5,1.5,1025.8,338.5855,1025.8,298.549,0.0,14.4,14.7,12.3,80.0,6.415833333,6.4,,,,,,,,,
2022-09-04 09:00:00,10,0,14.98,45.93,6.61,103.63,0.95,7.71,20.53,2.0,152.0,138.0,1.2,3.3,822.0,1.8,835.0,1017.8,1.3,1026.1,333.2463,1026.2,446.5192,0.0,15.2,15.2,13.9,76.0,6.415277778,6.4,,,,,,,,,
2022-09-04 10:00:00,10,0,15.11,45.96,6.63,103.94,0.93,7.56,20.11,1.0,146.0,146.0,1.7,3.0,955.0,1.7,1000.0,1017.9,0.8,1026.2,333.6283,1026.2,534.3999,0.0,16.0,16.4,15.2,76.0,6.42,6.4,,,,,,,,,
2022-09-04 11:00:00,10,0,14.95,45.92,6.6,103.68,0.94,7.71,20.5,2.0,129.0,140.0,1.7,3.1,1010.0,1.8,1058.0,1018.0,0.5,1026.3,336.7774,1026.3,451.6956,0.0,16.6,16.6,15.0,76.0,6.417777778,6.4,,,,,,,,,
2022-09-04 12:00:00,10,0,15.05,45.92,6.62,103.95,0.94,7.63,20.3,2.0,195.0,115.0,0.8,2.6,1114.0,1.7,1102.0,1018.2,0.4,1026.5,329.6881,1026.5,350.6267,0.0,16.0,17.5,15.6,75.0,6.414722222,6.4,,,,,,,,,
2022-09-04 13:00:00,10,1,15.05,45.93,6.61,103.98,0.92,7.62,20.26,2.0,194.0,198.0,1.8,3.6,1247.0,2.1,1253.0,1018.4,0.5,1026.6,326.3096,1026.8,444.0224,0.0,17.8,17.9,16.0,64.0,6.42,6.4,,,,,,,,,
2022-09-04 14:00:00,10,0,15.05,45.94,6.6,104.0,0.91,7.6,20.21,2.0,201.0,198.0,2.8,4.9,1333.0,3.1,1342.0,1018.5,0.5,1026.8,330.4398,1026.9,415.288,0.0,17.1,18.1,16.9,70.0,6.415,6.400277778,,,,,,,,,
2022-09-04 15:00:00,10,0,15.06,45.93,6.64,104.03,0.96,7.62,20.26,2.0,194.0,202.0,2.1,4.6,1435.0,3.0,1407.0,1018.5,0.4,1026.8,323.814,1026.9,332.8283,0.0,17.5,17.5,16.8,62.0,6.413611111,6.400277778,,,,,,,,,
2022-09-04 16:00:00,10,0,15.02,45.93,6.63,104.04,0.93,7.66,20.37,2.0,10.0,200.0,1.7,3.9,1508.0,2.1,1512.0,1018.6,0.2,1026.9,323.1334,1026.9,285.0252,0.0,16.0,18.1,16.0,73.0,6.411944444,6.4,,,,,,,,,
2022-09-04 17:00:00,10,0,15.05,45.93,6.65,104.2,0.95,7.62,20.27,2.0,313.0,5.0,0.6,3.4,1601.0,1.7,1604.0,1018.7,0.3,1027.0,320.1597,1027.1,154.8065,0.0,14.2,16.0,14.2,83.0,6.406666667,6.401111111,,,,,,,,,
2022-09-04 18:00:00,10,0,15.05,45.93,6.64,104.22,0.94,7.65,20.34,3.0,324.0,330.0,0.7,1.5,1742.0,0.9,1751.0,1019.1,0.5,1027.5,310.6562,1027.5,9.007824,0.0,13.1,14.2,13.1,86.0,6.410555556,6.402222222,,,,,,,,,
2022-09-04 19:00:00,10,0,15.09,45.96,6.66,104.2,0.93,7.57,20.13,2.0,324.0,333.0,0.7,1.6,1844.0,0.9,1853.0,1019.5,0.9,1027.9,306.7725,1027.9,-6.81741,0.0,12.0,13.1,12.0,85.0,6.4025,6.400833333,,,,,,,,,
2022-09-04 20:00:00,10,0,15.23,45.93,6.65,104.52,0.9,7.58,20.17,2.0,313.0,330.0,0.5,1.2,1925.0,0.7,1901.0,1019.8,1.1,1028.2,302.6655,1028.2,-12.37788,0.0,11.4,12.0,11.4,88.0,6.405277778,6.399722222,,,,,,,,,
2022-09-04 21:00:00,10,0,15.74,45.98,6.65,105.02,0.91,7.18,19.09,2.0,329.0,316.0,0.3,1.0,2009.0,0.6,2010.0,1020.2,1.1,1028.7,298.9816,1028.6,-12.34935,0.0,11.0,11.4,11.0,91.0,6.408611111,6.398333333,,,,,,,,,
2022-09-04 22:00:00,10,0,15.54,46.0,6.65,104.54,0.89,7.28,19.34,2.0,304.0,315.0,0.5,1.0,2126.0,0.6,2143.0,1020.5,1.0,1029.0,297.9435,1028.9,-12.10677,0.0,10.7,11.0,10.7,92.0,6.403611111,6.372222222,,,,,,,,,
2022-09-04 23:00:00,10,0,15.08,45.92,6.64,104.09,0.97,7.64,20.33,1.0,326.0,328.0,0.6,1.0,2255.0,0.7,2257.0,1020.6,0.8,1029.1,295.9689,1029.0,-12.19557,0.0,10.4,10.7,10.2,94.0,6.403333333,6.354722222,,,,,,,,,
2022-09-05 00:00:00,10,0,15.22,45.95,6.65,104.5,0.91,7.56,20.11,0.0,358.0,324.0,0.2,0.8,2301.0,0.7,2301.0,1020.6,0.4,1029.1,295.7913,1029.0,-12.3281,0.0,10.5,10.5,10.2,95.0,6.408333333,6.303888889,,,,,,,,,
2022-09-05 01:00:00,10,1,15.15,45.92,6.62,104.34,0.92,7.64,20.32,2.0,304.0,3.0,0.4,0.9,14.0,0.6,22.0,1020.6,0.1,1029.1,295.3555,1029.0,-12.50721,0.0,10.2,10.6,10.2,94.0,6.405555556,6.3,,,,,,,,,
2022-09-05 02:00:00,10,0,15.09,45.9,6.6,104.19,0.94,7.72,20.53,4.0,326.0,304.0,0.4,0.8,125.0,0.5,147.0,1020.7,0.1,1029.2,294.261,1029.1,-12.36922,0.0,9.9,10.2,9.8,95.0,6.404444444,6.3,,,,,,,,,
2022-09-05 03:00:00,10,0,15.6,46.01,6.64,104.45,0.91,7.15,18.99,2.0,319.0,330.0,0.5,1.1,239.0,0.6,245.0,1020.7,0.1,1029.2,294.2553,1029.1,-12.2268,0.0,9.9,10.0,9.8,94.0,6.409444444,6.3,,,,,,,,,
2022-09-05 04:00:00,10,0,15.58,45.98,6.65,104.3,0.92,7.2,19.13,2.0,338.0,323.0,0.4,1.0,328.0,0.5,348.0,1021.0,0.3,1029.5,294.3285,1029.4,-12.23033,0.0,9.6,9.9,9.6,94.0,6.400833333,6.299722222,,,,,,,,,
2022-09-05 05:00:00,10,0,15.55,46.0,6.65,104.08,0.94,7.11,18.88,2.0,1.0,328.0,0.2,1.1,412.0,0.6,423.0,1021.1,0.3,1029.6,295.7672,1029.5,-7.766931,0.1,9.9,9.9,9.6,94.0,6.400277778,6.3,,,,,,,,,
2022-09-05 06:00:00,10,0,15.49,45.99,6.65,104.08,0.87,7.15,19.01,2.0,12.0,13.0,0.2,1.0,503.0,0.5,514.0,1021.1,0.4,1029.5,300.1721,1029.5,69.80073,0.0,11.7,11.9,9.9,91.0,6.400277778,6.295833333,,,,,,,,,
2022-09-05 07:00:00,10,0,15.39,46.01,6.65,104.08,0.91,7.24,19.23,2.0,114.0,114.0,0.6,1.6,657.0,0.6,700.0,1021.3,0.3,1029.7,307.5542,1029.7,171.3779,0.0,13.5,13.5,11.7,85.0,6.406666667,6.275555556,,,,,,,,,
2022-09-05 08:00:00,10,0,15.39,45.97,6.64,103.87,0.9,7.2,19.12,2.0,151.0,149.0,0.5,1.4,755.0,0.6,705.0,1021.2,0.2,1029.5,317.0582,1029.6,285.2618,0.0,15.2,15.3,13.4,74.0,6.425277778,6.273611111,,,,,,,,,
2022-09-05 09:00:00,10,0,15.36,45.97,6.64,103.86,0.93,7.23,19.22,2.0,141.0,148.0,0.8,2.0,859.0,1.2,851.0,1021.5,0.4,1029.8,325.3101,1029.9,398.5948,0.0,16.3,16.4,15.1,67.0,6.414444444,6.277222222,,,,,,,,,
2022-09-05 10:00:00,10,0,15.35,45.97,6.64,103.99,0.89,7.26,19.3,0.0,143.0,158.0,1.2,2.1,920.0,1.3,931.0,1021.2,0.0,1029.5,329.0337,1029.6,503.6977,0.0,17.6,17.6,16.3,63.0,6.405555556,6.288333333,,,,,,,,,
2022-09-05 11:00:00,10,0,15.36,45.98,6.64,104.21,0.91,7.26,19.3,8.0,157.0,157.0,1.2,2.3,1041.0,1.5,1041.0,1021.0,0.2,1029.2,336.6622,1029.4,588.5164,0.0,18.8,18.9,17.6,60.0,6.411944444,6.294722222,,,,,,,,,
2022-09-05 12:00:00,10,0,15.14,45.93,6.64,104.34,0.95,7.62,20.27,7.0,199.0,199.0,1.6,2.4,1138.0,1.6,1200.0,1020.9,0.7,1029.1,342.3527,1029.3,562.6929,0.0,19.2,19.7,18.7,55.0,6.416388889,6.301388889,0.0,43.0,,,,,,,
2022-09-05 13:00:00,10,1,15.27,45.96,6.62,104.38,0.94,7.43,19.74,7.0,202.0,202.0,3.3,5.3,1250.0,3.5,1259.0,1020.9,0.3,1029.1,337.778,1029.3,533.6799,0.0,18.7,19.7,18.6,63.0,6.420555556,6.305555556,,,,,,,,,
2022-09-05 14:00:00,10,0,15.4,45.99,6.61,104.42,0.92,7.23,19.21,7.0,178.0,202.0,1.8,4.8,1359.0,3.3,1301.0,1020.6,0.4,1028.8,336.5771,1029.0,468.7651,0.0,19.4,19.7,18.7,54.0,6.408611111,6.305833333,,,,,,,,,
2022-09-05 15:00:00,10,0,15.44,45.98,6.66,104.57,0.9,7.19,19.1,7.0,205.0,202.0,2.0,4.7,1416.0,2.5,1445.0,1020.3,0.6,1028.5,334.4063,1028.7,390.4962,0.0,18.9,19.6,18.8,56.0,6.41,6.307777778,,,,,,,,,
2022-09-05 16:00:00,10,0,15.44,45.98,6.68,104.63,0.9,7.21,19.15,7.0,129.0,207.0,0.5,3.7,1514.0,2.3,1514.0,1020.1,0.7,1028.4,332.5198,1028.5,289.4085,0.0,17.8,19.0,17.8,59.0,6.41,6.353611111,,,,,,,,,
2022-09-05 17:00:00,10,0,15.45,45.98,6.68,104.66,0.91,7.21,19.15,7.0,329.0,40.0,0.5,3.6,1630.0,1.6,1633.0,1020.1,0.5,1028.4,327.6177,1028.5,146.9443,0.0,15.0,17.8,15.0,76.0,6.405833333,6.378888889,,,,,,,,,
2022-09-05 18:00:00,10,0,15.47,45.98,6.68,104.53,0.9,7.19,19.09,7.0,313.0,334.0,0.7,1.5,1756.0,0.8,1722.0,1019.9,0.4,1028.3,314.6584,1028.3,13.34587,0.0,13.8,15.0,13.8,81.0,6.405277778,6.387777778,,,,,,,,,
2022-09-05 19:00:00,10,0,15.56,45.98,6.67,104.55,0.87,7.11,18.9,7.0,317.0,320.0,0.6,1.4,1835.0,0.7,1840.0,1020.0,0.2,1028.4,308.9658,1028.4,-7.228426,0.0,12.6,13.8,12.6,83.0,6.403333333,6.396111111,,,,,,,,,
2022-09-05 20:00:00,10,0,15.81,45.99,6.66,104.9,0.9,7.0,18.6,4.0,315.0,338.0,0.5,1.4,1918.0,0.9,1921.0,1020.0,0.1,1028.4,309.7085,1028.4,-12.20961,0.0,12.0,12.6,12.0,80.0,6.402222222,6.399166667,,,,,,,,,
2022-09-05 21:00:00,10,0,15.82,45.99,6.66,104.93,0.88,7.0,18.59,4.0,299.0,326.0,0.5,1.2,2015.0,0.7,2036.0,1019.9,0.0,1028.3,307.6843,1028.3,-12.20664,0.0,11.5,12.0,11.5,85.0,6.408333333,6.399166667,,,,,,,,,
2022-09-05 22:00:00,10,0,15.64,45.99,6.66,104.6,0.91,7.14,18.97,7.0,252.0,253.0,0.3,1.0,2108.0,0.4,2157.0,1019.7,0.2,1028.2,303.2253,1028.1,-12.24236,0.0,11.0,11.5,11.0,89.0,6.422777778,6.392777778,,,,,,,,,
2022-09-05 23:00:00,10,0,15.59,45.96,6.66,104.6,0.91,7.18,19.06,7.0,315.0,294.0,0.3,0.7,2212.0,0.4,2227.0,1019.5,0.5,1028.0,299.1218,1027.9,-12.19888,0.0,10.7,11.0,10.7,92.0,6.420277778,6.381666667,,,,,,,,,
2022-09-06 00:00:00,10,0,15.5,45.92,6.67,104.79,0.9,7.27,19.32,7.0,332.0,322.0,0.2,0.7,2341.0,0.4,2348.0,1019.5,0.4,1028.0,298.0473,1027.9,-12.18564,0.0,10.5,10.7,10.5,94.0,6.42,6.373888889,,,,,,,,,
2022-09-06 01:00:00,10,1,15.58,45.96,6.65,104.82,0.9,7.23,19.21,7.0,54.0,54.0,0.8,1.7,57.0,0.8,100.0,1019.3,0.4,1027.8,298.8109,1027.7,-12.16776,0.0,10.9,10.9,10.4,93.0,6.413611111,6.378055556,,,,,,,,,
2022-09-06 02:00:00,10,0,15.65,45.99,6.63,104.86,0.91,7.19,19.1,7.0,6.0,18.0,0.6,1.8,154.0,1.0,155.0,1019.1,0.4,1027.5,297.92,1027.5,-12.39378,0.0,10.9,10.9,10.8,91.0,6.407222222,6.398333333,,,,,,,,,
2022-09-06 03:00:00,10,0,15.67,46.06,6.66,104.93,0.91,7.2,19.12,7.0,18.0,24.0,1.3,4.2,249.0,1.6,257.0,1018.8,0.7,1027.2,297.2333,1027.2,-12.45163,0.0,11.3,11.3,10.7,87.0,6.407777778,6.399722222,,,,,,,,,
2022-09-06 04:00:00,10,0,15.72,46.01,6.67,104.87,0.91,7.13,18.94,7.0,19.0,21.0,1.6,4.3,343.0,2.1,348.0,1018.5,0.8,1026.9,297.7084,1026.9,-12.68896,0.0,11.6,11.7,11.2,85.0,6.406666667,6.399722222,,,,,,,,,
2022-09-06 05:00:00,10,0,15.62,45.99,6.65,104.21,0.9,7.14,18.98,7.0,30.0,23.0,1.6,3.3,443.0,1.8,446.0,1018.3,0.9,1026.7,298.542,1026.6,-8.93273,0.0,11.8,11.8,11.5,83.0,6.407222222,6.398055556,,,,,,,,,
2022-09-06 06:00:00,10,0,15.54,46.01,6.64,103.9,0.91,7.16,19.02,7.0,63.0,32.0,1.4,4.3,529.0,1.7,535.0,1018.1,0.7,1026.5,301.8346,1026.4,66.7134,0.0,13.5,13.5,11.7,76.0,6.411388889,6.4,,,,,,,,,
2022-09-06 07:00:00,10,0,15.53,45.98,6.65,104.11,0.93,7.19,19.1,7.0,115.0,80.0,0.6,3.1,638.0,1.5,646.0,1018.0,0.5,1026.3,306.683,1026.4,171.9777,0.0,14.5,14.5,13.5,78.0,6.408888889,6.4,,,,,,,,,
2022-09-06 08:00:00,10,0,15.54,45.99,6.64,103.98,0.89,7.17,19.04,7.0,147.0,193.0,0.7,2.0,714.0,0.9,714.0,1017.9,0.3,1026.2,314.346,1026.3,282.5913,0.0,15.7,15.7,14.2,78.0,6.409166667,6.4,,,,,,,,,
2022-09-06 09:00:00,10,0,15.52,46.0,6.64,104.08,0.9,7.21,19.17,7.0,145.0,145.0,0.9,1.8,900.0,0.9,900.0,1017.8,0.3,1026.1,324.6942,1026.1,393.7505,0.0,17.2,17.2,15.5,67.0,6.407222222,6.4,,,,,,,,,
2022-09-06 10:00:00,10,0,15.51,46.0,6.63,103.98,0.92,7.15,19.0,7.0,166.0,154.0,0.7,2.0,928.0,1.2,931.0,1017.5,0.5,1025.7,332.9473,1025.9,501.7066,0.0,18.5,18.5,17.0,58.0,6.412222222,6.4,,,,,,,,,
2022-09-06 11:00:00,10,0,15.5,46.03,6.61,103.5,0.89,7.18,19.08,7.0,152.0,162.0,1.2,1.9,1054.0,1.3,1056.0,1017.2,0.7,1025.4,339.9203,1025.6,580.4678,0.0,19.3,19.3,18.2,60.0,6.418888889,6.4,,,,,,,,,
2022-09-06 12:00:00,10,0,15.46,46.02,6.61,103.45,0.9,7.21,19.16,7.0,141.0,164.0,1.2,2.3,1154.0,1.3,1125.0,1016.8,1.0,1025.0,342.6862,1025.1,554.014,0.0,19.2,19.7,19.0,59.0,6.501111111,6.4,,,,,,,,,
2022-09-06 13:00:00,10,1,15.5,46.0,6.61,103.93,0.91,7.22,19.2,7.0,67.0,67.0,1.6,3.0,1257.0,1.6,1300.0,1016.3,1.2,1024.5,343.0835,1024.6,526.5408,0.0,20.4,20.9,19.2,49.0,6.688611111,6.375277778,,,,,,,,,
2022-09-06 14:00:00,10,0,15.54,45.99,6.61,104.4,0.92,7.24,19.23,7.0,143.0,130.0,1.0,3.7,1315.0,2.0,1318.0,1016.0,1.2,1024.2,342.1585,1024.4,466.7225,0.0,20.0,21.1,20.0,54.0,7.032112676,6.365633803,,,,,,,,,
2022-09-06 15:00:00,10,0,15.57,45.98,6.64,104.59,0.91,7.16,19.02,7.0,194.0,189.0,0.9,4.1,1412.0,1.8,1446.0,1015.8,1.0,1024.0,335.9028,1024.1,382.9932,0.0,19.3,20.2,18.9,55.0,6.920555556,6.394722222,,,,,,,,,
2022-09-06 16:00:00,10,0,15.66,45.99,6.66,104.77,0.91,7.18,19.08,7.0,196.0,223.0,0.6,4.2,1504.0,1.7,1529.0,1015.4,0.8,1023.6,328.3942,1023.8,289.3539,0.0,17.3,19.6,17.3,52.0,6.570277778,6.400277778,,,,,,,,,
2022-09-06 17:00:00,10,0,15.49,45.96,6.64,104.28,0.91,7.31,19.42,7.0,317.0,214.0,0.9,3.7,1631.0,1.2,1612.0,1015.2,0.8,1023.5,315.1869,1023.6,136.8898,0.0,14.6,17.3,14.6,62.0,6.5,6.443888889,,,,,,,,,
2022-09-06 18:00:00,10,0,15.38,45.93,6.67,104.93,0.91,7.6,20.22,7.0,325.0,325.0,1.2,3.0,1800.0,1.2,1800.0,1014.9,0.9,1023.3,300.2448,1023.3,5.024567,0.0,12.9,14.6,12.8,68.0,6.481944444,6.441388889,,,,,,,,,
2022-09-06 19:00:00,10,0,15.37,45.94,6.67,104.99,0.89,7.6,20.23,7.0,331.0,344.0,0.9,3.3,1804.0,1.7,1811.0,1015.0,0.5,1023.4,294.7122,1023.3,-8.402253,0.0,11.5,12.9,11.5,68.0,6.446666667,6.446666667,,,,,,,,,
2022-09-06 20:00:00,10,0,15.34,45.94,6.68,104.92,0.93,7.6,20.21,7.0,321.0,331.0,0.5,1.5,1901.0,0.9,1905.0,1014.7,0.5,1023.1,292.231,1023.0,-12.60855,0.0,11.0,11.5,11.0,62.0,6.4475,6.458333333,,,,,,,,,
2022-09-06 21:00:00,10,0,15.85,45.98,6.67,105.11,0.86,7.0,18.6,8.0,1.0,359.0,1.0,2.5,2052.0,1.2,2054.0,1014.3,0.6,1022.7,290.6553,1022.7,-12.62079,0.0,11.1,11.1,10.6,69.0,6.451944444,6.418611111,,,,,,,,,
2022-09-06 22:00:00,10,0,15.93,45.99,6.67,105.04,0.88,6.97,18.52,7.0,328.0,348.0,0.7,2.0,2134.0,1.2,2131.0,1014.1,0.8,1022.5,291.8636,1022.5,-12.78363,0.0,11.1,11.3,10.8,76.0,6.448333333,6.400555556,,,,,,,,,
2022-09-06 23:00:00,10,0,15.66,45.91,6.68,104.74,0.94,7.27,19.32,7.0,278.0,278.0,0.9,1.9,2255.0,0.9,2300.0,1013.7,0.9,1022.1,291.4651,1022.1,-12.62427,0.0,10.5,11.1,10.4,87.0,6.438611111,6.4,,,,,,,,,
2022-09-07 00:00:00,10,0,15.49,45.97,6.68,104.88,0.97,7.34,19.51,7.0,258.0,285.0,0.7,1.8,2352.0,0.9,2301.0,1013.2,1.1,1021.6,290.6686,1021.6,-12.32838,0.0,10.0,10.6,9.9,88.0,6.435277778,6.4,,,,,,,,,
2022-09-07 01:00:00,10,1,15.56,45.97,6.65,104.78,0.95,7.26,19.3,7.0,38.0,300.0,0.4,1.5,11.0,0.7,9.0,1012.8,1.3,1021.2,291.0214,1021.1,-12.35894,0.0,9.9,10.1,9.7,89.0,6.4375,6.4,,,,,,,,,
2022-09-07 02:00:00,10,0,15.63,45.98,6.63,104.68,0.93,7.18,19.09,6.0,49.0,254.0,0.4,1.3,129.0,0.7,123.0,1012.6,1.1,1021.0,290.3701,1020.9,-12.29994,0.0,9.9,10.0,9.7,85.0,6.443888889,6.400277778,,,,,,,,,
2022-09-07 03:00:00,10,0,15.56,45.99,6.67,104.75,0.9,7.2,19.13,7.0,324.0,26.0,0.5,3.1,206.0,1.6,212.0,1012.2,1.0,1020.6,292.8141,1020.5,-12.6124,0.0,10.3,10.7,9.9,83.0,6.43,6.4,,,,,,,,,
2022-09-07 04:00:00,10,0,15.38,45.97,6.68,105.14,0.97,7.5,19.96,7.0,333.0,321.0,0.2,1.8,301.0,0.5,301.0,1011.8,1.0,1020.2,289.483,1020.1,-12.69213,0.0,9.5,10.3,9.5,89.0,6.420833333,6.4,,,,,,,,,
2022-09-07 05:00:00,10,0,15.46,46.01,6.68,104.62,0.91,7.29,19.38,7.0,27.0,27.0,2.2,4.4,454.0,2.2,500.0,1011.4,1.2,1019.8,289.9859,1019.7,-9.221783,0.0,10.6,10.6,9.5,82.0,6.416666667,6.399444444,,,,,,,,,
2022-09-07 06:00:00,10,0,15.55,46.0,6.67,104.24,0.88,7.15,19.01,6.0,48.0,46.0,2.3,4.7,504.0,2.4,554.0,1011.3,0.9,1019.6,293.0295,1019.6,62.79504,0.0,12.8,12.8,10.5,73.0,6.410277778,6.398055556,,,,,,,,,
2022-09-07 07:00:00,10,0,15.47,45.99,6.66,104.64,0.92,7.28,19.35,7.0,87.0,31.0,1.8,5.3,618.0,2.7,626.0,1011.2,0.6,1019.5,298.7596,1019.5,169.9701,0.0,14.4,14.4,12.8,71.0,6.404166667,6.349166667,,,,,,,,,
2022-09-07 08:00:00,10,0,15.49,46.0,6.66,104.07,0.9,7.07,18.79,7.0,87.0,72.0,1.7,4.3,715.0,2.4,735.0,1011.1,0.2,1019.3,305.8858,1019.4,284.8467,0.0,16.0,16.0,14.4,62.0,6.406111111,6.305277778,,,,,,,,,
2022-09-07 09:00:00,10,0,15.42,46.02,6.65,104.25,0.89,7.16,19.03,7.0,161.0,90.0,0.9,2.3,801.0,1.6,801.0,1011.0,0.3,1019.2,318.1449,1019.3,393.952,0.0,16.8,16.8,16.0,61.0,6.405,6.304444444,,,,,,,,,
2022-09-07 10:00:00,10,0,15.27,45.94,6.65,104.31,0.94,7.49,19.91,8.0,106.0,106.0,1.0,2.2,957.0,1.0,1000.0,1010.7,0.5,1018.9,330.5,1019.0,503.3274,0.0,18.1,18.2,16.8,58.0,6.408611111,6.302222222,,,,,,,,,
2022-09-07 11:00:00,10,0,15.26,45.96,6.65,104.29,0.91,7.46,19.84,8.0,164.0,150.0,0.7,2.2,1002.0,1.1,1045.0,1010.2,0.9,1018.3,340.3845,1018.5,577.3981,0.0,19.3,19.3,18.0,52.0,6.416111111,6.3,,,,,,,,,
2022-09-07 12:00:00,10,0,15.33,45.94,6.66,104.58,0.91,7.48,19.88,7.0,147.0,147.0,1.3,2.2,1159.0,1.3,1200.0,1010.0,1.0,1018.1,343.2587,1018.3,548.1475,0.0,19.6,20.3,19.3,58.0,6.403055556,6.3,,,,,,,,,
2022-09-07 13:00:00,10,1,15.32,45.94,6.64,104.58,0.92,7.43,19.74,7.0,188.0,201.0,1.5,2.6,1249.0,1.7,1257.0,1009.9,0.8,1018.0,340.1287,1018.2,523.5942,0.0,20.0,20.0,19.5,57.0,6.400833333,6.3,,,,,,,,,
2022-09-07 14:00:00,10,0,15.32,45.95,6.62,104.58,0.94,7.38,19.61,7.0,172.0,154.0,1.4,2.8,1302.0,1.6,1324.0,1009.9,0.4,1018.0,338.7229,1018.2,461.3898,0.0,19.5,20.0,19.1,61.0,6.405555556,6.3,,,,,,,,,
2022-09-07 15:00:00,10,0,15.43,45.98,6.67,104.48,0.92,7.21,19.16,7.0,167.0,194.0,1.3,3.5,1500.0,1.6,1425.0,1009.7,0.4,1017.8,339.2654,1018.0,378.4222,0.0,18.8,19.9,18.8,66.0,6.401944444,6.301388889,,,,,,,,,
2022-09-07 16:00:00,10,0,15.42,45.97,6.69,104.48,0.86,7.2,19.12,7.0,214.0,206.0,1.3,3.8,1507.0,2.1,1516.0,1009.6,0.3,1017.8,331.9969,1017.9,284.1732,0.0,17.2,19.0,17.2,65.0,6.4025,6.307777778,,,,,,,,,
2022-09-07 17:00:00,10,0,15.5,45.97,6.69,104.74,0.9,7.2,19.13,7.0,328.0,213.0,0.6,2.5,1601.0,1.3,1601.0,1009.6,0.3,1017.8,327.0747,1017.9,123.5893,0.0,15.0,17.2,15.0,79.0,6.400277778,6.379444444,,,,,,,,,
2022-09-07 18:00:00,10,0,15.52,45.97,6.68,104.85,0.89,7.16,19.03,2.0,347.0,345.0,0.9,1.7,1752.0,1.1,1756.0,1009.8,0.2,1018.1,308.9746,1018.1,4.553916,0.0,13.5,15.0,13.5,75.0,6.4,6.399722222,,,,,,,,,
2022-09-07 19:00:00,10,0,15.45,45.98,6.68,104.75,0.93,7.2,19.12,3.0,322.0,359.0,0.4,1.7,1805.0,1.1,1812.0,1010.2,0.6,1018.5,303.2604,1018.5,-9.230643,0.0,12.3,13.5,12.3,80.0,6.4,6.4,,,,,,,,,
2022-09-07 20:00:00,10,0,15.4,45.98,6.69,104.65,0.89,7.27,19.31,2.0,333.0,316.0,0.5,1.2,1917.0,0.6,1920.0,1010.4,0.8,1018.8,299.5656,1018.7,-12.6863,0.0,11.5,12.3,11.5,80.0,6.400555556,6.4,,,,,,,,,
2022-09-07 21:00:00,10,0,15.77,46.0,6.69,105.23,0.88,7.16,19.02,1.0,320.0,312.0,0.4,1.1,2007.0,0.5,2039.0,1010.5,0.6,1018.9,297.2095,1018.8,-12.49895,0.0,11.0,11.5,11.0,85.0,6.401111111,6.4,,,,,,,,,
2022-09-07 22:00:00,10,0,15.9,46.02,6.67,105.11,0.89,7.09,18.84,2.0,311.0,319.0,0.5,1.0,2135.0,0.6,2158.0,1010.4,0.2,1018.8,295.8705,1018.7,-12.17306,0.0,11.0,11.0,10.6,87.0,6.4,6.394722222,,,,,,,,,
2022-09-07 23:00:00,10,0,16.05,46.0,6.68,105.19,0.87,6.95,18.45,2.0,9.0,298.0,0.3,0.9,2208.0,0.5,2237.0,1010.6,0.2,1019.0,294.7803,1018.9,-12.43176,0.0,10.5,11.0,10.5,89.0,6.4,6.358333333,,,,,,,,,
2022-09-08 00:00:00,10,0,15.44,46.0,6.69,104.75,0.92,7.26,19.28,4.0,269.0,269.0,0.4,0.7,2354.0,0.4,0.0,1010.5,0.0,1018.9,294.2906,1018.8,-12.26607,0.0,10.4,10.6,10.3,92.0,6.400833333,6.321111111,,,,,,,,,
2022-09-08 01:00:00,10,1,15.38,45.98,6.67,104.75,0.92,7.39,19.64,4.0,277.0,277.0,0.5,1.1,45.0,0.5,100.0,1010.5,0.1,1018.9,295.1077,1018.8,-12.28393,0.0,10.5,10.6,10.2,93.0,6.4,6.301388889,,,,,,,,,
2022-09-08 02:00:00,10,0,15.32,45.97,6.65,104.75,0.93,7.52,20.0,7.0,315.0,246.0,0.3,1.4,138.0,0.7,142.0,1010.5,0.2,1018.9,294.916,1018.8,-12.26655,0.0,10.2,10.5,10.2,90.0,6.4,6.300555556,,,,,,,,,
2022-09-08 03:00:00,10,0,15.39,45.98,6.69,104.85,0.87,7.5,19.95,4.0,9.0,9.0,1.2,2.7,255.0,1.2,300.0,1010.5,0.0,1018.9,295.8775,1018.8,-12.07412,0.0,10.9,10.9,10.2,84.0,6.4,6.301944444,,,,,,,,,
2022-09-08 04:00:00,10,0,15.47,45.94,6.69,104.56,1.04,7.28,19.35,2.0,330.0,7.0,0.4,1.9,334.0,1.2,303.0,1010.7,0.2,1019.1,295.2819,1019.0,-12.52136,0.0,10.4,11.0,10.4,86.0,6.4025,6.330277778,,,,,,,,,
2022-09-08 05:00:00,10,0,15.56,45.98,6.68,104.76,0.87,7.32,19.47,2.0,359.0,350.0,0.5,1.5,431.0,0.9,438.0,1010.7,0.2,1019.1,294.0786,1019.0,-9.837325,0.0,10.2,10.4,10.1,84.0,6.4,6.329166667,,,,,,,,,
2022-09-08 06:00:00,10,0,15.64,46.0,6.7,104.97,0.91,7.24,19.24,2.0,38.0,359.0,0.2,1.1,512.0,0.5,501.0,1010.9,0.4,1019.2,298.0192,1019.2,55.42445,0.0,12.4,12.4,10.1,83.0,6.4,6.357222222,,,,,,,,,
2022-09-08 07:00:00,10,0,15.64,45.95,6.68,104.84,0.89,7.22,19.17,2.0,66.0,117.0,0.3,1.2,646.0,0.5,654.0,1011.0,0.3,1019.3,305.9843,1019.3,160.9846,0.0,13.8,13.8,12.3,80.0,6.401111111,6.3575,,,,,,,,,
2022-09-08 08:00:00,10,0,15.65,45.99,6.68,104.87,0.88,7.24,19.23,2.0,134.0,144.0,0.6,1.7,733.0,0.8,742.0,1011.2,0.5,1019.5,315.0189,1019.5,274.2465,0.0,15.5,15.5,13.5,72.0,6.403055556,6.363888889,,,,,,,,,
2022-09-08 09:00:00,10,0,15.74,46.03,6.66,104.36,0.89,7.01,18.62,2.0,137.0,120.0,0.4,1.5,840.0,0.8,842.0,1011.5,0.5,1019.7,333.8618,1019.8,302.6996,0.0,15.5,16.8,15.5,69.0,6.408333333,6.355555556,,,,,,,,,
2022-09-08 10:00:00,10,0,15.49,45.96,6.69,104.61,0.88,7.27,19.31,2.0,120.0,87.0,0.6,1.6,938.0,0.7,944.0,1011.5,0.5,1019.7,373.8357,1019.8,240.804,0.0,16.5,16.6,15.4,66.0,6.401388889,6.366388889,,,,,,,,,
2022-09-08 11:00:00,10,0,15.57,46.0,6.68,104.87,0.89,7.19,19.11,0.0,173.0,136.0,1.4,2.6,1029.0,1.5,1038.0,1011.2,0.0,1019.3,379.8065,1019.5,557.4477,0.0,20.0,20.1,16.4,46.0,6.4,6.358055556,,,,,,,,,
2022-09-08 12:00:00,10,0,15.52,45.96,6.69,104.89,0.91,7.32,19.45,7.0,155.0,201.0,1.4,3.1,1142.0,1.8,1106.0,1011.0,0.5,1019.2,339.8015,1019.3,435.3502,0.0,19.0,20.0,18.0,59.0,6.4,6.359166667,,,,,,,,,
2022-09-08 13:00:00,10,1,15.5,45.97,6.68,105.06,0.92,7.36,19.57,7.0,124.0,160.0,1.3,3.1,1257.0,1.5,1204.0,1011.0,0.5,1019.2,344.1043,1019.3,287.7421,0.0,18.1,19.5,18.0,48.0,6.401111111,6.358888889,,,,,,,,,
2022-09-08 14:00:00,10,0,15.48,45.98,6.66,105.22,0.92,7.41,19.69,7.0,95.0,154.0,1.7,4.7,1354.0,2.2,1317.0,1010.6,0.6,1018.7,363.3363,1018.9,565.2108,0.0,20.4,20.6,18.1,47.0,6.401388889,6.37,,,,,,,,,
2022-09-08 15:00:00,10,0,15.58,45.92,6.71,105.61,0.9,7.5,19.95,7.0,61.0,86.0,1.3,4.8,1432.0,2.4,1423.0,1010.4,0.6,1018.6,351.9115,1018.7,399.4174,0.0,17.9,20.4,17.9,52.0,6.4,6.368611111,,,,,,,,,
2022-09-08 16:00:00,10,0,15.68,46.0,6.7,105.6,0.88,7.32,19.46,7.0,12.0,28.0,1.0,4.0,1506.0,1.6,1539.0,1010.3,0.7,1018.5,328.946,1018.6,88.70663,0.0,15.9,17.9,15.9,63.0,6.4,6.363888889,,,,,,,,,
2022-09-08 17:00:00,10,0,15.62,46.03,6.7,105.38,0.85,7.22,19.18,7.0,326.0,10.0,0.4,1.6,1647.0,1.0,1601.0,1010.4,0.2,1018.6,356.4655,1018.7,51.59738,0.0,15.3,15.9,15.2,66.0,6.400277778,6.352222222,,,,,,,,,
2022-09-08 18:00:00,10,0,15.56,45.97,6.72,105.2,0.87,7.27,19.31,4.0,340.0,353.0,0.7,1.9,1742.0,0.9,1750.0,1010.4,0.0,1018.7,362.5219,1018.7,21.39457,0.0,14.3,15.3,14.3,66.0,6.4,6.35,,,,,,,,,
2022-09-08 19:00:00,10,0,15.41,45.94,6.72,105.22,0.9,7.55,20.08,2.0,12.0,16.0,1.0,2.1,1828.0,1.2,1857.0,1010.4,0.1,1018.7,361.7752,1018.7,-7.371192,0.0,13.8,14.3,13.7,66.0,6.400833333,6.321388889,,,,,,,,,
2022-09-08 20:00:00,10,0,15.43,45.98,6.72,105.36,0.86,7.44,19.79,4.0,322.0,341.0,0.8,2.1,1908.0,1.2,1953.0,1010.4,0.0,1018.7,359.1655,1018.7,-11.46319,0.0,13.5,13.8,13.5,68.0,6.4,6.306666667,,,,,,,,,
2022-09-08 21:00:00,10,0,15.31,45.96,6.7,105.14,0.94,7.64,20.31,7.0,339.0,311.0,0.5,1.6,2014.0,0.8,2001.0,1010.3,0.1,1018.6,354.8698,1018.6,-11.43198,0.0,13.1,13.5,13.0,66.0,6.403333333,6.302222222,,,,,,,,,
2022-09-08 22:00:00,10,0,15.33,45.93,6.72,105.68,0.87,7.73,20.57,7.0,345.0,256.0,0.3,1.5,2133.0,0.7,2136.0,1010.3,0.1,1018.6,359.099,1018.6,-10.9451,0.0,12.7,13.4,12.7,75.0,6.4025,6.302777778,,,,,,,,,
2022-09-08 23:00:00,10,0,15.65,45.97,6.69,105.35,0.9,7.24,19.25,7.0,1.0,10.0,0.3,2.8,2242.0,1.5,2237.0,1010.2,0.2,1018.5,323.9954,1018.5,-12.46618,0.0,12.2,13.1,12.2,75.0,6.400833333,6.3175,,,,,,,,,
2022-09-09 00:00:00,10,0,15.42,45.94,6.71,105.36,0.9,7.59,20.2,8.0,346.0,5.0,0.4,2.8,2334.0,1.3,2320.0,1010.0,0.3,1018.4,299.5137,1018.3,-12.96137,0.0,11.6,12.3,11.6,76.0,6.400833333,6.344166667,,,,,,,,,
2022-09-09 01:00:00,10,1,15.43,45.96,6.69,105.28,0.89,7.55,20.08,7.0,344.0,357.0,0.2,1.3,23.0,0.8,34.0,1010.1,0.2,1018.5,303.313,1018.4,-12.5822,0.0,10.8,11.6,10.8,81.0,6.405555556,6.351666667,,,,,,,,,
2022-09-09 02:00:00,10,0,15.44,45.98,6.67,105.21,0.88,7.51,19.96,7.0,360.0,360.0,1.0,2.1,159.0,1.0,200.0,1009.8,0.4,1018.2,323.3559,1018.1,-11.28459,0.0,11.2,11.2,10.6,76.0,6.400555556,6.346944444,,,,,,,,,
2022-09-09 03:00:00,10,0,15.51,45.96,6.71,105.23,0.89,7.45,19.81,7.0,347.0,347.0,0.5,1.5,203.0,1.0,207.0,1009.8,0.2,1018.2,338.2233,1018.1,-11.02702,0.0,11.3,11.3,10.7,75.0,6.4025,6.342222222,,,,,,,,,
2022-09-09 04:00:00,10,0,15.48,45.98,6.7,105.07,0.9,7.36,19.56,7.0,354.0,12.0,0.8,2.0,344.0,1.0,350.0,1009.6,0.5,1018.0,328.7718,1017.9,-11.82391,0.0,11.3,11.4,11.1,72.0,6.4,6.349444444,,,,,,,,,
2022-09-09 05:00:00,10,0,15.38,45.93,6.71,105.24,0.93,7.62,20.26,7.0,2.0,19.0,0.5,2.5,434.0,1.1,437.0,1009.5,0.3,1017.9,331.9782,1017.8,-9.67468,0.0,11.2,11.4,11.1,72.0,6.400277778,6.366666667,,,,,,,,,
2022-09-09 06:00:00,10,0,15.36,45.95,6.7,105.17,0.9,7.62,20.28,7.0,171.0,36.0,1.2,3.5,541.0,1.8,546.0,1009.5,0.4,1017.8,335.677,1017.7,73.04768,0.0,13.0,13.7,11.1,75.0,6.402222222,6.3675,,,,,,,,,
2022-09-09 07:00:00,10,0,15.49,45.94,6.71,105.48,0.91,7.57,20.12,7.0,53.0,67.0,1.7,3.8,655.0,1.9,649.0,1009.4,0.2,1017.7,308.5704,1017.7,179.6318,0.0,14.7,14.7,12.9,56.0,6.401111111,6.365833333,,,,,,,,,
2022-09-09 08:00:00,10,0,15.47,45.91,6.71,105.82,0.89,7.71,20.51,4.0,117.0,60.0,0.9,3.8,716.0,1.9,717.0,1009.5,0.1,1017.7,309.0786,1017.7,271.0326,0.0,15.7,15.7,14.5,60.0,6.401388889,6.380277778,,,,,,,,,
2022-09-09 09:00:00,10,0,15.51,45.87,6.71,105.68,0.9,7.7,20.5,4.0,92.0,97.0,0.8,2.7,850.0,1.5,850.0,1009.4,0.0,1017.6,317.4055,1017.7,387.3144,0.0,16.6,16.6,15.5,59.0,6.4,6.371111111,,,,,,,,,
2022-09-09 10:00:00,10,0,15.47,45.88,6.7,105.84,0.9,7.75,20.62,4.0,152.0,152.0,1.0,2.5,922.0,1.0,1000.0,1009.4,0.0,1017.6,327.2979,1017.7,493.3806,0.0,17.1,17.5,16.5,52.0,6.4,6.358888889,,,,,,,,,
2022-09-09 11:00:00,10,0,15.48,45.89,6.7,105.86,0.92,7.69,20.47,7.0,183.0,183.0,1.5,2.8,1058.0,1.5,1100.0,1009.1,0.3,1017.3,330.123,1017.4,563.4283,0.0,18.1,18.5,17.1,45.0,6.4,6.344166667,,,,,,,,,
2022-09-09 12:00:00,10,0,15.48,45.91,6.71,106.02,0.9,7.69,20.47,7.0,151.0,199.0,1.1,3.0,1107.0,1.8,1119.0,1009.0,0.5,1017.2,330.2957,1017.3,515.836,0.0,18.5,18.5,17.8,47.0,6.402222222,6.356111111,,,,,,,,,
2022-09-09 13:00:00,10,1,15.48,45.96,6.68,105.39,0.89,7.5,19.94,7.0,134.0,131.0,1.9,3.4,1251.0,2.0,1259.0,1008.7,0.7,1016.8,331.7699,1017.0,495.7273,0.0,18.6,19.0,17.8,50.0,6.400555556,6.322777778,,,,,,,,,
2022-09-09 14:00:00,10,0,15.49,46.0,6.66,104.76,0.88,7.31,19.42,7.0,92.0,198.0,1.3,4.4,1304.0,2.4,1313.0,1008.5,0.7,1016.6,330.6587,1016.7,440.5405,0.0,18.2,18.6,17.9,51.0,6.4,6.305833333,,,,,,,,,
2022-09-09 15:00:00,10,0,15.5,46.0,6.71,104.69,0.87,7.27,19.31,7.0,23.0,140.0,1.4,3.3,1453.0,1.8,1428.0,1008.3,0.6,1016.5,331.9422,1016.6,372.2132,0.0,17.5,18.4,17.3,53.0,6.401944444,6.310277778,,,,,,,,,
2022-09-09 16:00:00,10,0,15.52,45.97,6.71,105.28,0.89,7.39,19.64,7.0,222.0,230.0,1.3,5.0,1550.0,1.9,1552.0,1008.5,0.3,1016.7,324.0881,1016.7,229.3961,0.0,15.5,18.0,15.5,67.0,6.400833333,6.308888889,,,,,,,,,
2022-09-09 17:00:00,10,0,15.57,45.97,6.71,105.63,0.89,7.43,19.75,2.0,311.0,222.0,0.7,2.5,1611.0,1.3,1601.0,1008.6,0.2,1016.9,314.3177,1016.9,71.82455,0.0,13.8,15.5,13.8,76.0,6.4,6.308333333,,,,,,,,,
2022-09-09 18:00:00,10,0,15.67,45.99,6.69,104.79,0.87,7.06,18.75,2.0,315.0,313.0,0.9,1.9,1755.0,1.0,1737.0,1008.9,0.5,1017.2,307.6772,1017.2,14.0149,0.0,12.5,13.8,12.5,79.0,6.400277778,6.301388889,,,,,,,,,
2022-09-09 19:00:00,10,0,15.61,46.01,6.71,105.18,0.89,7.23,19.22,2.0,325.0,318.0,0.6,1.9,1809.0,1.0,1809.0,1009.0,0.6,1017.4,302.0436,1017.3,-9.500761,0.0,11.4,12.5,11.4,83.0,6.404444444,6.303611111,,,,,,,,,
2022-09-09 20:00:00,10,0,15.78,46.0,6.69,104.82,0.88,7.03,18.67,2.0,326.0,304.0,0.4,1.3,1928.0,0.8,1934.0,1009.1,0.5,1017.5,299.1136,1017.4,-12.3565,0.0,10.7,11.4,10.7,85.0,6.409444444,6.331388889,,,,,,,,,
2022-09-09 21:00:00,10,0,15.83,46.03,6.7,105.0,0.84,6.99,18.56,2.0,310.0,310.0,0.5,1.0,2016.0,0.5,2100.0,1009.3,0.4,1017.7,295.5857,1017.6,-12.32121,0.0,10.2,10.7,10.2,85.0,6.401111111,6.3625,,,,,,,,,
2022-09-09 22:00:00,10,0,16.19,46.02,6.69,105.08,0.84,6.73,17.85,2.0,319.0,299.0,0.3,1.0,2123.0,0.5,2145.0,1009.3,0.2,1017.7,295.7523,1017.6,-12.11283,0.0,10.1,10.2,10.0,90.0,6.4,6.378055556,,,,,,,,,
2022-09-09 23:00:00,10,0,16.07,46.14,6.69,105.35,0.88,6.75,17.92,2.0,287.0,287.0,0.7,1.0,2258.0,0.7,2300.0,1009.4,0.3,1017.8,295.1969,1017.7,-11.97275,0.0,9.5,10.1,9.5,90.0,6.400277778,6.397777778,,,,,,,,,
2022-09-10 00:00:00,10,0,15.7,46.05,6.69,104.95,0.88,7.17,19.06,7.0,321.0,321.0,0.6,0.9,2359.0,0.6,0.0,1009.2,0.1,1017.6,293.6033,1017.5,-12.07244,0.0,9.4,9.5,9.4,92.0,6.400555556,6.4,,,,,,,,,
2022-09-10 01:00:00,10,1,15.74,46.03,6.68,105.02,0.87,7.15,19.02,7.0,303.0,292.0,0.4,1.0,29.0,0.6,54.0,1009.0,0.2,1017.4,290.2191,1017.3,-12.06208,0.0,9.3,9.4,9.2,94.0,6.4,6.4,,,,,,,,,
2022-09-10 02:00:00,10,0,15.77,46.01,6.66,105.1,0.86,7.14,18.97,7.0,331.0,331.0,0.7,1.4,121.0,0.7,200.0,1009.0,0.3,1017.4,289.9804,1017.3,-12.09744,0.0,9.0,9.3,8.9,93.0,6.400833333,6.4,,,,,,,,,
2022-09-10 03:00:00,10,0,15.8,46.01,6.69,104.94,0.87,7.05,18.71,4.0,303.0,306.0,0.6,1.3,256.0,0.7,259.0,1009.1,0.1,1017.5,288.9338,1017.4,-12.15085,0.0,8.6,9.0,8.6,93.0,6.400555556,6.4,,,,,,,,,
2022-09-10 04:00:00,10,0,15.64,45.99,6.71,104.8,0.95,7.15,19.01,4.0,337.0,326.0,0.5,1.1,311.0,0.6,335.0,1009.1,0.1,1017.5,287.8929,1017.4,-12.14397,0.0,8.6,8.8,8.6,93.0,6.4,6.399444444,,,,,,,,,
2022-09-10 05:00:00,10,0,15.62,46.02,6.71,104.81,0.87,7.14,18.98,4.0,317.0,331.0,0.5,1.3,412.0,0.9,413.0,1009.1,0.1,1017.5,286.9182,1017.4,-9.829068,0.0,8.5,8.6,8.4,94.0,6.400833333,6.399166667,,,,,,,,,
2022-09-10 06:00:00,10,0,15.92,46.04,6.67,104.11,0.84,6.77,17.97,4.0,317.0,331.0,0.3,1.1,525.0,0.6,532.0,1009.3,0.1,1017.7,288.1511,1017.6,18.39443,0.0,9.0,9.0,8.4,92.0,6.401388889,6.398055556,,,,,,,,,
2022-09-10 07:00:00,10,0,15.88,46.08,6.67,104.2,0.86,6.76,17.94,2.0,127.0,127.0,0.5,1.4,658.0,0.5,700.0,1009.4,0.3,1017.8,293.9183,1017.7,114.292,0.0,11.1,11.3,9.0,86.0,6.4,6.399166667,,,,,,,,,
2022-09-10 08:00:00,10,0,15.82,46.07,6.67,104.17,0.85,6.77,17.98,2.0,152.0,137.0,0.7,1.9,754.0,0.9,757.0,1009.5,0.4,1017.8,304.5535,1017.8,248.4901,0.0,13.0,13.1,11.0,79.0,6.4,6.399444444,,,,,,,,,
2022-09-10 09:00:00,10,0,15.79,46.07,6.67,104.16,0.86,6.83,18.14,2.0,153.0,134.0,0.6,3.5,838.0,1.2,843.0,1009.6,0.4,1017.9,309.5921,1017.9,290.5274,0.0,14.3,14.3,13.0,68.0,6.403055556,6.4,,,,,,,,,
2022-09-10 10:00:00,10,0,15.81,46.08,6.67,104.1,0.85,6.75,17.92,2.0,101.0,167.0,0.9,2.3,1000.0,1.1,946.0,1009.6,0.1,1017.8,316.1063,1017.9,423.5041,0.0,15.5,15.5,14.0,62.0,6.405555556,6.4,,,,,,,,,
2022-09-10 11:00:00,10,0,15.8,46.07,6.66,104.06,0.91,6.77,17.97,4.0,160.0,160.0,1.6,2.9,1055.0,1.6,1100.0,1009.4,0.1,1017.6,322.8601,1017.7,548.4371,0.0,16.5,16.8,15.5,62.0,6.403333333,6.4,,,,,,,,,
2022-09-10 12:00:00,10,0,15.68,46.03,6.68,104.56,0.9,7.29,19.37,7.0,194.0,208.0,1.7,3.4,1135.0,1.8,1140.0,1009.3,0.3,1017.5,328.8736,1017.6,533.4894,0.0,16.9,17.2,16.4,59.0,6.411944444,6.4,,,,,,,,,
2022-09-10 13:00:00,10,1,15.64,46.02,6.68,104.77,0.88,7.28,19.34,7.0,206.0,189.0,1.8,4.1,1239.0,2.5,1244.0,1009.2,0.4,1017.4,328.9744,1017.5,375.9999,0.0,16.4,17.6,15.5,61.0,6.402777778,6.4,,,,,,,,,
2022-09-10 14:00:00,10,0,15.61,46.01,6.67,104.98,0.86,7.26,19.3,7.0,190.0,203.0,2.1,5.5,1341.0,2.7,1326.0,1009.1,0.3,1017.3,331.9682,1017.4,395.4113,0.0,16.9,17.3,16.0,62.0,6.400833333,6.4,,,,,,,,,
2022-09-10 15:00:00,10,0,15.72,46.02,6.69,105.09,0.85,7.18,19.08,7.0,80.0,195.0,1.1,4.7,1401.0,2.6,1408.0,1009.2,0.1,1017.5,343.433,1017.5,234.2924,0.0,14.8,17.1,14.7,69.0,6.403055556,6.397222222,,,,,,,,,
2022-09-10 16:00:00,10,0,15.73,45.97,6.71,105.33,0.87,7.25,19.27,4.0,349.0,14.0,0.8,3.7,1534.0,1.7,1542.0,1009.3,0.1,1017.6,339.4447,1017.6,127.7773,0.0,14.2,14.8,14.2,70.0,6.4025,6.4,,,,,,,,,
2022-09-10 17:00:00,10,0,15.87,46.07,6.69,104.6,0.86,6.81,18.07,2.0,355.0,1.0,0.9,2.8,1626.0,1.4,1633.0,1009.4,0.2,1017.7,342.4035,1017.7,65.21717,0.0,13.6,14.2,13.5,74.0,6.402222222,6.397777778,,,,,,,,,
2022-09-10 18:00:00,10,0,16.03,46.08,6.7,105.08,0.87,6.75,17.92,2.0,326.0,7.0,0.8,1.9,1710.0,0.9,1711.0,1009.5,0.3,1017.8,344.996,1017.8,20.15797,0.0,12.4,13.7,12.4,80.0,6.400277778,6.39,,,,,,,,,
2022-09-10 19:00:00,10,0,15.9,46.04,6.7,105.08,0.85,6.92,18.38,2.0,318.0,340.0,0.2,2.1,1823.0,0.9,1828.0,1009.8,0.5,1018.1,371.4461,1018.1,-9.127597,0.0,12.5,12.5,12.1,81.0,6.401666667,6.389722222,,,,,,,,,
2022-09-10 20:00:00,10,0,15.95,46.05,6.72,104.99,0.87,6.81,18.08,2.0,3.0,3.0,0.7,1.7,1915.0,0.7,2000.0,1009.9,0.5,1018.2,356.8825,1018.2,-11.25933,0.0,11.9,12.5,11.9,84.0,6.403888889,6.3975,,,,,,,,,
2022-09-10 21:00:00,10,0,15.96,46.06,6.71,104.87,0.9,6.83,18.13,0.0,311.0,9.0,0.5,1.7,2033.0,0.8,2030.0,1009.9,0.4,1018.2,367.7242,1018.2,-10.96184,0.0,12.1,12.1,11.8,85.0,6.412777778,6.4,,,,,,,,,
2022-09-10 22:00:00,10,0,15.84,46.03,6.71,105.0,0.87,6.98,18.54,4.0,312.0,63.0,0.5,1.8,2113.0,1.0,2119.0,1009.9,0.1,1018.3,352.7324,1018.2,-11.17792,0.0,11.5,12.1,11.5,88.0,6.4,6.378888889,,,,,,,,,
2022-09-10 23:00:00,10,0,15.89,46.05,6.69,104.87,0.88,6.89,18.29,2.0,349.0,349.0,0.7,1.8,2251.0,0.7,2300.0,1010.1,0.3,1018.5,330.0528,1018.4,-11.75954,0.0,10.9,11.5,10.9,89.0,6.4,6.348888889,,,,,,,,,
2022-09-11 00:00:00,10,0,15.85,46.06,6.68,104.89,0.86,6.95,18.44,2.0,322.0,309.0,0.6,1.2,2306.0,0.7,2330.0,1010.1,0.2,1018.5,317.1233,1018.4,-11.62326,0.0,10.4,10.9,10.4,90.0,6.400277778,6.331111111,,,,,,,,,
2022-09-11 01:00:00,10,1,15.85,46.07,6.67,104.7,0.88,6.88,18.26,4.0,314.0,300.0,0.7,1.4,41.0,0.9,49.0,1010.0,0.1,1018.4,302.8678,1018.3,-12.03428,0.0,9.8,10.4,9.8,91.0,6.4,6.337777778,,,,,,,,,
2022-09-11 02:00:00,10,0,15.86,46.08,6.66,104.5,0.91,6.81,18.09,7.0,0.0,303.0,0.0,1.2,109.0,0.7,113.0,1010.0,0.1,1018.4,335.2921,1018.3,-10.70579,0.0,10.2,10.2,9.8,93.0,6.4,6.363055556,,,,,,,,,
2022-09-11 03:00:00,10,0,15.81,46.07,6.7,104.36,0.88,6.81,18.08,4.0,359.0,304.0,0.0,0.8,241.0,0.4,247.0,1010.0,0.0,1018.4,355.2987,1018.3,-10.03892,0.0,10.4,10.5,10.2,94.0,6.4,6.355833333,,,,,,,,,
2022-09-11 04:00:00,10,0,15.77,46.07,6.7,104.28,1.07,6.85,18.19,7.0,325.0,330.0,0.7,1.3,313.0,0.8,322.0,1009.8,0.1,1018.2,341.8843,1018.1,-10.9399,0.0,10.3,10.6,10.3,92.0,6.4,6.335833333,,,,,,,,,
2022-09-11 05:00:00,10,0,15.74,46.05,6.7,104.27,0.86,6.88,18.27,7.0,313.0,326.0,0.6,1.5,422.0,0.8,430.0,1009.7,0.2,1018.1,293.869,1018.0,-10.04355,0.0,9.3,10.3,9.3,93.0,6.4,6.343055556,,,,,,,,,
2022-09-11 06:00:00,10,0,15.7,46.06,6.69,104.14,0.87,6.89,18.29,5.0,38.0,288.0,0.2,1.2,521.0,0.6,537.0,1010.1,0.0,1018.5,291.3966,1018.4,38.45366,0.0,11.1,11.1,9.3,92.0,6.4,6.338888889,,,,,,,,,
2022-09-11 07:00:00,10,0,15.69,46.06,6.75,104.1,0.88,6.9,18.32,2.0,118.0,118.0,0.9,2.0,700.0,0.9,700.0,1010.0,0.2,1018.3,307.0207,1018.3,136.7467,0.0,12.3,12.4,10.7,86.0,6.4,6.346388889,,,,,,,,,
2022-09-11 08:00:00,10,0,15.68,46.06,6.7,104.26,0.84,6.94,18.42,0.0,120.0,120.0,1.2,2.8,753.0,1.3,719.0,1009.9,0.2,1018.2,314.1896,1018.2,275.337,0.0,13.9,14.1,12.3,79.0,6.4,6.358333333,,,,,,,,,
2022-09-11 09:00:00,10,0,15.67,46.05,6.68,104.11,0.89,6.89,18.3,7.0,89.0,147.0,1.3,3.4,807.0,2.0,827.0,1009.7,0.3,1018.0,311.1637,1018.0,381.4709,0.0,14.3,14.4,13.4,75.0,6.4,6.355555556,,,,,,,,,
2022-09-11 10:00:00,10,0,15.66,46.06,6.68,104.11,0.89,6.87,18.24,8.0,184.0,91.0,0.4,2.8,905.0,1.6,905.0,1009.3,0.7,1017.6,311.7071,1017.6,354.6286,0.0,14.7,15.2,13.3,74.0,6.4,6.364722222,,,,,,,,,
2022-09-11 11:00:00,10,0,15.65,46.04,6.68,104.25,0.9,6.9,18.32,7.0,180.0,179.0,1.6,3.1,1055.0,1.7,1059.0,1009.1,0.8,1017.3,326.5849,1017.4,493.9358,0.0,15.3,16.6,14.7,67.0,6.4,6.357222222,,,,,,,,,
2022-09-11 12:00:00,10,0,15.63,46.05,6.7,104.36,0.89,6.94,18.43,7.0,153.0,182.0,0.7,1.9,1122.0,1.6,1101.0,1008.9,0.8,1017.1,359.9682,1017.2,238.2044,0.0,15.2,15.3,14.7,67.0,6.4,6.366944444,,,,,,,,,
2022-09-11 13:00:00,10,1,15.62,46.04,6.68,104.42,0.89,6.96,18.48,7.0,242.0,204.0,0.8,2.7,1240.0,1.6,1242.0,1008.9,0.5,1017.1,378.1156,1017.1,203.4122,0.0,15.2,15.6,15.1,66.0,6.400555556,6.368333333,,,,,,,,,
2022-09-11 14:00:00,10,0,15.62,46.04,6.67,104.49,0.89,6.97,18.52,7.0,201.0,201.0,2.3,4.5,1316.0,2.3,1400.0,1008.7,0.4,1017.0,377.3944,1017.0,157.3458,0.0,14.6,15.2,14.6,73.0,6.4,6.375555556,,,,,,,,,
2022-09-11 15:00:00,10,0,15.68,46.04,6.7,104.58,0.86,6.93,18.39,7.0,197.0,200.0,1.5,3.8,1421.0,2.6,1405.0,1008.3,0.6,1016.6,371.2915,1016.6,148.7524,0.0,14.6,14.6,14.4,72.0,6.4,6.359444444,,,,,,,,,
2022-09-11 16:00:00,10,0,15.83,46.07,6.7,104.65,0.87,6.79,18.02,7.0,334.0,184.0,0.4,3.0,1506.0,1.7,1510.0,1008.2,0.7,1016.5,368.6712,1016.5,111.5848,0.0,14.1,14.7,14.1,71.0,6.4,6.351944444,,,,,,,,,
2022-09-11 17:00:00,10,0,15.8,46.05,6.71,104.63,0.9,6.84,18.14,7.0,311.0,311.0,0.4,0.7,1609.0,0.4,1700.0,1007.8,0.9,1016.1,366.9175,1016.0,45.74498,0.0,13.5,14.1,13.5,79.0,6.4,6.349722222,,,,,,,,,
2022-09-11 18:00:00,10,0,15.79,46.05,6.71,104.7,0.88,6.84,18.16,8.0,312.0,309.0,0.6,1.0,1735.0,0.7,1754.0,1007.4,0.9,1015.7,361.8596,1015.7,6.121837,0.0,12.3,13.5,12.3,79.0,6.4,6.336111111,,,,,,,,,
2022-09-11 19:00:00,10,0,15.78,46.05,6.71,104.74,0.87,6.83,18.12,7.0,334.0,325.0,0.5,1.3,1838.0,0.8,1847.0,1006.9,1.2,1015.2,361.5847,1015.2,-10.05525,0.0,11.8,12.3,11.8,82.0,6.4,6.310555556,,,,,,,,,
2022-09-11 20:00:00,10,0,15.77,46.05,6.72,104.72,0.9,6.84,18.17,7.0,342.0,355.0,0.4,2.5,1929.0,1.3,1934.0,1006.8,0.9,1015.1,334.4482,1015.0,-11.81143,0.0,11.2,11.8,11.2,83.0,6.400277778,6.314722222,,,,,,,,,
2022-09-11 21:00:00,10,0,15.75,46.07,6.72,104.62,0.88,6.79,18.02,7.0,350.0,231.0,0.5,2.1,2039.0,1.0,2045.0,1006.5,1.0,1014.8,337.0907,1014.8,-11.51822,0.0,11.0,11.4,11.0,85.0,6.400833333,6.332777778,,,,,,,,,
2022-09-11 22:00:00,10,0,15.73,46.06,6.72,104.59,0.86,6.87,18.25,8.0,320.0,334.0,0.5,1.7,2108.0,0.8,2139.0,1005.9,1.0,1014.2,320.8864,1014.2,-11.59637,0.0,10.6,11.0,10.6,87.0,6.402222222,6.338611111,,,,,,,,,
2022-09-11 23:00:00,10,0,15.69,46.04,6.71,104.5,0.82,6.87,18.24,7.0,306.0,318.0,0.5,1.2,2231.0,0.7,2241.0,1005.6,1.2,1014.0,317.2165,1013.9,-11.72649,0.0,10.2,10.6,10.2,90.0,6.400555556,6.341388889,,,,,,,,,
2022-09-12 00:00:00,10,0,15.66,46.05,6.7,104.36,0.83,6.88,18.26,7.0,352.0,282.0,0.4,1.9,2341.0,0.9,2350.0,1005.2,1.2,1013.6,315.0265,1013.5,-11.68225,0.0,9.9,10.2,9.9,91.0,6.4,6.361666667,,,,,,,,,
2022-09-12 01:00:00,10,1,15.63,46.05,6.68,104.33,0.84,6.92,18.37,8.0,293.0,293.0,0.6,1.1,58.0,0.6,100.0,1004.6,1.3,1013.0,311.1113,1012.9,-11.68577,0.0,9.6,9.9,9.6,91.0,6.400555556,6.380277778,,,,,,,,,
2022-09-12 02:00:00,10,0,15.6,46.05,6.67,104.3,0.84,6.96,18.47,8.0,27.0,27.0,1.6,3.8,158.0,1.6,200.0,1003.5,2.1,1011.8,311.2498,1011.7,-11.7851,0.0,10.0,10.0,9.5,91.0,6.4,6.399444444,,,,,,,,,
2022-09-12 03:00:00,10,0,15.56,46.02,6.7,104.31,0.89,7.02,18.65,8.0,8.0,23.0,1.5,3.5,208.0,2.0,213.0,1002.9,2.4,1011.2,317.6771,1011.1,-11.86569,0.0,10.4,10.5,10.0,87.0,6.400277778,6.4,,,,,,,,,
2022-09-12 04:00:00,10,0,15.54,46.03,6.7,104.1,0.86,6.98,18.53,6.0,27.0,27.0,1.9,3.7,356.0,1.9,400.0,1002.5,2.2,1010.8,372.9697,1010.7,-11.14907,0.1,10.7,10.7,10.4,85.0,6.4,6.4,,,,,,,,,
2022-09-12 05:00:00,10,0,15.52,46.05,6.7,104.01,0.87,6.96,18.48,8.0,22.0,25.0,2.2,4.5,447.0,2.4,442.0,1001.5,1.9,1009.8,374.0055,1009.8,-10.54538,0.0,11.3,11.3,10.7,78.0,6.4,6.4,,,,,,,,,
2022-09-12 06:00:00,10,0,15.52,46.05,6.7,103.93,0.9,6.97,18.51,8.0,25.0,42.0,2.3,5.6,520.0,3.3,524.0,1000.8,2.0,1009.1,375.5633,1009.0,-4.018515,0.0,11.6,12.1,11.3,76.0,6.400277778,6.399722222,,,,,,,,,
2022-09-12 07:00:00,10,0,15.5,46.05,6.69,103.97,0.87,6.99,18.57,6.0,31.0,31.0,2.7,5.1,651.0,2.8,659.0,1000.5,2.0,1008.8,381.3906,1008.7,11.7866,0.7,10.8,11.6,10.7,87.0,6.416111111,6.396944444,,,,,,,,,
2022-09-12 08:00:00,10,0,15.48,46.05,6.68,103.85,0.84,7.02,18.64,6.0,24.0,28.0,2.0,4.5,701.0,2.7,710.0,999.8,1.7,1008.1,384.4137,1008.0,48.56755,0.5,11.1,11.1,10.8,87.0,6.410555556,6.381666667,,,,,,,,,
2022-09-12 09:00:00,10,0,15.47,46.05,6.68,103.73,0.88,6.99,18.56,8.0,30.0,31.0,2.7,5.0,853.0,3.0,843.0,999.1,1.7,1007.3,388.5663,1007.3,77.20901,0.0,12.2,12.2,11.1,81.0,6.400833333,6.360555556,,,,,,,,,
2022-09-12 10:00:00,10,0,15.44,46.03,6.66,103.69,0.86,7.04,18.71,7.0,37.0,29.0,2.3,4.9,934.0,2.7,902.0,998.2,2.3,1006.4,375.1745,1006.4,102.1948,0.0,13.5,13.5,12.2,76.0,6.4,6.374722222,,,,,,,,,
2022-09-12 11:00:00,10,0,15.44,46.03,6.67,103.66,0.91,6.99,18.56,8.0,29.0,29.0,3.1,6.5,1051.0,3.2,1059.0,996.8,3.0,1005.0,376.701,1004.9,131.051,0.0,14.8,14.8,13.4,68.0,6.4,6.365833333,,,,,,,,,
2022-09-12 12:00:00,10,0,15.44,46.04,6.67,103.75,0.89,6.98,18.53,8.0,60.0,66.0,2.5,5.9,1120.0,3.5,1135.0,995.5,3.6,1003.6,380.1823,1003.6,287.827,0.0,16.5,16.6,14.8,65.0,6.4,6.367222222,0.0,76.0,0.024,0.3,0.001,,0.074,0.32,
2022-09-12 13:00:00,10,1,15.42,46.01,6.65,103.82,0.88,7.1,18.84,6.0,42.0,47.0,2.4,4.9,1216.0,3.0,1227.0,994.5,3.7,1002.6,384.1146,1002.6,148.7012,0.0,16.1,16.6,16.1,67.0,6.4,6.352222222,,,,,,,,,
2022-09-12 14:00:00,10,0,15.4,45.98,6.63,103.89,0.88,7.21,19.15,7.0,21.0,31.0,2.3,4.5,1331.0,2.6,1339.0,993.1,3.6,1001.3,391.0603,1001.3,55.50218,0.8,13.8,16.1,13.8,83.0,6.4,6.366944444,,,,,,,,,
2022-09-12 15:00:00,10,0,15.45,46.02,6.66,103.9,0.88,7.08,18.8,8.0,29.0,31.0,2.5,6.0,1444.0,3.0,1449.0,991.9,3.5,1000.1,396.7897,1000.0,39.98151,1.8,13.4,13.8,12.9,86.0,6.4,6.399722222,,,,,,,,,
2022-09-12 16:00:00,10,0,15.52,46.02,6.68,103.82,0.86,7.02,18.64,7.0,31.0,33.0,2.9,6.0,1526.0,3.4,1538.0,990.8,3.7,998.9,397.0176,998.9,78.22944,0.1,14.4,14.4,13.4,79.0,6.4,6.4,,,,,,,,,
2022-09-12 17:00:00,10,0,15.47,45.98,6.66,103.62,0.9,7.1,18.85,6.0,337.0,31.0,1.4,6.5,1614.0,3.2,1616.0,990.5,2.6,998.6,390.3449,998.7,33.06195,0.0,14.0,14.5,13.8,82.0,6.4,6.4,,,,,,,,,
2022-09-12 18:00:00,10,0,15.32,45.94,6.64,103.33,0.89,7.33,19.49,6.0,325.0,14.0,0.6,3.7,1715.0,2.1,1718.0,990.5,1.4,998.6,386.3851,998.6,2.593921,0.0,13.5,14.3,13.5,85.0,6.4,6.4,,,,,,,,,
2022-09-12 19:00:00,10,0,15.18,45.92,6.62,103.09,0.89,7.54,20.04,5.0,281.0,281.0,1.1,4.4,1858.0,1.1,1900.0,990.8,0.1,998.9,390.6464,998.9,-9.362517,0.0,13.9,13.9,13.5,80.0,6.400555556,6.399166667,,,,,,,,,
2022-09-12 20:00:00,10,0,15.15,45.93,6.62,103.11,0.94,7.59,20.18,8.0,305.0,271.0,0.8,2.2,1902.0,1.2,1904.0,990.5,0.1,998.7,359.5462,998.6,-11.54602,0.0,12.9,14.2,12.9,87.0,6.4,6.399722222,,,,,,,,,
2022-09-12 21:00:00,10,0,15.22,45.94,6.64,103.19,0.91,7.46,19.84,8.0,319.0,293.0,0.5,2.0,2001.0,0.8,2004.0,990.2,0.4,998.4,347.623,998.3,-11.44991,0.0,12.5,13.0,12.5,89.0,6.400277778,6.398888889,,,,,,,,,
2022-09-12 22:00:00,10,0,15.23,45.98,6.65,103.31,0.89,7.38,19.62,8.0,303.0,309.0,0.7,1.6,2108.0,1.0,2116.0,989.7,1.1,997.9,341.9537,997.8,-11.28358,0.0,12.2,12.5,12.2,91.0,6.400833333,6.399722222,,,,,,,,,
2022-09-12 23:00:00,10,0,15.26,45.97,6.65,103.17,0.89,7.36,19.57,7.0,23.0,29.0,0.9,2.0,2226.0,1.3,2228.0,989.8,0.7,998.0,358.0294,997.9,-11.09248,0.0,12.7,12.8,12.2,92.0,6.4,6.399444444,,,,,,,,,
2022-09-13 00:00:00,10,0,15.27,45.98,6.64,103.09,0.87,7.33,19.48,8.0,37.0,43.0,1.0,2.8,2306.0,1.5,2315.0,989.2,0.9,997.3,368.4798,997.3,-10.5728,0.0,13.0,13.1,12.7,91.0,6.4,6.4,,,,,,,,,
2022-09-13 01:00:00,10,1,15.25,45.99,6.63,103.04,0.88,7.34,19.51,8.0,25.0,16.0,0.7,2.2,32.0,1.2,27.0,988.8,0.9,996.9,375.6422,996.9,-10.66003,0.0,13.0,13.0,12.8,91.0,6.4,6.399444444,,,,,,,,,
2022-09-13 02:00:00,10,0,15.24,46.0,6.62,102.99,0.88,7.35,19.54,7.0,49.0,85.0,0.9,3.8,113.0,1.6,127.0,988.3,1.5,996.4,393.8618,996.4,-8.985967,0.0,13.1,13.3,13.0,89.0,6.4,6.383888889,,,,,,,,,
2022-09-13 03:00:00,10,0,15.22,46.0,6.64,102.87,0.89,7.38,19.61,7.0,113.0,63.0,0.7,3.0,215.0,1.7,222.0,987.8,1.4,995.9,391.1147,995.9,-8.967997,0.0,12.7,13.1,12.7,90.0,6.4,6.356388889,,,,,,,,,
2022-09-13 04:00:00,10,0,15.19,45.99,6.63,102.81,0.89,7.4,19.66,6.0,255.0,245.0,1.5,5.0,354.0,1.6,358.0,987.8,1.1,995.9,389.6794,995.9,-9.494781,0.0,12.4,12.7,12.4,91.0,6.4,6.333333333,,,,,,,,,
2022-09-13 05:00:00,10,0,15.18,46.01,6.61,102.64,0.92,7.33,19.47,5.0,134.0,211.0,0.7,3.7,415.0,1.7,418.0,987.9,0.4,996.1,394.737,996.0,-8.127172,1.7,12.0,12.4,12.0,94.0,6.4,6.307777778,,,,,,,,,
2022-09-13 06:00:00,10,0,15.18,46.01,6.63,102.64,0.92,7.33,19.49,2.0,317.0,269.0,1.2,4.4,546.0,1.7,555.0,988.1,0.3,996.3,391.2682,996.2,-5.49509,2.1,11.1,12.0,11.1,95.0,6.4,6.3,,,,,,,,,
2022-09-13 07:00:00,10,0,15.18,46.0,6.62,102.64,0.91,7.29,19.38,2.0,354.0,276.0,0.6,4.0,646.0,1.4,649.0,988.3,0.5,996.5,389.6235,996.4,0.31745,1.3,11.0,11.1,11.0,95.0,6.4,6.301111111,,,,,,,,,
2022-09-13 08:00:00,10,0,15.17,45.99,6.61,102.55,0.9,7.28,19.36,2.0,281.0,278.0,0.8,2.7,711.0,0.9,759.0,988.6,0.7,996.8,392.0258,996.7,5.893594,0.4,11.1,11.2,11.0,96.0,6.4,6.300555556,,,,,,,,,
2022-09-13 09:00:00,10,0,15.16,45.97,6.61,102.45,0.88,7.34,19.52,0.0,229.0,234.0,1.5,4.5,853.0,1.7,857.0,988.4,0.4,996.6,391.29,996.5,25.64674,1.0,11.2,11.2,11.1,96.0,6.4,6.299722222,,,,,,,,,
2022-09-13 10:00:00,10,0,15.16,45.99,6.62,102.4,0.86,7.3,19.4,0.0,276.0,218.0,1.4,4.2,917.0,1.7,917.0,988.4,0.1,996.6,390.9398,996.5,35.81892,0.7,11.3,11.3,11.2,96.0,6.4,6.299722222,,,,,,,,,
2022-09-13 11:00:00,10,0,15.16,45.99,6.61,102.47,0.92,7.28,19.35,5.0,264.0,262.0,1.2,4.4,1050.0,1.9,1050.0,988.6,0.0,996.8,394.753,996.7,61.0654,0.4,11.6,11.7,11.3,94.0,6.4,6.276111111,,,,,,,,,
2022-09-13 12:00:00,10,0,15.17,45.99,6.62,102.54,0.9,7.26,19.3,2.0,296.0,272.0,0.7,3.1,1104.0,1.4,1110.0,988.7,0.3,996.9,396.3205,996.8,43.20362,1.0,12.1,12.1,11.6,95.0,6.4,6.256944444,,,,,,,,,
2022-09-13 13:00:00,10,1,15.18,45.99,6.61,102.54,0.9,7.24,19.24,2.0,292.0,269.0,0.8,4.0,1207.0,1.6,1210.0,989.0,0.5,997.1,404.1345,997.1,44.37577,0.0,12.8,12.9,12.1,94.0,6.4,6.273888889,,,,,,,,,
2022-09-13 14:00:00,10,0,15.2,45.99,6.6,102.54,0.89,7.21,19.17,2.0,350.0,283.0,0.6,2.4,1306.0,1.1,1310.0,989.3,0.7,997.4,394.4468,997.4,48.23068,0.0,13.1,13.1,12.5,94.0,6.4,6.269166667,,,,,,,,,
2022-09-13 15:00:00,10,0,15.2,45.99,6.63,102.57,0.92,7.2,19.12,2.0,327.0,292.0,0.6,3.0,1439.0,1.2,1448.0,989.5,0.8,997.7,385.1069,997.7,56.45527,0.0,12.7,13.1,12.6,92.0,6.4,6.266666667,,,,,,,,,
2022-09-13 16:00:00,10,0,15.17,45.99,6.65,102.66,0.9,7.25,19.26,2.0,315.0,279.0,0.9,2.8,1550.0,1.1,1544.0,989.9,1.0,998.1,382.2338,998.1,47.61373,0.1,12.3,12.8,12.3,91.0,6.4,6.301111111,,,,,,,,,
2022-09-13 17:00:00,10,0,15.16,45.99,6.65,102.69,0.93,7.24,19.24,2.0,270.0,288.0,0.9,3.2,1700.0,1.1,1647.0,990.3,1.0,998.5,394.0732,998.4,14.04884,0.1,11.4,12.3,11.4,93.0,6.4,6.363055556,,,,,,,,,
2022-09-13 18:00:00,10,0,15.16,45.99,6.65,102.73,0.93,7.23,19.21,2.0,260.0,237.0,0.6,4.3,1707.0,1.5,1711.0,990.4,0.9,998.6,388.9786,998.5,0.2373784,0.2,10.7,11.4,10.7,94.0,6.4,6.399166667,,,,,,,,,
2022-09-13 19:00:00,10,0,15.14,45.99,6.64,102.66,0.9,7.25,19.26,2.0,323.0,263.0,0.7,3.3,1807.0,1.2,1813.0,990.6,0.6,998.8,388.4459,998.7,-10.8635,0.2,10.6,10.7,10.6,96.0,6.4,6.4,,,,,,,,,
2022-09-13 20:00:00,10,0,15.14,45.99,6.64,102.62,0.93,7.24,19.23,2.0,311.0,305.0,0.6,2.7,1905.0,0.9,1951.0,991.0,0.7,999.2,386.4762,999.1,-10.51679,0.9,10.1,10.6,10.1,95.0,6.4,6.4,,,,,,,,,
2022-09-13 21:00:00,10,0,15.14,45.99,6.64,102.58,0.88,7.24,19.24,0.0,271.0,271.0,1.3,3.3,2054.0,1.3,2100.0,990.9,0.6,999.1,385.4359,999.1,-11.13772,0.9,10.3,10.3,10.0,96.0,6.4,6.408055556,,,,,,,,,
2022-09-13 22:00:00,10,0,15.15,45.99,6.65,102.62,0.92,7.22,19.19,1.0,228.0,257.0,1.6,6.5,2137.0,2.3,2114.0,991.2,0.6,999.4,384.035,999.3,-7.752995,2.4,10.1,10.3,10.0,96.0,6.4,6.400277778,,,,,,,,,
2022-09-13 23:00:00,10,0,15.14,45.99,6.64,102.6,0.92,7.24,19.25,2.0,289.0,246.0,0.8,3.1,2254.0,1.4,2202.0,991.1,0.1,999.3,383.5737,999.2,-8.291396,1.8,9.9,10.1,9.8,96.0,6.4,6.400555556,,,,,,,,,
2022-09-14 00:00:00,10,0,15.11,45.98,6.63,102.46,0.93,7.27,19.31,8.0,302.0,302.0,1.1,3.5,2332.0,1.1,0.0,990.7,0.2,998.9,383.4233,998.9,-8.517935,2.5,9.8,9.9,9.8,96.0,6.4,6.4025,,,,,,,,,
2022-09-14 01:00:00,10,1,15.09,45.98,6.63,102.32,0.94,7.28,19.33,7.0,356.0,229.0,0.6,4.5,46.0,1.5,42.0,990.7,0.4,998.9,383.4363,998.8,-8.742592,0.3,9.9,10.0,9.7,95.0,6.4,6.411388889,,,,,,,,,
2022-09-14 02:00:00,10,0,15.07,45.98,6.63,102.19,0.94,7.28,19.35,7.0,286.0,227.0,1.0,6.5,116.0,2.2,123.0,990.3,0.8,998.5,382.6661,998.5,-8.161642,0.4,9.8,9.9,9.8,95.0,6.4,6.411944444,,,,,,,,,
2022-09-14 03:00:00,10,0,15.06,45.98,6.64,102.21,0.93,7.28,19.34,8.0,262.0,231.0,0.9,4.3,240.0,1.6,242.0,990.2,0.5,998.4,380.6274,998.4,-7.519455,3.0,9.8,10.0,9.8,95.0,6.4,6.401944444,,,,,,,,,
2022-09-14 04:00:00,10,0,15.05,45.98,6.64,102.18,0.91,7.28,19.35,7.0,212.0,212.0,1.7,5.2,354.0,1.7,400.0,989.8,0.8,998.0,382.15,997.9,-7.716871,5.9,9.9,10.0,9.8,96.0,6.400277778,6.401944444,,,,,,,,,
2022-09-14 05:00:00,10,0,15.02,45.96,6.64,102.08,0.88,7.28,19.34,7.0,257.0,210.0,0.8,4.3,413.0,1.7,401.0,989.6,0.8,997.8,381.8495,997.7,-8.61003,0.7,9.6,9.9,9.6,95.0,6.4,6.401388889,,,,,,,,,
2022-09-14 06:00:00,10,0,15.0,45.95,6.63,101.98,0.91,7.28,19.35,7.0,294.0,294.0,0.8,2.7,522.0,0.8,600.0,989.4,0.7,997.6,383.0479,997.6,-1.138704,2.2,9.8,9.8,9.6,96.0,6.4,6.406388889,,,,,,,,,
2022-09-14 07:00:00,10,0,14.94,45.96,6.62,101.85,0.91,7.34,19.51,7.0,285.0,285.0,1.1,3.2,603.0,1.1,700.0,989.5,0.3,997.7,384.7476,997.6,10.51412,1.2,10.0,10.0,9.8,96.0,6.4,6.423611111,,,,,,,,,
2022-09-14 08:00:00,10,0,14.94,45.95,6.63,101.86,0.91,7.32,19.46,7.0,260.0,254.0,1.3,3.5,748.0,1.4,757.0,989.4,0.2,997.6,387.8089,997.5,41.94084,0.6,10.3,10.3,10.0,95.0,6.4,6.463888889,,,,,,,,,
2022-09-14 09:00:00,10,0,14.95,45.95,6.63,101.82,0.93,7.31,19.42,7.0,266.0,264.0,0.9,3.6,811.0,1.7,814.0,989.2,0.2,997.4,386.9645,997.3,43.05816,0.8,10.2,10.4,10.1,95.0,6.4,6.498055556,,,,,,,,,
2022-09-14 10:00:00,10,0,14.94,45.93,6.62,101.79,0.92,7.31,19.43,7.0,278.0,275.0,0.8,2.1,945.0,1.1,946.0,989.3,0.2,997.5,374.356,997.5,83.35989,0.0,10.8,10.8,10.2,94.0,6.4,6.499166667,,,,,,,,,
2022-09-14 11:00:00,10,0,14.93,45.92,6.62,101.71,0.87,7.31,19.43,4.0,236.0,206.0,1.6,4.4,1046.0,1.9,1035.0,989.4,0.0,997.6,369.41,997.5,179.8453,0.0,11.5,11.7,10.8,87.0,6.4,6.495555556,,,,,,,,,
2022-09-14 12:00:00,10,0,14.92,45.92,6.61,101.64,0.92,7.3,19.4,2.0,199.0,199.0,2.1,4.9,1159.0,2.1,1200.0,989.5,0.3,997.7,362.1573,997.6,211.7989,0.0,12.3,12.3,11.0,78.0,6.4,6.491666667,,,,,,,,,
2022-09-14 13:00:00,10,1,14.9,45.92,6.59,101.62,0.92,7.32,19.44,2.0,262.0,204.0,1.2,5.6,1207.0,2.9,1205.0,989.7,0.4,997.9,368.1615,997.8,162.8617,0.5,10.0,12.3,10.0,89.0,6.4,6.473333333,,,,,,,,,
2022-09-14 14:00:00,10,0,14.88,45.92,6.57,101.6,0.91,7.33,19.49,0.0,251.0,226.0,0.8,4.1,1308.0,1.7,1311.0,989.6,0.2,997.8,384.9403,997.7,79.20119,0.3,10.0,10.1,9.9,91.0,6.4,6.432777778,,,,,,,,,
2022-09-14 15:00:00,10,0,14.87,45.93,6.61,101.63,0.9,7.34,19.5,8.0,264.0,267.0,1.1,3.3,1433.0,1.4,1442.0,989.3,0.2,997.5,386.7545,997.4,60.70791,0.4,10.3,10.4,10.0,92.0,6.4,6.401111111,,,,,,,,,
2022-09-14 16:00:00,10,0,14.84,45.94,6.62,101.62,0.92,7.35,19.55,7.0,326.0,268.0,0.3,3.4,1527.0,1.1,1532.0,989.3,0.5,997.5,389.2157,997.4,62.78529,0.2,10.3,10.7,10.2,92.0,6.4,6.399722222,,,,,,,,,
2022-09-14 17:00:00,10,0,14.83,45.93,6.62,101.64,0.93,7.35,19.55,5.0,282.0,257.0,0.9,3.3,1642.0,1.2,1650.0,989.3,0.3,997.5,384.0354,997.4,22.38097,2.3,9.7,10.3,9.7,94.0,6.4,6.399722222,,,,,,,,,
2022-09-14 18:00:00,10,0,14.81,45.93,6.62,101.58,0.9,7.37,19.58,4.0,282.0,278.0,0.9,1.8,1759.0,1.0,1702.0,989.2,0.1,997.5,379.5759,997.3,-3.847606,5.9,9.1,9.7,9.1,95.0,6.4,6.390555556,,,,,,,,,
2022-09-14 19:00:00,10,0,14.8,45.93,6.61,101.58,0.89,7.38,19.62,4.0,301.0,276.0,0.8,3.3,1819.0,1.4,1849.0,989.2,0.0,997.5,378.6152,997.3,-7.481052,1.6,9.2,9.3,9.1,96.0,6.4,6.372777778,,,,,,,,,
2022-09-14 20:00:00,10,0,14.79,45.92,6.62,101.54,0.91,7.38,19.62,2.0,272.0,297.0,0.9,2.2,1915.0,1.0,1907.0,989.4,0.1,997.7,380.261,997.5,-8.789554,0.4,9.2,9.3,9.2,96.0,6.4,6.309722222,,,,,,,,,
2022-09-14 21:00:00,10,0,14.76,45.9,6.61,101.45,0.91,7.38,19.63,2.0,298.0,290.0,1.1,3.7,2025.0,1.4,2034.0,989.4,0.2,997.7,379.404,997.5,-9.167906,0.6,9.0,9.3,9.0,96.0,6.4,6.288888889,,,,,,,,,
2022-09-14 22:00:00,10,0,14.76,45.9,6.62,101.45,0.92,7.4,19.68,2.0,322.0,318.0,1.0,2.5,2151.0,1.1,2159.0,989.6,0.4,997.9,377.4206,997.7,-10.47359,1.3,8.6,9.0,8.6,96.0,6.4,6.246944444,,,,,,,,,
2022-09-14 23:00:00,10,0,14.74,45.9,6.61,101.4,0.92,7.39,19.65,2.0,320.0,302.0,0.9,2.7,2226.0,1.3,2231.0,989.5,0.1,997.8,375.0008,997.6,-11.17157,0.1,8.6,8.7,8.6,96.0,6.4,6.212777778,,,,,,,,,
2022-09-15 00:00:00,10,0,14.74,45.89,6.62,101.34,0.92,7.39,19.65,2.0,296.0,290.0,1.1,4.3,2354.0,1.2,2325.0,989.6,0.2,997.9,373.9833,997.7,-10.34663,0.3,8.4,8.6,8.4,95.0,6.4,6.200277778,,,,,,,,,
2022-09-15 01:00:00,10,1,14.72,45.9,6.59,101.26,0.92,7.39,19.64,8.0,276.0,248.0,1.3,4.4,21.0,1.6,28.0,989.2,0.4,997.5,372.9832,997.3,-8.488755,2.1,8.2,8.4,8.1,95.0,6.4,6.197222222,,,,,,,,,
2022-09-15 02:00:00,10,0,14.7,45.9,6.56,101.19,0.93,7.39,19.64,8.0,298.0,264.0,1.0,4.9,133.0,1.6,133.0,989.0,0.5,997.3,373.5061,997.1,-8.046717,1.7,8.3,8.3,8.2,95.0,6.4,6.194166667,,,,,,,,,
2022-09-15 03:00:00,10,0,14.65,45.89,6.6,101.07,0.91,7.41,19.7,7.0,249.0,218.0,1.5,5.5,246.0,2.3,251.0,988.7,0.9,997.0,373.4355,996.8,-7.645752,1.9,8.3,8.4,8.3,95.0,6.4,6.199722222,,,,,,,,,
2022-09-15 04:00:00,10,0,14.61,45.89,6.6,100.98,0.91,7.46,19.84,7.0,208.0,208.0,3.1,7.7,341.0,3.1,400.0,988.3,1.0,996.6,370.8745,996.4,-7.300252,1.4,8.4,8.4,8.3,94.0,6.4,6.202777778,,,,,,,,,
2022-09-15 05:00:00,10,0,14.57,45.88,6.58,100.89,0.93,7.49,19.93,7.0,229.0,210.0,1.8,7.4,415.0,3.3,410.0,987.7,1.3,996.0,371.2153,995.8,-6.908015,0.9,8.4,8.4,8.2,96.0,6.4,6.215277778,,,,,,,,,
2022-09-15 06:00:00,10,0,14.49,45.86,6.56,100.79,0.95,7.57,20.13,8.0,222.0,222.0,3.1,8.0,558.0,3.1,600.0,986.8,1.8,995.0,371.5613,994.9,0.7601348,2.0,8.7,8.7,8.2,97.0,6.4,6.248333333,,,,,,,,,
2022-09-15 07:00:00,10,0,14.4,45.75,6.54,100.7,0.9,7.8,20.76,7.0,201.0,200.0,6.6,11.0,616.0,6.7,656.0,986.3,2.0,994.5,373.3306,994.4,17.59915,1.6,9.0,9.0,8.7,93.0,6.4,6.288055556,,,,,,,,,
2022-09-15 08:00:00,10,0,14.24,45.82,6.54,100.5,0.92,7.8,20.76,6.0,201.0,202.0,4.6,13.0,734.0,6.9,720.0,985.9,1.8,994.1,369.7682,994.0,62.95753,0.2,9.3,9.3,8.9,87.0,6.4,6.299722222,,,,,,,,,
2022-09-15 09:00:00,10,0,14.18,45.87,6.51,100.34,0.94,7.73,20.56,5.0,269.0,201.0,1.1,8.2,817.0,4.4,801.0,986.2,0.6,994.4,370.7444,994.3,72.24596,0.0,9.8,9.9,9.3,89.0,6.4,6.301944444,,,,,,,,,
2022-09-15 10:00:00,10,0,14.36,45.78,6.57,100.53,0.92,7.69,20.45,3.0,35.0,335.0,0.5,3.9,909.0,1.7,918.0,986.8,0.5,995.0,370.1064,994.9,126.6241,0.0,10.2,10.6,9.8,88.0,6.4,6.303888889,,,,,,,,,
2022-09-15 11:00:00,10,0,14.38,45.83,6.58,100.63,0.93,7.63,20.28,2.0,258.0,260.0,0.8,2.6,1001.0,0.9,1059.0,987.1,1.0,995.3,372.0332,995.1,125.9858,0.1,10.6,10.6,10.1,86.0,6.4,6.301666667,,,,,,,,,
2022-09-15 12:00:00,10,0,14.33,45.83,6.56,100.59,0.93,7.66,20.39,2.0,120.0,106.0,0.7,1.9,1142.0,1.0,1150.0,987.5,1.2,995.7,373.8187,995.6,155.4133,0.0,10.7,11.1,10.6,89.0,6.4,6.297777778,,,,,,,,,
2022-09-15 13:00:00,10,1,14.26,45.86,6.54,100.54,0.93,7.68,20.45,2.0,103.0,103.0,1.6,2.9,1259.0,1.6,1300.0,987.8,1.0,996.0,374.9472,995.9,193.6369,0.0,10.9,11.3,10.6,88.0,6.4,6.296944444,,,,,,,,,
2022-09-15 14:00:00,10,0,14.19,45.89,6.53,100.48,0.93,7.71,20.52,2.0,63.0,106.0,1.2,2.7,1310.0,1.5,1302.0,988.1,1.1,996.3,374.8978,996.2,105.2783,0.0,10.5,11.0,10.4,89.0,6.400277778,6.291388889,,,,,,,,,
2022-09-15 15:00:00,10,0,14.15,45.9,6.55,100.47,0.91,7.74,20.6,2.0,199.0,199.0,1.1,1.8,1423.0,1.1,1500.0,988.5,1.0,996.7,375.9075,996.6,116.389,0.0,10.7,11.1,10.5,91.0,6.4,6.299166667,,,,,,,,,
2022-09-15 16:00:00,10,0,14.21,45.89,6.56,100.56,0.94,7.69,20.47,2.0,249.0,202.0,0.4,1.6,1529.0,1.0,1503.0,988.9,1.1,997.1,378.0428,997.0,56.62994,0.0,10.3,10.7,10.3,94.0,6.4,6.306388889,,,,,,,,,
2022-09-15 17:00:00,10,0,14.27,45.88,6.58,100.63,0.94,7.62,20.27,2.0,306.0,306.0,0.7,1.8,1649.0,0.7,1700.0,989.2,1.1,997.4,380.6185,997.4,10.38714,0.8,10.2,10.4,10.2,94.0,6.4,6.384722222,,,,,,,,,
2022-09-15 18:00:00,10,0,14.3,45.89,6.58,100.7,0.92,7.61,20.25,2.0,348.0,289.0,0.4,1.6,1718.0,0.8,1706.0,989.5,1.1,997.7,385.3724,997.6,-3.571474,0.7,10.0,10.2,10.0,95.0,6.4,6.449444444,,,,,,,,,
2022-09-15 19:00:00,10,0,14.31,45.88,6.59,100.71,0.94,7.59,20.2,2.0,284.0,330.0,0.5,1.3,1837.0,0.7,1841.0,990.0,1.0,998.2,385.2331,998.1,-7.729111,3.5,10.2,10.2,10.0,96.0,6.4,6.463611111,,,,,,,,,
2022-09-15 20:00:00,10,0,14.29,45.87,6.57,100.63,0.91,7.61,20.23,2.0,4.0,35.0,0.8,2.7,1944.0,1.0,1938.0,990.2,1.0,998.4,386.9538,998.3,-7.798142,2.1,10.6,10.6,10.2,96.0,6.4,6.463888889,,,,,,,,,
2022-09-15 21:00:00,10,0,14.28,45.81,6.58,100.59,0.94,7.58,20.17,2.0,23.0,16.0,1.3,3.3,2040.0,1.4,2059.0,990.7,1.2,998.9,387.3119,998.8,-8.473517,0.3,10.4,10.6,10.4,95.0,6.4,6.453888889,,,,,,,,,
2022-09-15 22:00:00,10,0,14.29,45.85,6.57,100.59,0.94,7.6,20.21,2.0,358.0,10.0,0.7,2.5,2106.0,1.3,2102.0,991.2,1.2,999.4,385.2461,999.3,-7.742767,2.8,10.2,10.4,10.2,96.0,6.4,6.459166667,,,,,,,,,
2022-09-15 23:00:00,10,0,14.3,45.86,6.58,100.57,0.94,7.61,20.25,2.0,45.0,23.0,0.9,2.8,2228.0,1.1,2251.0,991.7,1.4,1000.0,384.4187,999.8,-8.337465,1.6,9.9,10.2,9.9,95.0,6.4,6.494166667,,,,,,,,,
2022-09-16 00:00:00,10,0,14.28,45.85,6.57,100.5,0.95,7.61,20.25,2.0,340.0,334.0,0.7,4.2,2310.0,1.2,2344.0,992.2,1.5,1000.5,383.7523,1000.3,-10.1484,0.2,9.8,9.9,9.8,95.0,6.4,6.499166667,,,,,,,,,
2022-09-16 01:00:00,10,1,14.25,45.84,6.56,100.46,0.95,7.6,20.24,2.0,327.0,149.0,0.6,2.2,23.0,1.0,42.0,992.5,1.3,1000.8,383.3544,1000.6,-9.555495,0.4,9.7,9.8,9.7,96.0,6.4,6.481666667,,,,,,,,,
2022-09-16 02:00:00,10,0,14.22,45.83,6.55,100.42,0.95,7.6,20.22,2.0,43.0,235.0,0.8,2.6,135.0,1.0,156.0,992.7,1.1,1001.0,382.3786,1000.9,-7.954152,1.6,9.7,9.7,9.7,96.0,6.4,6.453333333,,,,,,,,,
2022-09-16 03:00:00,10,0,14.22,45.84,6.58,100.31,0.93,7.64,20.33,2.0,49.0,62.0,1.1,3.4,244.0,1.6,251.0,993.0,0.9,1001.3,381.8745,1001.2,-7.632474,2.6,9.6,9.7,9.6,96.0,6.4,6.465555556,,,,,,,,,
2022-09-16 04:00:00,10,0,14.18,45.84,6.57,100.24,0.92,7.73,20.57,3.0,273.0,59.0,1.3,3.8,317.0,1.5,313.0,993.6,1.1,1001.9,380.8456,1001.7,-8.099008,1.2,9.5,9.6,9.5,94.0,6.4,6.472777778,,,,,,,,,
2022-09-16 05:00:00,10,0,14.17,45.85,6.55,100.24,0.93,7.77,20.68,2.0,274.0,235.0,0.9,5.1,413.0,2.3,413.0,993.8,1.0,1002.1,377.745,1001.9,-7.832879,1.0,9.4,9.5,9.4,93.0,6.4,6.478055556,,,,,,,,,
2022-09-16 06:00:00,10,0,14.15,45.85,6.57,100.24,0.94,7.77,20.67,2.0,208.0,207.0,1.0,5.6,536.0,2.2,545.0,994.1,1.1,1002.4,377.9487,1002.3,-4.905151,1.9,9.3,9.5,9.3,94.0,6.4,6.490833333,,,,,,,,,
2022-09-16 07:00:00,10,0,14.15,45.84,6.55,100.21,0.96,7.77,20.67,3.0,227.0,114.0,1.2,6.5,638.0,2.6,647.0,994.6,1.1,1002.9,377.9415,1002.7,5.432746,1.8,9.3,9.6,9.3,91.0,6.4,6.496666667,,,,,,,,,
2022-09-16 08:00:00,10,0,14.13,45.84,6.55,100.17,0.92,7.78,20.71,3.0,275.0,112.0,1.0,4.3,741.0,1.8,723.0,995.3,1.5,1003.6,379.9088,1003.5,17.26713,1.1,9.5,9.6,9.3,91.0,6.4,6.506666667,,,,,,,,,
2022-09-16 09:00:00,10,0,14.11,45.84,6.56,100.14,0.97,7.76,20.66,3.0,265.0,228.0,1.4,4.7,826.0,1.5,839.0,996.0,1.8,1004.3,380.7194,1004.1,38.43489,1.5,9.3,9.6,9.3,92.0,6.4,6.566666667,,,,,,,,,
2022-09-16 10:00:00,10,0,14.11,45.84,6.55,100.17,0.92,7.76,20.64,1.0,1.0,48.0,0.6,4.1,943.0,1.4,947.0,996.2,1.6,1004.5,378.177,1004.4,28.74513,0.2,9.5,9.7,9.2,91.0,6.4,6.595555556,,,,,,,,,
2022-09-16 11:00:00,10,0,14.11,45.85,6.56,100.15,0.92,7.72,20.55,1.0,217.0,207.0,1.6,5.7,1024.0,1.9,1056.0,996.4,1.1,1004.7,374.1765,1004.6,49.4944,0.6,9.3,9.8,9.3,88.0,6.4,6.569859155,,,,,,,,,
2022-09-16 12:00:00,10,0,14.13,45.84,6.55,100.17,0.93,7.73,20.56,2.0,259.0,219.0,1.5,4.7,1101.0,1.7,1146.0,996.6,0.7,1004.9,378.2679,1004.8,69.30384,1.1,9.5,9.5,9.2,91.0,6.4,6.531843575,,,,,,,,,
2022-09-16 13:00:00,10,1,14.13,45.85,6.54,100.18,0.93,7.74,20.57,2.0,244.0,240.0,1.7,4.3,1245.0,1.9,1207.0,996.8,0.6,1005.1,381.1849,1005.0,59.66496,3.1,9.6,9.8,9.5,92.0,6.4,6.475,,,,,,,,,
2022-09-16 14:00:00,10,0,14.13,45.86,6.53,100.18,0.93,7.74,20.58,2.0,221.0,227.0,1.5,5.5,1317.0,2.5,1324.0,997.1,0.8,1005.4,380.9934,1005.3,70.38337,1.4,9.7,9.7,9.4,91.0,6.4,6.4,,,,,,,,,
2022-09-16 15:00:00,10,0,14.15,45.84,6.56,100.22,0.96,7.67,20.42,2.0,250.0,223.0,1.2,5.3,1429.0,1.9,1418.0,997.3,0.7,1005.6,379.5715,1005.5,31.61113,0.4,9.3,9.7,9.3,93.0,6.4,6.4,,,,,,,,,
2022-09-16 16:00:00,10,0,14.13,45.84,6.57,100.25,0.94,7.65,20.34,2.0,180.0,242.0,1.2,4.2,1526.0,1.9,1527.0,997.7,0.9,1006.0,378.456,1005.9,21.98992,1.6,9.4,9.4,9.2,93.0,6.4,6.4,,,,,,,,,
2022-09-16 17:00:00,10,0,14.12,45.84,6.57,100.23,0.95,7.63,20.3,2.0,245.0,245.0,1.3,4.7,1626.0,1.3,1700.0,997.9,0.7,1006.2,378.3301,1006.0,8.971655,2.1,9.2,9.4,9.1,93.0,6.4,6.4,,,,,,,,,
2022-09-16 18:00:00,10,0,14.08,45.85,6.57,100.2,0.93,7.64,20.32,1.0,42.0,239.0,0.8,4.7,1708.0,1.8,1717.0,998.0,0.7,1006.3,377.7204,1006.2,-1.120901,3.8,9.2,9.2,9.1,95.0,6.4,6.378055556,,,,,,,,,
2022-09-16 19:00:00,10,0,14.05,45.83,6.57,100.16,0.94,7.67,20.4,2.0,188.0,246.0,0.9,3.6,1809.0,1.5,1837.0,998.1,0.5,1006.4,377.86,1006.3,-7.600591,3.2,9.1,9.2,9.1,94.0,6.4,6.303333333,,,,,,,,,
2022-09-16 20:00:00,10,0,14.04,45.82,6.56,100.1,0.96,7.7,20.49,2.0,331.0,312.0,1.0,4.7,1943.0,1.2,1952.0,998.3,0.5,1006.6,377.265,1006.5,-7.478694,2.9,8.9,9.1,8.9,95.0,6.4,6.299166667,,,,,,,,,
2022-09-16 21:00:00,10,0,13.99,45.81,6.56,100.02,0.96,7.73,20.56,2.0,248.0,248.0,1.3,3.4,2011.0,1.3,2100.0,998.4,0.4,1006.7,378.0124,1006.6,-8.564349,0.7,9.0,9.0,8.9,93.0,6.4,6.285555556,,,,,,,,,
2022-09-16 22:00:00,10,0,13.97,45.79,6.56,99.98,0.95,7.79,20.74,2.0,281.0,138.0,1.1,4.2,2105.0,1.6,2111.0,998.7,0.6,1007.0,377.8146,1006.9,-8.246959,1.3,9.0,9.3,9.0,94.0,6.4,6.2475,,,,,,,,,
2022-09-16 23:00:00,10,0,13.94,45.78,6.54,100.01,0.96,7.82,20.82,0.0,280.0,268.0,1.2,3.9,2250.0,1.5,2253.0,998.6,0.3,1006.9,377.887,1006.8,-10.44463,0.8,8.9,9.2,8.9,93.0,6.4,6.208333333,,,,,,,,,
2022-09-17 00:00:00,10,0,13.93,45.77,6.56,100.0,0.97,7.85,20.88,8.0,293.0,283.0,1.1,2.7,2342.0,1.2,2359.0,998.2,0.1,1006.5,376.7903,1006.4,-7.727247,2.6,8.8,9.0,8.8,95.0,6.4,6.193055556,,,,,,,,,
2022-09-17 01:00:00,10,1,13.91,45.76,6.54,99.93,0.98,7.88,20.94,7.0,300.0,238.0,1.2,4.0,31.0,1.6,38.0,998.4,0.4,1006.7,377.209,1006.5,-8.00174,1.9,9.0,9.1,8.8,94.0,6.4,6.178611111,,,,,,,,,
2022-09-17 02:00:00,10,0,13.89,45.76,6.52,99.86,0.98,7.9,21.01,5.0,298.0,251.0,0.7,3.4,114.0,1.3,121.0,998.2,0.4,1006.5,375.1205,1006.4,-7.587748,2.2,8.4,9.0,8.4,95.0,6.4,6.168888889,,,,,,,,,
2022-09-17 03:00:00,10,0,13.87,45.75,6.55,99.87,0.95,7.88,20.97,0.0,95.0,121.0,1.4,3.7,252.0,1.6,257.0,998.1,0.1,1006.4,375.6006,1006.3,-7.97933,0.8,8.8,8.8,8.4,94.0,6.4,6.173333333,,,,,,,,,
2022-09-17 04:00:00,10,0,13.84,45.74,6.56,99.81,0.95,7.88,20.98,5.0,165.0,229.0,1.7,6.4,356.0,1.8,330.0,998.5,0.1,1006.8,376.0631,1006.7,-7.325096,2.8,9.0,9.1,8.7,92.0,6.4,6.167222222,,,,,,,,,
2022-09-17 05:00:00,10,0,13.82,45.74,6.55,99.78,0.96,7.88,20.97,3.0,325.0,166.0,0.7,4.9,402.0,2.1,404.0,998.5,0.3,1006.8,376.6544,1006.7,-8.024599,1.1,8.7,9.1,8.7,93.0,6.4,6.191111111,,,,,,,,,
2022-09-17 06:00:00,10,0,13.82,45.74,6.55,99.75,0.99,7.88,20.97,2.0,295.0,1.0,0.9,6.1,515.0,1.7,524.0,998.6,0.5,1006.9,376.1915,1006.8,-3.300831,0.5,8.8,8.8,8.7,95.0,6.4,6.21,,,,,,,,,
2022-09-17 07:00:00,10,0,13.8,45.73,6.54,99.73,0.95,7.88,20.97,2.0,299.0,354.0,0.9,3.8,611.0,1.2,633.0,998.7,0.2,1007.0,376.5233,1006.9,7.165845,1.8,8.7,8.8,8.6,95.0,6.4,6.294166667,,,,,,,,,
2022-09-17 08:00:00,10,0,13.73,45.71,6.55,99.6,0.95,7.9,21.04,2.0,263.0,263.0,1.3,4.0,755.0,1.3,800.0,998.7,0.2,1007.0,376.9223,1006.9,12.33004,2.9,8.9,8.9,8.7,93.0,6.4,6.346111111,,,,,,,,,
2022-09-17 09:00:00,10,0,13.73,45.65,6.55,99.63,0.95,7.98,21.24,2.0,328.0,296.0,0.9,3.9,813.0,1.6,831.0,998.7,0.1,1007.0,374.401,1006.9,49.38382,0.4,9.5,9.5,8.8,94.0,6.4,6.299722222,,,,,,,,,
2022-09-17 10:00:00,10,0,13.69,45.61,6.53,99.66,0.92,8.08,21.52,4.0,302.0,252.0,0.8,3.3,954.0,1.3,911.0,998.8,0.1,1007.1,381.4906,1007.0,59.66586,1.0,9.4,9.6,9.3,92.0,6.4,6.325,,,,,,,,,
2022-09-17 11:00:00,10,0,13.68,45.61,6.52,99.68,0.98,8.12,21.63,4.0,141.0,213.0,0.9,5.0,1027.0,2.0,1036.0,998.7,0.0,1007.0,387.7552,1006.9,168.1205,0.6,10.0,11.0,9.4,91.0,6.4,6.374166667,,,,,,,,,
2022-09-17 12:00:00,10,0,13.67,45.73,6.53,99.62,0.97,7.96,21.18,4.0,252.0,202.0,0.9,3.2,1124.0,1.3,1114.0,998.8,0.1,1007.1,381.4733,1007.0,60.68591,2.0,9.6,10.0,9.4,92.0,6.4,6.399444444,,,,,,,,,
2022-09-17 13:00:00,10,1,13.67,45.8,6.52,99.65,0.96,7.96,21.18,3.0,60.0,261.0,1.1,5.0,1300.0,1.2,1243.0,999.0,0.2,1007.3,383.5812,1007.2,57.74743,0.9,9.6,9.9,9.6,91.0,6.4,6.399722222,,,,,,,,,
2022-09-17 14:00:00,10,0,13.66,45.86,6.5,99.67,0.96,7.96,21.18,2.0,279.0,78.0,1.0,5.1,1341.0,1.8,1306.0,999.2,0.5,1007.5,380.6314,1007.4,40.14901,0.8,9.5,9.6,9.4,88.0,6.4,6.403055556,,,,,,,,,
2022-09-17 15:00:00,10,0,13.64,45.88,6.52,99.67,0.94,7.97,21.22,2.0,297.0,229.0,1.4,4.5,1422.0,1.7,1438.0,999.2,0.4,1007.5,377.7635,1007.4,40.86313,0.5,9.4,9.6,9.4,91.0,6.4,6.451388889,,,,,,,,,
2022-09-17 16:00:00,10,0,13.62,45.87,6.53,99.69,0.94,7.97,21.21,0.0,281.0,286.0,1.2,3.5,1521.0,1.4,1503.0,999.1,0.1,1007.4,375.1004,1007.3,17.27414,0.6,9.0,9.4,9.0,92.0,6.4,6.486944444,,,,,,,,,
2022-09-17 17:00:00,10,0,13.59,45.86,6.53,99.75,0.97,8.0,21.3,7.0,303.0,225.0,1.0,3.6,1632.0,1.7,1645.0,999.1,0.1,1007.4,372.1436,1007.3,3.033594,1.5,8.8,9.1,8.7,93.0,6.4,6.507222222,,,,,,,,,
2022-09-17 18:00:00,10,0,13.57,45.87,6.51,99.75,0.94,8.03,21.38,2.0,305.0,255.0,0.9,3.6,1724.0,1.5,1731.0,999.4,0.2,1007.8,370.2636,1007.6,-4.82005,0.6,8.4,8.8,8.4,94.0,6.4,6.543888889,,,,,,,,,
2022-09-17 19:00:00,10,0,13.56,45.87,6.53,99.75,0.94,8.06,21.45,2.0,291.0,272.0,0.8,2.6,1804.0,1.1,1809.0,999.3,0.2,1007.7,371.3746,1007.5,-8.140357,1.4,8.2,8.4,8.1,96.0,6.4,6.545,,,,,,,,,
2022-09-17 20:00:00,10,0,13.54,45.86,6.52,99.74,0.94,8.09,21.54,4.0,296.0,280.0,1.0,3.1,1903.0,1.1,1925.0,999.2,0.1,1007.6,373.051,1007.4,-7.832146,1.2,8.3,8.3,8.1,96.0,6.4,6.545555556,,,,,,,,,
2022-09-17 21:00:00,10,0,13.54,45.86,6.52,99.7,0.98,8.09,21.55,7.0,297.0,280.0,1.2,3.3,2029.0,1.3,2057.0,999.3,0.1,1007.7,373.0977,1007.5,-7.911024,1.0,8.3,8.4,8.3,95.0,6.4,6.5775,,,,,,,,,
2022-09-17 22:00:00,10,0,13.51,45.81,6.52,99.65,0.96,8.13,21.64,2.0,331.0,294.0,0.6,3.9,2106.0,1.6,2108.0,999.4,0.1,1007.8,373.0411,1007.6,-7.341402,4.8,8.3,8.3,8.2,96.0,6.4,6.598333333,,,,,,,,,
2022-09-17 23:00:00,10,0,13.55,45.71,6.53,99.59,0.95,8.09,21.54,4.0,324.0,284.0,0.6,3.0,2221.0,1.2,2224.0,999.2,0.0,1007.6,374.8977,1007.4,-7.583639,2.1,8.5,8.5,8.3,96.0,6.4,6.6,,,,,,,,,
2022-09-18 00:00:00,10,0,13.56,45.7,6.5,99.56,0.96,8.08,21.52,8.0,305.0,11.0,0.8,2.6,2350.0,1.1,2311.0,999.0,0.2,1007.3,376.3614,1007.2,-7.844776,1.8,8.7,8.7,8.5,97.0,6.4,6.598611111,,,,,,,,,
2022-09-18 01:00:00,10,1,13.55,45.7,6.5,99.52,0.96,8.09,21.53,7.0,235.0,235.0,1.4,2.8,25.0,1.4,100.0,998.9,0.5,1007.2,376.4867,1007.1,-7.530294,3.7,8.9,8.9,8.7,96.0,6.4,6.598055556,,,,,,,,,
2022-09-18 02:00:00,10,0,13.54,45.69,6.49,99.49,0.95,8.09,21.54,7.0,265.0,242.0,1.2,4.3,127.0,2.1,132.0,999.0,0.2,1007.3,375.6603,1007.2,-7.228032,3.0,8.7,9.0,8.7,96.0,6.4,6.573333333,,,,,,,,,
2022-09-18 03:00:00,10,0,13.51,45.64,6.53,99.46,0.95,8.13,21.66,3.0,203.0,228.0,1.3,5.2,206.0,2.2,237.0,999.5,0.5,1007.8,375.0232,1007.7,-7.224055,3.1,8.9,9.1,8.7,94.0,6.4,6.533333333,,,,,,,,,
2022-09-18 04:00:00,10,0,13.49,45.67,6.53,99.48,0.97,8.17,21.75,3.0,311.0,188.0,0.9,1.8,306.0,1.3,302.0,999.8,0.8,1008.2,374.3732,1008.0,-7.740217,4.5,8.3,8.9,8.3,96.0,6.4,6.498611111,,,,,,,,,
2022-09-18 05:00:00,10,0,13.47,45.67,6.53,99.47,0.97,8.19,21.82,1.0,336.0,272.0,0.4,2.8,421.0,1.5,437.0,999.9,0.9,1008.3,374.1381,1008.1,-7.581173,3.3,8.4,8.4,8.2,97.0,6.4,6.468611111,,,,,,,,,
2022-09-18 06:00:00,10,0,13.46,45.66,6.53,99.49,0.96,8.14,21.68,3.0,252.0,256.0,1.3,3.8,546.0,1.9,549.0,1000.5,1.0,1008.9,375.178,1008.7,-3.547688,3.6,8.7,8.8,8.4,96.0,6.4,6.456944444,,,,,,,,,
2022-09-18 07:00:00,10,0,13.47,45.65,6.54,99.49,0.94,8.12,21.62,3.0,316.0,260.0,1.0,3.4,612.0,1.6,611.0,1001.2,1.4,1009.6,378.8617,1009.4,-3.089537,2.9,9.0,9.0,8.7,97.0,6.4,6.456944444,,,,,,,,,
2022-09-18 08:00:00,10,0,13.47,45.69,6.53,99.48,0.99,8.1,21.58,2.0,6.0,291.0,0.5,2.7,722.0,1.1,704.0,1001.8,1.9,1010.1,381.0376,1010.0,33.6764,1.8,9.4,9.4,9.0,95.0,6.4,6.464166667,,,,,,,,,
2022-09-18 09:00:00,10,0,13.47,45.73,6.52,99.49,0.96,8.1,21.58,2.0,184.0,88.0,0.9,4.3,819.0,1.8,836.0,1002.5,2.1,1010.8,385.4766,1010.8,63.22257,1.2,10.1,10.1,9.4,94.0,6.4,6.487777778,,,,,,,,,
2022-09-18 10:00:00,10,0,13.46,45.7,6.51,99.49,0.97,8.11,21.59,2.0,80.0,96.0,2.1,6.9,946.0,2.7,954.0,1003.5,2.2,1011.8,385.836,1011.7,90.90087,0.6,9.9,10.4,9.8,91.0,6.4,6.499444444,,,,,,,,,
2022-09-18 11:00:00,10,0,13.44,45.77,6.5,99.52,0.97,8.18,21.78,2.0,222.0,100.0,1.6,5.4,1020.0,2.4,1022.0,1004.3,2.4,1012.6,379.4302,1012.6,122.0624,0.2,10.4,10.9,9.9,89.0,6.4,6.5,,,,,,,,,
2022-09-18 12:00:00,10,0,13.44,45.71,6.5,99.53,0.98,8.1,21.57,2.0,2.0,225.0,0.8,3.4,1146.0,1.6,1103.0,1005.2,2.7,1013.5,379.9915,1013.5,106.5603,0.1,10.5,10.8,10.3,89.0,6.4,6.503333333,,,,,,,,,
2022-09-18 13:00:00,10,1,13.44,45.69,6.49,99.53,0.96,8.12,21.61,2.0,123.0,207.0,0.9,3.9,1229.0,1.6,1229.0,1005.9,2.4,1014.3,381.9569,1014.1,84.50806,0.3,10.2,10.7,10.0,85.0,6.4,6.509166667,,,,,,,,,
2022-09-18 14:00:00,10,0,13.44,45.67,6.48,99.53,0.95,8.13,21.65,1.0,12.0,204.0,0.8,2.6,1343.0,1.1,1307.0,1006.3,2.0,1014.7,386.4383,1014.6,115.6038,0.9,10.2,10.9,10.0,91.0,6.4,6.507222222,,,,,,,,,
2022-09-18 15:00:00,10,0,13.44,45.67,6.52,99.56,0.94,8.11,21.61,2.0,51.0,77.0,1.0,3.7,1418.0,1.8,1453.0,1006.8,1.6,1015.2,388.024,1015.1,145.5842,0.5,10.0,10.6,10.0,89.0,6.4,6.493888889,,,,,,,,,
2022-09-18 16:00:00,10,0,13.44,45.66,6.51,99.59,0.97,8.12,21.64,2.0,14.0,14.0,1.4,3.5,1556.0,1.4,1600.0,1007.4,1.5,1015.8,375.9566,1015.7,137.6663,1.8,9.2,11.5,9.2,91.0,6.4,6.452777778,,,,,,,,,
2022-09-18 17:00:00,10,0,13.46,45.66,6.54,99.7,0.96,8.09,21.55,2.0,4.0,19.0,0.6,2.7,1636.0,1.4,1601.0,1007.8,1.5,1016.2,374.8744,1016.1,14.39082,1.1,8.3,9.2,8.3,94.0,6.4,6.448888889,,,,,,,,,
2022-09-18 18:00:00,10,0,13.45,45.69,6.54,99.67,0.93,8.12,21.64,2.0,10.0,290.0,0.7,1.8,1737.0,1.0,1744.0,1008.0,1.2,1016.4,373.2671,1016.3,-5.255622,0.0,8.1,8.3,8.0,96.0,6.4,6.44,,,,,,,,,
2022-09-18 19:00:00,10,0,13.45,45.69,6.54,99.71,0.95,8.11,21.59,2.0,320.0,314.0,0.4,1.3,1813.0,0.8,1848.0,1008.5,1.2,1016.9,369.011,1016.8,-10.17261,0.7,8.0,8.2,8.0,96.0,6.4,6.45,,,,,,,,,
2022-09-18 20:00:00,10,0,13.43,45.68,6.55,99.69,0.97,8.1,21.58,2.0,319.0,317.0,0.8,1.4,1956.0,0.9,1930.0,1008.9,1.1,1017.4,369.5918,1017.2,-10.20987,0.2,7.3,8.0,7.3,97.0,6.4,6.433055556,,,,,,,,,
2022-09-18 21:00:00,10,0,13.42,45.7,6.54,99.61,0.97,8.13,21.65,2.0,292.0,323.0,0.6,1.7,2050.0,1.0,2050.0,1009.2,1.1,1017.7,369.0603,1017.4,-9.258243,0.8,7.4,7.5,7.3,96.0,6.4,6.415833333,,,,,,,,,
2022-09-18 22:00:00,10,0,13.41,45.7,6.54,99.58,0.98,8.13,21.66,1.0,316.0,335.0,1.0,1.7,2158.0,1.1,2150.0,1009.3,0.7,1017.8,333.2914,1017.6,-11.19339,0.1,6.9,7.4,6.9,97.0,6.4,6.401111111,,,,,,,,,
2022-09-18 23:00:00,10,0,13.39,45.68,6.52,99.56,0.97,8.15,21.7,2.0,318.0,308.0,0.7,2.1,2247.0,1.1,2239.0,1009.6,0.8,1018.1,345.8569,1017.9,-9.736096,0.1,6.7,6.9,6.6,97.0,6.4,6.399722222,,,,,,,,,
2022-09-19 00:00:00,10,0,13.39,45.66,6.53,99.5,0.95,8.11,21.59,2.0,323.0,323.0,1.0,1.6,2343.0,1.0,0.0,1009.7,0.5,1018.2,364.5155,1018.0,-10.61586,0.1,6.2,7.0,6.2,97.0,6.4,6.4,,,,,,,,,
2022-09-19 01:00:00,10,1,13.38,45.66,6.51,99.47,0.96,8.14,21.66,2.0,320.0,352.0,0.9,2.3,7.0,1.2,48.0,1009.9,0.6,1018.4,364.374,1018.2,-10.61888,0.2,6.7,6.7,6.2,97.0,6.4,6.364722222,,,,,,,,,
2022-09-19 02:00:00,10,0,13.37,45.67,6.49,99.44,0.98,8.16,21.73,2.0,318.0,1.0,0.6,3.1,114.0,1.5,116.0,1009.9,0.3,1018.4,363.4673,1018.2,-9.074816,0.4,6.6,6.7,6.5,97.0,6.4,6.344444444,,,,,,,,,
2022-09-19 03:00:00,10,0,13.35,45.67,6.53,99.4,0.99,8.12,21.63,2.0,310.0,324.0,0.6,1.6,229.0,0.8,239.0,1010.1,0.4,1018.6,364.0432,1018.4,-10.22265,0.0,6.4,6.6,6.4,97.0,6.4,6.354444444,,,,,,,,,
2022-09-19 04:00:00,10,0,13.34,45.66,6.54,99.29,0.98,8.14,21.67,2.0,305.0,309.0,0.8,2.2,321.0,1.0,325.0,1010.2,0.3,1018.7,358.0522,1018.5,-10.67156,0.1,6.2,6.4,6.1,97.0,6.4,6.343611111,,,,,,,,,
2022-09-19 05:00:00,10,0,13.34,45.65,6.54,99.33,1.01,8.19,21.82,2.0,308.0,261.0,1.0,3.1,430.0,1.9,439.0,1010.4,0.5,1018.9,332.6373,1018.7,-9.263805,0.0,6.2,6.6,6.2,96.0,6.4,6.355833333,,,,,,,,,
2022-09-19 06:00:00,10,0,13.32,45.65,6.53,99.33,0.96,8.18,21.8,2.0,302.0,302.0,1.2,3.2,526.0,1.2,600.0,1010.7,0.6,1019.2,306.2255,1019.0,-1.339528,0.0,6.2,6.3,6.0,96.0,6.4,6.360833333,,,,,,,,,
2022-09-19 07:00:00,10,0,13.31,45.66,6.53,99.29,0.96,8.18,21.79,2.0,275.0,312.0,0.9,2.1,700.0,1.2,604.0,1011.0,0.8,1019.5,344.751,1019.3,36.07765,0.1,7.3,7.3,6.2,97.0,6.4,6.354444444,,,,,,,,,
2022-09-19 08:00:00,10,0,13.29,45.66,6.53,99.27,0.99,8.19,21.81,3.0,7.0,46.0,1.0,3.8,723.0,2.0,728.0,1011.4,1.1,1019.9,368.9023,1019.8,38.27789,1.2,7.1,7.4,6.9,95.0,6.4,6.361666667,,,,,,,,,
2022-09-19 09:00:00,10,0,13.28,45.66,6.52,99.28,0.96,8.23,21.93,2.0,253.0,13.0,0.6,1.7,839.0,1.1,805.0,1011.5,0.9,1020.0,372.6735,1019.8,151.8965,1.0,8.0,8.7,6.9,90.0,6.4,6.369166667,,,,,,,,,
2022-09-19 10:00:00,10,0,13.26,45.67,6.53,99.32,0.96,8.2,21.85,2.0,351.0,243.0,0.2,1.7,911.0,0.9,906.0,1011.8,0.8,1020.3,374.7598,1020.1,136.284,2.0,8.6,8.6,7.8,89.0,6.4,6.377222222,,,,,,,,,
2022-09-19 11:00:00,10,0,13.27,45.65,6.52,99.32,0.97,8.23,21.93,3.0,313.0,154.0,0.3,2.0,1004.0,1.0,1011.0,1012.0,0.4,1020.4,370.8272,1020.3,193.9058,0.2,9.1,9.4,8.4,91.0,6.4,6.399722222,,,,,,,,,
2022-09-19 12:00:00,10,0,13.26,45.64,6.52,99.33,0.94,8.25,21.97,2.0,170.0,96.0,0.7,2.0,1123.0,1.2,1129.0,1012.1,0.6,1020.5,356.0048,1020.4,183.3798,0.0,9.3,9.3,8.9,81.0,6.4,6.398888889,0.0,,,,,,,,
2022-09-19 13:00:00,10,1,13.29,45.62,6.5,99.35,0.95,8.25,21.98,2.0,226.0,193.0,1.0,2.8,1236.0,1.5,1242.0,1012.4,0.6,1020.8,351.1524,1020.7,267.0318,0.1,9.1,11.0,9.1,85.0,6.4,6.371666667,,,,,,,,,
2022-09-19 14:00:00,10,0,13.31,45.6,6.49,99.38,0.96,8.26,21.99,2.0,112.0,194.0,0.7,2.7,1306.0,1.6,1316.0,1012.6,0.6,1021.0,366.2628,1020.9,165.2131,0.2,9.3,10.3,9.1,84.0,6.4,6.359444444,,,,,,,,,
2022-09-19 15:00:00,10,0,13.32,45.58,6.53,99.42,0.96,8.29,22.08,2.0,241.0,151.0,0.7,2.5,1412.0,1.2,1427.0,1012.6,0.5,1021.0,379.7699,1020.9,166.0087,0.8,9.1,10.6,9.0,90.0,6.4,6.361666667,,,,,,,,,
2022-09-19 16:00:00,10,0,13.32,45.59,6.54,99.45,0.95,8.29,22.08,2.0,75.0,82.0,0.9,2.3,1542.0,1.4,1542.0,1012.8,0.5,1021.3,381.2491,1021.1,93.56992,0.3,8.8,9.1,8.6,90.0,6.4,6.365277778,,,,,,,,,
2022-09-19 17:00:00,10,0,13.32,45.6,6.54,99.49,0.95,8.29,22.08,2.0,315.0,76.0,0.8,2.2,1602.0,1.1,1608.0,1012.7,0.1,1021.2,373.3289,1021.0,25.36282,0.0,7.5,8.8,7.5,94.0,6.4,6.384722222,,,,,,,,,
2022-09-19 18:00:00,10,0,13.32,45.61,6.53,99.42,0.96,8.25,21.97,2.0,329.0,327.0,0.9,2.1,1748.0,1.0,1748.0,1013.0,0.4,1021.5,336.5749,1021.3,-4.522345,0.0,6.9,7.5,6.7,96.0,6.4,6.396388889,,,,,,,,,
2022-09-19 19:00:00,10,0,13.32,45.63,6.54,99.4,0.97,8.24,21.96,3.0,322.0,4.0,0.6,2.3,1822.0,1.5,1829.0,1013.4,0.5,1021.9,343.9155,1021.7,-10.32491,0.1,6.9,7.0,6.8,96.0,6.4,6.4,,,,,,,,,
2022-09-19 20:00:00,10,0,13.32,45.62,6.53,99.53,0.93,8.22,21.91,0.0,344.0,336.0,1.0,2.1,1945.0,1.2,1950.0,1013.2,0.5,1021.7,308.9259,1021.5,-11.37504,0.0,6.3,6.9,6.2,96.0,6.4,6.400555556,,,,,,,,,
2022-09-19 21:00:00,10,0,13.3,45.65,6.53,99.41,0.95,8.25,21.97,0.0,302.0,342.0,0.8,2.4,2024.0,1.5,2036.0,1013.3,0.4,1021.9,275.5753,1021.7,-10.81911,0.0,5.7,6.3,5.7,96.0,6.4,6.421111111,,,,,,,,,
2022-09-19 22:00:00,10,0,13.29,45.65,6.53,99.39,0.95,8.29,22.08,3.0,307.0,304.0,0.6,1.1,2140.0,0.8,2102.0,1013.5,0.1,1022.1,281.3232,1021.8,-10.50363,0.0,5.6,5.7,5.5,97.0,6.4,6.456944444,,,,,,,,,
2022-09-19 23:00:00,10,0,13.27,45.65,6.53,99.35,0.96,8.27,22.04,0.0,321.0,332.0,0.7,1.3,2220.0,0.8,2246.0,1013.4,0.3,1022.0,287.2494,1021.8,-9.976617,0.0,5.4,5.8,5.4,97.0,6.4,6.477222222,,,,,,,,,
2022-09-20 00:00:00,10,0,13.24,45.66,6.53,99.26,0.95,8.27,22.03,2.0,356.0,356.0,0.7,1.1,2313.0,0.7,0.0,1013.6,0.3,1022.2,277.3384,1022.0,-10.34035,0.1,5.2,5.4,5.2,97.0,6.4,6.493333333,,,,,,,,,
2022-09-20 01:00:00,10,1,13.24,45.67,6.51,99.26,0.96,8.28,22.08,4.0,312.0,327.0,0.4,1.2,8.0,0.7,18.0,1013.5,0.0,1022.1,300.2403,1021.8,-9.606334,0.0,5.3,5.5,5.2,97.0,6.4,6.496111111,,,,,,,,,
2022-09-20 02:00:00,10,0,13.24,45.68,6.48,99.27,0.97,8.3,22.12,5.0,356.0,5.0,0.4,2.8,142.0,1.5,146.0,1013.5,0.0,1022.1,262.8343,1021.8,-10.92063,0.0,5.0,5.3,5.0,97.0,6.4,6.498055556,,,,,,,,,
2022-09-20 03:00:00,10,0,13.25,45.69,6.51,99.24,0.96,8.3,22.1,5.0,342.0,342.0,1.2,1.9,258.0,1.2,300.0,1013.4,0.2,1022.0,262.9681,1021.7,-10.4594,0.1,4.9,5.1,4.9,97.0,6.4,6.498888889,,,,,,,,,
2022-09-20 04:00:00,10,0,13.25,45.69,6.53,99.21,0.96,8.33,22.2,5.0,18.0,18.0,1.5,2.7,356.0,1.5,400.0,1013.4,0.1,1022.0,261.7225,1021.8,-10.5304,0.0,4.9,5.0,4.7,97.0,6.4,6.4975,,,,,,,,,
2022-09-20 05:00:00,10,0,13.23,45.68,6.53,99.2,0.93,8.34,22.21,5.0,11.0,11.0,1.9,3.7,450.0,1.9,500.0,1013.4,0.0,1022.0,261.4325,1021.8,-10.00193,0.0,5.1,5.1,4.7,95.0,6.4,6.499722222,,,,,,,,,
2022-09-20 06:00:00,10,0,13.24,45.7,6.52,99.21,0.97,8.36,22.28,3.0,32.0,33.0,1.8,4.0,555.0,2.3,548.0,1013.6,0.1,1022.2,261.2699,1021.9,18.34295,0.0,6.0,6.0,5.0,92.0,6.4,6.500833333,,,,,,,,,
2022-09-20 07:00:00,10,0,13.2,45.7,6.52,99.16,0.96,8.41,22.42,2.0,43.0,43.0,2.8,4.8,650.0,3.0,657.0,1013.6,0.2,1022.1,262.6231,1021.9,114.9197,0.0,7.6,7.6,6.0,82.0,6.4,6.504166667,,,,,,,,,
2022-09-20 08:00:00,10,0,13.19,45.71,6.51,99.16,0.97,8.43,22.47,0.0,77.0,75.0,2.4,5.0,735.0,3.2,739.0,1013.5,0.0,1022.0,265.0475,1021.8,232.522,0.0,8.4,8.4,7.6,80.0,6.4,6.501388889,,,,,,,,,
2022-09-20 09:00:00,10,0,13.19,45.71,6.5,99.15,0.99,8.41,22.41,7.0,71.0,73.0,2.8,5.1,859.0,3.1,854.0,1013.4,0.2,1021.8,268.8264,1021.7,356.8434,0.0,9.5,9.6,8.4,70.0,6.4,6.498333333,,,,,,,,,
2022-09-20 10:00:00,10,0,13.18,45.72,6.49,99.19,0.96,8.41,22.41,7.0,100.0,66.0,1.9,4.9,945.0,3.0,908.0,1013.1,0.5,1021.5,273.0835,1021.5,448.8233,0.0,10.9,11.3,9.4,71.0,6.4,6.496111111,,,,,,,,,
2022-09-20 11:00:00,10,0,13.17,45.7,6.5,99.27,0.96,8.48,22.6,7.0,106.0,71.0,2.1,4.2,1046.0,2.6,1027.0,1013.0,0.5,1021.4,278.0131,1021.3,478.0615,0.0,12.1,12.1,10.9,61.0,6.4,6.474166667,,,,,,,,,
2022-09-20 12:00:00,10,0,13.17,45.69,6.5,99.38,0.99,8.44,22.49,5.0,208.0,111.0,1.7,3.4,1109.0,2.1,1104.0,1013.2,0.2,1021.6,280.9337,1021.5,464.5199,0.0,12.1,12.6,11.7,61.0,6.4,6.431944444,,,,,,,,,
2022-09-20 13:00:00,10,1,13.18,45.67,6.5,99.4,0.96,8.45,22.52,3.0,199.0,200.0,2.2,3.5,1249.0,2.3,1259.0,1013.3,0.1,1021.7,283.7833,1021.6,437.8494,0.0,12.3,12.8,12.1,62.0,6.4,6.416666667,,,,,,,,,
2022-09-20 14:00:00,10,0,13.19,45.65,6.49,99.42,0.93,8.46,22.55,2.0,171.0,192.0,1.0,2.9,1301.0,2.1,1304.0,1013.4,0.4,1021.7,285.6591,1021.7,370.9908,0.0,12.9,13.1,12.2,61.0,6.4,6.42,,,,,,,,,
2022-09-20 15:00:00,10,0,13.2,45.65,6.54,99.42,0.93,8.44,22.5,2.0,151.0,163.0,0.8,2.3,1407.0,1.3,1416.0,1013.3,0.1,1021.6,288.0036,1021.6,292.7654,0.0,12.7,13.2,12.1,61.0,6.4,6.410277778,,,,,,,,,
2022-09-20 16:00:00,10,0,13.2,45.66,6.54,99.42,0.95,8.46,22.55,4.0,311.0,201.0,0.5,1.8,1504.0,1.1,1511.0,1013.2,0.1,1021.6,287.82,1021.5,190.3015,0.0,10.2,13.0,10.2,79.0,6.4,6.4025,,,,,,,,,
2022-09-20 17:00:00,10,0,13.21,45.67,6.54,99.45,0.94,8.44,22.5,4.0,314.0,314.0,0.9,1.8,1659.0,0.9,1700.0,1013.3,0.1,1021.8,282.2965,1021.7,23.92871,0.0,8.5,10.2,8.5,83.0,6.4,6.402222222,,,,,,,,,
2022-09-20 18:00:00,10,0,13.21,45.67,6.54,99.4,0.97,8.43,22.48,3.0,305.0,318.0,0.7,1.6,1722.0,1.0,1705.0,1013.8,0.5,1022.3,282.8814,1022.1,-1.654258,0.0,7.8,8.5,7.8,88.0,6.4,6.4,,,,,,,,,
2022-09-20 19:00:00,10,0,13.23,45.67,6.54,99.57,0.97,8.46,22.56,2.0,322.0,314.0,0.7,1.4,1845.0,0.8,1855.0,1013.9,0.7,1022.4,282.4766,1022.3,-11.82552,0.0,7.3,7.8,7.3,89.0,6.4,6.4,,,,,,,,,
2022-09-20 20:00:00,10,0,13.25,45.67,6.54,99.77,0.95,8.35,22.24,2.0,333.0,333.0,0.8,1.4,1939.0,0.8,2000.0,1014.0,0.7,1022.5,281.2007,1022.4,-11.85166,0.0,6.8,7.3,6.8,91.0,6.4,6.4,,,,,,,,,
2022-09-20 21:00:00,10,0,13.31,45.67,6.54,99.87,0.96,8.3,22.11,2.0,298.0,306.0,0.5,1.2,2017.0,0.8,2050.0,1014.0,0.2,1022.5,280.0926,1022.3,-11.64824,0.0,6.7,6.9,6.7,92.0,6.4,6.398888889,,,,,,,,,
2022-09-20 22:00:00,10,0,13.35,45.68,6.54,99.96,0.96,8.24,21.94,4.0,333.0,347.0,0.6,1.6,2146.0,0.9,2150.0,1013.9,0.0,1022.4,289.8539,1022.3,-11.46929,0.0,6.9,6.9,6.7,91.0,6.4,6.369166667,,,,,,,,,
2022-09-20 23:00:00,10,0,13.35,45.68,6.53,99.93,0.95,8.18,21.8,7.0,353.0,17.0,0.3,1.8,2235.0,0.9,2243.0,1013.8,0.2,1022.3,328.4529,1022.2,-10.46958,0.0,7.5,7.5,6.9,88.0,6.4,6.351666667,,,,,,,,,
2022-09-21 00:00:00,10,0,13.32,45.68,6.57,99.85,0.95,8.24,21.95,7.0,337.0,9.0,0.4,1.3,2314.0,0.7,2319.0,1013.6,0.3,1022.1,360.0108,1021.9,-9.974599,0.0,8.0,8.0,7.5,87.0,6.4,6.3275,,,,,,,,,
2022-09-21 01:00:00,10,1,13.3,45.68,6.53,99.82,0.94,8.28,22.04,7.0,352.0,6.0,0.8,2.6,49.0,1.1,55.0,1013.4,0.6,1021.9,365.2576,1021.7,-10.01067,0.0,8.7,8.7,8.0,81.0,6.4,6.313055556,,,,,,,,,
2022-09-21 02:00:00,10,0,13.28,45.67,6.49,99.78,0.92,8.31,22.13,7.0,28.0,34.0,1.1,4.0,109.0,1.6,117.0,1013.1,0.7,1021.6,367.1233,1021.4,-9.901604,0.0,9.0,9.1,8.7,75.0,6.4,6.301388889,,,,,,,,,
2022-09-21 03:00:00,10,0,13.24,45.68,6.52,99.61,0.92,8.36,22.27,7.0,282.0,33.0,0.7,2.7,241.0,1.3,236.0,1013.1,0.6,1021.6,368.6134,1021.4,-9.858138,0.0,9.1,9.2,8.9,72.0,6.4,6.319444444,,,,,,,,,
2022-09-21 04:00:00,10,0,13.2,45.69,6.52,99.5,0.93,8.39,22.35,7.0,17.0,20.0,1.0,3.2,339.0,1.6,343.0,1012.9,0.5,1021.3,369.9084,1021.2,-9.881694,0.0,9.4,9.6,9.0,71.0,6.4,6.315555556,,,,,,,,,
2022-09-21 05:00:00,10,0,13.19,45.69,6.52,99.52,0.96,8.41,22.42,7.0,322.0,14.0,0.6,2.8,403.0,1.6,410.0,1012.8,0.3,1021.3,368.6156,1021.1,-10.36003,0.0,9.1,9.6,9.1,79.0,6.4,6.3375,,,,,,,,,
2022-09-21 06:00:00,10,0,13.19,45.69,6.53,99.48,0.96,8.4,22.38,7.0,333.0,350.0,0.7,1.8,546.0,1.0,551.0,1012.9,0.2,1021.3,368.5292,1021.2,-8.106419,0.0,9.2,9.2,9.1,79.0,6.4,6.348611111,,,,,,,,,
2022-09-21 07:00:00,10,0,13.18,45.7,6.53,99.37,0.95,8.43,22.45,3.0,343.0,19.0,0.8,2.6,636.0,1.2,654.0,1013.1,0.3,1021.5,370.8608,1021.5,-4.815127,0.0,10.0,10.0,9.2,73.0,6.4,6.343888889,,,,,,,,,
2022-09-21 08:00:00,10,0,13.18,45.68,6.51,99.4,0.94,8.41,22.41,2.0,38.0,38.0,1.4,3.3,759.0,1.4,800.0,1013.2,0.4,1021.6,371.8914,1021.5,36.12399,0.0,10.9,10.9,10.0,70.0,6.4,6.353888889,,,,,,,,,
2022-09-21 09:00:00,10,0,13.18,45.69,6.51,99.45,0.94,8.43,22.47,0.0,33.0,33.0,1.3,3.5,848.0,1.6,849.0,1012.8,0.0,1021.2,373.3225,1021.1,92.15208,0.0,12.1,12.1,10.9,65.0,6.4,6.357222222,,,,,,,,,
2022-09-21 10:00:00,10,0,13.18,45.7,6.5,99.44,0.95,8.46,22.56,7.0,49.0,34.0,1.0,3.3,925.0,1.6,927.0,1012.8,0.2,1021.1,372.9887,1021.2,155.4262,0.0,13.3,13.4,12.1,60.0,6.4,6.35,,,,,,,,,
2022-09-21 18:00:00,11,0,13.25,45.48,6.3,98.67,1.64,8.04,23.19,6.0,334.0,296.0,0.7,1.8,1749.0,1.0,1752.0,1010.0,1.0,1018.4,313.9378,1018.3,-5.400899,0.0,11.7,12.4,11.6,82.0,6.4,6.399722222,,,,,,,,,
2022-09-21 19:00:00,11,0,13.25,45.43,6.32,98.77,1.61,8.07,23.29,7.0,279.0,329.0,0.6,2.1,1838.0,1.2,1828.0,1009.8,0.4,1018.2,323.0225,1018.1,-11.75017,0.0,11.3,11.7,11.3,85.0,6.4,6.4,,,,,,,,,
2022-09-21 20:00:00,11,0,13.24,45.44,6.33,98.85,1.61,8.05,23.23,8.0,12.0,23.0,1.2,4.5,1935.0,2.0,1936.0,1009.4,0.8,1017.7,336.4099,1017.7,-11.70318,0.0,12.0,12.4,10.9,79.0,6.4,6.4,,,,,,,,,
2022-09-21 21:00:00,11,0,13.23,45.45,6.35,98.9,1.66,8.05,23.24,8.0,340.0,15.0,0.7,2.4,2034.0,1.2,2001.0,1008.9,1.0,1017.3,328.3831,1017.2,-11.97546,0.0,11.1,12.0,11.1,83.0,6.4,6.4,,,,,,,,,
2022-09-21 22:00:00,11,0,13.22,45.44,6.36,98.81,1.64,8.11,23.41,7.0,300.0,301.0,0.8,2.5,2141.0,0.9,2143.0,1008.5,1.3,1016.8,343.3206,1016.8,-11.0729,0.0,11.3,11.3,10.8,84.0,6.4,6.4,,,,,,,,,
2022-09-21 23:00:00,11,0,13.2,45.47,6.37,98.75,1.64,8.09,23.36,7.0,328.0,319.0,0.5,2.9,2235.0,1.4,2225.0,1008.0,1.4,1016.4,350.0972,1016.3,-10.57926,0.0,11.1,11.3,11.0,85.0,6.4,6.4,,,,,,,,,
2022-09-22 00:00:00,11,0,13.19,45.44,6.37,98.86,1.59,8.1,23.4,7.0,9.0,9.0,1.4,2.8,2341.0,1.4,0.0,1007.3,1.7,1015.6,356.7439,1015.5,-10.76562,0.0,12.5,12.5,11.0,72.0,6.4,6.4,,,,,,,,,
2022-09-22 01:00:00,11,1,13.16,45.45,6.36,98.85,1.59,8.04,23.2,7.0,296.0,21.0,0.9,3.4,15.0,1.8,34.0,1006.8,1.7,1015.1,367.4151,1015.1,-10.96506,0.0,12.0,12.8,12.0,79.0,6.4,6.4,,,,,,,,,
2022-09-22 02:00:00,11,0,13.13,45.46,6.35,98.84,1.59,7.97,22.99,7.0,285.0,309.0,1.3,3.8,153.0,1.5,156.0,1006.3,1.7,1014.6,347.7774,1014.6,-10.8838,0.0,11.6,12.0,11.5,80.0,6.4,6.4,,,,,,,,,
2022-09-22 03:00:00,11,0,13.09,45.47,6.39,98.56,1.57,7.93,22.87,7.0,356.0,356.0,1.5,2.8,255.0,1.5,300.0,1005.9,1.3,1014.2,340.8598,1014.1,-11.1737,0.0,11.9,12.3,11.6,79.0,6.4,6.4,,,,,,,,,
2022-09-22 04:00:00,11,0,13.08,45.47,6.41,98.7,1.61,7.91,22.82,7.0,210.0,224.0,1.8,6.3,352.0,1.9,359.0,1005.4,1.5,1013.7,334.9952,1013.6,-11.43584,0.0,12.8,13.2,11.9,72.0,6.4,6.4,,,,,,,,,
2022-09-22 05:00:00,11,0,13.06,45.49,6.41,98.69,1.6,7.91,22.82,7.0,72.0,249.0,0.8,7.3,448.0,2.2,451.0,1005.1,1.4,1013.4,346.6951,1013.3,-11.34647,0.0,13.4,13.5,12.3,67.0,6.4,6.4,,,,,,,,,
2022-09-22 06:00:00,11,0,13.03,45.5,6.41,98.7,1.55,7.91,22.8,6.0,194.0,197.0,3.3,8.6,555.0,3.5,559.0,1004.8,1.0,1013.0,370.1565,1013.0,-5.91401,0.0,15.6,15.6,13.1,53.0,6.4,6.4,,,,,,,,,
2022-09-22 07:00:00,11,0,13.02,45.52,6.38,98.47,1.55,7.96,22.95,8.0,219.0,175.0,2.6,11.2,611.0,4.2,618.0,1004.2,1.2,1012.4,369.7154,1012.5,17.29744,0.0,15.7,16.1,15.5,52.0,6.4,6.4,,,,,,,,,
2022-09-22 08:00:00,11,0,13.02,45.5,6.39,98.47,1.59,7.93,22.87,8.0,234.0,224.0,2.6,8.7,719.0,3.3,752.0,1003.8,1.1,1012.0,381.0245,1012.0,21.68451,0.0,15.7,16.2,15.6,51.0,6.4,6.403611111,,,,,,,,,
2022-09-22 09:00:00,11,0,13.04,45.51,6.37,98.53,1.55,7.93,22.87,7.0,193.0,228.0,2.0,7.1,854.0,2.4,856.0,1003.2,1.7,1011.4,374.9327,1011.5,42.743,0.1,15.8,15.8,13.9,54.0,6.4,6.403333333,,,,,,,,,
2022-09-22 10:00:00,11,0,13.07,45.47,6.39,98.82,1.57,7.93,22.87,7.0,163.0,193.0,2.1,7.8,919.0,3.6,943.0,1002.7,1.4,1010.9,370.2124,1010.9,65.96197,0.0,16.3,16.3,15.3,51.0,6.4,6.451944444,,,,,,,,,
2022-09-22 11:00:00,11,0,13.07,45.46,6.39,98.86,1.59,7.94,22.91,7.0,221.0,169.0,1.6,5.4,1001.0,2.5,1010.0,1001.9,1.8,1010.0,384.4461,1010.1,54.89969,0.0,16.4,16.4,15.8,52.0,6.4,6.465,,,,,,,,,
2022-09-22 12:00:00,11,0,13.07,45.47,6.4,98.86,1.54,7.96,22.96,7.0,184.0,199.0,2.5,7.5,1140.0,3.5,1147.0,1001.5,1.8,1009.6,390.3587,1009.7,88.98297,0.0,16.9,16.9,16.4,50.0,6.4,6.457222222,,,,,,,,,
2022-09-22 13:00:00,11,1,13.07,45.47,6.38,98.88,1.56,7.96,22.98,7.0,311.0,251.0,1.3,9.2,1244.0,3.2,1250.0,1001.0,1.7,1009.1,393.0909,1009.2,63.74409,0.0,16.2,17.2,16.2,63.0,6.4,6.406388889,,,,,,,,,
2022-09-22 14:00:00,11,0,13.07,45.47,6.36,98.9,1.57,7.97,23.0,5.0,221.0,214.0,2.5,11.1,1359.0,3.4,1319.0,1001.2,0.8,1009.3,396.5408,1009.4,85.76939,0.2,16.9,17.2,16.0,55.0,6.4,6.400833333,,,,,,,,,
2022-09-22 15:00:00,11,0,13.08,45.46,6.41,98.96,1.53,7.95,22.93,5.0,245.0,196.0,2.0,8.3,1412.0,2.7,1416.0,1001.4,0.1,1009.6,390.9788,1009.6,37.43454,0.1,15.3,16.9,15.3,68.0,6.4,6.4,,,,,,,,,
2022-09-22 16:00:00,11,0,13.09,45.47,6.42,99.05,1.51,7.92,22.85,0.0,230.0,253.0,1.3,5.5,1520.0,2.3,1515.0,1001.2,0.2,1009.4,392.387,1009.4,19.10504,0.8,13.3,15.3,13.3,80.0,6.4,6.4,,,,,,,,,
2022-09-22 17:00:00,11,0,13.09,45.46,6.41,99.06,1.53,7.94,22.9,8.0,176.0,198.0,1.8,6.2,1626.0,3.3,1640.0,1000.9,0.2,1009.1,391.9897,1009.1,5.499426,0.0,14.5,15.0,13.3,66.0,6.4,6.398888889,,,,,,,,,
2022-09-22 18:00:00,11,0,13.1,45.46,6.42,99.04,1.51,7.97,22.99,5.0,212.0,191.0,1.7,6.1,1712.0,2.7,1705.0,1001.0,0.3,1009.2,382.0565,1009.2,-8.063797,0.2,13.9,15.2,13.9,72.0,6.4,6.399722222,,,,,,,,,
2022-09-22 19:00:00,11,0,13.11,45.46,6.42,98.97,1.64,8.02,23.14,5.0,355.0,217.0,1.1,4.0,1827.0,1.5,1803.0,1001.0,0.1,1009.3,391.2693,1009.2,-7.951691,1.8,11.6,13.9,11.6,93.0,6.4,6.4,,,,,,,,,
2022-09-22 20:00:00,11,0,13.12,45.48,6.43,99.04,1.52,8.02,23.15,3.0,318.0,21.0,0.9,4.7,1939.0,2.4,1945.0,1001.2,0.3,1009.5,389.7896,1009.4,-11.00515,0.2,11.7,12.1,11.5,91.0,6.4,6.399444444,,,,,,,,,
2022-09-22 21:00:00,11,0,13.12,45.48,6.43,99.04,1.5,8.01,23.1,4.0,326.0,326.0,0.8,2.1,2051.0,1.0,2029.0,1001.1,0.1,1009.4,380.8887,1009.3,-11.94234,0.0,11.2,11.7,11.2,95.0,6.4,6.39,,,,,,,,,
2022-09-22 22:00:00,11,0,13.1,45.47,6.42,98.95,1.54,8.01,23.11,3.0,298.0,248.0,0.6,2.8,2150.0,1.1,2150.0,1001.7,0.6,1010.0,388.8138,1009.9,-8.588248,1.1,11.4,11.4,11.2,95.0,6.4,6.357777778,,,,,,,,,
2022-09-22 23:00:00,11,0,13.09,45.48,6.44,98.94,1.52,8.02,23.14,3.0,294.0,164.0,0.4,2.0,2234.0,0.8,2236.0,1001.8,0.5,1010.1,394.172,1010.0,-9.925763,0.3,11.5,11.5,11.4,96.0,6.4,6.369444444,,,,,,,,,
2022-09-23 00:00:00,11,0,13.08,45.46,6.43,98.94,1.54,8.02,23.13,1.0,320.0,303.0,0.3,1.3,2348.0,0.5,2356.0,1001.7,0.6,1010.0,394.6785,1010.0,-9.817482,0.1,11.4,11.5,11.4,96.0,6.4,6.363055556,,,,,,,,,
2022-09-23 01:00:00,11,1,13.09,45.47,6.4,98.92,1.51,8.02,23.14,2.0,213.0,213.0,0.5,2.4,13.0,0.5,100.0,1001.8,0.2,1010.1,392.8775,1010.0,-8.48131,1.7,11.3,11.4,11.2,96.0,6.4,6.361388889,,,,,,,,,
2022-09-23 02:00:00,11,0,13.09,45.48,6.37,98.89,1.48,8.03,23.16,4.0,325.0,252.0,0.2,1.5,113.0,0.6,121.0,1001.9,0.1,1010.2,391.4905,1010.1,-8.624475,2.2,11.1,11.3,11.1,97.0,6.4,6.348055556,,,,,,,,,
2022-09-23 03:00:00,11,0,13.1,45.47,6.43,98.91,1.49,7.96,22.95,4.0,15.0,26.0,0.5,1.3,251.0,0.7,258.0,1001.7,0.0,1010.0,390.2999,1009.9,-8.684878,1.9,10.9,11.1,10.9,97.0,6.4,6.301666667,,,,,,,,,
2022-09-23 04:00:00,11,0,13.1,45.46,6.44,98.94,1.54,7.95,22.92,7.0,313.0,313.0,0.6,1.3,359.0,0.6,400.0,1001.7,0.2,1010.0,380.8506,1009.9,-11.95604,0.1,9.6,10.9,9.6,96.0,6.4,6.303888889,,,,,,,,,
2022-09-23 05:00:00,11,0,13.1,45.46,6.44,98.91,1.48,7.95,22.92,7.0,344.0,300.0,0.3,1.7,424.0,0.7,431.0,1001.6,0.3,1010.0,320.7773,1009.9,-11.71392,0.0,9.1,9.6,9.1,97.0,6.4,6.324166667,,,,,,,,,
2022-09-23 06:00:00,11,0,13.1,45.46,6.45,98.94,1.51,7.93,22.86,3.0,357.0,305.0,0.2,1.2,518.0,0.6,542.0,1002.0,0.3,1010.4,301.2265,1010.3,-6.723896,0.0,8.8,9.2,8.8,97.0,6.4,6.350555556,,,,,,,,,
2022-09-23 07:00:00,11,0,13.09,45.48,6.45,98.91,1.51,7.92,22.83,2.0,228.0,306.0,0.6,1.6,656.0,0.9,642.0,1002.2,0.5,1010.5,293.4522,1010.4,59.97419,0.0,10.4,11.1,8.8,97.0,6.4,6.357222222,,,,,,,,,
2022-09-23 08:00:00,11,0,13.08,45.47,6.45,98.9,1.54,7.94,22.89,1.0,164.0,229.0,0.8,2.2,735.0,1.1,728.0,1002.2,0.6,1010.5,295.7086,1010.4,165.7747,0.0,11.6,11.8,10.3,91.0,6.4,6.385277778,,,,,,,,,
2022-09-23 09:00:00,11,0,13.08,45.49,6.44,98.94,1.49,7.93,22.86,2.0,104.0,104.0,1.1,2.1,858.0,1.1,900.0,1002.5,0.5,1010.8,314.868,1010.7,338.8311,0.0,12.9,13.7,11.6,85.0,6.4,6.4,,,,,,,,,
2022-09-23 10:00:00,11,0,13.08,45.48,6.45,98.94,1.52,7.93,22.88,2.0,68.0,172.0,0.4,2.7,935.0,1.4,937.0,1002.7,0.5,1011.0,344.4392,1010.9,247.8181,0.0,12.6,14.3,12.5,86.0,6.4,6.4,,,,,,,,,
2022-09-23 11:00:00,11,0,13.08,45.49,6.45,99.0,1.5,7.92,22.83,2.0,241.0,238.0,1.7,6.2,1050.0,1.8,1059.0,1003.0,0.8,1011.3,370.7452,1011.2,150.2727,0.0,12.0,13.1,12.0,81.0,6.4,6.400277778,,,,,,,,,
2022-09-23 12:00:00,11,0,13.08,45.48,6.45,99.09,1.51,7.94,22.91,3.0,252.0,231.0,1.1,4.2,1144.0,1.6,1139.0,1003.5,0.9,1011.8,376.9514,1011.7,86.0526,0.8,10.8,12.1,10.8,88.0,6.4,6.400277778,,,,,,,,,
2022-09-23 13:00:00,11,1,13.1,45.48,6.42,99.13,1.5,7.91,22.82,0.0,226.0,254.0,0.9,3.6,1227.0,1.5,1232.0,1003.6,0.9,1011.9,388.9894,1011.8,106.7763,0.8,11.1,11.1,10.6,87.0,6.4,6.400277778,,,,,,,,,
2022-09-23 14:00:00,11,0,13.12,45.48,6.39,99.17,1.49,7.88,22.72,1.0,296.0,288.0,1.0,4.0,1348.0,1.6,1357.0,1003.6,0.6,1011.9,389.5957,1011.8,167.1295,0.0,11.9,12.3,11.1,84.0,6.4,6.400555556,,,,,,,,,
2022-09-23 15:00:00,11,0,13.13,45.45,6.46,99.24,1.51,7.85,22.61,2.0,288.0,286.0,0.9,3.3,1407.0,1.3,1411.0,1003.6,0.1,1011.9,372.3963,1011.8,105.7038,0.2,11.7,12.3,11.6,87.0,6.4,6.4,,,,,,,,,
2022-09-23 16:00:00,11,0,13.14,45.45,6.45,99.38,1.49,7.82,22.54,3.0,285.0,267.0,0.8,4.2,1541.0,1.6,1544.0,1004.0,0.4,1012.3,361.1826,1012.2,54.25963,0.5,10.7,11.7,10.7,88.0,6.4,6.401111111,,,,,,,,,
2022-09-23 17:00:00,11,0,13.14,45.45,6.45,99.37,1.5,7.84,22.58,3.0,332.0,309.0,0.6,2.8,1616.0,1.4,1625.0,1004.2,0.5,1012.6,341.3703,1012.4,17.21824,0.0,9.0,10.7,9.0,95.0,6.4,6.402777778,,,,,,,,,
2022-09-23 18:00:00,11,0,13.13,45.46,6.44,99.34,1.45,7.85,22.63,2.0,287.0,308.0,0.5,1.5,1729.0,0.8,1736.0,1004.4,0.8,1012.8,329.1808,1012.7,-6.754214,0.1,9.1,9.2,9.0,95.0,6.4,6.400277778,,,,,,,,,
2022-09-23 19:00:00,11,0,13.11,45.45,6.45,99.28,1.46,7.88,22.72,2.0,318.0,318.0,0.7,1.3,1809.0,0.7,1900.0,1004.8,0.8,1013.2,329.1709,1013.0,-9.955793,0.0,9.1,9.1,9.0,96.0,6.4,6.4,,,,,,,,,
2022-09-23 20:00:00,11,0,13.1,45.45,6.45,99.19,1.48,7.9,22.79,2.0,326.0,319.0,0.7,1.7,1935.0,0.9,1948.0,1005.0,0.8,1013.4,301.7964,1013.3,-10.03002,0.1,8.5,9.1,8.5,96.0,6.4,6.400277778,,,,,,,,,
2022-09-23 21:00:00,11,0,13.09,45.44,6.45,99.15,1.5,7.91,22.81,2.0,321.0,324.0,0.5,1.3,2001.0,0.7,2010.0,1005.0,0.6,1013.4,345.7787,1013.3,-8.645422,0.0,9.1,9.1,8.5,97.0,6.4,6.4,,,,,,,,,
2022-09-23 22:00:00,11,0,13.08,45.45,6.45,99.14,1.5,7.93,22.86,2.0,329.0,337.0,0.4,1.0,2143.0,0.5,2145.0,1005.3,0.5,1013.7,342.5067,1013.6,-9.113108,0.0,8.9,9.2,8.9,96.0,6.4,6.400277778,,,,,,,,,
2022-09-23 23:00:00,11,0,13.08,45.46,6.45,99.15,1.46,7.89,22.74,2.0,315.0,313.0,0.6,1.3,2248.0,0.7,2257.0,1005.6,0.6,1014.0,350.5368,1013.9,-8.964763,0.0,8.9,9.1,8.9,96.0,6.4,6.4,,,,,,,,,
2022-09-24 00:00:00,11,0,13.07,45.45,6.45,99.11,1.53,7.93,22.86,2.0,318.0,318.0,0.6,1.1,2329.0,0.6,0.0,1005.7,0.7,1014.1,348.2946,1014.0,-9.698904,0.0,9.0,9.1,8.9,96.0,6.4,6.4,,,,,,,,,
2022-09-24 01:00:00,11,1,13.06,45.45,6.43,99.09,1.52,7.93,22.86,2.0,328.0,317.0,0.5,1.3,39.0,0.6,48.0,1006.0,0.7,1014.4,338.955,1014.3,-9.77572,0.0,8.9,9.0,8.7,96.0,6.4,6.396666667,,,,,,,,,
2022-09-24 02:00:00,11,0,13.05,45.45,6.4,99.07,1.5,7.93,22.85,2.0,321.0,315.0,0.5,0.9,142.0,0.7,145.0,1006.0,0.5,1014.4,352.5,1014.3,-9.73074,0.0,8.9,9.0,8.9,96.0,6.4,6.387222222,,,,,,,,,
2022-09-24 03:00:00,11,0,13.05,45.45,6.45,99.02,1.51,7.91,22.82,1.0,312.0,308.0,0.5,1.2,232.0,0.6,259.0,1006.1,0.4,1014.5,341.1597,1014.4,-10.10077,0.0,8.6,8.9,8.6,96.0,6.4,6.381666667,,,,,,,,,
2022-09-24 04:00:00,11,0,13.03,45.45,6.45,98.98,1.49,7.93,22.88,3.0,295.0,282.0,0.5,1.3,332.0,0.9,335.0,1006.6,0.5,1015.0,353.7008,1014.8,-9.483138,0.0,8.7,8.7,8.6,96.0,6.4,6.388333333,,,,,,,,,
2022-09-24 05:00:00,11,0,13.03,45.44,6.46,98.99,1.5,7.94,22.89,2.0,318.0,301.0,0.5,1.2,423.0,0.6,443.0,1006.7,0.6,1015.1,376.6842,1014.9,-9.764973,0.2,8.9,8.9,8.7,96.0,6.4,6.398333333,,,,,,,,,
2022-09-24 06:00:00,11,0,13.02,45.45,6.46,98.98,1.49,7.96,22.95,2.0,324.0,300.0,0.2,1.2,512.0,0.7,524.0,1007.1,1.0,1015.5,381.1909,1015.4,-4.997676,0.0,9.1,9.1,8.8,97.0,6.4,6.399444444,,,,,,,,,
2022-09-24 07:00:00,11,0,13.01,45.44,6.46,99.0,1.47,7.94,22.91,3.0,276.0,212.0,0.6,1.6,658.0,0.7,651.0,1007.6,1.1,1016.0,383.6674,1015.9,31.02946,0.3,9.6,9.6,9.1,96.0,6.4,6.399444444,,,,,,,,,
2022-09-24 08:00:00,11,0,13.01,45.44,6.46,99.01,1.49,7.93,22.88,2.0,257.0,258.0,0.5,1.2,701.0,0.7,707.0,1008.0,1.3,1016.4,384.0859,1016.3,44.82223,1.3,9.7,9.7,9.6,96.0,6.4,6.4,,,,,,,,,
2022-09-24 09:00:00,11,0,13.01,45.44,6.49,99.04,1.47,7.93,22.88,2.0,175.0,213.0,0.5,1.3,836.0,0.8,840.0,1008.4,1.3,1016.8,391.2948,1016.7,86.73151,0.0,10.1,10.2,9.7,92.0,6.4,6.4,,,,,,,,,
2022-09-24 10:00:00,11,0,13.01,45.44,6.46,99.0,1.48,7.96,22.96,2.0,148.0,148.0,1.3,3.6,953.0,1.3,1000.0,1008.7,1.1,1017.1,383.4754,1017.0,116.6294,0.4,9.6,10.3,9.5,92.0,6.4,6.3775,,,,,,,,,
2022-09-24 11:00:00,11,0,13.02,45.43,6.46,99.13,1.46,7.89,22.76,1.0,122.0,129.0,1.2,3.5,1050.0,1.5,1056.0,1008.7,0.8,1017.1,385.3294,1017.0,154.5224,0.2,9.7,9.8,9.5,92.0,6.4,6.359722222,,,,,,,,,
2022-09-24 12:00:00,11,0,13.02,45.43,6.45,99.22,1.44,7.87,22.69,2.0,231.0,173.0,0.8,2.8,1126.0,1.5,1133.0,1008.8,0.4,1017.2,392.0589,1017.1,197.6489,0.0,10.6,10.6,9.7,87.0,6.4,6.3425,,,,,,,,,
2022-09-24 13:00:00,11,1,13.03,45.44,6.43,99.26,1.44,7.88,22.71,2.0,241.0,153.0,0.9,3.9,1234.0,1.8,1236.0,1008.9,0.3,1017.3,361.2599,1017.2,178.6021,0.0,10.3,11.0,10.2,82.0,6.4,6.363055556,,,,,,,,,
2022-09-24 14:00:00,11,0,13.04,45.44,6.41,99.3,1.45,7.89,22.73,2.0,161.0,176.0,0.7,2.6,1308.0,1.2,1340.0,1008.8,0.1,1017.2,364.1802,1017.1,109.6043,0.0,10.1,10.4,10.0,82.0,6.4,6.353888889,,,,,,,,,
2022-09-24 15:00:00,11,0,13.03,45.43,6.45,99.2,1.5,7.94,22.9,4.0,209.0,179.0,0.9,2.9,1407.0,1.3,1413.0,1008.8,0.1,1017.2,364.7969,1017.0,88.63824,0.0,10.2,10.3,10.1,82.0,6.4,6.351944444,,,,,,,,,
2022-09-24 16:00:00,11,0,13.04,45.44,6.47,99.28,1.46,7.89,22.75,4.0,152.0,206.0,0.7,3.3,1549.0,1.2,1510.0,1008.8,0.1,1017.2,360.6057,1017.1,55.05267,0.0,9.8,10.2,9.8,81.0,6.4,6.366111111,,,,,,,,,
2022-09-24 17:00:00,11,0,13.03,45.44,6.47,99.29,1.44,7.92,22.83,2.0,340.0,225.0,0.2,2.0,1641.0,0.8,1618.0,1009.0,0.2,1017.4,360.7861,1017.3,19.37915,0.0,9.4,9.8,9.4,86.0,6.4,6.399722222,,,,,,,,,
2022-09-24 18:00:00,11,0,13.05,45.45,6.48,99.47,1.51,7.87,22.7,0.0,314.0,314.0,0.7,1.1,1703.0,0.7,1800.0,1008.7,0.1,1017.1,359.6362,1017.0,-8.858786,0.0,8.5,9.4,8.5,91.0,6.4,6.4,,,,,,,,,
2022-09-24 19:00:00,11,0,13.12,45.43,6.49,99.81,1.44,7.74,22.3,8.0,323.0,324.0,0.7,1.3,1900.0,0.8,1832.0,1008.3,0.6,1016.7,357.6228,1016.6,-10.09267,0.0,8.3,8.5,8.2,93.0,6.4,6.401111111,,,,,,,,,
2022-09-24 20:00:00,11,0,13.12,45.44,6.49,99.81,1.49,7.72,22.22,5.0,328.0,308.0,0.6,1.5,1906.0,0.8,1933.0,1008.0,0.9,1016.4,349.8561,1016.3,-9.848973,0.0,8.0,8.3,7.9,93.0,6.4,6.403333333,,,,,,,,,
2022-09-24 21:00:00,11,0,13.09,45.44,6.48,99.72,1.48,7.77,22.39,6.0,313.0,323.0,0.5,1.2,2024.0,0.7,2049.0,1007.9,0.7,1016.3,354.6593,1016.2,-9.925245,0.0,8.0,8.0,7.9,93.0,6.4,6.400277778,,,,,,,,,
2022-09-24 22:00:00,11,0,13.06,45.44,6.48,99.68,1.48,7.78,22.41,8.0,333.0,333.0,0.7,1.1,2154.0,0.7,2200.0,1007.1,1.1,1015.5,344.9647,1015.4,-10.48678,0.0,7.7,8.0,7.7,92.0,6.4,6.400277778,,,,,,,,,
2022-09-24 23:00:00,11,0,13.05,45.45,6.48,99.57,1.46,7.82,22.52,8.0,326.0,332.0,0.6,1.1,2215.0,0.7,2250.0,1006.6,1.5,1015.1,285.6212,1014.8,-11.72572,0.0,6.6,7.7,6.6,94.0,6.4,6.4,,,,,,,,,
2022-09-25 00:00:00,11,0,13.03,45.44,6.47,99.43,1.49,7.86,22.66,6.0,316.0,326.0,0.6,1.2,2316.0,0.8,2324.0,1006.1,1.8,1014.6,270.9796,1014.4,-11.75453,0.0,6.0,6.6,6.0,94.0,6.4,6.4,,,,,,,,,
2022-09-25 01:00:00,11,1,13.0,45.45,6.44,99.32,1.44,7.9,22.76,7.0,307.0,322.0,0.7,1.2,12.0,0.8,40.0,1005.7,1.4,1014.2,269.7598,1014.0,-11.51351,0.0,5.7,6.0,5.7,95.0,6.4,6.4,,,,,,,,,
2022-09-25 02:00:00,11,0,12.98,45.46,6.42,99.22,1.4,7.93,22.86,7.0,299.0,306.0,0.5,2.0,122.0,1.0,129.0,1005.1,1.5,1013.6,300.2899,1013.3,-10.53835,0.0,6.5,6.7,5.7,95.0,6.4,6.4,,,,,,,,,
2022-09-25 03:00:00,11,0,12.97,45.45,6.45,98.98,1.45,7.97,22.97,8.0,318.0,318.0,0.7,1.2,224.0,0.7,300.0,1004.1,2.1,1012.6,288.3841,1012.3,-11.18147,0.0,6.2,6.6,6.2,95.0,6.4,6.399722222,,,,,,,,,
2022-09-25 04:00:00,11,0,12.94,45.47,6.46,98.99,1.44,7.97,22.98,8.0,317.0,314.0,0.7,1.5,314.0,0.8,359.0,1003.2,2.6,1011.7,277.5344,1011.4,-11.55802,0.0,5.9,6.2,5.9,95.0,6.4,6.399166667,,,,,,,,,
2022-09-25 05:00:00,11,0,12.94,45.46,6.46,98.99,1.46,7.99,23.04,6.0,326.0,331.0,0.4,1.4,408.0,0.7,441.0,1002.5,2.6,1011.0,285.9567,1010.7,-11.27053,0.1,6.1,6.2,5.9,96.0,6.4,6.398888889,,,,,,,,,
2022-09-25 06:00:00,11,0,12.91,45.46,6.46,98.97,1.5,7.92,22.85,8.0,353.0,335.0,0.2,1.4,531.0,0.8,535.0,1001.2,2.8,1009.6,303.7888,1009.4,3.00056,0.0,6.6,6.7,6.0,95.0,6.4,6.398888889,,,,,,,,,
2022-09-25 07:00:00,11,0,12.9,45.45,6.45,98.92,1.47,7.97,22.99,8.0,11.0,279.0,0.2,2.0,633.0,0.9,640.0,1000.1,3.0,1008.5,338.9409,1008.3,26.3759,0.0,7.4,7.4,6.6,95.0,6.4,6.399722222,,,,,,,,,
2022-09-25 08:00:00,11,0,12.88,45.47,6.45,98.9,1.46,7.98,23.02,7.0,51.0,72.0,0.5,2.6,726.0,1.0,726.0,998.6,3.8,1007.0,346.7685,1006.7,71.46162,0.0,8.5,8.5,7.4,92.0,6.4,6.4,,,,,,,,,
2022-09-25 09:00:00,11,0,12.88,45.47,6.45,98.92,1.47,7.98,23.01,7.0,273.0,80.0,0.4,2.6,810.0,1.0,818.0,997.1,4.0,1005.4,352.126,1005.3,61.7717,0.0,8.7,8.7,8.3,88.0,6.4,6.4,,,,,,,,,
2022-09-25 10:00:00,11,0,12.87,45.47,6.43,98.83,1.45,8.0,23.07,8.0,17.0,58.0,1.1,3.6,959.0,1.2,941.0,995.0,5.0,1003.3,356.2137,1003.2,91.1992,0.0,9.6,9.6,8.7,72.0,6.4,6.4,,,,,,,,,
2022-09-25 11:00:00,11,0,12.87,45.47,6.44,98.9,1.45,7.99,23.05,8.0,294.0,294.0,1.3,3.1,1057.0,1.3,1100.0,993.6,5.1,1001.9,362.2206,1001.7,66.28642,0.0,9.9,10.0,9.6,73.0,6.4,6.4,,,,,,,,,
2022-09-25 12:00:00,11,0,12.87,45.47,6.45,98.9,1.68,7.99,23.04,6.0,306.0,280.0,1.0,5.3,1108.0,1.5,1117.0,992.4,4.8,1000.7,367.3485,1000.5,56.72741,0.4,9.3,10.0,9.3,87.0,6.4,6.4,,,,,,,,,
2022-09-25 13:00:00,11,1,12.86,45.48,6.42,98.87,1.56,8.0,23.05,6.0,259.0,259.0,1.5,3.9,1256.0,1.5,1300.0,991.1,3.9,999.4,377.3752,999.2,67.34458,1.6,9.3,9.4,9.2,85.0,6.4,6.4,,,,,,,,,
2022-09-25 14:00:00,11,0,12.86,45.49,6.39,98.84,1.44,8.0,23.06,7.0,208.0,206.0,3.2,9.2,1344.0,4.2,1353.0,990.1,3.4,998.3,371.6794,998.3,37.05441,1.9,10.2,10.3,8.9,73.0,6.4,6.4,,,,,,,,,
2022-09-25 15:00:00,11,0,12.86,45.48,6.42,98.92,1.44,7.98,23.01,7.0,188.0,188.0,4.2,10.7,1459.0,4.2,1500.0,988.9,3.4,997.1,369.7323,997.0,17.11985,1.6,10.5,10.5,9.6,69.0,6.4,6.4,,,,,,,,,
2022-09-25 16:00:00,11,0,12.85,45.47,6.43,98.81,1.44,8.02,23.14,8.0,224.0,207.0,3.3,10.9,1508.0,4.3,1515.0,987.0,4.2,995.2,368.616,995.1,2.495755,1.2,10.5,11.0,10.3,70.0,6.4,6.4,,,,,,,,,
2022-09-25 17:00:00,11,0,12.83,45.43,6.42,98.69,1.4,8.08,23.32,8.0,175.0,198.0,3.1,10.0,1627.0,4.8,1622.0,984.7,5.3,992.9,369.8074,992.8,-5.461514,0.4,11.3,11.6,10.4,65.0,6.4,6.400833333,,,,,,,,,
2022-09-25 18:00:00,11,0,12.83,45.44,6.41,98.68,1.46,8.1,23.38,6.0,143.0,166.0,1.8,7.4,1748.0,3.4,1707.0,983.2,5.7,991.3,361.7623,991.3,-8.01396,0.0,11.9,12.3,11.3,64.0,6.4,6.400833333,,,,,,,,,
2022-09-25 19:00:00,11,0,12.82,45.43,6.42,98.7,1.46,8.12,23.43,6.0,186.0,190.0,5.4,13.3,1854.0,6.1,1854.0,982.5,4.4,990.6,361.782,990.6,-9.622898,0.0,13.2,13.2,11.3,52.0,6.4,6.429166667,,,,,,,,,
2022-09-25 20:00:00,11,0,12.81,45.44,6.41,98.66,1.44,8.13,23.49,8.0,178.0,188.0,4.7,12.0,1932.0,5.4,1932.0,981.4,3.6,989.5,359.3392,989.4,-9.959747,0.0,13.4,13.5,13.0,53.0,6.4,6.4475,,,,,,,,,
2022-09-25 21:00:00,11,0,12.8,45.44,6.41,98.65,1.44,8.13,23.48,8.0,171.0,173.0,4.4,10.1,2042.0,5.2,2054.0,980.6,2.8,988.6,359.8635,988.6,-10.08172,0.0,14.2,14.4,13.3,50.0,6.4,6.426388889,,,,,,,,,
2022-09-25 22:00:00,11,0,12.8,45.45,6.41,98.62,1.42,8.15,23.55,6.0,185.0,201.0,4.2,14.8,2126.0,5.9,2127.0,979.5,2.8,987.5,361.2028,987.5,-10.33941,0.0,14.5,14.7,13.8,48.0,6.4,6.405833333,,,,,,,,,
2022-09-25 23:00:00,11,0,12.79,45.45,6.38,98.59,1.46,8.15,23.54,5.0,209.0,184.0,3.5,11.5,2218.0,4.4,2202.0,979.4,2.1,987.4,343.927,987.4,-11.15143,0.0,14.1,14.6,13.9,52.0,6.4,6.4,,,,,,,,,
2022-09-26 00:00:00,11,0,12.78,45.45,6.42,98.51,1.47,8.17,23.6,5.0,214.0,214.0,1.1,6.2,2306.0,3.3,2301.0,979.3,1.3,987.4,356.1978,987.4,-11.11194,0.0,12.9,14.2,12.9,61.0,6.4,6.4,,,,,,,,,
2022-09-26 01:00:00,11,1,12.77,45.46,6.38,98.52,1.44,8.12,23.46,5.0,235.0,224.0,2.4,9.3,16.0,3.1,28.0,979.5,0.4,987.6,320.8358,987.5,-12.61954,0.0,13.0,13.4,12.7,57.0,6.4,6.399722222,,,,,,,,,
2022-09-26 02:00:00,11,0,12.76,45.46,6.34,98.54,1.42,8.08,23.31,2.0,258.0,210.0,2.3,9.2,135.0,3.1,112.0,979.6,0.4,987.7,350.7353,987.6,-10.63201,0.0,12.5,13.2,12.5,61.0,6.4,6.365,,,,,,,,,
2022-09-26 03:00:00,11,0,12.76,45.46,6.38,98.54,1.46,8.1,23.39,2.0,286.0,275.0,0.8,5.3,208.0,2.7,209.0,979.6,0.3,987.7,339.0466,987.6,-11.20801,0.0,11.2,12.5,11.2,70.0,6.4,6.333611111,,,,,,,,,
2022-09-26 04:00:00,11,0,12.76,45.46,6.41,98.54,1.5,8.1,23.38,0.0,296.0,288.0,0.6,2.5,303.0,0.9,352.0,979.4,0.1,987.5,358.4544,987.4,-10.3005,0.0,10.6,11.2,10.5,76.0,6.4,6.330833333,,,,,,,,,
2022-09-26 05:00:00,11,0,12.74,45.47,6.41,98.49,1.46,8.14,23.49,7.0,348.0,334.0,0.5,3.1,437.0,1.2,415.0,979.1,0.6,987.2,340.0315,987.2,-11.19789,0.0,10.2,10.7,10.2,78.0,6.4,6.3425,,,,,,,,,
2022-09-26 06:00:00,11,0,12.73,45.46,6.42,98.42,1.44,8.16,23.55,5.0,7.0,17.0,0.5,2.2,540.0,0.9,511.0,979.3,0.3,987.5,334.0909,987.3,-3.700772,0.0,9.6,10.2,9.6,84.0,6.4,6.342222222,,,,,,,,,
2022-09-26 07:00:00,11,0,12.7,45.46,6.41,98.36,1.43,8.17,23.59,5.0,253.0,355.0,0.4,1.4,626.0,0.7,633.0,979.4,0.0,987.5,347.4816,987.4,33.13533,0.0,10.4,10.4,9.6,84.0,6.4,6.344444444,,,,,,,,,
2022-09-26 08:00:00,11,0,12.68,45.46,6.42,98.38,1.45,8.14,23.49,2.0,299.0,299.0,0.5,0.9,757.0,0.5,800.0,979.6,0.5,987.7,359.4973,987.6,30.89718,0.0,10.4,10.6,10.4,84.0,6.4,6.368055556,,,,,,,,,
2022-09-26 09:00:00,11,0,12.7,45.46,6.42,98.37,1.43,8.18,23.61,3.0,2.0,209.0,0.0,0.9,832.0,0.5,845.0,980.0,0.7,988.1,365.8087,988.0,74.51303,0.2,11.0,11.0,10.4,82.0,6.4,6.378888889,,,,,,,,,
2022-09-26 10:00:00,11,0,12.72,45.47,6.42,98.43,1.4,8.14,23.5,0.0,247.0,201.0,0.3,0.8,927.0,0.5,936.0,979.9,0.6,988.0,396.7938,987.9,75.64716,0.1,10.9,11.2,10.9,84.0,6.4,6.357777778,,,,,,,,,
2022-09-26 11:00:00,11,0,12.72,45.46,6.43,98.49,1.44,8.12,23.45,1.0,0.0,305.0,0.0,1.0,1032.0,0.5,1037.0,980.0,0.5,988.1,388.1425,988.1,65.50404,0.1,10.9,11.0,10.8,85.0,6.4,6.353055556,,,,,,,,,
2022-09-26 12:00:00,11,0,12.72,45.46,6.43,98.52,1.46,8.12,23.45,4.0,88.0,178.0,0.3,1.0,1132.0,0.5,1137.0,980.0,0.1,988.1,389.541,988.1,108.7881,0.1,11.3,11.4,10.9,87.0,6.4,6.350555556,0.0,820.0,,,,,,,
2022-09-26 13:00:00,11,1,12.73,45.48,6.42,98.58,1.44,8.1,23.4,0.0,223.0,150.0,0.3,1.5,1210.0,0.7,1251.0,980.0,0.1,988.1,378.7785,988.0,155.853,0.0,11.6,11.6,11.2,78.0,6.4,6.346388889,,,,,,,,,
2022-09-26 14:00:00,11,0,12.73,45.49,6.42,98.64,1.43,8.09,23.35,4.0,152.0,173.0,1.1,2.3,1353.0,1.3,1356.0,980.0,0.1,988.1,363.0358,988.0,206.6864,0.0,12.5,12.8,11.6,78.0,6.4,6.359722222,,,,,,,,,
2022-09-26 15:00:00,11,0,12.74,45.48,6.45,98.69,1.42,8.1,23.39,3.0,286.0,194.0,0.7,2.9,1440.0,1.6,1417.0,980.2,0.1,988.3,368.1275,988.3,66.05814,0.0,10.9,12.5,10.9,82.0,6.4,6.391388889,,,,,,,,,
2022-09-26 16:00:00,11,0,12.77,45.46,6.45,98.77,1.43,8.08,23.31,3.0,290.0,256.0,1.1,3.9,1505.0,1.4,1514.0,980.3,0.3,988.5,363.002,988.3,27.23176,0.1,10.0,10.9,10.0,87.0,6.4,6.401388889,,,,,,,,,
2022-09-26 17:00:00,11,0,12.79,45.46,6.46,98.95,1.45,8.03,23.17,2.0,320.0,293.0,0.3,3.0,1609.0,1.0,1603.0,980.7,0.7,988.9,384.0008,988.8,13.61297,0.1,9.7,10.0,9.7,90.0,6.4,6.405,,,,,,,,,
2022-09-26 18:00:00,11,0,12.81,45.46,6.45,98.88,1.41,8.03,23.16,3.0,290.0,274.0,0.7,2.0,1754.0,0.8,1755.0,981.1,0.9,989.3,370.1563,989.2,-9.681751,0.1,9.2,9.7,9.2,92.0,6.4,6.408333333,,,,,,,,,
2022-09-26 19:00:00,11,0,12.77,45.47,6.45,98.73,1.43,8.08,23.32,2.0,333.0,299.0,0.2,1.5,1840.0,0.7,1847.0,981.5,1.2,989.7,380.0139,989.6,-8.545859,0.3,9.1,9.2,9.1,93.0,6.4,6.404444444,,,,,,,,,
2022-09-26 20:00:00,11,0,12.72,45.47,6.44,98.53,1.44,8.16,23.57,2.0,319.0,312.0,0.3,0.9,1926.0,0.5,1952.0,981.9,1.1,990.1,379.1058,989.9,-8.53665,0.3,9.0,9.1,9.0,95.0,6.4,6.401388889,,,,,,,,,
2022-09-26 21:00:00,11,0,12.71,45.48,6.44,98.5,1.42,8.17,23.58,2.0,255.0,235.0,0.6,1.4,2023.0,0.7,2058.0,982.3,1.2,990.5,378.4622,990.4,-8.098242,1.2,8.7,9.0,8.7,95.0,6.4,6.401111111,,,,,,,,,
2022-09-26 22:00:00,11,0,12.7,45.46,6.44,98.44,1.44,8.17,23.6,2.0,324.0,313.0,0.4,0.9,2148.0,0.5,2157.0,982.4,0.9,990.6,378.3594,990.4,-8.750892,0.4,8.7,8.7,8.7,96.0,6.4,6.401111111,,,,,,,,,
2022-09-26 23:00:00,11,0,12.7,45.45,6.44,98.54,1.43,8.13,23.47,1.0,325.0,103.0,0.6,1.6,2217.0,0.8,2221.0,982.4,0.6,990.6,378.0249,990.5,-9.762089,0.1,8.7,8.7,8.6,96.0,6.4,6.400833333,,,,,,,,,
2022-09-27 00:00:00,11,0,12.7,45.46,6.44,98.5,1.43,8.14,23.49,2.0,334.0,315.0,0.4,0.9,2319.0,0.6,2305.0,982.6,0.3,990.8,379.3158,990.6,-10.36849,0.0,8.7,8.7,8.7,96.0,6.4,6.400277778,,,,,,,,,
2022-09-27 01:00:00,11,1,12.71,45.46,6.42,98.5,1.44,8.12,23.44,0.0,327.0,327.0,0.5,0.8,17.0,0.5,100.0,982.5,0.1,990.7,375.0502,990.6,-8.534233,0.0,8.6,8.7,8.6,96.0,6.4,6.4,,,,,,,,,
2022-09-27 02:00:00,11,0,12.71,45.47,6.4,98.5,1.44,8.1,23.38,2.0,314.0,303.0,0.4,1.1,124.0,0.6,129.0,982.6,0.2,990.8,355.3286,990.7,-8.843799,0.0,8.5,8.6,8.4,97.0,6.4,6.4,,,,,,,,,
2022-09-27 03:00:00,11,0,12.7,45.46,6.44,98.5,1.46,8.08,23.31,2.0,315.0,327.0,0.4,1.1,212.0,0.7,215.0,982.8,0.2,991.0,360.7011,990.8,-10.35068,0.0,8.5,8.5,8.4,97.0,6.4,6.4,,,,,,,,,
2022-09-27 04:00:00,11,0,12.7,45.47,6.45,98.4,1.41,8.09,23.36,2.0,320.0,307.0,0.5,1.0,350.0,0.6,358.0,982.9,0.4,991.1,358.9918,990.9,-10.14198,0.1,8.4,8.5,8.4,97.0,6.4,6.4,,,,,,,,,
2022-09-27 05:00:00,11,0,12.7,45.47,6.45,98.43,1.45,8.1,23.39,3.0,19.0,19.0,0.7,1.5,453.0,0.7,500.0,983.5,0.7,991.7,344.701,991.5,-10.53634,0.0,8.4,8.4,8.3,97.0,6.4,6.413611111,,,,,,,,,
2022-09-27 06:00:00,11,0,12.7,45.48,6.45,98.42,1.43,8.09,23.34,3.0,320.0,334.0,0.6,1.7,540.0,1.1,547.0,983.8,1.0,992.0,313.1843,991.9,-8.032523,0.0,8.1,8.4,7.9,97.0,6.4,6.458333333,,,,,,,,,
2022-09-27 07:00:00,11,0,12.68,45.47,6.45,98.41,1.41,8.12,23.43,2.0,300.0,267.0,0.2,1.3,610.0,0.7,617.0,984.2,1.4,992.4,340.565,992.3,2.902945,0.0,8.3,8.3,8.0,97.0,6.4,6.485,,,,,,,,,
2022-09-27 08:00:00,11,0,12.67,45.48,6.44,98.37,1.42,8.14,23.52,2.0,14.0,14.0,0.6,2.1,749.0,0.9,754.0,984.7,1.3,992.9,343.0187,992.7,16.01393,0.0,8.8,8.8,8.3,97.0,6.4,6.4475,,,,,,,,,
2022-09-27 09:00:00,11,0,12.67,45.49,6.44,98.29,1.46,8.16,23.55,2.0,26.0,26.0,1.0,2.4,856.0,1.0,900.0,985.3,1.5,993.5,345.7146,993.4,46.91989,0.0,9.6,9.6,8.8,96.0,6.4,6.421944444,,,,,,,,,
2022-09-27 10:00:00,11,0,12.66,45.48,6.44,98.32,1.45,8.16,23.56,2.0,35.0,36.0,1.5,3.9,931.0,2.3,937.0,985.9,1.6,994.1,346.5952,994.0,75.78713,0.0,10.8,10.8,9.5,84.0,6.4,6.41,,,,,,,,,
2022-09-27 11:00:00,11,0,12.67,45.47,6.44,98.4,1.4,8.11,23.4,2.0,49.0,29.0,0.6,3.5,1009.0,2.0,1013.0,986.6,2.0,994.8,351.101,994.7,71.71873,0.0,11.0,11.5,10.8,88.0,6.4,6.384166667,,,,,,,,,
2022-09-27 12:00:00,11,0,12.67,45.47,6.41,98.38,1.45,8.12,23.45,2.0,174.0,77.0,0.8,3.6,1139.0,1.6,1147.0,987.0,1.7,995.1,335.4646,995.1,296.5458,0.0,14.2,14.4,11.0,73.0,6.4,6.366666667,,,,,,,,,
2022-09-27 13:00:00,11,1,12.67,45.47,6.4,98.44,1.44,8.11,23.42,1.0,73.0,73.0,1.9,3.4,1258.0,1.9,1300.0,987.2,1.3,995.2,319.1233,995.2,375.3845,0.0,16.6,16.7,14.2,61.0,6.4,6.358888889,,,,,,,,,
2022-09-27 14:00:00,11,0,12.68,45.47,6.38,98.49,1.42,8.11,23.4,3.0,33.0,76.0,0.8,3.2,1304.0,1.9,1301.0,987.8,1.1,995.9,318.4712,995.9,236.0124,0.0,15.7,16.9,15.2,71.0,6.4,6.358055556,,,,,,,,,
2022-09-27 15:00:00,11,0,12.69,45.47,6.43,98.55,1.42,8.09,23.35,3.0,29.0,63.0,1.3,4.4,1427.0,2.5,1430.0,988.5,1.5,996.5,325.2988,996.6,224.1389,0.0,16.4,17.4,15.7,56.0,6.4,6.355277778,,,,,,,,,
2022-09-27 16:00:00,11,0,12.7,45.46,6.47,98.56,1.39,8.12,23.44,2.0,19.0,10.0,1.3,3.3,1600.0,1.8,1536.0,989.2,2.0,997.3,322.8299,997.3,115.9031,0.0,14.4,16.4,14.4,62.0,6.4,6.346111111,,,,,,,,,
2022-09-27 17:00:00,11,0,12.7,45.47,6.44,98.57,1.44,8.07,23.3,2.0,21.0,20.0,2.3,5.0,1652.0,2.5,1657.0,989.8,2.0,997.9,322.0617,997.9,21.01457,0.0,14.5,14.9,14.3,58.0,6.4,6.333333333,,,,,,,,,
2022-09-27 18:00:00,11,0,12.7,45.45,6.44,98.55,1.38,8.12,23.43,2.0,42.0,32.0,2.4,5.5,1721.0,2.9,1717.0,990.4,1.9,998.5,314.7382,998.5,-8.953176,0.0,14.2,14.5,14.0,56.0,6.4,6.337222222,,,,,,,,,
2022-09-27 19:00:00,11,0,12.72,45.46,6.44,98.67,1.41,8.12,23.44,2.0,34.0,32.0,2.7,6.2,1847.0,3.3,1836.0,991.2,2.0,999.3,321.293,999.4,-12.39294,0.0,14.0,14.3,13.9,56.0,6.4,6.3425,,,,,,,,,
2022-09-27 20:00:00,11,0,12.77,45.46,6.43,98.84,1.39,8.02,23.14,1.0,31.0,43.0,2.5,6.2,1908.0,3.2,1921.0,991.7,1.9,999.8,334.1318,999.8,-12.1153,0.0,13.9,14.2,13.6,56.0,6.4,6.334166667,,,,,,,,,
2022-09-27 21:00:00,11,0,12.73,45.46,6.41,98.65,1.4,8.07,23.28,1.0,27.0,29.0,2.1,5.2,2001.0,2.6,2006.0,992.3,1.8,1000.4,356.8773,1000.4,-11.7268,0.0,13.7,14.0,13.6,57.0,6.4,6.332222222,,,,,,,,,
2022-09-27 22:00:00,11,0,12.71,45.46,6.42,98.58,1.42,8.05,23.24,2.0,33.0,33.0,2.6,5.5,2134.0,2.6,2200.0,992.7,1.5,1000.8,360.3334,1000.8,-11.43227,0.0,14.0,14.0,13.7,54.0,6.4,6.309722222,,,,,,,,,
2022-09-27 23:00:00,11,0,12.7,45.46,6.42,98.56,1.41,8.07,23.3,1.0,34.0,39.0,2.5,5.8,2229.0,3.0,2252.0,992.9,1.2,1001.1,339.4956,1001.0,-11.99686,0.0,13.5,14.0,13.5,55.0,6.4,6.2975,,,,,,,,,
2022-09-28 00:00:00,11,0,12.69,45.47,6.42,98.45,1.42,8.06,23.27,1.0,18.0,33.0,2.1,4.7,2335.0,2.9,2342.0,992.9,0.7,1001.1,334.0678,1001.0,-12.32119,0.0,13.3,13.7,13.3,54.0,6.4,6.293888889,,,,,,,,,
2022-09-28 01:00:00,11,1,12.67,45.47,6.4,98.4,1.41,8.07,23.32,2.0,15.0,33.0,2.5,5.1,3.0,2.9,27.0,992.9,0.3,1001.1,317.4649,1001.1,-12.59329,0.0,12.6,13.4,12.6,58.0,6.4,6.3,,,,,,,,,
2022-09-28 02:00:00,11,0,12.66,45.47,6.37,98.36,1.4,8.09,23.36,2.0,12.0,19.0,2.0,4.2,116.0,2.4,103.0,993.1,0.3,1001.3,301.9275,1001.3,-12.99301,0.0,11.1,12.6,11.1,68.0,6.4,6.299444444,,,,,,,,,
2022-09-28 03:00:00,11,0,12.66,45.47,6.42,98.33,1.41,8.12,23.45,2.0,19.0,19.0,2.4,5.1,255.0,2.4,300.0,993.3,0.4,1001.5,290.6575,1001.5,-12.936,0.0,11.8,11.8,10.7,56.0,6.4,6.299444444,,,,,,,,,
2022-09-28 04:00:00,11,0,12.65,45.48,6.42,98.28,1.39,8.11,23.42,2.0,28.0,35.0,2.2,4.3,339.0,2.6,345.0,993.5,0.6,1001.7,289.9327,1001.7,-13.10681,0.0,11.4,11.8,11.4,59.0,6.4,6.301111111,,,,,,,,,
2022-09-28 05:00:00,11,0,12.62,45.48,6.42,98.26,1.41,8.13,23.47,2.0,31.0,40.0,1.8,5.0,427.0,2.7,450.0,993.7,0.5,1001.9,295.2191,1001.9,-12.79556,0.0,11.6,11.7,11.3,61.0,6.4,6.323888889,,,,,,,,,
2022-09-28 06:00:00,11,0,12.6,45.47,6.42,98.27,1.43,8.14,23.51,2.0,19.0,20.0,1.9,4.5,546.0,2.0,559.0,993.9,0.6,1002.1,301.0229,1002.1,-6.439157,0.0,11.8,11.8,11.1,60.0,6.4,6.395277778,,,,,,,,,
2022-09-28 07:00:00,11,0,12.59,45.49,6.42,98.24,1.41,8.16,23.56,2.0,34.0,37.0,2.7,4.9,648.0,2.9,657.0,994.3,0.7,1002.5,342.7156,1002.4,83.55993,0.0,13.5,13.9,11.6,57.0,6.4,6.4,,,,,,,,,
2022-09-28 08:00:00,11,0,12.58,45.48,6.42,98.24,1.42,8.14,23.51,2.0,15.0,33.0,1.8,6.2,727.0,2.8,703.0,994.3,0.6,1002.4,328.7184,1002.5,176.567,0.0,15.2,15.9,12.9,51.0,6.4,6.4,,,,,,,,,
2022-09-28 09:00:00,11,0,12.56,45.5,6.41,98.16,1.41,8.16,23.55,2.0,44.0,44.0,2.0,4.9,811.0,2.0,900.0,994.6,0.7,1002.7,338.6253,1002.7,204.0901,0.1,15.4,16.1,14.3,54.0,6.4,6.4,,,,,,,,,
2022-09-28 10:00:00,11,0,12.56,45.5,6.42,98.23,1.45,8.14,23.51,3.0,74.0,63.0,2.8,5.2,905.0,3.1,949.0,994.9,0.7,1003.0,345.3164,1003.1,299.5348,0.0,15.8,17.5,15.4,52.0,6.4,6.4,,,,,,,,,
2022-09-28 19:00:00,12,0,12.66,45.51,6.45,98.7,1.35,8.12,23.44,2.0,321.0,324.0,0.6,1.9,1819.0,1.0,1826.0,997.1,1.3,1005.4,297.9009,1005.3,-12.46562,0.0,10.6,11.6,10.6,79.0,6.4,6.361111111,,,,,,,,,
2022-09-28 20:00:00,12,0,12.66,45.5,6.46,98.72,1.39,8.09,23.34,2.0,319.0,295.0,0.5,1.5,1953.0,0.8,1935.0,997.5,1.3,1005.8,294.9789,1005.7,-12.21314,0.0,9.7,10.7,9.7,82.0,6.4,6.399444444,,,,,,,,,
2022-09-28 21:00:00,12,0,12.7,45.49,6.46,98.89,1.39,8.1,23.37,2.0,316.0,310.0,0.3,1.3,2038.0,0.8,2029.0,997.9,1.3,1006.2,293.3635,1006.1,-12.05379,0.0,9.8,10.0,9.7,79.0,6.4,6.4,,,,,,,,,
2022-09-28 22:00:00,12,0,12.69,45.51,6.46,98.82,1.4,8.08,23.31,2.0,320.0,320.0,0.7,1.4,2139.0,0.7,2200.0,998.1,1.0,1006.4,292.9827,1006.3,-12.13546,0.0,10.1,10.3,9.6,76.0,6.4,6.4,,,,,,,,,
2022-09-28 23:00:00,12,0,12.65,45.5,6.45,98.65,1.39,8.14,23.5,2.0,298.0,353.0,0.6,1.7,2207.0,1.0,2220.0,998.5,1.0,1006.8,298.0409,1006.7,-12.17844,0.0,10.2,10.5,10.0,73.0,6.4,6.399722222,,,,,,,,,
2022-09-29 00:00:00,12,0,12.71,45.51,6.45,98.84,1.41,8.07,23.3,2.0,342.0,8.0,0.6,2.5,2322.0,0.9,2349.0,998.6,0.7,1006.9,355.5632,1006.7,-10.54198,0.0,11.4,11.5,10.2,67.0,6.4,6.391666667,,,,,,,,,
2022-09-29 01:00:00,12,1,12.71,45.52,6.43,98.82,1.38,8.02,23.12,2.0,25.0,24.0,1.2,3.2,11.0,1.4,22.0,998.7,0.6,1007.0,361.5576,1006.9,-10.85421,0.0,11.5,11.9,11.4,65.0,6.4,6.355,,,,,,,,,
2022-09-29 02:00:00,12,0,12.7,45.52,6.4,98.81,1.36,7.96,22.94,2.0,10.0,20.0,1.2,3.2,136.0,1.4,118.0,998.9,0.5,1007.2,360.4884,1007.1,-11.16607,0.0,11.4,11.8,11.4,67.0,6.4,6.34,,,,,,,,,
2022-09-29 03:00:00,12,0,12.66,45.46,6.44,98.64,1.39,8.13,23.48,2.0,19.0,16.0,1.2,3.0,232.0,1.5,233.0,999.0,0.4,1007.3,361.2559,1007.2,-11.16944,0.0,11.3,11.4,11.2,65.0,6.4,6.353055556,,,,,,,,,
2022-09-29 04:00:00,12,0,12.62,45.49,6.45,98.39,1.4,8.12,23.45,2.0,2.0,19.0,0.8,3.0,301.0,1.4,346.0,999.0,0.3,1007.3,358.8153,1007.2,-11.06065,0.0,11.2,11.4,11.1,66.0,6.4,6.344722222,,,,,,,,,
2022-09-29 05:00:00,12,0,12.6,45.48,6.45,98.32,1.39,8.18,23.62,2.0,22.0,22.0,1.8,3.9,457.0,1.8,500.0,999.2,0.3,1007.5,354.1872,1007.4,-11.21163,0.0,11.3,11.3,10.7,65.0,6.4,6.333055556,,,,,,,,,
2022-09-29 06:00:00,12,0,12.6,45.5,6.45,98.25,1.4,8.14,23.49,2.0,31.0,31.0,1.9,3.9,510.0,2.0,558.0,999.4,0.4,1007.7,354.7092,1007.6,-9.139876,0.0,11.3,11.3,11.0,62.0,6.4,6.332222222,,,,,,,,,
2022-09-29 07:00:00,12,0,12.59,45.5,6.45,98.35,1.42,8.13,23.49,2.0,27.0,28.0,2.2,4.0,602.0,2.3,658.0,999.5,0.4,1007.8,353.7777,1007.7,11.57411,0.0,11.6,11.6,11.3,62.0,6.4,6.38,,,,,,,,,
2022-09-29 08:00:00,12,0,12.57,45.5,6.45,98.3,1.38,8.13,23.48,2.0,29.0,35.0,1.3,4.3,720.0,2.5,725.0,999.6,0.4,1007.9,348.6067,1007.8,55.58661,0.0,12.0,12.0,11.6,63.0,6.4,6.409166667,,,,,,,,,
2022-09-29 09:00:00,12,0,12.57,45.5,6.45,98.35,1.39,8.15,23.54,2.0,43.0,38.0,2.0,4.1,833.0,2.3,838.0,999.7,0.3,1007.9,347.0686,1007.9,89.02487,0.0,12.4,12.4,12.0,61.0,6.4,6.433611111,,,,,,,,,
2022-09-29 10:00:00,12,0,12.56,45.5,6.44,98.32,1.38,8.15,23.55,2.0,40.0,39.0,1.7,3.8,912.0,2.2,904.0,999.8,0.4,1008.0,358.3696,1008.0,105.7932,0.0,12.6,12.7,12.4,61.0,6.4,6.425555556,,,,,,,,,
2022-09-29 11:00:00,12,0,12.56,45.51,6.43,98.39,1.41,8.11,23.42,4.0,53.0,43.0,1.5,3.8,1008.0,2.1,1011.0,999.7,0.1,1007.9,354.1441,1007.9,130.403,0.0,13.2,13.2,12.6,62.0,6.4,6.400277778,,,,,,,,,
2022-09-29 12:00:00,12,0,12.56,45.52,6.43,98.33,1.38,8.12,23.43,7.0,95.0,63.0,1.0,3.9,1125.0,2.3,1132.0,999.6,0.1,1007.8,355.897,1007.8,164.3144,0.0,13.8,13.8,13.2,60.0,6.4,6.400289017,,,,,,,,,
2022-09-29 13:00:00,12,1,12.58,45.5,6.42,98.46,1.38,8.1,23.4,7.0,63.0,58.0,1.5,3.1,1246.0,1.7,1239.0,999.4,0.3,1007.6,354.4621,1007.6,192.3369,0.0,14.0,14.0,13.7,60.0,6.4,6.399704142,,,,,,,,,
2022-09-29 14:00:00,12,0,12.6,45.49,6.4,98.59,1.38,8.09,23.37,7.0,113.0,65.0,0.8,1.7,1301.0,1.5,1302.0,999.2,0.5,1007.4,347.603,1007.4,220.6298,0.0,14.7,15.3,14.0,54.0,6.4,6.39972067,,,,,,,,,
2022-09-29 15:00:00,12,0,12.61,45.49,6.44,98.65,1.41,8.1,23.4,7.0,199.0,86.0,0.6,1.3,1411.0,0.9,1415.0,999.2,0.3,1007.4,344.7004,1007.4,174.4127,0.0,15.0,15.1,14.2,57.0,6.4,6.399722222,,,,,,,,,
2022-09-29 16:00:00,12,0,12.64,45.5,6.45,98.74,1.41,8.02,23.15,7.0,320.0,54.0,0.2,2.4,1534.0,1.3,1535.0,999.3,0.2,1007.5,347.9423,1007.5,144.2815,0.0,13.4,15.0,13.4,67.0,6.4,6.399722222,,,,,,,,,
2022-09-29 17:00:00,12,0,12.62,45.5,6.45,98.6,1.4,8.08,23.32,4.0,315.0,328.0,0.6,1.2,1608.0,0.7,1617.0,999.3,0.1,1007.6,351.5291,1007.5,17.23658,0.0,11.8,13.4,11.8,74.0,6.4,6.4,,,,,,,,,
2022-09-29 18:00:00,12,0,12.66,45.46,6.46,98.8,1.39,8.14,23.51,2.0,336.0,336.0,0.7,1.5,1800.0,0.7,1800.0,999.4,0.1,1007.7,355.4076,1007.6,-9.848925,0.0,11.2,11.8,11.2,75.0,6.4,6.4,,,,,,,,,
2022-09-29 19:00:00,12,0,12.67,45.45,6.46,98.84,1.39,8.11,23.42,4.0,15.0,15.0,1.3,2.9,1841.0,1.6,1845.0,999.3,0.0,1007.6,349.3167,1007.5,-11.54259,0.0,11.2,11.4,11.1,75.0,6.4,6.400555556,,,,,,,,,
2022-09-29 20:00:00,12,0,12.69,45.49,6.46,99.01,1.39,8.03,23.16,7.0,22.0,23.0,1.2,3.5,1938.0,1.8,1942.0,999.1,0.2,1007.4,343.3208,1007.3,-11.58472,0.0,10.8,11.2,10.8,75.0,6.4,6.433055556,,,,,,,,,
2022-09-29 21:00:00,12,0,12.7,45.47,6.46,99.08,1.39,8.03,23.18,7.0,354.0,9.0,0.6,2.5,2038.0,1.4,2047.0,999.1,0.3,1007.4,321.9012,1007.3,-11.94721,0.0,9.9,10.8,9.9,81.0,6.4,6.458888889,,,,,,,,,
2022-09-29 22:00:00,12,0,12.73,45.5,6.45,99.13,1.37,7.86,22.66,7.0,356.0,26.0,0.5,3.5,2142.0,1.6,2147.0,998.6,0.6,1006.9,327.2119,1006.8,-11.80519,0.0,10.0,10.4,9.9,81.0,6.4,6.444722222,,,,,,,,,
2022-09-29 23:00:00,12,0,12.69,45.47,6.45,98.99,1.37,8.05,23.22,8.0,317.0,9.0,0.5,2.3,2224.0,1.0,2226.0,998.2,0.9,1006.5,328.8991,1006.3,-11.59418,0.0,9.3,10.0,9.3,83.0,6.4,6.412777778,,,,,,,,,
2022-09-30 00:00:00,12,0,12.68,45.43,6.44,98.95,1.36,8.15,23.55,6.0,337.0,331.0,0.6,1.2,2359.0,0.7,2333.0,998.1,1.0,1006.4,299.1273,1006.3,-12.07504,0.0,8.4,9.3,8.4,84.0,6.4,6.399722222,,,,,,,,,
2022-09-30 01:00:00,12,1,12.67,45.44,6.42,98.88,1.37,8.13,23.48,5.0,345.0,344.0,0.9,1.7,28.0,1.0,32.0,998.1,0.6,1006.4,296.0299,1006.3,-11.79199,0.0,8.7,8.7,8.4,84.0,6.4,6.371111111,,,,,,,,,
2022-09-30 02:00:00,12,0,12.65,45.44,6.39,98.82,1.38,8.11,23.42,4.0,340.0,352.0,0.6,1.2,129.0,0.8,103.0,998.1,0.1,1006.4,336.6055,1006.3,-10.53539,0.0,9.0,9.0,8.7,84.0,6.4,6.331666667,,,,,,,,,
2022-09-30 03:00:00,12,0,12.63,45.44,6.44,98.73,1.4,8.09,23.36,8.0,13.0,13.0,1.8,3.4,259.0,1.8,300.0,997.9,0.3,1006.2,313.8519,1006.1,-11.59505,0.0,9.2,9.2,8.9,85.0,6.4,6.330555556,,,,,,,,,
2022-09-30 04:00:00,12,0,12.62,45.46,6.44,98.62,1.37,8.13,23.47,8.0,24.0,28.0,2.7,5.2,346.0,2.8,354.0,996.8,1.3,1005.1,284.3797,1004.9,-12.53697,0.0,9.2,9.3,9.1,83.0,6.4,6.353333333,,,,,,,,,
2022-09-30 05:00:00,12,0,12.6,45.46,6.45,98.56,1.39,8.1,23.37,8.0,29.0,32.0,2.8,5.9,451.0,3.3,456.0,996.4,1.7,1004.7,293.2046,1004.5,-12.00735,0.0,10.0,10.0,9.0,71.0,6.4,6.396111111,,,,,,,,,
2022-09-30 06:00:00,12,0,12.57,45.49,6.44,98.35,1.38,8.16,23.58,6.0,27.0,30.0,2.4,5.4,547.0,2.7,501.0,995.9,1.9,1004.2,306.0017,1004.1,-7.729374,0.0,9.5,10.0,9.2,73.0,6.4,6.399722222,,,,,,,,,
2022-09-30 07:00:00,12,0,12.55,45.48,6.43,98.34,1.41,8.17,23.58,5.0,36.0,40.0,2.3,6.2,632.0,3.5,636.0,995.7,1.1,1003.9,283.4034,1003.9,51.30736,0.0,11.5,11.5,9.5,61.0,6.4,6.399722222,,,,,,,,,
2022-09-30 08:00:00,12,0,12.54,45.48,6.43,98.41,1.39,8.14,23.51,8.0,64.0,57.0,2.8,5.8,747.0,3.6,748.0,994.8,1.5,1003.0,297.0428,1003.0,163.5772,0.0,12.2,12.4,11.5,63.0,6.4,6.4,,,,,,,,,
2022-09-30 09:00:00,12,0,12.51,45.49,6.43,98.36,1.39,8.16,23.56,8.0,72.0,59.0,2.6,6.0,802.0,3.4,823.0,994.2,1.7,1002.4,292.973,1002.4,269.8364,0.0,13.4,13.4,12.0,59.0,6.4,6.4,,,,,,,,,
2022-09-30 10:00:00,12,0,12.49,45.49,6.42,98.29,1.37,8.14,23.51,7.0,62.0,73.0,3.0,5.0,935.0,3.1,937.0,993.4,2.3,1001.5,299.2334,1001.6,352.4826,0.0,14.3,14.6,13.4,54.0,6.4,6.4,,,,,,,,,
2022-09-30 11:00:00,12,0,12.5,45.49,6.41,98.34,1.4,8.15,23.54,7.0,152.0,65.0,1.6,5.2,1011.0,3.0,1002.0,992.8,2.0,1000.9,304.5569,1001.0,396.6023,0.0,15.9,16.1,14.3,46.0,6.4,6.4,,,,,,,,,
2022-09-30 12:00:00,12,0,12.52,45.49,6.42,98.44,1.39,8.14,23.51,7.0,97.0,106.0,1.3,3.1,1144.0,1.6,1153.0,991.9,2.4,1000.0,308.9115,1000.1,392.4904,0.0,16.6,16.8,15.7,47.0,6.4,6.4,,,,,,,,,
2022-09-30 13:00:00,12,1,12.54,45.48,6.4,98.46,1.39,8.18,23.62,6.0,80.0,101.0,1.8,4.4,1242.0,2.0,1249.0,991.4,2.0,999.5,307.6802,999.5,349.6468,0.0,16.0,16.8,16.0,44.0,6.4,6.382285714,,,,,,,,,
2022-09-30 14:00:00,12,0,12.55,45.47,6.38,98.48,1.39,8.21,23.73,8.0,85.0,75.0,2.1,4.7,1322.0,2.5,1314.0,990.2,2.6,998.3,303.8996,998.3,281.4684,0.0,16.0,16.5,15.9,41.0,6.4,6.345277778,,,,,,,,,
2022-09-30 15:00:00,12,0,12.56,45.46,6.42,98.44,1.42,8.18,23.64,8.0,32.0,66.0,1.6,4.4,1417.0,2.4,1424.0,989.3,2.5,997.4,300.2749,997.4,125.7095,0.0,14.4,16.0,14.4,43.0,6.4,6.34,,,,,,,,,
2022-09-30 16:00:00,12,0,12.56,45.45,6.43,98.48,1.4,8.22,23.75,7.0,29.0,29.0,1.9,4.3,1548.0,2.2,1549.0,988.2,3.2,996.3,306.1923,996.3,39.51001,0.0,14.2,14.4,13.8,41.0,6.4,6.340555556,,,,,,,,,
2022-09-30 17:00:00,12,0,12.55,45.46,6.44,98.48,1.39,8.15,23.53,7.0,25.0,31.0,2.2,5.6,1610.0,2.4,1613.0,987.5,2.7,995.6,321.2741,995.6,8.329907,0.0,13.5,14.3,13.4,42.0,6.4,6.341388889,,,,,,,,,
2022-09-30 18:00:00,12,0,12.56,45.46,6.45,98.52,1.35,8.17,23.59,6.0,31.0,22.0,1.7,3.9,1742.0,2.2,1702.0,987.0,2.3,995.1,318.9285,995.1,-12.02823,0.0,13.0,13.5,13.0,42.0,6.4,6.357222222,,,,,,,,,
2022-09-30 19:00:00,12,0,12.55,45.47,6.45,98.46,1.4,8.18,23.61,6.0,20.0,24.0,1.6,4.0,1817.0,2.2,1823.0,986.5,1.7,994.6,305.4615,994.6,-13.16021,0.0,12.3,13.0,11.6,42.0,6.4,6.361111111,,,,,,,,,
2022-09-30 20:00:00,12,0,12.58,45.47,6.46,98.63,1.37,8.14,23.51,7.0,1.0,357.0,1.4,3.6,1905.0,1.6,1959.0,986.0,1.5,994.2,296.1259,994.0,-13.06413,0.0,11.2,12.4,10.9,48.0,6.4,6.349722222,,,,,,,,,
2022-09-30 21:00:00,12,0,12.58,45.46,6.45,98.57,1.36,8.19,23.66,7.0,35.0,42.0,1.7,5.7,2049.0,2.4,2049.0,985.6,1.5,993.7,293.392,993.6,-13.05569,0.0,12.3,12.6,10.7,42.0,6.4,6.341666667,,,,,,,,,
2022-09-30 22:00:00,12,0,12.59,45.49,6.47,98.67,1.37,7.99,23.04,7.0,35.0,35.0,2.5,4.6,2113.0,2.5,2200.0,985.2,1.3,993.3,295.1249,993.2,-13.18145,0.0,12.4,12.5,12.1,42.0,6.4,6.325,,,,,,,,,
2022-09-30 23:00:00,12,0,12.55,45.47,6.45,98.61,1.36,8.11,23.4,7.0,34.0,32.0,2.1,5.1,2203.0,2.8,2207.0,984.6,1.4,992.7,296.7308,992.6,-13.06482,0.0,12.0,12.4,11.9,43.0,6.4,6.3,,,,,,,,,
2022-10-01 00:00:00,12,0,12.53,45.46,6.45,98.57,1.4,8.1,23.37,8.0,38.0,42.0,2.3,7.0,2333.0,3.4,2329.0,983.8,1.8,991.9,300.5283,991.8,-12.66286,0.0,12.3,12.8,11.9,43.0,6.4,6.3,,,,,,,,,
2022-10-01 01:00:00,12,1,12.51,45.48,6.42,98.46,1.4,8.12,23.44,7.0,44.0,49.0,2.9,6.4,56.0,3.2,56.0,982.9,2.3,991.0,314.1548,991.0,-12.23128,0.0,13.2,13.2,12.3,41.0,6.4,6.299166667,,,,,,,,,
2022-10-01 02:00:00,12,0,12.49,45.5,6.39,98.36,1.41,8.14,23.5,7.0,34.0,40.0,1.4,6.9,132.0,4.1,137.0,982.2,2.4,990.3,337.5109,990.2,-11.55719,0.0,13.3,13.7,13.0,42.0,6.4,6.3,,,,,,,,,
2022-10-01 03:00:00,12,0,12.46,45.51,6.41,98.21,1.4,8.16,23.57,6.0,46.0,51.0,3.5,7.6,250.0,4.1,232.0,981.7,2.1,989.7,351.952,989.7,-11.12575,0.0,14.0,14.2,13.2,41.0,6.4,6.300277778,,,,,,,,,
2022-10-01 04:00:00,12,0,12.44,45.5,6.4,98.18,1.41,8.18,23.62,6.0,54.0,53.0,2.8,7.1,310.0,4.0,310.0,981.5,1.4,989.6,355.6777,989.6,-10.75726,0.0,13.8,14.1,13.8,42.0,6.4,6.315833333,,,,,,,,,
2022-10-01 05:00:00,12,0,12.42,45.51,6.39,98.12,1.4,8.2,23.69,6.0,30.0,39.0,1.8,5.6,428.0,2.6,434.0,981.7,0.6,989.8,369.3776,989.7,-11.15632,0.0,13.8,13.9,13.6,43.0,6.4,6.339166667,,,,,,,,,
2022-10-01 06:00:00,12,0,12.42,45.49,6.41,98.07,1.41,8.24,23.82,4.0,40.0,30.0,1.6,5.0,525.0,2.3,532.0,981.8,0.1,989.9,366.998,989.8,-10.74756,0.0,13.7,14.0,13.6,45.0,6.4,6.363611111,,,,,,,,,
2022-10-01 07:00:00,12,0,12.41,45.51,6.42,98.1,1.42,8.23,23.79,2.0,347.0,39.0,0.8,3.0,601.0,1.7,601.0,982.1,0.5,990.2,367.5802,990.2,-4.514212,0.0,13.1,13.8,13.1,55.0,6.4,6.398611111,,,,,,,,,
2022-10-01 08:00:00,12,0,12.41,45.51,6.41,98.13,1.39,8.22,23.75,2.0,346.0,344.0,0.4,2.5,738.0,1.1,705.0,982.6,0.8,990.7,366.4304,990.6,20.25055,0.0,12.7,13.1,12.5,61.0,6.4,6.4,,,,,,,,,
2022-10-01 09:00:00,12,0,12.41,45.5,6.41,98.12,1.38,8.27,23.89,2.0,288.0,345.0,0.5,1.5,830.0,0.8,832.0,982.9,1.0,991.0,367.5988,991.0,68.38422,0.0,13.1,13.7,12.7,70.0,6.4,6.4,,,,,,,,,
2022-10-01 10:00:00,12,0,12.4,45.5,6.42,98.14,1.42,8.23,23.79,2.0,310.0,310.0,1.0,3.2,958.0,1.0,1000.0,983.4,1.2,991.5,371.3096,991.5,50.14033,0.0,12.9,13.3,12.9,73.0,6.4,6.399722222,,,,,,,,,
2022-10-01 11:00:00,12,0,12.41,45.49,6.43,98.04,1.44,8.24,23.82,2.0,1.0,312.0,0.2,1.7,1042.0,1.2,1004.0,983.9,1.3,992.0,369.36,991.9,78.65845,0.0,13.9,13.9,12.9,67.0,6.4,6.399444444,,,,,,,,,
2022-10-01 12:00:00,12,0,12.41,45.52,6.43,98.14,1.39,8.21,23.7,2.0,359.0,214.0,0.4,1.6,1147.0,0.7,1155.0,984.5,1.6,992.6,362.7924,992.5,111.5796,0.0,14.3,15.1,13.8,68.0,6.4,6.399722222,,,,,,,,,
2022-10-01 13:00:00,12,1,12.44,45.52,6.4,98.24,1.39,8.2,23.66,2.0,276.0,276.0,1.0,4.4,1259.0,1.0,1300.0,985.2,1.7,993.2,370.1684,993.3,154.2583,0.0,15.2,15.3,14.3,57.0,6.4,6.4,,,,,,,,,
2022-10-01 14:00:00,12,0,12.46,45.51,6.38,98.34,1.39,8.18,23.62,3.0,221.0,301.0,1.1,4.6,1311.0,2.0,1311.0,986.3,2.3,994.4,386.0781,994.3,71.30846,0.1,12.6,15.2,12.6,81.0,6.4,6.397777778,,,,,,,,,
2022-10-01 15:00:00,12,0,12.48,45.5,6.43,98.35,1.39,8.2,23.69,1.0,271.0,211.0,0.4,3.4,1402.0,1.4,1408.0,986.7,2.2,994.8,387.2576,994.7,60.88441,0.3,12.2,12.6,12.1,87.0,6.4,6.388055556,,,,,,,,,
2022-10-01 16:00:00,12,0,12.51,45.49,6.42,98.46,1.43,8.12,23.45,1.0,3.0,256.0,0.6,2.2,1509.0,0.8,1513.0,987.2,1.9,995.4,361.3044,995.2,31.86396,0.0,11.8,12.2,11.8,90.0,6.4,6.396666667,,,,,,,,,
2022-10-01 17:00:00,12,0,12.47,45.51,6.43,98.4,1.43,8.15,23.54,2.0,330.0,330.0,0.7,1.5,1643.0,0.8,1657.0,987.7,1.5,995.9,380.789,995.8,4.660983,0.1,10.8,11.8,10.8,92.0,6.4,6.399444444,,,,,,,,,
2022-10-01 18:00:00,12,0,12.52,45.51,6.44,98.54,1.37,8.1,23.37,2.0,306.0,353.0,0.7,1.5,1712.0,1.0,1716.0,988.4,1.7,996.6,377.3643,996.5,-8.917494,0.0,10.9,10.9,10.6,91.0,6.4,6.398888889,,,,,,,,,
2022-10-01 19:00:00,12,0,12.49,45.49,6.44,98.49,1.42,8.11,23.42,2.0,331.0,329.0,0.6,1.5,1853.0,0.7,1856.0,988.8,1.6,997.0,360.3738,996.9,-10.75491,0.1,10.3,11.0,10.3,93.0,6.4,6.4,,,,,,,,,
2022-10-01 20:00:00,12,0,12.48,45.5,6.44,98.4,1.4,8.15,23.52,2.0,292.0,312.0,0.3,1.6,1913.0,0.5,1945.0,989.3,1.6,997.5,341.0969,997.4,-11.7654,0.0,10.1,10.4,10.1,93.0,6.4,6.399166667,,,,,,,,,
2022-10-01 21:00:00,12,0,12.48,45.5,6.44,98.36,1.37,8.15,23.53,2.0,337.0,337.0,0.8,1.7,2100.0,0.8,2100.0,989.6,1.3,997.8,330.8678,997.8,-11.18836,0.0,9.9,10.1,9.8,93.0,6.4,6.398611111,,,,,,,,,
2022-10-01 22:00:00,12,0,12.48,45.5,6.45,98.42,1.41,8.11,23.4,3.0,323.0,3.0,0.5,2.3,2116.0,1.2,2117.0,990.4,1.5,998.6,331.2011,998.5,-9.867141,0.0,9.6,10.3,9.6,93.0,6.4,6.397222222,,,,,,,,,
2022-10-01 23:00:00,12,0,12.46,45.5,6.44,98.36,1.41,8.13,23.47,3.0,315.0,346.0,0.6,1.2,2202.0,0.8,2245.0,990.9,1.6,999.2,315.0989,999.0,-10.43171,0.0,9.2,9.7,9.2,92.0,6.4,6.399444444,,,,,,,,,
2022-10-02 00:00:00,12,0,12.45,45.5,6.44,98.32,1.4,8.12,23.45,2.0,307.0,326.0,0.5,1.2,2326.0,0.7,2336.0,991.4,1.7,999.7,316.6024,999.5,-10.31202,0.0,9.0,9.2,8.9,92.0,6.4,6.4,,,,,,,,,
2022-10-02 01:00:00,12,1,12.44,45.51,6.42,98.29,1.4,8.1,23.39,2.0,313.0,313.0,0.8,1.4,54.0,0.8,100.0,991.8,1.5,1000.1,330.3474,1000.0,-9.46795,0.0,9.3,9.3,8.9,93.0,6.4,6.400555556,,,,,,,,,
2022-10-02 02:00:00,12,0,12.43,45.52,6.4,98.27,1.4,8.08,23.33,2.0,260.0,315.0,0.6,1.8,108.0,1.0,117.0,992.5,1.7,1000.8,318.0275,1000.7,-10.36499,0.0,8.9,9.4,8.7,91.0,6.4,6.404444444,,,,,,,,,
2022-10-02 03:00:00,12,0,12.43,45.54,6.44,98.16,1.41,8.11,23.41,1.0,320.0,336.0,0.7,1.6,211.0,1.1,214.0,992.7,1.4,1001.0,313.682,1000.9,-10.72468,0.0,8.8,9.0,8.8,88.0,6.4,6.400277778,,,,,,,,,
2022-10-02 04:00:00,12,0,12.41,45.53,6.45,98.05,1.39,8.15,23.53,2.0,305.0,336.0,0.5,1.4,315.0,0.9,321.0,993.3,1.4,1001.6,288.0605,1001.4,-11.82598,0.0,8.0,8.8,8.0,91.0,6.4,6.400277778,,,,,,,,,
2022-10-02 05:00:00,12,0,12.41,45.53,6.45,98.03,1.39,8.15,23.54,2.0,350.0,2.0,0.9,2.1,454.0,1.3,454.0,993.6,1.0,1001.9,287.9591,1001.7,-11.57384,0.0,8.3,8.4,7.9,88.0,6.4,6.400277778,,,,,,,,,
2022-10-02 06:00:00,12,0,12.4,45.52,6.44,98.04,1.41,8.14,23.5,3.0,335.0,346.0,0.8,1.7,506.0,0.9,501.0,994.4,1.7,1002.7,282.0291,1002.5,-9.973153,0.0,7.8,8.4,7.7,88.0,6.4,6.4,,,,,,,,,
2022-10-02 07:00:00,12,0,12.38,45.53,6.44,98.05,1.41,8.16,23.56,2.0,312.0,289.0,0.5,1.9,611.0,0.9,617.0,994.9,1.6,1003.2,284.6864,1003.0,32.91303,0.0,9.5,9.5,7.8,88.0,6.4,6.4,,,,,,,,,
2022-10-02 08:00:00,12,0,12.38,45.52,6.44,98.07,1.36,8.2,23.67,1.0,29.0,93.0,0.5,2.4,743.0,1.2,750.0,995.3,1.7,1003.5,292.1009,1003.4,129.0681,0.1,11.8,11.9,9.5,76.0,6.4,6.4,,,,,,,,,
2022-10-02 09:00:00,12,0,12.36,45.5,6.43,97.98,1.39,8.2,23.67,2.0,124.0,124.0,1.4,3.1,858.0,1.4,900.0,995.9,1.5,1004.1,322.1199,1004.0,180.3521,0.0,13.0,13.2,11.1,70.0,6.4,6.400277778,,,,,,,,,
2022-10-02 10:00:00,12,0,12.34,45.51,6.43,98.0,1.41,8.21,23.71,2.0,194.0,147.0,0.8,3.2,904.0,1.5,907.0,996.4,1.5,1004.6,323.404,1004.6,206.7742,0.0,12.0,13.3,12.0,78.0,6.4,6.400277778,,,,,,,,,
2022-10-02 11:00:00,12,0,12.35,45.51,6.44,98.0,1.41,8.15,23.53,2.0,157.0,195.0,0.7,1.4,1055.0,0.9,1001.0,996.8,1.5,1005.0,356.3769,1005.0,183.1708,0.0,13.5,13.8,11.7,69.0,6.4,6.400555556,,,,,,,,,
2022-10-02 12:00:00,12,0,12.35,45.52,6.44,98.07,1.38,8.16,23.57,2.0,84.0,198.0,0.5,2.0,1128.0,0.8,1146.0,997.2,1.4,1005.4,368.0397,1005.4,151.6516,0.0,13.0,13.7,12.9,71.0,6.4,6.4,,,,,,,,,
2022-10-02 13:00:00,12,1,12.37,45.52,6.42,98.2,1.39,8.17,23.6,2.0,247.0,247.0,1.1,3.2,1300.0,1.1,1300.0,997.7,1.3,1005.9,369.3843,1005.9,137.6512,0.0,14.3,14.4,13.0,56.0,6.4,6.4,,,,,,,,,
2022-10-02 14:00:00,12,0,12.38,45.52,6.4,98.33,1.4,8.18,23.62,2.0,250.0,211.0,1.1,5.3,1334.0,2.4,1342.0,998.1,1.2,1006.3,371.1367,1006.3,85.28093,0.0,13.7,14.3,13.5,61.0,6.4,6.4,,,,,,,,,
2022-10-02 15:00:00,12,0,12.39,45.52,6.43,98.26,1.41,8.16,23.56,2.0,251.0,250.0,1.4,5.2,1434.0,1.8,1443.0,998.5,1.2,1006.7,365.6539,1006.6,86.61273,0.0,13.1,13.7,13.1,66.0,6.4,6.399722222,,,,,,,,,
2022-10-02 16:00:00,12,0,12.45,45.52,6.44,98.43,1.39,8.11,23.4,3.0,263.0,263.0,1.7,4.9,1557.0,1.8,1544.0,999.2,1.4,1007.5,371.584,1007.4,18.83671,0.1,11.8,13.1,11.8,80.0,6.4,6.4,,,,,,,,,
2022-10-02 17:00:00,12,0,12.45,45.53,6.42,98.42,1.39,8.08,23.33,3.0,262.0,269.0,1.5,6.2,1631.0,2.3,1624.0,1000.0,1.9,1008.3,378.408,1008.2,-3.267818,0.4,10.3,11.8,10.3,91.0,6.4,6.399722222,,,,,,,,,
2022-10-02 18:00:00,12,0,12.42,45.52,6.42,98.35,1.4,8.12,23.45,3.0,252.0,252.0,2.1,6.0,1752.0,2.1,1800.0,1000.8,2.3,1009.1,372.4211,1009.0,-9.908545,1.0,10.0,10.3,10.0,93.0,6.4,6.398055556,,,,,,,,,
2022-10-02 19:00:00,12,0,12.41,45.53,6.42,98.28,1.38,8.12,23.45,2.0,263.0,260.0,2.2,6.3,1826.0,2.4,1833.0,1001.6,2.4,1009.9,369.3934,1009.8,-8.502707,1.2,9.5,10.0,9.5,93.0,6.4,6.4,,,,,,,,,
2022-10-02 20:00:00,12,0,12.4,45.53,6.42,98.25,1.41,8.13,23.48,2.0,250.0,261.0,2.5,7.5,1954.0,2.7,1932.0,1002.2,2.2,1010.5,367.369,1010.5,-10.03215,0.1,9.8,9.8,9.5,91.0,6.4,6.399722222,,,,,,,,,
2022-10-02 21:00:00,12,0,12.39,45.52,6.4,98.27,1.42,8.12,23.46,1.0,278.0,224.0,2.3,10.0,2040.0,3.2,2044.0,1002.5,1.7,1010.9,324.9237,1010.7,-10.06853,0.0,9.5,9.9,9.4,86.0,6.4,6.4,,,,,,,,,
2022-10-02 22:00:00,12,0,12.38,45.53,6.41,98.27,1.4,8.12,23.45,3.0,257.0,268.0,1.6,6.2,2103.0,3.0,2110.0,1003.5,1.9,1011.9,356.0914,1011.7,-8.233846,0.4,9.3,9.6,9.3,89.0,6.4,6.4,,,,,,,,,
2022-10-02 23:00:00,12,0,12.36,45.53,6.41,98.23,1.41,8.13,23.46,3.0,262.0,207.0,3.2,8.7,2219.0,4.3,2213.0,1003.9,1.7,1012.3,346.2543,1012.2,-8.610424,0.2,9.1,9.6,9.0,86.0,6.4,6.4,,,,,,,,,
2022-10-03 00:00:00,12,0,12.36,45.52,6.4,98.25,1.44,8.13,23.48,1.0,275.0,265.0,2.6,6.8,2323.0,3.1,2307.0,1004.1,1.6,1012.5,299.0239,1012.4,-9.892592,0.0,9.4,9.5,9.0,80.0,6.4,6.400555556,,,,,,,,,
2022-10-03 01:00:00,12,1,12.34,45.53,6.36,98.19,1.42,8.15,23.54,2.0,214.0,197.0,2.5,6.8,54.0,2.9,36.0,1004.6,1.1,1012.9,335.26,1012.8,-9.498755,0.0,10.2,10.4,9.4,75.0,6.4,6.401388889,,,,,,,,,
2022-10-03 02:00:00,12,0,12.31,45.53,6.33,98.13,1.39,8.17,23.59,3.0,205.0,208.0,3.5,9.0,151.0,4.2,153.0,1005.3,1.4,1013.7,364.1674,1013.6,-8.646805,0.3,9.8,10.3,9.8,79.0,6.4,6.400277778,,,,,,,,,
2022-10-03 03:00:00,12,0,12.32,45.53,6.4,98.14,1.42,8.16,23.56,2.0,233.0,205.0,1.7,9.1,211.0,5.3,217.0,1005.7,1.6,1014.1,356.9373,1014.0,-8.810654,0.0,9.6,10.2,9.6,81.0,6.4,6.4,,,,,,,,,
2022-10-03 04:00:00,12,0,12.3,45.53,6.38,98.17,1.43,8.17,23.59,1.0,196.0,201.0,1.5,8.0,326.0,4.6,329.0,1006.1,1.5,1014.5,372.416,1014.4,-9.278079,0.1,9.4,10.2,9.4,86.0,6.4,6.4,,,,,,,,,
2022-10-03 05:00:00,12,0,12.3,45.53,6.4,98.16,1.4,8.17,23.59,0.0,210.0,202.0,3.5,9.0,410.0,4.4,414.0,1006.4,1.0,1014.8,375.9484,1014.6,-10.10041,0.2,9.9,9.9,9.4,81.0,6.4,6.4,,,,,,,,,
2022-10-03 06:00:00,12,0,12.29,45.53,6.41,98.22,1.45,8.15,23.53,2.0,204.0,206.0,3.5,9.2,533.0,4.6,539.0,1006.8,1.1,1015.2,358.0907,1015.1,-9.470917,0.0,10.2,10.3,9.8,81.0,6.4,6.399166667,,,,,,,,,
2022-10-03 07:00:00,12,0,12.27,45.53,6.42,98.21,1.46,8.16,23.56,3.0,241.0,204.0,1.6,5.2,619.0,3.3,601.0,1007.5,1.3,1015.9,349.6214,1015.7,1.852962,0.0,10.4,10.4,9.9,78.0,6.4,6.340555556,,,,,,,,,
2022-10-03 08:00:00,12,0,12.27,45.53,6.41,98.21,1.46,8.16,23.56,2.0,256.0,256.0,1.7,5.7,733.0,2.5,742.0,1008.2,1.8,1016.6,363.6611,1016.4,7.857292,0.0,10.3,10.5,10.3,79.0,6.4,6.311388889,,,,,,,,,
2022-10-03 09:00:00,12,0,12.25,45.54,6.4,98.19,1.44,8.16,23.57,1.0,231.0,222.0,1.8,7.0,824.0,2.9,833.0,1008.6,1.8,1017.0,358.3058,1016.9,47.73172,0.0,11.3,11.4,10.3,71.0,6.4,6.308055556,,,,,,,,,
2022-10-03 10:00:00,12,0,12.25,45.55,6.41,98.22,1.47,8.15,23.54,1.0,251.0,217.0,1.0,6.2,910.0,2.9,937.0,1008.7,1.2,1017.0,359.1943,1017.0,46.01966,0.0,11.4,11.5,11.3,73.0,6.4,6.306666667,,,,,,,,,
2022-10-03 11:00:00,12,0,12.24,45.56,6.39,98.21,1.45,8.16,23.57,1.0,209.0,209.0,3.6,8.0,1051.0,3.6,1100.0,1008.8,0.6,1017.1,363.5113,1017.1,41.36054,0.0,12.0,12.0,11.3,64.0,6.4,6.301944444,,,,,,,,,
2022-10-03 12:00:00,12,0,12.23,45.56,6.41,98.22,1.44,8.17,23.58,8.0,208.0,202.0,2.2,7.5,1138.0,3.8,1117.0,1008.5,0.1,1016.8,368.9711,1016.7,48.29615,0.0,12.5,12.5,12.0,60.0,6.4,6.3,1.0,60.0,,,,,,,
2022-10-03 13:00:00,12,1,12.23,45.56,6.4,98.22,1.44,8.17,23.58,7.0,213.0,209.0,1.7,5.6,1240.0,2.6,1217.0,1008.5,0.2,1016.8,373.1779,1016.8,72.62575,0.0,12.7,12.7,12.5,60.0,6.4,6.3,,,,,,,,,
2022-10-03 14:00:00,12,0,12.22,45.57,6.38,98.21,1.43,8.17,23.58,5.0,230.0,233.0,2.1,7.6,1333.0,3.0,1339.0,1008.6,0.1,1016.9,373.288,1016.9,38.44386,0.0,12.0,12.7,12.0,68.0,6.4,6.300277778,,,,,,,,,
2022-10-03 15:00:00,12,0,12.22,45.56,6.41,98.22,1.44,8.16,23.56,2.0,258.0,237.0,1.3,5.8,1431.0,2.5,1432.0,1009.0,0.5,1017.4,372.8307,1017.2,40.00974,0.0,11.3,12.4,11.3,81.0,6.4,6.307777778,,,,,,,,,
2022-10-03 16:00:00,12,0,12.21,45.56,6.42,98.2,1.46,8.16,23.58,0.0,203.0,201.0,3.5,7.6,1543.0,3.7,1552.0,1008.8,0.3,1017.1,369.4125,1017.1,14.4953,0.0,11.6,11.7,11.2,76.0,6.4,6.374166667,,,,,,,,,
2022-10-03 17:00:00,12,0,12.17,45.61,6.41,98.31,1.47,8.14,23.5,8.0,240.0,204.0,1.9,6.6,1627.0,3.4,1601.0,1008.5,0.1,1016.8,372.6729,1016.8,-5.689003,0.0,11.3,11.7,11.3,79.0,6.4,6.4,,,,,,,,,
2022-10-03 18:00:00,12,0,12.16,45.61,6.41,98.28,1.49,8.15,23.54,7.0,269.0,202.0,2.1,5.7,1705.0,2.7,1713.0,1008.2,0.7,1016.6,375.0967,1016.5,-9.107691,0.0,10.4,11.3,10.4,90.0,6.4,6.4,,,,,,,,,
2022-10-03 19:00:00,12,0,12.15,45.6,6.41,98.26,1.47,8.19,23.65,7.0,225.0,273.0,1.5,6.6,1817.0,2.7,1825.0,1007.9,0.9,1016.3,377.7125,1016.2,-13.3777,0.1,10.5,10.6,10.3,87.0,6.4,6.4,,,,,,,,,
2022-10-03 20:00:00,12,0,12.16,45.6,6.42,98.27,1.46,8.17,23.58,8.0,351.0,230.0,1.1,3.6,1901.0,1.6,1902.0,1007.0,1.5,1015.4,367.4344,1015.2,-11.17317,0.0,10.4,10.5,10.3,87.0,6.4,6.4,,,,,,,,,
2022-10-03 21:00:00,12,0,12.15,45.6,6.42,98.22,1.46,8.21,23.7,8.0,344.0,342.0,0.6,1.4,2036.0,1.0,2003.0,1006.5,1.7,1014.9,366.2689,1014.8,-8.861002,0.0,10.2,10.5,10.2,88.0,6.4,6.4,,,,,,,,,
2022-10-03 22:00:00,12,0,12.16,45.59,6.42,98.25,1.48,8.19,23.65,6.0,328.0,341.0,0.3,1.2,2112.0,0.7,2101.0,1006.0,1.9,1014.4,366.955,1014.2,-9.140697,0.0,10.2,10.3,10.2,88.0,6.4,6.4,,,,,,,,,
2022-10-03 23:00:00,12,0,12.17,45.54,6.43,98.22,1.43,8.24,23.79,7.0,342.0,343.0,0.3,1.2,2237.0,0.7,2244.0,1005.3,1.7,1013.7,365.4329,1013.6,-9.991356,0.0,10.2,10.2,10.1,88.0,6.4,6.4,,,,,,,,,
2022-10-04 00:00:00,12,0,12.17,45.53,6.42,98.17,1.45,8.26,23.85,8.0,16.0,16.0,1.1,2.1,2357.0,1.1,0.0,1004.5,2.0,1012.8,365.7032,1012.7,-10.1638,0.0,10.4,10.4,10.1,84.0,6.4,6.403888889,,,,,,,,,
2022-10-04 01:00:00,12,1,12.17,45.54,6.4,98.15,1.46,8.25,23.83,7.0,36.0,23.0,0.8,3.4,16.0,2.0,26.0,1003.5,2.5,1011.8,358.243,1011.7,-10.73335,0.0,10.6,10.8,10.4,82.0,6.4,6.4325,,,,,,,,,
2022-10-04 02:00:00,12,0,12.17,45.54,6.37,98.13,1.46,8.24,23.81,8.0,17.0,22.0,1.5,3.6,150.0,1.7,156.0,1002.2,3.0,1010.5,355.2333,1010.4,-11.01777,0.0,10.8,10.8,10.4,78.0,6.4,6.470833333,,,,,,,,,
2022-10-04 03:00:00,12,0,12.15,45.53,6.41,98.09,1.46,8.28,23.92,8.0,28.0,28.0,1.8,4.1,257.0,1.8,300.0,1000.9,3.6,1009.2,353.3095,1009.1,-10.93339,0.0,11.0,11.2,10.8,75.0,6.4,6.496666667,,,,,,,,,
2022-10-04 04:00:00,12,0,12.15,45.53,6.42,98.08,1.49,8.29,23.96,7.0,14.0,28.0,1.7,5.6,335.0,2.6,348.0,999.3,4.1,1007.6,370.6509,1007.5,-11.79016,0.1,11.6,11.6,11.0,71.0,6.4,6.500833333,,,,,,,,,
2022-10-04 05:00:00,12,0,12.14,45.53,6.43,98.08,1.46,8.3,23.99,8.0,29.0,34.0,2.5,4.8,446.0,2.9,449.0,997.4,4.7,1005.6,366.7321,1005.6,-10.83504,0.0,12.3,12.3,11.5,63.0,6.4,6.501666667,,,,,,,,,
2022-10-04 06:00:00,12,0,12.13,45.54,6.43,98.11,1.44,8.28,23.93,6.0,21.0,29.0,1.6,5.0,501.0,2.6,515.0,996.2,4.6,1004.4,372.4217,1004.3,-10.24891,0.0,12.5,12.9,12.3,63.0,6.4,6.502777778,,,,,,,,,
2022-10-04 07:00:00,12,0,12.12,45.54,6.43,98.08,1.48,8.29,23.97,6.0,4.0,33.0,1.4,3.6,652.0,1.6,602.0,994.9,4.4,1003.1,374.7302,1003.0,-6.495058,0.0,12.0,12.5,11.8,71.0,6.4,6.510555556,,,,,,,,,
2022-10-04 08:00:00,12,0,12.13,45.53,6.42,98.07,1.46,8.29,23.96,6.0,341.0,348.0,0.9,2.9,703.0,1.5,748.0,994.3,3.2,1002.5,381.5031,1002.4,10.07164,0.7,10.9,12.0,10.9,90.0,6.4,6.514722222,,,,,,,,,
2022-10-04 09:00:00,12,0,12.13,45.53,6.43,98.04,1.49,8.28,23.93,6.0,305.0,324.0,1.1,2.9,845.0,1.3,853.0,993.5,2.7,1001.7,387.0556,1001.7,18.33611,0.6,10.8,10.9,10.7,94.0,6.4,6.526111111,,,,,,,,,
2022-10-04 10:00:00,12,0,12.13,45.55,6.43,98.06,1.51,8.27,23.89,8.0,2.0,18.0,1.2,3.3,955.0,1.7,956.0,992.5,2.6,1000.7,389.3247,1000.6,35.08123,1.1,11.1,11.2,10.8,92.0,6.4,6.526111111,,,,,,,,,
2022-10-04 11:00:00,12,0,12.12,45.51,6.43,98.06,1.46,8.29,23.95,8.0,330.0,6.0,1.4,3.4,1021.0,1.7,1023.0,991.4,2.8,999.6,385.3666,999.5,34.5519,0.8,11.5,11.5,11.1,94.0,6.4,6.5275,,,,,,,,,
2022-10-04 12:00:00,12,0,12.12,45.52,6.43,98.04,1.44,8.27,23.89,8.0,337.0,298.0,1.5,4.3,1139.0,2.0,1151.0,990.1,3.3,998.3,389.9379,998.2,32.00744,0.3,11.9,11.9,11.4,91.0,6.4,6.504722222,,,,,,,,,
2022-10-04 13:00:00,12,1,12.12,45.52,6.4,98.06,1.46,8.27,23.91,6.0,329.0,317.0,1.3,3.2,1208.0,1.6,1217.0,989.3,3.0,997.5,391.0806,997.4,30.52137,0.2,12.2,12.3,11.9,92.0,6.4,6.5,,,,,,,,,
2022-10-04 14:00:00,12,0,12.12,45.52,6.38,98.08,1.48,8.28,23.93,6.0,262.0,264.0,2.4,7.6,1324.0,2.5,1359.0,988.9,2.5,997.0,385.872,997.0,19.11821,0.0,15.2,15.2,12.2,68.0,6.4,6.478055556,,,,,,,,,
2022-10-04 15:00:00,12,0,12.14,45.49,6.41,98.16,1.49,8.27,23.91,6.0,252.0,241.0,2.1,7.7,1442.0,2.8,1410.0,988.8,1.3,996.9,389.9773,996.9,7.99225,0.2,14.5,15.5,14.5,72.0,6.4,6.427222222,,,,,,,,,
2022-10-04 16:00:00,12,0,12.13,45.5,6.41,98.12,1.46,8.27,23.88,6.0,255.0,241.0,2.2,6.3,1558.0,2.3,1520.0,988.9,0.6,997.0,393.7301,997.0,18.99276,0.6,13.5,14.5,13.5,82.0,6.4,6.429166667,,,,,,,,,
2022-10-04 17:00:00,12,0,12.13,45.51,6.4,98.14,1.48,8.26,23.85,3.0,275.0,282.0,1.6,6.9,1616.0,2.7,1612.0,989.6,0.7,997.8,391.2806,997.7,-2.015308,2.1,12.3,13.5,12.3,93.0,6.4,6.43,,,,,,,,,
2022-10-04 18:00:00,12,0,12.12,45.52,6.41,98.1,1.48,8.27,23.9,3.0,243.0,230.0,1.4,7.1,1709.0,2.7,1713.0,989.8,1.0,998.0,389.6104,997.9,-7.088489,4.7,11.4,12.3,11.3,95.0,6.4,6.4075,,,,,,,,,
2022-10-04 19:00:00,12,0,12.12,45.53,6.41,98.13,1.51,8.25,23.85,1.0,229.0,266.0,0.9,5.8,1824.0,2.3,1838.0,990.2,1.3,998.4,385.1528,998.3,-7.525874,1.6,10.2,11.4,10.2,94.0,6.4,6.400277778,,,,,,,,,
2022-10-04 20:00:00,12,0,12.12,45.52,6.41,98.15,1.51,8.22,23.75,3.0,275.0,265.0,1.0,5.2,1911.0,1.5,1925.0,990.7,1.0,998.9,383.13,998.8,-7.553876,2.3,10.2,10.3,10.1,95.0,6.4,6.383611111,,,,,,,,,
2022-10-04 21:00:00,12,0,12.11,45.51,6.39,98.15,1.52,8.25,23.83,3.0,249.0,257.0,2.7,6.7,2058.0,3.0,2055.0,991.5,1.6,999.8,377.3561,999.6,-7.132226,3.6,9.3,10.2,9.3,92.0,6.4,6.318055556,,,,,,,,,
2022-10-04 22:00:00,12,0,12.1,45.49,6.4,98.14,1.49,8.23,23.78,3.0,222.0,211.0,2.6,8.5,2119.0,3.6,2126.0,992.1,1.9,1000.4,371.9423,1000.2,-8.32997,0.8,9.6,9.6,9.2,83.0,6.4,6.3,,,,,,,,,
2022-10-04 23:00:00,12,0,12.1,45.5,6.34,98.13,1.49,8.24,23.79,2.0,285.0,217.0,1.7,5.4,2209.0,2.6,2204.0,992.8,2.2,1001.1,318.9353,1001.0,-9.721201,0.0,8.4,9.6,8.3,93.0,6.4,6.299722222,,,,,,,,,
2022-10-05 00:00:00,12,0,12.08,45.52,6.42,98.14,1.5,8.22,23.76,1.0,280.0,279.0,2.2,4.7,2338.0,2.6,2348.0,993.3,1.8,1001.6,283.7586,1001.5,-10.5052,0.0,8.2,8.4,7.9,90.0,6.4,6.266944444,,,,,,,,,
2022-10-05 01:00:00,12,1,12.07,45.53,6.39,98.12,1.52,8.23,23.76,0.0,285.0,273.0,1.7,5.6,100.0,2.5,4.0,992.9,0.8,1001.2,278.392,1001.0,-11.007,0.0,7.8,8.6,7.8,91.0,6.4,6.221388889,,,,,,,,,
2022-10-05 02:00:00,12,0,12.06,45.53,6.36,98.1,1.54,8.23,23.76,8.0,333.0,285.0,1.1,3.7,111.0,1.8,101.0,992.3,0.5,1000.6,274.6489,1000.4,-11.95375,0.0,7.2,8.2,7.2,94.0,6.4,6.204722222,,,,,,,,,
2022-10-05 03:00:00,12,0,12.06,45.53,6.4,98.06,1.53,8.21,23.72,6.0,285.0,338.0,1.0,3.2,211.0,1.5,218.0,992.1,1.2,1000.4,278.5081,1000.3,-11.52442,0.0,7.1,7.2,7.0,92.0,6.4,6.199444444,,,,,,,,,
2022-10-05 04:00:00,12,0,12.06,45.52,6.41,98.02,1.49,8.2,23.68,7.0,320.0,296.0,0.7,1.7,332.0,1.0,341.0,991.5,1.4,999.8,283.7864,999.6,-11.75189,0.0,6.8,7.1,6.8,92.0,6.4,6.198888889,,,,,,,,,
2022-10-05 05:00:00,12,0,12.04,45.53,6.41,98.02,1.51,8.23,23.79,8.0,10.0,10.0,1.8,3.1,500.0,1.8,500.0,990.7,1.7,999.0,297.1159,998.8,-11.20034,0.0,7.7,7.7,6.7,84.0,6.4,6.199444444,,,,,,,,,
2022-10-05 06:00:00,12,0,12.02,45.53,6.42,98.01,1.53,8.23,23.78,6.0,13.0,22.0,1.5,3.2,504.0,2.0,509.0,990.2,1.9,998.5,313.1693,998.3,-10.19508,0.0,7.6,8.1,7.3,84.0,6.4,6.200277778,,,,,,,,,
2022-10-05 07:00:00,12,0,12.02,45.53,6.42,97.98,1.51,8.22,23.75,8.0,23.0,27.0,2.5,5.7,639.0,2.7,648.0,989.2,2.2,997.5,322.5688,997.3,3.448807,0.0,8.9,8.9,7.6,76.0,6.4,6.201388889,,,,,,,,,
2022-10-05 08:00:00,12,0,11.98,45.51,6.42,97.97,1.53,8.24,23.82,8.0,29.0,21.0,1.9,5.5,724.0,2.7,737.0,988.2,2.4,996.4,331.0822,996.3,36.34652,0.0,9.6,9.6,8.8,72.0,6.4,6.226666667,,,,,,,,,
2022-10-05 09:00:00,12,0,12.0,45.51,6.43,97.94,1.53,8.27,23.89,8.0,15.0,25.0,2.1,5.3,842.0,2.9,844.0,987.0,3.2,995.2,341.994,995.1,41.03686,0.0,9.6,9.8,9.6,72.0,6.4,6.285,,,,,,,,,
2022-10-05 10:00:00,12,0,12.0,45.5,6.43,97.93,1.51,8.29,23.96,8.0,33.0,24.0,2.3,5.3,948.0,2.7,954.0,985.0,4.2,993.2,348.123,993.1,23.43949,0.0,10.2,10.3,9.5,63.0,6.4,6.301666667,,,,,,,,,
2022-10-05 11:00:00,12,0,11.99,45.51,6.39,97.97,1.52,8.26,23.85,8.0,114.0,83.0,4.0,8.4,1054.0,4.3,1058.0,982.7,5.2,990.8,355.076,990.7,31.30173,0.0,11.3,11.3,10.0,51.0,6.4,6.318285714,,,,,,,,,
2022-10-05 12:00:00,12,0,11.98,45.5,6.4,97.93,1.55,8.27,23.9,8.0,35.0,131.0,2.7,9.1,1120.0,3.7,1101.0,980.1,6.7,988.3,369.0559,988.1,32.97558,0.3,9.5,11.5,9.5,72.0,6.4,6.384135977,,,,,,,,,
2022-10-05 13:00:00,12,1,11.98,45.5,6.37,97.93,1.56,8.27,23.9,8.0,24.0,35.0,2.6,6.0,1231.0,3.1,1203.0,977.7,7.2,985.9,368.6321,985.7,33.8236,1.8,8.8,9.5,8.7,85.0,6.4,6.399166667,,,,,,,,,
2022-10-05 14:00:00,12,0,11.96,45.51,6.34,97.92,1.57,8.28,23.91,6.0,18.0,18.0,1.9,5.0,1307.0,2.7,1316.0,976.4,6.4,984.5,372.6166,984.4,28.38087,1.6,9.1,9.1,8.8,91.0,6.400555556,6.364166667,,,,,,,,,
2022-10-05 15:00:00,12,0,11.97,45.5,6.39,97.93,1.52,8.27,23.89,5.0,229.0,216.0,2.4,8.5,1440.0,3.9,1448.0,979.9,0.4,988.1,373.8705,987.9,5.166534,4.1,8.1,9.3,8.1,94.0,6.4,6.381388889,,,,,,,,,
2022-10-05 16:00:00,12,0,11.96,45.5,6.41,97.92,1.53,8.26,23.86,3.0,263.0,268.0,2.4,6.7,1544.0,3.0,1549.0,981.2,3.3,989.4,369.7906,989.2,2.468421,1.5,8.1,8.1,7.9,92.0,6.4,6.4,,,,,,,,,
2022-10-05 17:00:00,12,0,11.94,45.46,6.39,97.88,1.53,8.27,23.89,1.0,254.0,272.0,2.5,7.4,1619.0,3.2,1624.0,982.3,5.9,990.5,355.2959,990.3,-5.902449,0.0,8.8,8.8,8.1,84.0,6.4,6.4,,,,,,,,,
2022-10-05 18:00:00,12,0,11.94,45.48,6.41,97.89,1.52,8.26,23.88,1.0,275.0,266.0,2.7,7.5,1721.0,3.0,1755.0,982.4,2.5,990.6,351.432,990.4,-8.284304,0.0,9.4,9.5,8.8,82.0,6.4,6.4,,,,,,,,,
2022-10-05 19:00:00,12,0,11.93,45.46,6.41,97.91,1.52,8.27,23.9,1.0,209.0,209.0,5.6,11.4,1855.0,5.6,1900.0,983.3,2.2,991.5,355.1723,991.3,-9.039839,0.2,9.5,10.0,9.4,77.0,6.4,6.401666667,,,,,,,,,
2022-10-05 20:00:00,12,0,11.93,45.47,6.4,97.9,1.54,8.25,23.84,3.0,269.0,210.0,2.1,9.5,1924.0,5.6,1902.0,983.6,1.3,991.8,343.6288,991.7,-11.1829,0.3,7.8,9.5,7.8,84.0,6.401944444,6.445,,,,,,,,,
2022-10-05 21:00:00,12,0,11.93,45.49,6.36,97.89,1.54,8.24,23.8,0.0,264.0,264.0,2.7,5.7,2004.0,2.7,2100.0,983.6,1.2,991.8,282.2621,991.7,-12.93499,0.0,8.5,8.5,7.8,80.0,6.415277778,6.495555556,,,,,,,,,
2022-10-05 22:00:00,12,0,11.92,45.49,6.41,97.88,1.54,8.21,23.72,0.0,232.0,219.0,3.5,9.1,2146.0,4.1,2130.0,983.6,0.4,991.8,286.7377,991.6,-12.43055,0.0,10.1,10.2,8.5,62.0,6.420277778,6.500277778,,,,,,,,,
2022-10-05 23:00:00,12,0,11.92,45.48,6.41,97.88,1.57,8.23,23.76,4.0,227.0,227.0,4.1,11.6,2211.0,4.5,2245.0,983.5,0.0,991.7,294.2788,991.6,-11.19953,0.0,10.9,10.9,9.9,53.0,6.420833333,6.500277778,,,,,,,,,
2022-10-06 00:00:00,12,0,11.91,45.42,6.38,97.88,1.58,8.28,23.93,8.0,227.0,216.0,3.1,12.5,2326.0,5.2,2331.0,982.7,0.7,990.9,300.9509,990.8,-11.22874,0.0,10.7,11.1,10.3,52.0,6.416666667,6.5025,,,,,,,,,
2022-10-06 01:00:00,12,1,11.88,45.46,6.35,97.84,1.58,8.28,23.92,8.0,217.0,212.0,4.0,12.6,53.0,5.1,41.0,982.2,1.6,990.3,324.5448,990.2,-10.60934,0.1,11.2,11.3,10.7,51.0,6.423055556,6.501388889,,,,,,,,,
2022-10-06 02:00:00,12,0,11.85,45.49,6.32,97.8,1.58,8.28,23.92,8.0,230.0,235.0,3.3,12.0,152.0,4.7,110.0,981.9,1.6,990.1,355.707,989.9,-10.52383,0.1,10.0,11.4,10.0,64.0,6.422222222,6.503055556,,,,,,,,,
2022-10-06 03:00:00,12,0,11.81,45.49,6.34,97.75,1.57,8.3,23.98,5.0,235.0,226.0,3.1,11.0,205.0,4.4,252.0,982.6,0.1,990.8,364.6159,990.7,-6.241987,4.5,8.0,10.1,8.0,85.0,6.416388889,6.503055556,,,,,,,,,
2022-10-06 04:00:00,12,0,11.79,45.52,6.35,97.71,1.54,8.29,23.95,3.0,228.0,222.0,3.8,10.3,321.0,4.3,332.0,983.1,1.0,991.3,365.0786,991.1,-7.827962,3.6,8.6,8.6,7.8,79.0,6.405555556,6.501111111,,,,,,,,,
2022-10-06 05:00:00,12,0,11.78,45.48,6.36,97.7,1.57,8.29,23.97,3.0,217.0,208.0,4.4,11.8,446.0,4.7,429.0,984.0,2.1,992.2,365.7987,992.0,-7.048576,1.9,8.5,8.7,8.2,89.0,6.4,6.469166667,,,,,,,,,
2022-10-06 06:00:00,12,0,11.78,45.47,6.39,97.67,1.58,8.3,24.0,3.0,214.0,214.0,4.8,12.5,538.0,4.8,600.0,984.6,1.9,992.8,363.0583,992.6,-9.530079,0.1,9.1,9.1,8.5,87.0,6.4,6.405277778,,,,,,,,,
2022-10-06 07:00:00,12,0,11.72,45.49,6.31,97.68,1.59,8.31,24.01,3.0,230.0,215.0,2.7,13.5,632.0,5.3,635.0,985.8,2.6,994.1,352.1018,993.9,-1.552214,0.4,8.2,9.1,8.2,87.0,6.4,6.4,,,,,,,,,
2022-10-06 08:00:00,12,0,11.74,45.46,6.33,97.65,1.62,8.32,24.03,3.0,226.0,213.0,3.4,10.3,746.0,5.1,747.0,987.0,2.9,995.2,364.5367,995.1,24.20497,1.0,8.5,9.0,8.1,90.0,6.4,6.352222222,,,,,,,,,
2022-10-06 09:00:00,12,0,11.74,45.44,6.35,97.65,1.58,8.33,24.09,1.0,247.0,220.0,2.7,8.4,832.0,3.2,834.0,987.4,2.8,995.6,369.0995,995.5,45.18064,1.0,9.0,9.2,8.3,84.0,6.401111111,6.355277778,,,,,,,,,
2022-10-06 10:00:00,12,0,11.73,45.4,6.37,97.66,1.59,8.37,24.19,1.0,248.0,233.0,2.4,7.8,901.0,3.0,907.0,987.4,1.6,995.6,362.5757,995.5,126.5242,0.1,10.0,10.0,9.0,79.0,6.400277778,6.336111111,,,,,,,,,
2022-10-06 11:00:00,12,0,11.73,45.41,6.36,97.7,1.59,8.37,24.19,0.0,257.0,256.0,3.2,7.6,1045.0,3.3,1058.0,987.2,0.3,995.4,365.0183,995.3,79.76203,1.0,9.2,10.5,9.2,87.0,6.400277778,6.315,,,,,,,,,
2022-10-06 12:00:00,12,0,11.74,45.47,6.4,97.76,1.57,8.31,24.01,3.0,233.0,245.0,2.6,7.6,1134.0,3.3,1143.0,987.5,0.2,995.8,366.0953,995.6,50.92871,3.7,8.6,9.6,8.5,92.0,6.400277778,6.299722222,,,,,,,,,
2022-10-06 13:00:00,12,1,11.72,45.46,6.37,97.76,1.57,8.3,24.01,3.0,249.0,267.0,2.5,9.8,1223.0,3.0,1245.0,987.7,0.2,996.0,368.9317,995.8,48.04826,2.6,8.1,8.7,8.1,89.0,6.4,6.299444444,,,,,,,,,
2022-10-06 14:00:00,12,0,11.7,45.46,6.34,97.76,1.57,8.3,24.0,3.0,215.0,212.0,3.5,11.9,1327.0,5.4,1323.0,988.5,1.2,996.8,366.5496,996.6,46.90708,2.3,8.9,8.9,8.0,81.0,6.405833333,6.3,,,,,,,,,
2022-10-06 15:00:00,12,0,11.7,45.47,6.39,97.76,1.58,8.28,23.93,3.0,-99.9,224.0,-99.9,9.8,1404.0,3.7,1409.0,989.4,1.7,997.7,365.2799,997.5,29.9356,1.6,8.0,9.2,8.0,87.0,6.409444444,6.290833333,,,,,,,,,
2022-10-06 16:00:00,12,0,11.67,45.47,6.35,97.76,1.61,8.29,23.94,0.0,-99.9,-99.9,-99.9,-99.9,1600.0,-99.9,1600.0,989.6,2.0,997.9,350.1152,997.7,15.18759,2.0,8.0,8.2,7.8,81.0,6.410277778,6.251111111,,,,,,,,,
2022-10-06 17:00:00,12,0,11.66,45.47,6.38,97.74,1.57,8.28,23.94,1.0,-99.9,-99.9,-99.9,-99.9,1700.0,-99.9,1700.0,989.8,1.6,998.1,364.0202,997.9,-4.720531,1.1,8.1,8.4,7.5,86.0,6.410555556,6.293055556,,,,,,,,,
2022-10-06 18:00:00,12,0,11.62,45.49,6.39,97.81,1.57,8.3,23.98,0.0,-99.9,-99.9,-99.9,-99.9,1800.0,-99.9,1800.0,990.2,0.8,998.5,354.6361,998.3,-7.273087,1.0,8.3,8.6,8.0,86.0,6.410277778,6.306388889,,,,,,,,,
2022-10-06 19:00:00,12,0,11.59,45.51,6.39,97.78,1.57,8.3,23.98,3.0,-99.9,-99.9,-99.9,-99.9,1900.0,-99.9,1900.0,990.7,1.2,999.0,363.3685,998.8,-7.036466,0.3,9.5,9.5,8.3,78.0,6.405833333,6.383055556,,,,,,,,,
2022-10-06 20:00:00,12,0,11.59,45.5,6.38,97.78,1.59,8.3,24.0,3.0,-99.9,-99.9,-99.9,-99.9,2000.0,-99.9,2000.0,991.7,1.7,1000.0,359.2704,999.9,-7.258353,0.2,8.9,10.0,8.9,83.0,6.403055556,6.442222222,,,,,,,,,
2022-10-19 16:00:00,13,0,9.27,45.82,6.38,97.91,1.75,8.59,24.88,-99.9,301.0,301.0,3.1,1.5,1555.0,3.1,1600.0,1019.5,-99.9,1028.1,327.3401,1027.9,-2.205034,1.0,6.0,8.0,6.0,83.0,6.5,6.495833333,,,,,,,,,
2022-10-19 17:00:00,13,0,9.26,45.82,6.37,97.92,1.76,8.6,24.9,-99.9,302.0,297.0,0.7,2.0,1618.0,2.7,1601.0,1019.3,-99.9,1027.9,327.77,1027.6,-9.093779,0.0,5.7,6.0,5.7,82.0,6.5,6.495833333,,,,,,,,,
2022-10-19 18:00:00,13,0,9.27,45.83,6.38,97.88,1.77,8.6,24.91,-99.9,304.0,303.0,1.0,2.3,1738.0,1.1,1759.0,1019.1,-99.9,1027.7,300.5565,1027.4,-10.7349,0.0,5.0,5.8,5.0,82.0,6.5,6.492222222,,,,,,,,,
2022-10-19 19:00:00,13,0,9.26,45.83,6.38,97.91,1.75,8.6,24.91,7.0,344.0,309.0,0.3,2.3,1807.0,1.0,1813.0,1018.8,0.7,1027.4,313.737,1027.2,-9.7992,0.0,5.4,5.4,4.7,82.0,6.5,6.493888889,,,,,,,,,
2022-10-19 20:00:00,13,0,9.26,45.82,6.39,97.83,1.78,8.59,24.87,8.0,354.0,325.0,0.3,2.0,2000.0,0.8,1934.0,1018.1,1.1,1026.7,326.561,1026.5,-10.04207,0.0,5.4,5.6,5.4,82.0,6.5,6.486944444,,,,,,,,,
2022-10-19 21:00:00,13,0,9.26,45.82,6.39,97.87,1.78,8.59,24.87,8.0,224.0,224.0,1.1,2.7,2052.0,1.1,2100.0,1017.8,1.3,1026.4,317.9196,1026.2,-9.751186,0.0,5.5,5.5,5.0,80.0,6.5,6.493888889,,,,,,,,,
2022-10-19 22:00:00,13,0,9.24,45.82,6.39,97.84,1.75,8.62,24.95,6.0,331.0,277.0,0.9,3.0,2128.0,1.7,2131.0,1017.4,1.3,1026.0,279.8841,1025.8,-10.91272,0.0,4.3,5.5,4.3,84.0,6.5,6.458888889,,,,,,,,,
2022-10-19 23:00:00,13,0,9.24,45.82,6.39,97.88,1.79,8.59,24.86,7.0,320.0,321.0,0.6,2.0,2206.0,0.9,2207.0,1016.9,1.1,1025.6,260.8755,1025.3,-11.24211,0.0,3.4,4.3,3.4,86.0,6.5,6.428611111,,,,,,,,,
2022-10-20 00:00:00,13,0,9.23,45.82,6.39,97.86,1.81,8.61,24.94,7.0,321.0,330.0,0.6,1.3,2316.0,0.8,2350.0,1016.5,1.3,1025.2,257.5719,1024.9,-11.27655,0.0,3.0,3.4,3.0,88.0,6.5,6.431944444,,,,,,,,,
2022-10-20 01:00:00,13,1,9.23,45.82,6.38,97.84,1.8,8.62,24.98,6.0,9.0,9.0,0.8,1.4,100.0,0.8,100.0,1016.3,1.1,1025.0,256.563,1024.7,-11.14402,0.0,2.8,3.0,2.7,89.0,6.5,6.425555556,,,,,,,,,
2022-10-20 02:00:00,13,0,9.23,45.83,6.36,97.82,1.79,8.64,25.01,7.0,328.0,356.0,0.7,2.2,132.0,1.1,134.0,1015.8,1.2,1024.5,255.6977,1024.1,-11.23458,0.0,2.5,2.8,2.5,89.0,6.5,6.438888889,,,,,,,,,
2022-10-20 03:00:00,13,0,9.21,45.84,6.38,97.81,1.78,8.6,24.9,7.0,344.0,339.0,0.8,1.6,216.0,0.9,205.0,1015.3,1.2,1024.0,254.5272,1023.6,-11.28855,0.0,2.1,2.5,2.1,90.0,6.5,6.440555556,,,,,,,,,
2022-10-20 04:00:00,13,0,9.2,45.85,6.39,97.84,1.78,8.6,24.89,7.0,355.0,2.0,1.0,2.4,345.0,1.2,328.0,1014.7,1.6,1023.4,254.1417,1023.0,-11.30385,0.0,2.3,2.3,2.0,91.0,6.5,6.443333333,,,,,,,,,
2022-10-20 05:00:00,13,0,9.21,45.84,6.39,97.82,1.76,8.63,24.97,7.0,332.0,355.0,0.5,2.2,402.0,1.2,410.0,1014.3,1.4,1023.0,253.36,1022.7,-11.40823,0.0,2.2,2.3,2.1,90.0,6.5,6.481388889,,,,,,,,,
2022-10-20 06:00:00,13,0,9.2,45.84,6.4,97.81,1.78,8.62,24.97,8.0,341.0,341.0,0.8,1.5,557.0,0.8,600.0,1013.6,1.6,1022.3,268.0351,1021.9,-10.88707,0.0,2.2,2.2,2.0,90.0,6.5,6.510833333,,,,,,,,,
2022-10-20 07:00:00,13,0,9.18,45.85,6.4,97.8,1.79,8.61,24.92,5.0,19.0,27.0,0.5,2.5,618.0,1.1,651.0,1013.7,1.0,1022.3,313.4427,1022.0,-6.52722,0.0,3.2,3.2,2.2,87.0,6.5,6.582777778,,,,,,,,,
2022-10-20 08:00:00,13,0,9.18,45.84,6.39,97.8,1.79,8.62,24.95,5.0,313.0,279.0,0.2,1.2,741.0,0.6,736.0,1013.8,0.6,1022.4,317.3237,1022.1,5.986254,0.0,3.3,3.3,3.2,88.0,6.5,6.6,,,,,,,,,
2022-10-20 09:00:00,13,0,9.18,45.84,6.4,97.82,1.76,8.62,24.96,2.0,247.0,360.0,0.5,1.1,841.0,0.7,811.0,1013.7,0.2,1022.3,302.2928,1022.1,43.33379,0.0,3.7,3.8,3.3,88.0,6.5,6.601111111,,,,,,,,,
2022-10-20 10:00:00,13,0,9.17,45.86,6.39,97.81,1.77,8.6,24.88,8.0,277.0,251.0,0.3,1.3,923.0,0.5,957.0,1013.3,0.3,1021.9,288.4484,1021.7,53.13076,0.0,4.2,4.2,3.7,86.0,6.5,6.609166667,,,,,,,,,
2022-10-20 11:00:00,13,0,9.17,45.86,6.39,97.8,1.77,8.61,24.93,8.0,97.0,76.0,1.1,2.4,1058.0,1.3,1054.0,1013.0,0.7,1021.5,274.6909,1021.4,121.0795,0.0,6.4,6.5,4.2,79.0,6.5,6.646111111,,,,,,,,,
2022-10-20 12:00:00,13,0,9.16,45.86,6.39,97.87,1.74,8.59,24.86,7.0,189.0,145.0,1.0,3.0,1108.0,1.5,1113.0,1012.8,1.0,1021.3,287.9166,1021.1,235.5971,0.0,6.1,7.0,6.1,79.0,6.5,6.649166667,,,,,,,,,
2022-10-20 13:00:00,13,1,9.16,45.86,6.38,97.84,1.74,8.6,24.9,7.0,150.0,158.0,1.0,2.1,1244.0,1.2,1228.0,1012.1,1.2,1020.6,269.3347,1020.5,208.3437,0.0,7.6,8.2,6.1,73.0,6.5,6.640277778,,,,,,,,,
2022-10-20 14:00:00,13,0,9.16,45.86,6.36,97.82,1.75,8.62,24.94,7.0,172.0,144.0,0.8,2.1,1317.0,1.2,1323.0,1011.8,1.2,1020.3,267.6317,1020.1,188.7116,0.0,8.2,8.4,7.4,66.0,6.5,6.646944444,,,,,,,,,
2022-10-20 15:00:00,13,0,9.16,45.85,6.39,97.8,1.75,8.62,24.97,6.0,213.0,181.0,0.7,2.2,1447.0,1.0,1407.0,1011.5,1.3,1020.0,266.6265,1019.8,118.8663,0.0,7.4,8.2,7.4,75.0,6.5,6.648611111,,,,,,,,,
2022-10-20 16:00:00,13,0,9.16,45.84,6.39,97.73,1.75,8.61,24.93,6.0,333.0,333.0,0.7,1.6,1554.0,0.7,1600.0,1011.1,1.0,1019.7,262.2018,1019.5,24.22204,0.0,4.6,7.6,4.6,85.0,6.5,6.646944444,,,,,,,,,
2022-10-20 17:00:00,13,0,9.15,45.85,6.4,97.69,1.78,8.59,24.88,8.0,20.0,20.0,1.5,2.9,1652.0,1.5,1700.0,1010.5,1.5,1019.1,258.7363,1018.8,-10.8005,0.0,4.9,4.9,4.3,84.0,6.5,6.643888889,,,,,,,,,
2022-10-20 18:00:00,13,0,9.14,45.85,6.4,97.68,1.75,8.61,24.92,5.0,25.0,34.0,1.6,3.8,1730.0,2.2,1731.0,1010.4,1.1,1019.0,257.683,1018.7,-12.06724,0.0,4.3,4.9,4.3,83.0,6.5,6.646944444,,,,,,,,,
2022-10-20 19:00:00,13,0,9.14,45.85,6.4,97.7,1.76,8.61,24.94,6.0,22.0,31.0,2.0,4.8,1853.0,2.4,1853.0,1009.7,1.5,1018.3,257.7008,1018.0,-11.86174,0.0,4.9,5.0,3.9,76.0,6.5,6.644166667,,,,,,,,,
2022-10-20 20:00:00,13,0,9.13,45.85,6.4,97.71,1.77,8.6,24.9,8.0,23.0,33.0,1.8,5.2,1927.0,2.8,1946.0,1009.0,1.4,1017.6,256.4342,1017.3,-11.86706,0.0,4.2,4.9,4.2,77.0,6.5,6.610277778,,,,,,,,,
2022-10-20 21:00:00,13,0,9.12,45.85,6.39,97.7,1.81,8.6,24.91,7.0,28.0,28.0,2.2,4.7,2057.0,2.2,2100.0,1008.4,2.0,1016.9,256.9778,1016.6,-11.73313,0.0,4.9,4.9,4.1,71.0,6.5,6.6,,,,,,,,,
2022-10-20 22:00:00,13,0,9.09,45.85,6.38,97.69,1.79,8.61,24.91,6.0,302.0,33.0,0.7,3.1,2101.0,2.2,2102.0,1008.3,1.5,1016.9,256.2174,1016.6,-11.97233,0.0,3.4,4.9,3.4,79.0,6.5,6.581666667,,,,,,,,,
2022-10-20 23:00:00,13,0,9.1,45.85,6.38,97.7,1.74,8.62,24.95,6.0,302.0,294.0,0.5,2.1,2201.0,0.8,2208.0,1007.9,1.0,1016.5,254.0891,1016.2,-11.4675,0.0,2.8,3.4,2.8,85.0,6.5,6.543333333,,,,,,,,,
2022-10-21 00:00:00,13,0,9.09,45.86,6.38,97.71,1.81,8.6,24.89,8.0,325.0,32.0,0.6,3.2,2336.0,1.4,2339.0,1007.2,1.1,1015.8,253.976,1015.5,-11.59862,0.0,2.6,3.3,2.6,84.0,6.5,6.526944444,,,,,,,,,
2022-10-21 01:00:00,13,1,9.08,45.86,6.37,97.66,1.81,8.6,24.92,8.0,54.0,37.0,0.6,1.5,2.0,0.7,53.0,1006.4,1.8,1015.0,253.5524,1014.7,-11.49737,0.0,2.9,2.9,2.6,81.0,6.5,6.525277778,,,,,,,,,
2022-10-21 02:00:00,13,0,9.06,45.86,6.36,97.62,1.8,8.61,24.94,7.0,53.0,53.0,2.1,3.6,159.0,2.1,200.0,1005.7,2.2,1014.2,254.8232,1014.0,-11.52807,0.0,4.0,4.0,2.9,70.0,6.5,6.524166667,,,,,,,,,
2022-10-21 03:00:00,13,0,9.08,45.88,6.38,97.61,1.76,8.59,24.85,7.0,24.0,31.0,2.3,5.4,234.0,2.6,238.0,1004.8,2.4,1013.3,257.2305,1013.0,-11.40775,0.0,5.0,5.2,3.4,64.0,6.5,6.531111111,,,,,,,,,
2022-10-21 04:00:00,13,0,9.06,45.86,6.39,97.57,1.74,8.61,24.94,7.0,17.0,12.0,2.2,6.5,330.0,3.2,335.0,1004.1,2.3,1012.6,258.2924,1012.4,-11.68893,0.0,5.0,5.2,4.4,61.0,6.5,6.560277778,,,,,,,,,
2022-10-21 05:00:00,13,0,9.04,45.87,6.38,97.59,1.78,8.62,24.97,6.0,33.0,36.0,2.4,5.6,435.0,2.9,442.0,1003.6,2.1,1012.1,258.9712,1011.8,-11.8054,0.0,5.2,5.6,5.0,61.0,6.5,6.581944444,,,,,,,,,
2022-10-21 06:00:00,13,0,9.03,45.86,6.38,97.61,1.78,8.62,24.96,7.0,27.0,27.0,2.3,4.4,503.0,2.5,507.0,1002.9,1.8,1011.4,259.2453,1011.2,-11.89475,0.0,5.5,5.5,5.1,57.0,6.5,6.598611111,,,,,,,,,
2022-10-21 07:00:00,13,0,9.01,45.87,6.38,97.58,1.79,8.62,24.97,7.0,22.0,28.0,2.2,4.4,630.0,2.4,639.0,1002.5,1.6,1011.0,260.0837,1010.8,-8.606195,0.0,5.9,6.0,5.3,54.0,6.5,6.599722222,,,,,,,,,
2022-10-21 08:00:00,13,0,9.02,45.87,6.38,97.55,1.82,8.61,24.91,6.0,12.0,29.0,2.1,5.1,745.0,2.6,747.0,1002.4,1.2,1010.8,261.2029,1010.6,7.060631,0.0,6.9,6.9,5.9,49.0,6.5,6.599444444,,,,,,,,,
2022-10-21 09:00:00,13,0,9.01,45.86,6.38,97.57,1.75,8.63,24.99,7.0,102.0,50.0,0.9,4.8,836.0,2.5,846.0,1002.2,0.9,1010.6,263.7779,1010.4,34.92434,0.0,7.7,8.1,6.9,57.0,6.5,6.6,,,,,,,,,
2022-10-21 10:00:00,13,0,8.98,45.87,6.38,97.55,1.78,8.61,24.92,7.0,132.0,150.0,0.7,2.2,942.0,0.9,913.0,1001.9,0.7,1010.3,264.5726,1010.1,111.2443,0.0,8.0,8.0,6.7,69.0,6.5,6.6,,,,,,,,,
2022-10-21 11:00:00,13,0,8.99,45.87,6.39,97.58,1.79,8.64,25.02,5.0,167.0,167.0,1.0,2.2,1005.0,1.0,1100.0,1002.0,0.5,1010.4,270.0534,1010.2,253.8864,0.0,9.3,9.7,8.0,62.0,6.5,6.599722222,,,,,,,,,
2022-10-21 12:00:00,13,0,8.99,45.87,6.38,97.58,1.81,8.63,24.99,5.0,177.0,182.0,0.9,2.3,1105.0,1.3,1109.0,1001.8,0.3,1010.1,270.8591,1010.1,278.1917,0.0,10.6,10.6,8.9,54.0,6.5,6.6,,,,,,,,,
2022-10-21 13:00:00,13,1,8.98,45.88,6.36,97.6,1.8,8.61,24.93,7.0,192.0,175.0,0.5,1.5,1220.0,0.9,1204.0,1001.6,0.2,1009.9,270.6764,1009.8,216.4981,0.0,10.4,10.7,10.0,59.0,6.5,6.595,,,,,,,,,
2022-10-21 14:00:00,13,0,8.98,45.88,6.35,97.62,1.78,8.59,24.87,7.0,104.0,189.0,0.3,1.1,1323.0,0.6,1304.0,1001.4,0.5,1009.7,269.0164,1009.7,147.7771,0.0,10.0,10.4,9.3,63.0,6.5,6.555555556,,,,,,,,,
2022-10-21 15:00:00,13,0,8.98,45.93,6.41,97.61,1.78,8.59,24.88,7.0,343.0,72.0,0.1,0.9,1407.0,0.5,1411.0,1001.1,0.7,1009.4,269.4492,1009.3,110.0503,0.0,10.2,10.3,9.3,64.0,6.5,6.530833333,,,,,,,,,
2022-10-21 16:00:00,13,0,8.98,45.93,6.38,97.55,1.78,8.61,24.92,7.0,316.0,219.0,0.4,1.0,1509.0,0.6,1514.0,1001.1,0.5,1009.5,260.7748,1009.3,3.328224,0.0,6.4,10.2,6.4,63.0,6.5,6.528333333,,,,,,,,,
2022-10-21 17:00:00,13,0,8.98,45.96,6.38,97.58,1.79,8.62,24.95,5.0,319.0,266.0,0.2,1.1,1608.0,0.6,1618.0,1001.2,0.2,1009.7,257.9179,1009.4,-11.75902,0.0,4.9,6.4,4.9,71.0,6.5,6.520833333,,,,,,,,,
2022-10-21 18:00:00,13,0,8.97,45.94,6.39,97.54,1.8,8.62,24.94,4.0,345.0,338.0,0.3,1.0,1701.0,0.4,1707.0,1001.0,0.1,1009.5,260.2432,1009.3,-11.80382,0.0,4.9,5.3,4.7,68.0,6.5,6.502222222,,,,,,,,,
2022-10-21 19:00:00,13,0,8.96,45.93,6.39,97.52,1.88,8.64,25.03,4.0,359.0,288.0,0.2,0.8,1816.0,0.5,1809.0,1001.1,0.1,1009.6,261.6189,1009.4,-11.73293,0.0,4.4,5.2,4.3,72.0,6.5,6.487777778,,,,,,,,,
2022-10-21 20:00:00,13,0,8.96,45.93,6.39,97.52,1.76,8.64,25.01,5.0,351.0,339.0,0.1,0.7,1931.0,0.3,1947.0,1001.3,0.1,1009.8,254.922,1009.5,-11.86225,0.0,3.9,4.5,3.6,74.0,6.5,6.477222222,,,,,,,,,
2022-10-21 21:00:00,13,0,8.94,45.92,6.39,97.45,1.75,8.62,24.97,4.0,330.0,16.0,0.2,1.0,2028.0,0.5,2032.0,1001.2,0.1,1009.7,256.3576,1009.4,-11.73534,0.0,4.1,4.9,3.8,70.0,6.5,6.437222222,,,,,,,,,
2022-10-21 22:00:00,13,0,8.94,45.92,6.39,97.48,1.77,8.62,24.96,2.0,342.0,261.0,0.3,1.0,2120.0,0.6,2129.0,1001.3,0.1,1009.8,258.8006,1009.5,-11.53092,0.0,4.0,4.7,3.9,74.0,6.5,6.420555556,,,,,,,,,
2022-10-21 23:00:00,13,0,8.93,45.93,6.39,97.42,1.75,8.57,24.8,4.0,242.0,287.0,0.4,1.0,2231.0,0.5,2213.0,1001.4,0.1,1009.9,267.3118,1009.6,-11.12174,0.0,3.9,4.2,3.8,75.0,6.5,6.417777778,,,,,,,,,
2022-10-22 00:00:00,13,0,8.93,45.91,6.39,97.41,1.77,8.61,24.94,2.0,2.0,2.0,0.6,1.0,2356.0,0.6,0.0,1001.3,0.1,1009.8,299.5928,1009.5,-10.05412,0.0,4.6,4.6,3.8,66.0,6.5,6.424166667,,,,,,,,,
2022-10-22 01:00:00,13,1,8.92,45.92,6.38,97.4,1.78,8.6,24.9,4.0,6.0,355.0,0.3,1.0,9.0,0.6,3.0,1001.2,0.1,1009.7,321.1795,1009.4,-9.215946,0.0,5.3,5.3,4.6,66.0,6.5,6.4225,,,,,,,,,
2022-10-22 02:00:00,13,0,8.91,45.93,6.36,97.4,1.79,8.59,24.86,7.0,296.0,43.0,0.2,0.8,200.0,0.4,105.0,1001.1,0.3,1009.5,345.3023,1009.3,-8.731965,0.0,5.9,6.0,5.3,67.0,6.5,6.420277778,,,,,,,,,
2022-10-22 03:00:00,13,0,8.9,45.9,6.38,97.37,1.78,8.57,24.81,7.0,352.0,285.0,0.1,1.0,235.0,0.4,238.0,1001.0,0.3,1009.5,342.7363,1009.2,-8.729044,0.0,5.7,5.9,5.5,71.0,6.5,6.446111111,,,,,,,,,
2022-10-22 04:00:00,13,0,8.9,45.91,6.39,97.38,1.75,8.59,24.87,7.0,332.0,250.0,0.1,0.7,322.0,0.3,355.0,1001.0,0.1,1009.5,343.7706,1009.3,-8.795964,0.0,5.8,6.0,5.6,73.0,6.5,6.485555556,,,,,,,,,
2022-10-22 05:00:00,13,0,8.9,45.92,6.39,97.42,1.75,8.63,25.0,4.0,229.0,229.0,0.5,1.1,446.0,0.5,500.0,1001.2,0.1,1009.6,345.11,1009.4,-8.896453,0.0,6.2,6.6,5.8,72.0,6.5,6.510277778,,,,,,,,,
2022-10-22 06:00:00,13,0,8.91,45.92,6.39,97.41,1.78,8.62,24.97,3.0,6.0,239.0,0.1,0.9,519.0,0.5,504.0,1001.5,0.5,1009.9,343.7858,1009.7,-8.974971,0.0,6.3,6.4,5.9,71.0,6.5,6.520277778,,,,,,,,,
2022-10-22 07:00:00,13,0,8.92,45.94,6.39,97.41,1.77,8.6,24.9,3.0,300.0,300.0,0.3,0.6,654.0,0.3,700.0,1001.8,0.7,1010.3,326.8358,1010.0,-7.730572,0.0,5.7,6.4,5.6,77.0,6.5,6.558055556,,,,,,,,,
2022-10-22 08:00:00,13,0,8.92,45.91,6.39,97.45,1.75,8.63,24.99,2.0,354.0,7.0,0.1,1.1,731.0,0.6,740.0,1002.0,0.9,1010.5,283.2794,1010.3,6.365867,0.0,5.7,6.2,5.5,82.0,6.5,6.546388889,,,,,,,,,
2022-10-22 09:00:00,13,0,8.93,45.91,6.39,97.48,1.78,8.63,24.99,3.0,325.0,222.0,0.1,1.0,833.0,0.6,827.0,1002.6,1.1,1011.1,262.5984,1010.8,17.71668,0.0,5.4,6.0,5.3,82.0,6.5,6.544722222,,,,,,,,,
2022-10-22 10:00:00,13,0,8.94,45.91,6.39,97.47,1.78,8.63,24.99,0.0,54.0,156.0,0.3,1.7,945.0,0.8,948.0,1002.5,0.7,1010.9,271.2161,1010.7,213.4778,0.0,9.2,9.2,5.4,72.0,6.5,6.533888889,,,,,,,,,
2022-10-22 11:00:00,13,0,8.94,45.92,6.39,97.51,1.76,8.63,24.99,0.0,154.0,143.0,0.8,2.2,1004.0,1.0,1012.0,1002.4,0.4,1010.7,281.6613,1010.6,277.0941,0.0,9.7,10.7,8.3,66.0,6.5,6.524722222,,,,,,,,,
2022-10-22 12:00:00,13,0,8.95,45.92,6.38,97.5,1.74,8.63,24.99,7.0,159.0,151.0,0.8,1.9,1115.0,1.0,1141.0,1002.3,0.3,1010.6,279.1512,1010.5,245.0649,0.0,11.3,11.3,9.5,63.0,6.5,6.526388889,,,,,,,,,
2022-10-22 13:00:00,13,1,8.94,45.92,6.36,97.48,1.74,8.62,24.98,7.0,195.0,195.0,1.2,2.5,1300.0,1.2,1300.0,1002.3,0.2,1010.6,280.403,1010.5,230.4406,0.0,10.9,11.3,10.4,65.0,6.5,6.525833333,,,,,,,,,
2022-10-22 14:00:00,13,0,8.94,45.92,6.35,97.47,1.75,8.62,24.97,7.0,178.0,203.0,0.7,2.6,1306.0,1.5,1307.0,1002.2,0.3,1010.5,286.653,1010.4,183.7932,0.0,10.8,11.4,10.6,71.0,6.5,6.526111111,,,,,,,,,
2022-10-22 15:00:00,13,0,8.93,45.91,6.38,97.45,1.76,8.6,24.89,3.0,22.0,22.0,1.2,3.1,1456.0,1.2,1500.0,1002.4,0.1,1010.8,340.5382,1010.6,54.47725,0.0,9.3,10.8,9.3,76.0,6.5,6.503055556,,,,,,,,,
2022-10-22 16:00:00,13,0,8.93,45.92,6.38,97.48,1.75,8.61,24.94,3.0,360.0,7.0,0.9,3.7,1521.0,1.7,1522.0,1002.5,0.2,1010.9,344.6857,1010.7,-1.523621,0.0,8.3,9.3,8.3,82.0,6.5,6.508055556,,,,,,,,,
2022-10-22 17:00:00,13,0,8.93,45.92,6.39,97.47,1.78,8.65,25.03,2.0,346.0,320.0,1.0,3.4,1640.0,1.2,1640.0,1002.6,0.4,1011.0,342.6242,1010.8,-9.979107,0.0,7.7,8.3,7.7,83.0,6.5,6.502222222,,,,,,,,,
2022-10-22 18:00:00,13,0,8.94,45.91,6.39,97.53,1.76,8.6,24.9,2.0,32.0,32.0,1.4,3.0,1758.0,1.4,1800.0,1002.6,0.2,1011.0,347.6091,1010.8,-9.832934,0.0,7.6,7.7,7.5,83.0,6.5,6.500833333,,,,,,,,,
2022-10-22 19:00:00,13,0,8.94,45.91,6.39,97.51,1.77,8.61,24.91,4.0,27.0,35.0,0.4,2.8,1801.0,1.6,1809.0,1002.5,0.1,1010.9,353.7065,1010.8,-9.055938,0.0,7.5,7.7,7.5,84.0,6.5,6.506111111,,,,,,,,,
2022-10-22 20:00:00,13,0,8.94,45.92,6.39,97.49,1.76,8.6,24.88,2.0,68.0,68.0,1.3,2.4,1955.0,1.3,2000.0,1002.6,0.1,1011.0,354.1827,1010.9,-9.003035,0.0,7.4,7.5,7.4,85.0,6.5,6.503333333,,,,,,,,,
2022-10-22 21:00:00,13,0,8.94,45.92,6.39,97.48,1.78,8.57,24.81,4.0,39.0,61.0,0.5,2.8,2003.0,1.5,2010.0,1002.7,0.1,1011.1,353.5557,1010.9,-9.072351,0.0,7.3,7.5,7.3,85.0,6.5,6.508333333,,,,,,,,,
2022-10-22 22:00:00,13,0,8.94,45.94,6.39,97.49,1.76,8.58,24.84,2.0,40.0,41.0,0.5,1.7,2129.0,0.9,2130.0,1002.9,0.4,1011.3,352.8654,1011.1,-9.234313,0.0,7.2,7.3,7.2,87.0,6.5,6.507777778,,,,,,,,,
2022-10-22 23:00:00,13,0,8.94,45.92,6.39,97.51,1.73,8.6,24.88,2.0,62.0,78.0,0.9,2.7,2240.0,1.4,2246.0,1002.9,0.2,1011.3,353.3843,1011.1,-8.981323,0.0,7.0,7.2,7.0,89.0,6.5,6.531666667,,,,,,,,,
2022-10-23 00:00:00,13,0,8.94,45.91,6.39,97.52,1.76,8.61,24.93,0.0,34.0,59.0,0.8,2.1,2303.0,1.2,2337.0,1002.6,0.1,1011.0,362.1846,1010.8,-11.1997,0.1,6.7,7.0,6.7,92.0,6.5,6.527777778,,,,,,,,,
2022-10-23 01:00:00,13,1,8.93,45.92,6.37,97.53,1.77,8.6,24.92,7.0,346.0,76.0,1.0,3.0,46.0,1.3,27.0,1002.3,0.6,1010.7,363.0609,1010.6,-10.67981,0.0,6.6,6.7,6.5,92.0,6.5,6.570833333,,,,,,,,,
2022-10-23 02:00:00,13,0,8.93,45.92,6.35,97.54,1.78,8.6,24.9,5.0,63.0,16.0,0.9,3.6,113.0,1.5,122.0,1002.5,0.3,1010.9,360.9099,1010.7,-9.879342,0.4,6.6,6.6,6.6,93.0,6.5,6.595277778,,,,,,,,,
2022-10-23 03:00:00,13,0,8.92,45.91,6.38,97.45,1.76,8.62,24.95,7.0,59.0,70.0,1.4,3.7,233.0,1.6,242.0,1002.3,0.3,1010.7,364.0144,1010.5,-7.604456,0.7,6.3,6.6,6.3,94.0,6.5,6.6,,,,,,,,,
2022-10-23 04:00:00,13,0,8.93,45.91,6.38,97.48,1.74,8.62,24.95,8.0,277.0,46.0,0.4,2.4,304.0,1.3,312.0,1002.1,0.3,1010.5,364.2249,1010.3,-9.558939,0.0,6.2,6.3,6.1,94.0,6.5,6.609444444,,,,,,,,,
2022-10-23 05:00:00,13,0,8.92,45.92,6.39,97.46,1.75,8.63,24.97,5.0,353.0,11.0,0.2,1.4,401.0,0.6,430.0,1002.1,0.4,1010.5,366.1053,1010.3,-10.72021,0.0,6.2,6.2,6.2,94.0,6.5,6.604722222,,,,,,,,,
2022-10-23 06:00:00,13,0,8.92,45.91,6.39,97.51,1.8,8.62,24.97,5.0,64.0,63.0,1.2,2.6,555.0,1.3,559.0,1002.0,0.3,1010.5,363.8253,1010.2,-10.47255,0.0,6.1,6.2,6.1,94.0,6.5,6.600277778,,,,,,,,,
2022-10-23 07:00:00,13,0,8.91,45.91,6.38,97.44,1.78,8.64,25.01,4.0,55.0,68.0,1.4,3.3,655.0,1.5,658.0,1002.1,0.0,1010.5,355.7373,1010.3,-7.900344,0.0,6.2,6.2,6.1,92.0,6.5,6.6,,,,,,,,,
2022-10-23 08:00:00,13,0,8.9,45.91,6.38,97.45,1.79,8.63,24.98,3.0,33.0,38.0,1.3,2.7,712.0,1.5,714.0,1002.4,0.3,1010.8,350.2767,1010.7,6.313861,0.0,6.5,6.5,6.2,91.0,6.5,6.6,,,,,,,,,
2022-10-23 09:00:00,13,0,8.9,45.92,6.41,97.48,1.76,8.64,25.01,2.0,40.0,66.0,1.6,3.3,842.0,1.9,828.0,1002.5,0.5,1010.9,347.6676,1010.7,34.63511,0.0,6.7,6.7,6.5,88.0,6.5,6.600277778,,,,,,,,,
2022-10-23 10:00:00,13,0,8.9,45.92,6.38,97.45,1.81,8.63,24.98,2.0,48.0,46.0,2.1,4.1,911.0,2.5,920.0,1002.7,0.6,1011.1,333.8243,1010.9,68.11446,0.0,7.0,7.0,6.7,87.0,6.5,6.600277778,,,,,,,,,
2022-10-23 11:00:00,13,0,8.9,45.91,6.37,97.48,1.76,8.63,24.98,2.0,55.0,65.0,1.9,5.2,1028.0,3.2,1036.0,1002.7,0.3,1011.1,304.7392,1010.9,85.27708,0.0,7.0,7.3,7.0,83.0,6.5,6.600277778,,,,,,,,,
2022-10-23 12:00:00,13,0,8.91,45.92,6.37,97.55,1.77,8.59,24.87,8.0,45.0,45.0,2.6,4.2,1157.0,2.6,1200.0,1002.2,0.3,1010.6,296.5559,1010.4,63.83959,0.0,7.4,7.4,6.8,81.0,6.5,6.6,,,,,,,,,
2022-10-23 13:00:00,13,1,8.92,45.93,6.35,97.55,1.78,8.6,24.9,8.0,33.0,34.0,2.8,5.3,1300.0,2.9,1259.0,1001.6,1.1,1010.0,284.2003,1009.8,87.84764,0.0,7.3,7.7,7.2,81.0,6.5,6.601666667,,,,,,,,,
2022-10-23 14:00:00,13,0,8.92,45.94,6.33,97.55,1.78,8.61,24.93,7.0,31.0,47.0,2.8,5.6,1305.0,3.4,1318.0,1001.0,1.7,1009.4,273.8886,1009.2,45.67775,0.0,7.2,7.3,7.0,81.0,6.5,6.601944444,,,,,,,,,
2022-10-23 15:00:00,13,0,8.91,45.93,6.35,97.51,1.79,8.6,24.88,6.0,32.0,40.0,1.5,4.7,1410.0,3.0,1415.0,1000.9,1.3,1009.3,273.9026,1009.1,33.89736,0.0,6.6,7.5,6.6,83.0,6.5,6.6,,,,,,,,,
2022-10-23 16:00:00,13,0,8.91,45.93,6.35,97.5,1.79,8.59,24.86,6.0,27.0,43.0,1.5,4.4,1517.0,2.5,1524.0,1000.7,0.8,1009.1,272.8807,1009.0,3.41245,0.0,5.8,6.7,5.8,87.0,6.5,6.600277778,,,,,,,,,
2022-10-23 17:00:00,13,0,8.91,45.92,6.36,97.5,1.77,8.62,24.94,5.0,35.0,30.0,2.0,4.2,1655.0,2.1,1656.0,1000.9,0.1,1009.3,279.7796,1009.1,-10.97041,0.0,6.0,6.0,5.4,85.0,6.5,6.599722222,,,,,,,,,
2022-10-23 18:00:00,13,0,8.9,45.92,6.36,97.49,1.78,8.62,24.95,4.0,16.0,32.0,1.6,4.1,1731.0,2.1,1734.0,1000.8,0.0,1009.2,287.8347,1009.1,-11.35417,0.0,5.8,6.0,5.7,85.0,6.5,6.599444444,,,,,,,,,
2022-10-23 19:00:00,13,0,8.9,45.93,6.37,97.49,1.77,8.61,24.94,0.0,35.0,35.0,2.3,4.3,1856.0,2.3,1900.0,1000.7,0.1,1009.1,303.1492,1008.9,-10.88143,0.0,6.2,6.2,5.7,82.0,6.5,6.599166667,,,,,,,,,
2022-10-23 20:00:00,13,0,8.88,45.92,6.37,97.43,1.79,8.56,24.79,7.0,35.0,37.0,2.5,5.4,1944.0,2.8,1957.0,1000.4,0.5,1008.8,347.9695,1008.6,-9.086423,0.0,6.9,7.0,6.2,77.0,6.5,6.6,,,,,,,,,
2022-10-23 21:00:00,13,0,8.88,45.92,6.37,97.46,1.75,8.6,24.89,7.0,33.0,35.0,1.7,4.9,2004.0,2.6,2004.0,1000.4,0.5,1008.8,352.4257,1008.6,-9.617645,0.0,7.2,7.2,6.9,76.0,6.5,6.6,,,,,,,,,
2022-10-23 22:00:00,13,0,8.87,45.92,6.37,97.42,1.8,8.58,24.85,7.0,31.0,33.0,1.5,3.5,2158.0,1.6,2101.0,1000.1,0.6,1008.5,353.1913,1008.3,-8.942991,0.0,7.0,7.2,6.7,78.0,6.5,6.600277778,,,,,,,,,
2022-10-23 23:00:00,13,0,8.86,45.92,6.37,97.42,1.79,8.64,25.0,8.0,40.0,24.0,1.0,3.9,2203.0,2.0,2207.0,999.7,0.7,1008.1,357.8414,1007.9,-9.211445,0.0,7.6,7.6,7.0,76.0,6.5,6.605277778,,,,,,,,,
2022-10-24 00:00:00,13,0,8.86,45.93,6.37,97.48,1.9,8.64,25.01,7.0,68.0,63.0,0.4,2.7,2348.0,0.9,2355.0,999.5,0.9,1007.9,361.7889,1007.7,-8.26405,0.0,7.6,7.7,7.4,76.0,6.5,6.677222222,,,,,,,,,
2022-10-24 01:00:00,13,1,8.86,45.93,6.36,97.48,1.83,8.63,24.98,7.0,59.0,42.0,0.9,2.4,33.0,1.3,57.0,999.1,1.0,1007.5,360.3998,1007.3,-8.796743,0.0,8.0,8.1,7.4,77.0,6.5,6.6975,,,,,,,,,
2022-10-24 02:00:00,13,0,8.87,45.93,6.34,97.48,1.76,8.62,24.94,8.0,30.0,30.0,0.9,2.2,143.0,0.9,200.0,998.5,1.2,1006.9,355.292,1006.7,-10.08594,0.0,8.2,8.2,7.7,79.0,6.5,6.693611111,,,,,,,,,
2022-10-24 03:00:00,13,0,8.86,45.93,6.37,97.45,1.76,8.63,24.97,8.0,11.0,20.0,0.9,3.2,248.0,1.3,256.0,997.9,1.5,1006.3,306.1542,1006.1,-11.26445,0.0,7.9,8.2,7.3,80.0,6.5,6.664444444,,,,,,,,,
2022-10-24 04:00:00,13,0,8.85,45.93,6.38,97.4,1.77,8.63,25.0,7.0,27.0,32.0,1.0,3.9,338.0,2.0,335.0,997.4,1.7,1005.7,330.0373,1005.6,-10.55602,0.0,9.3,9.4,7.5,69.0,6.5,6.6425,,,,,,,,,
2022-10-24 05:00:00,13,0,8.85,45.95,6.38,97.44,1.79,8.6,24.91,7.0,34.0,34.0,2.4,4.3,440.0,2.4,500.0,996.8,1.7,1005.1,349.0439,1005.0,-10.20792,0.0,9.9,9.9,9.3,67.0,6.5,6.599444444,,,,,,,,,
2022-10-24 06:00:00,13,0,8.85,45.94,6.38,97.42,1.79,8.64,25.0,7.0,26.0,34.0,1.8,4.3,545.0,2.4,501.0,996.4,1.5,1004.7,341.2885,1004.6,-10.70987,0.0,9.8,10.0,9.6,68.0,6.5,6.587222222,,,,,,,,,
2022-10-24 07:00:00,13,0,8.85,45.94,6.38,97.47,1.75,8.61,24.94,7.0,10.0,22.0,1.9,4.0,622.0,2.0,633.0,996.0,1.3,1004.3,289.9746,1004.2,-9.847141,0.0,9.3,9.8,9.1,70.0,6.5,6.545555556,,,,,,,,,
2022-10-24 08:00:00,13,0,8.85,45.94,6.38,97.47,1.77,8.61,24.94,5.0,32.0,31.0,2.0,5.0,716.0,2.3,722.0,996.0,0.8,1004.3,281.2848,1004.2,0.84253,0.0,9.2,9.4,9.1,69.0,6.5,6.538611111,,,,,,,,,
2022-10-24 09:00:00,13,0,8.83,45.94,6.38,97.43,1.79,8.64,25.0,7.0,55.0,55.0,2.8,5.1,829.0,2.8,900.0,995.8,0.6,1004.1,280.7274,1003.9,10.34803,0.0,10.1,10.1,9.0,64.0,6.5,6.540277778,,,,,,,,,
2022-10-24 10:00:00,13,0,8.85,45.94,6.38,97.42,1.77,8.64,25.0,8.0,55.0,59.0,2.9,6.0,936.0,3.7,937.0,995.2,0.7,1003.4,288.2946,1003.3,202.104,0.1,12.6,12.7,10.1,56.0,6.5,6.526111111,,,,,,,,,
2022-10-24 11:00:00,13,0,8.84,45.94,6.37,97.45,1.77,8.64,25.02,8.0,63.0,72.0,2.8,5.6,1009.0,3.2,1022.0,994.6,1.5,1002.8,292.3584,1002.7,254.5218,0.0,13.5,13.6,12.6,53.0,6.5,6.5025,,,,,,,,,
2022-10-24 12:00:00,13,0,8.83,45.94,6.37,97.39,1.76,8.61,24.94,7.0,72.0,60.0,2.4,5.7,1120.0,3.2,1122.0,993.8,1.9,1001.9,294.0774,1001.9,251.1914,0.0,14.2,14.4,13.4,50.0,6.5,6.497222222,0.0,120.0,,,,,,,
2022-10-24 13:00:00,13,1,8.84,45.94,6.35,97.44,1.76,8.6,24.9,7.0,73.0,65.0,1.6,5.0,1217.0,2.7,1211.0,993.3,2.0,1001.4,294.7647,1001.4,220.5975,0.0,14.4,14.6,14.0,48.0,6.5,6.498611111,,,,,,,,,
2022-10-24 14:00:00,13,0,8.85,45.95,6.33,97.49,1.76,8.59,24.86,6.0,59.0,57.0,2.2,4.9,1325.0,2.9,1329.0,992.8,1.7,1000.9,293.7413,1001.0,172.3988,0.0,14.0,14.5,14.0,47.0,6.5,6.4975,,,,,,,,,
2022-10-24 15:00:00,13,0,8.85,45.94,6.36,97.44,1.74,8.57,24.79,7.0,36.0,69.0,1.3,3.7,1405.0,2.4,1418.0,992.4,1.5,1000.6,291.2301,1000.5,94.82825,0.0,12.5,14.0,12.5,56.0,6.5,6.452222222,,,,,,,,,
2022-10-24 16:00:00,13,0,8.85,45.95,6.37,97.46,1.76,8.59,24.85,6.0,0.0,14.0,0.7,3.3,1537.0,1.5,1516.0,992.3,1.0,1000.6,284.9804,1000.4,-0.9481744,0.0,9.7,12.5,9.5,61.0,6.5,6.453888889,,,,,,,,,
2022-10-24 17:00:00,13,0,8.84,45.94,6.37,97.46,1.76,8.61,24.92,6.0,15.0,23.0,1.3,4.5,1647.0,1.8,1650.0,992.2,0.7,1000.5,286.2352,1000.3,-11.96641,0.0,9.7,10.1,9.1,60.0,6.5,6.450277778,,,,,,,,,
2022-10-24 18:00:00,13,0,8.84,45.94,6.38,97.44,1.79,8.61,24.93,7.0,17.0,17.0,2.2,4.3,1701.0,2.2,1800.0,991.9,0.4,1000.1,293.5545,1000.0,-12.03643,0.0,10.2,10.5,8.8,57.0,6.5,6.4625,,,,,,,,,
2022-10-24 19:00:00,13,0,8.84,45.95,6.38,97.45,1.79,8.64,25.02,7.0,30.0,23.0,2.2,4.2,1832.0,2.4,1804.0,991.8,0.4,1000.0,304.0837,1000.0,-11.97498,0.0,10.5,10.8,10.1,57.0,6.5,6.491666667,,,,,,,,,
2022-10-24 20:00:00,13,0,8.84,45.95,6.37,97.43,1.78,8.62,24.97,7.0,20.0,31.0,2.0,4.2,1959.0,2.2,1901.0,991.5,0.7,999.7,314.3729,999.6,-11.77453,0.0,10.5,10.8,10.4,59.0,6.5,6.498055556,,,,,,,,,
2022-10-24 21:00:00,13,0,8.84,45.94,6.38,97.44,1.76,8.64,25.02,7.0,21.0,23.0,1.8,3.8,2017.0,2.3,2051.0,991.3,0.6,999.5,335.5816,999.4,-11.16501,0.0,10.8,11.0,10.5,58.0,6.5,6.500277778,,,,,,,,,
2022-10-24 22:00:00,13,0,8.85,45.94,6.37,97.47,1.79,8.63,24.99,7.0,25.0,22.0,1.6,3.9,2138.0,2.2,2140.0,991.1,0.7,999.3,330.7782,999.3,-11.53497,0.0,10.6,11.0,10.6,60.0,6.5,6.506111111,,,,,,,,,
2022-10-24 23:00:00,13,0,8.85,45.94,6.38,97.4,1.79,8.64,25.02,7.0,278.0,30.0,0.8,2.9,2210.0,1.6,2210.0,991.2,0.3,999.5,309.0193,999.3,-11.86565,0.0,9.4,10.6,9.4,68.0,6.5,6.511111111,,,,,,,,,
2022-10-25 00:00:00,13,0,8.84,45.94,6.38,97.4,1.78,8.65,25.04,7.0,259.0,259.0,0.5,1.9,2330.0,0.8,2333.0,991.0,0.3,999.3,298.2671,999.1,-11.6671,0.0,8.1,9.7,8.1,75.0,6.5,6.532222222,,,,,,,,,
2022-10-25 01:00:00,13,1,8.84,45.95,6.36,97.42,1.77,8.61,24.92,7.0,334.0,307.0,0.4,2.2,33.0,1.1,39.0,990.9,0.2,999.2,285.5626,999.1,-11.75905,0.0,7.9,8.6,7.7,75.0,6.5,6.551666667,,,,,,,,,
2022-10-25 02:00:00,13,0,8.84,45.96,6.35,97.44,1.76,8.57,24.79,7.0,343.0,343.0,0.8,2.0,146.0,0.8,200.0,990.7,0.5,999.0,288.5849,998.9,-11.53536,0.0,8.0,8.5,7.3,77.0,6.5,6.532222222,,,,,,,,,
2022-10-25 03:00:00,13,0,8.83,45.95,6.37,97.35,1.77,8.6,24.9,7.0,356.0,5.0,0.3,2.1,250.0,0.9,254.0,990.5,0.5,998.8,304.9086,998.6,-10.88006,0.0,8.6,8.6,7.2,72.0,6.5,6.524166667,,,,,,,,,
2022-10-25 04:00:00,13,0,8.83,45.95,6.38,97.39,1.78,8.58,24.85,7.0,229.0,229.0,0.8,1.6,311.0,0.8,400.0,990.5,0.4,998.8,304.4355,998.7,-11.31657,0.0,6.9,8.7,6.9,83.0,6.5,6.506944444,,,,,,,,,
2022-10-25 05:00:00,13,0,8.81,45.95,6.38,97.38,1.77,8.61,24.93,5.0,337.0,241.0,0.3,1.4,437.0,0.7,402.0,990.8,0.0,999.1,309.0174,998.9,-10.59333,0.0,6.6,7.5,6.4,86.0,6.5,6.484166667,,,,,,,,,
2022-10-25 06:00:00,13,0,8.81,45.99,6.38,97.32,1.79,8.48,24.53,2.0,352.0,275.0,0.2,1.1,508.0,0.4,528.0,991.1,0.6,999.4,333.2205,999.3,-9.470913,0.0,7.0,7.4,6.6,86.0,6.5,6.451388889,,,,,,,,,
2022-10-25 07:00:00,13,0,8.82,45.96,6.39,97.34,1.81,8.59,24.86,2.0,351.0,342.0,0.1,0.8,649.0,0.3,625.0,991.6,1.0,999.9,356.576,999.7,-8.136243,0.0,7.5,7.7,7.0,83.0,6.5,6.451388889,,,,,,,,,
2022-10-25 08:00:00,13,0,8.8,45.94,6.38,97.3,1.79,8.64,25.01,2.0,267.0,253.0,0.3,1.3,716.0,0.7,720.0,992.1,1.4,1000.4,347.766,1000.2,5.693935,0.0,7.6,7.8,7.4,87.0,6.5,6.471666667,,,,,,,,,
2022-10-25 09:00:00,13,0,8.82,45.95,6.38,97.33,1.77,8.64,25.01,2.0,33.0,353.0,0.2,1.2,819.0,0.3,828.0,992.6,1.4,1000.9,335.3594,1000.7,39.42735,0.0,8.3,8.3,7.6,86.0,6.5,6.494444444,,,,,,,,,
2022-10-25 10:00:00,13,0,8.82,45.94,6.38,97.36,1.78,8.64,25.02,2.0,233.0,233.0,0.5,0.9,953.0,0.5,1000.0,993.2,1.6,1001.5,349.4156,1001.3,57.80354,0.0,9.2,9.3,8.3,83.0,6.5,6.496944444,,,,,,,,,
2022-10-25 11:00:00,13,0,8.82,45.95,6.38,97.37,1.77,8.62,24.95,2.0,12.0,220.0,0.2,0.9,1019.0,0.6,1023.0,993.8,1.7,1002.1,357.9713,1002.0,58.32721,0.0,9.6,9.8,9.1,85.0,6.5,6.500555556,,,,,,,,,
2022-10-25 12:00:00,13,0,8.82,45.95,6.38,97.31,1.86,8.57,24.82,2.0,354.0,187.0,0.1,0.7,1132.0,0.3,1142.0,994.2,1.7,1002.4,344.9101,1002.4,108.4912,0.0,10.7,10.7,9.6,77.0,6.5,6.5025,,,,,,,,,
2022-10-25 13:00:00,13,1,8.83,45.96,6.37,97.38,1.82,8.56,24.77,2.0,334.0,253.0,0.2,0.7,1220.0,0.3,1227.0,994.6,1.5,1002.8,343.4221,1002.8,114.7592,0.0,11.3,11.3,10.7,73.0,6.5,6.520833333,,,,,,,,,
2022-10-25 14:00:00,13,0,8.84,45.96,6.36,97.46,1.78,8.54,24.72,2.0,274.0,258.0,0.2,0.6,1354.0,0.3,1359.0,995.0,1.2,1003.2,360.036,1003.2,76.13994,0.0,11.3,11.5,11.2,78.0,6.5,6.578888889,,,,,,,,,
2022-10-25 15:00:00,13,0,8.85,45.94,6.38,97.52,1.73,8.59,24.88,2.0,313.0,311.0,0.4,0.9,1500.0,0.6,1450.0,995.4,1.2,1003.7,365.9315,1003.6,8.748153,0.0,10.6,11.3,10.6,72.0,6.5,6.599444444,,,,,,,,,
2022-10-25 16:00:00,13,0,8.85,45.95,6.39,97.47,1.79,8.6,24.9,2.0,318.0,318.0,0.4,1.1,1538.0,0.6,1522.0,995.7,1.1,1004.0,362.9529,1003.8,-6.686451,0.0,10.3,10.6,10.3,72.0,6.5,6.6,,,,,,,,,
2022-10-25 17:00:00,13,0,8.84,45.97,6.39,97.4,1.76,8.51,24.61,2.0,314.0,319.0,0.3,0.9,1611.0,0.6,1612.0,996.0,1.0,1004.3,362.2202,1004.2,-9.801736,0.0,10.0,10.3,10.0,74.0,6.5,6.606111111,,,,,,,,,
2022-10-25 18:00:00,13,0,8.84,45.96,6.39,97.49,1.73,8.6,24.91,2.0,287.0,340.0,0.6,1.6,1729.0,0.8,1738.0,996.4,1.0,1004.7,363.6003,1004.6,-10.20224,0.0,9.4,10.0,9.4,79.0,6.5,6.616944444,,,,,,,,,
2022-10-25 19:00:00,13,0,8.84,45.95,6.39,97.48,1.75,8.56,24.78,2.0,12.0,12.0,0.7,2.1,1900.0,0.7,1900.0,996.7,1.0,1005.0,364.0398,1004.8,-9.756004,0.0,10.2,10.2,9.4,73.0,6.5,6.628888889,,,,,,,,,
2022-10-25 20:00:00,13,0,8.84,45.94,6.39,97.52,1.77,8.6,24.89,2.0,328.0,14.0,0.2,1.8,1916.0,0.9,1923.0,997.0,1.0,1005.3,362.0473,1005.2,-10.03702,0.0,10.0,10.3,10.0,76.0,6.5,6.636388889,,,,,,,,,
2022-10-25 21:00:00,13,0,8.85,45.94,6.39,97.54,1.76,8.62,24.97,3.0,343.0,10.0,0.5,2.0,2047.0,0.7,2052.0,997.7,1.3,1006.0,365.5483,1005.9,-9.646047,0.0,9.1,10.0,9.1,84.0,6.5,6.640277778,,,,,,,,,
2022-10-25 22:00:00,13,0,8.84,45.95,6.38,97.5,1.76,8.6,24.9,3.0,284.0,328.0,0.7,1.4,2103.0,0.8,2106.0,998.1,1.5,1006.4,368.4793,1006.3,-10.59687,0.1,9.3,9.5,9.0,88.0,6.5,6.631666667,,,,,,,,,
2022-10-25 23:00:00,13,0,8.83,45.96,6.38,97.46,1.77,8.64,25.01,2.0,324.0,321.0,0.6,1.1,2249.0,0.8,2228.0,998.7,1.7,1007.0,372.6961,1006.9,-8.575417,1.3,8.7,9.3,8.7,94.0,6.5,6.638888889,,,,,,,,,
2022-10-26 00:00:00,13,0,8.83,45.96,6.38,97.4,1.79,8.57,24.82,3.0,25.0,25.0,0.6,1.4,2333.0,0.6,0.0,999.0,1.3,1007.4,376.4239,1007.2,-8.017145,0.6,8.6,8.8,8.6,96.0,6.5,6.613333333,,,,,,,,,
2022-10-26 01:00:00,13,1,8.83,45.96,6.36,97.4,1.8,8.6,24.9,1.0,316.0,297.0,0.6,1.4,12.0,0.7,14.0,999.1,1.0,1007.4,378.3334,1007.3,-8.549973,0.1,8.9,8.9,8.5,96.0,6.5,6.601111111,,,,,,,,,
2022-10-26 02:00:00,13,0,8.83,45.95,6.34,97.41,1.8,8.63,24.98,2.0,356.0,298.0,0.3,1.0,131.0,0.6,136.0,999.6,0.9,1007.9,381.6288,1007.8,-8.73745,0.0,8.9,9.1,8.7,96.0,6.5,6.6,,,,,,,,,
2022-10-26 03:00:00,13,0,8.84,45.95,6.37,97.48,1.75,8.58,24.84,2.0,289.0,289.0,1.1,2.8,227.0,1.1,300.0,999.7,0.7,1008.0,381.7118,1007.9,-8.754413,0.1,9.5,9.5,8.9,96.0,6.5,6.6,,,,,,,,,
2022-10-26 04:00:00,13,0,8.83,45.97,6.38,97.38,1.77,8.54,24.72,2.0,346.0,269.0,0.3,3.0,343.0,1.1,349.0,999.9,0.8,1008.2,382.8203,1008.1,-10.75145,0.0,9.2,9.6,8.9,96.0,6.5,6.599444444,,,,,,,,,
2022-10-26 05:00:00,13,0,8.82,45.96,6.38,97.4,1.77,8.6,24.88,2.0,338.0,283.0,0.2,1.5,435.0,0.7,438.0,1000.3,0.6,1008.6,380.669,1008.5,-9.927094,0.0,9.4,9.6,9.2,96.0,6.5,6.599722222,,,,,,,,,
2022-10-26 06:00:00,13,0,8.83,45.96,6.41,97.43,1.78,8.63,25.0,2.0,279.0,276.0,0.7,2.5,556.0,0.8,558.0,1000.8,1.0,1009.1,381.6456,1009.0,-8.141424,0.5,9.4,9.6,9.3,96.0,6.5,6.598888889,,,,,,,,,
2022-10-26 07:00:00,13,0,8.83,45.94,6.38,97.46,1.76,8.6,24.89,3.0,310.0,295.0,0.2,0.7,640.0,0.6,601.0,1001.4,1.5,1009.7,383.9881,1009.6,-9.141824,0.1,9.3,9.4,9.2,97.0,6.5,6.6,,,,,,,,,
2022-10-26 08:00:00,13,0,8.84,45.94,6.38,97.56,1.78,8.58,24.83,2.0,15.0,292.0,0.1,0.8,722.0,0.3,727.0,1001.9,1.6,1010.3,384.0451,1010.1,-4.158677,0.5,9.2,9.3,9.1,97.0,6.5,6.6,,,,,,,,,
2022-10-26 09:00:00,13,0,8.83,45.96,6.38,97.51,1.73,8.59,24.87,1.0,51.0,60.0,0.3,1.2,823.0,0.7,826.0,1002.1,1.3,1010.4,386.2046,1010.3,36.35033,0.0,9.6,9.6,9.2,97.0,6.5,6.6,,,,,,,,,
2022-10-26 10:00:00,13,0,8.83,45.95,6.38,97.46,1.75,8.59,24.87,1.0,267.0,73.0,0.2,2.1,903.0,1.2,913.0,1002.2,0.7,1010.5,390.1328,1010.4,60.5645,0.0,10.0,10.1,9.6,96.0,6.5,6.6,,,,,,,,,
2022-10-26 11:00:00,13,0,8.82,45.95,6.38,97.46,1.75,8.59,24.87,2.0,80.0,80.0,1.7,3.1,1042.0,1.7,1100.0,1002.0,0.2,1010.3,337.5802,1010.2,194.0691,0.0,11.7,11.7,9.9,90.0,6.5,6.601388889,,,,,,,,,
2022-10-26 12:00:00,13,0,8.82,45.96,6.38,97.43,1.78,8.6,24.89,7.0,102.0,80.0,1.6,3.6,1140.0,2.0,1149.0,1001.9,0.2,1010.2,297.8201,1010.1,235.2479,0.0,11.9,12.3,11.6,83.0,6.5,6.601666667,,,,,,,,,
2022-10-26 13:00:00,13,1,8.82,45.96,6.36,97.44,1.78,8.59,24.88,7.0,83.0,70.0,0.6,3.5,1210.0,2.2,1238.0,1001.7,0.4,1010.0,294.7946,1010.0,190.8337,0.0,12.0,12.7,11.7,84.0,6.5,6.603333333,,,,,,,,,
2022-10-26 14:00:00,13,0,8.82,45.97,6.35,97.45,1.78,8.59,24.87,8.0,90.0,91.0,1.6,3.6,1348.0,1.7,1358.0,1001.1,0.9,1009.4,301.9985,1009.4,124.5937,0.0,11.9,12.0,10.5,84.0,6.5,6.601388889,,,,,,,,,
2022-10-26 15:00:00,13,0,8.82,45.94,6.37,97.52,1.78,8.51,24.63,8.0,19.0,44.0,2.1,4.8,1416.0,3.0,1421.0,1000.3,1.6,1008.6,300.5703,1008.5,40.23834,0.0,10.7,11.9,10.7,85.0,6.5,6.606388889,,,,,,,,,
2022-10-26 16:00:00,13,0,8.81,45.95,6.38,97.49,1.74,8.51,24.61,6.0,27.0,25.0,1.7,3.5,1520.0,2.1,1524.0,999.9,1.9,1008.2,313.4005,1008.1,-3.537514,0.0,10.2,10.7,10.2,86.0,6.5,6.634166667,,,,,,,,,
2022-10-26 17:00:00,13,0,8.82,45.95,6.38,97.51,1.75,8.54,24.72,6.0,43.0,33.0,2.0,6.5,1647.0,3.1,1651.0,998.9,2.2,1007.2,335.3818,1007.1,-10.64028,0.0,10.5,10.9,10.2,78.0,6.5,6.655833333,,,,,,,,,
2022-10-26 18:00:00,13,0,8.82,45.95,6.38,97.54,1.74,8.56,24.77,6.0,17.0,22.0,1.0,4.4,1723.0,2.5,1727.0,998.7,1.6,1007.0,326.8416,1006.8,-11.12489,0.0,10.0,10.5,9.9,81.0,6.5,6.666666667,,,,,,,,,
2022-10-26 19:00:00,13,0,8.81,45.95,6.37,97.51,1.75,8.57,24.8,6.0,47.0,18.0,1.1,2.9,1806.0,1.4,1811.0,998.5,1.4,1006.8,347.8194,1006.7,-10.04676,0.0,9.2,10.0,9.0,84.0,6.5,6.661388889,,,,,,,,,
2022-10-26 20:00:00,13,0,8.8,45.95,6.38,97.45,1.77,8.58,24.83,8.0,30.0,30.0,2.5,4.2,1953.0,2.5,2000.0,997.6,1.2,1005.9,367.5549,1005.8,-9.111779,1.1,9.3,10.2,8.9,84.0,6.5,6.649444444,,,,,,,,,
2022-10-26 21:00:00,13,0,8.8,45.95,6.38,97.46,1.77,8.59,24.87,8.0,41.0,28.0,2.8,6.4,2003.0,3.3,2031.0,996.7,1.9,1005.0,367.1951,1004.9,-8.372753,0.0,10.1,10.1,9.3,74.0,6.5,6.652222222,,,,,,,,,
2022-10-26 22:00:00,13,0,8.79,45.96,6.37,97.39,1.77,8.61,24.93,8.0,13.0,36.0,2.7,6.5,2109.0,3.3,2110.0,995.8,2.6,1004.1,365.0211,1003.9,-9.065681,0.1,10.2,10.3,10.1,73.0,6.5,6.645,,,,,,,,,
2022-10-26 23:00:00,13,0,8.78,45.96,6.37,97.37,1.78,8.62,24.94,5.0,348.0,15.0,1.1,5.6,2202.0,2.9,2204.0,996.0,1.7,1004.3,371.1801,1004.2,-11.10708,0.1,9.8,10.6,9.8,84.0,6.5,6.649444444,,,,,,,,,
2022-10-27 00:00:00,13,0,8.78,45.96,6.36,97.34,1.77,8.61,24.94,6.0,5.0,8.0,1.1,2.9,2352.0,1.3,2358.0,995.5,1.3,1003.8,368.6049,1003.6,-10.55604,0.0,10.5,10.5,9.2,78.0,6.5,6.648888889,,,,,,,,,
2022-10-27 01:00:00,13,1,8.78,45.96,6.35,97.34,1.78,8.62,24.98,5.0,279.0,325.0,0.8,2.5,28.0,1.3,51.0,995.7,0.2,1004.0,367.5808,1003.8,-10.75123,0.2,9.5,10.6,9.5,89.0,6.5,6.638333333,,,,,,,,,
2022-10-27 02:00:00,13,0,8.78,45.97,6.33,97.33,1.8,8.64,25.01,3.0,263.0,340.0,1.0,2.7,122.0,1.2,131.0,996.1,0.1,1004.4,369.8235,1004.3,-8.347867,0.1,9.4,10.3,9.4,90.0,6.5,6.601666667,,,,,,,,,
2022-10-27 03:00:00,13,0,8.79,45.95,6.36,97.41,1.77,8.63,25.0,0.0,322.0,11.0,1.0,2.4,256.0,1.3,220.0,996.3,0.8,1004.6,380.8622,1004.5,-8.761289,1.0,9.6,10.0,9.3,92.0,6.5,6.601944444,,,,,,,,,
2022-10-27 04:00:00,13,0,8.79,45.95,6.37,97.39,1.73,8.62,24.96,3.0,302.0,329.0,0.8,3.0,321.0,1.3,330.0,996.9,1.2,1005.2,383.122,1005.1,-12.46242,0.0,9.8,9.9,9.4,93.0,6.5,6.601111111,,,,,,,,,
2022-10-27 05:00:00,13,0,8.79,45.96,6.38,97.42,1.81,8.6,24.9,1.0,254.0,267.0,1.1,4.3,440.0,1.5,442.0,997.1,1.0,1005.4,367.0212,1005.2,-11.14413,0.0,10.6,10.8,9.7,83.0,6.5,6.601944444,,,,,,,,,
2022-10-27 06:00:00,13,0,8.8,45.94,6.38,97.41,1.75,8.61,24.93,2.0,240.0,295.0,2.2,7.7,555.0,2.4,525.0,997.7,1.2,1005.9,361.876,1005.9,-7.693982,0.1,12.8,12.8,10.5,65.0,6.5,6.601388889,,,,,,,,,
2022-10-27 07:00:00,13,0,8.8,45.94,6.38,97.47,1.77,8.61,24.93,3.0,258.0,258.0,2.8,10.1,619.0,2.8,700.0,998.4,1.6,1006.6,374.5156,1006.6,-10.12196,0.1,12.0,13.3,11.9,73.0,6.5,6.617222222,,,,,,,,,
2022-10-27 08:00:00,13,0,8.8,45.95,6.38,97.45,1.76,8.61,24.93,1.0,234.0,234.0,3.4,8.1,758.0,3.5,759.0,998.3,1.3,1006.5,346.2399,1006.5,10.75186,0.0,13.8,13.8,11.9,55.0,6.5,6.609166667,,,,,,,,,
2022-10-27 09:00:00,13,0,8.8,45.96,6.36,97.41,1.75,8.61,24.92,1.0,233.0,225.0,3.2,9.5,820.0,4.2,830.0,999.1,1.3,1007.3,330.9131,1007.3,36.85596,0.0,14.0,14.0,13.7,54.0,6.5,6.593888889,,,,,,,,,
2022-10-27 10:00:00,13,0,8.8,45.95,6.36,97.44,1.76,8.62,24.97,3.0,233.0,233.0,3.2,10.1,958.0,3.5,916.0,999.2,0.6,1007.4,354.466,1007.4,131.3499,0.0,14.2,15.8,13.9,55.0,6.5,6.549444444,,,,,,,,,
2022-10-27 11:00:00,13,0,8.8,45.95,6.35,97.46,1.78,8.61,24.93,1.0,229.0,230.0,2.8,7.8,1020.0,3.6,1005.0,999.3,0.9,1007.5,361.8332,1007.5,117.6155,0.0,14.3,14.9,13.7,55.0,6.5,6.545277778,,,,,,,,,
2022-10-27 12:00:00,13,0,8.8,45.95,6.32,97.48,1.77,8.61,24.92,3.0,242.0,234.0,3.4,9.6,1200.0,4.3,1118.0,999.7,0.7,1007.9,362.0165,1007.9,125.3245,0.0,13.6,15.3,13.6,61.0,6.5,6.553055556,,,,,,,,,
2022-10-27 13:00:00,13,1,8.79,45.96,6.32,97.46,1.78,8.61,24.94,3.0,222.0,208.0,3.8,11.4,1239.0,4.3,1234.0,999.6,0.5,1007.8,365.304,1007.8,67.17752,0.0,14.0,14.0,13.6,57.0,6.5,6.567222222,,,,,,,,,
2022-10-27 14:00:00,13,0,8.79,45.97,6.31,97.45,1.79,8.62,24.95,0.0,242.0,226.0,3.1,9.7,1315.0,3.8,1357.0,999.3,0.2,1007.5,370.8049,1007.5,31.5597,0.0,14.4,14.4,14.0,53.0,6.5,6.596111111,,,,,,,,,
2022-10-27 15:00:00,13,0,8.79,45.97,6.34,97.46,1.76,8.62,24.96,7.0,229.0,223.0,2.9,10.1,1422.0,4.0,1424.0,999.4,0.3,1007.6,353.0393,1007.6,11.78061,0.0,14.0,14.6,14.0,54.0,6.5,6.551428571,,,,,,,,,
2022-10-27 16:00:00,13,0,8.79,45.97,6.34,97.53,1.75,8.62,24.94,7.0,207.0,183.0,3.8,9.7,1544.0,4.4,1545.0,999.0,0.5,1007.2,362.5209,1007.2,-6.528502,0.0,14.4,14.5,14.0,52.0,6.5,6.5,,,,,,,,,
2022-10-27 17:00:00,13,0,8.79,45.97,6.34,97.51,1.76,8.61,24.93,7.0,217.0,219.0,4.0,10.0,1656.0,4.1,1658.0,998.8,0.6,1007.0,368.7434,1007.0,-9.848384,0.0,14.4,14.5,14.3,52.0,6.5,6.461388889,,,,,,,,,
2022-10-27 18:00:00,13,0,8.78,45.98,6.37,97.48,1.78,8.6,24.9,5.0,224.0,212.0,3.4,11.7,1741.0,4.1,1740.0,999.1,0.3,1007.3,370.8129,1007.3,-9.960104,0.0,14.5,14.6,14.3,49.0,6.5,6.415,,,,,,,,,
2022-10-27 19:00:00,13,0,8.78,45.99,6.3,97.54,1.75,8.62,24.96,5.0,247.0,259.0,3.0,10.9,1847.0,4.4,1811.0,999.2,0.1,1007.4,371.5392,1007.4,-11.83891,0.0,14.3,14.7,14.2,52.0,6.5,6.406666667,,,,,,,,,
2022-10-27 20:00:00,13,0,8.78,45.99,6.33,97.55,1.76,8.61,24.92,2.0,216.0,215.0,3.6,11.5,1948.0,4.2,1942.0,999.5,0.6,1007.7,378.0793,1007.7,-10.53611,0.0,14.4,14.7,14.3,56.0,6.5,6.401111111,,,,,,,,,
2022-10-27 21:00:00,13,0,8.78,45.99,6.38,97.62,1.78,8.61,24.92,3.0,229.0,235.0,3.2,10.6,2006.0,4.3,2026.0,999.6,0.4,1007.8,379.7878,1007.8,-9.869974,0.0,13.8,14.4,13.7,63.0,6.499722222,6.400277778,,,,,,,,,
2022-10-27 22:00:00,13,0,8.79,45.99,6.36,97.62,1.75,8.61,24.92,2.0,226.0,247.0,3.9,14.0,2103.0,4.6,2112.0,999.5,0.5,1007.7,378.7023,1007.7,-11.37311,0.0,14.3,14.3,13.8,59.0,6.498611111,6.399166667,,,,,,,,,
2022-10-27 23:00:00,13,0,8.79,45.99,6.36,97.69,1.76,8.61,24.93,4.0,241.0,239.0,3.8,9.7,2241.0,4.0,2257.0,999.5,0.1,1007.7,379.904,1007.7,-9.637767,0.0,14.8,14.9,14.3,54.0,6.499166667,6.395277778,,,,,,,,,
2022-10-28 00:00:00,13,0,8.79,45.98,6.33,97.67,1.77,8.6,24.9,4.0,228.0,245.0,2.8,8.8,2351.0,3.7,2301.0,999.5,0.0,1007.7,380.4813,1007.7,-9.730322,0.0,14.4,14.8,14.3,57.0,6.499444444,6.333888889,,,,,,,,,
2022-10-28 01:00:00,13,1,8.79,45.98,6.34,97.66,1.79,8.61,24.92,4.0,235.0,222.0,3.2,9.8,43.0,3.8,51.0,999.5,0.0,1007.7,376.5328,1007.7,-10.11452,0.0,13.7,14.4,13.7,64.0,6.5,6.316388889,,,,,,,,,
2022-10-28 02:00:00,13,0,8.79,45.99,6.34,97.66,1.81,8.62,24.95,0.0,221.0,204.0,3.3,10.4,127.0,5.3,148.0,999.4,0.1,1007.6,367.3171,1007.6,-9.784458,0.0,13.3,13.7,12.9,70.0,6.5,6.3025,,,,,,,,,
2022-10-28 03:00:00,13,0,8.8,45.99,6.35,97.68,1.75,8.6,24.91,7.0,215.0,211.0,3.3,8.7,231.0,4.3,240.0,999.2,0.4,1007.4,369.2728,1007.4,-9.55439,0.0,13.3,13.7,13.2,71.0,6.5,6.3,,,,,,,,,
2022-10-28 04:00:00,13,0,8.8,45.99,6.36,97.72,1.78,8.61,24.92,7.0,261.0,216.0,2.0,6.4,319.0,3.0,301.0,999.0,0.5,1007.2,375.8453,1007.2,-9.472626,0.0,13.6,13.6,13.2,73.0,6.5,6.3,,,,,,,,,
2022-10-28 05:00:00,13,0,8.8,45.99,6.35,97.75,1.75,8.61,24.93,5.0,288.0,270.0,1.7,6.0,442.0,2.5,446.0,999.1,0.4,1007.3,390.1591,1007.3,-9.465969,0.2,12.2,13.6,12.2,87.0,6.5,6.301944444,,,,,,,,,
2022-10-28 06:00:00,13,0,8.8,45.98,6.36,97.71,1.8,8.61,24.92,3.0,75.0,266.0,0.9,5.0,518.0,2.0,507.0,999.4,0.2,1007.7,392.9582,1007.6,-10.37243,0.1,11.3,12.2,11.3,93.0,6.5,6.346388889,,,,,,,,,
2022-10-28 07:00:00,13,0,8.81,45.98,6.37,97.75,1.79,8.6,24.89,2.0,2.0,105.0,0.1,2.0,609.0,0.9,629.0,999.6,0.6,1007.9,394.204,1007.8,-10.59478,0.5,11.3,11.4,11.2,94.0,6.5,6.400555556,,,,,,,,,
2022-10-28 08:00:00,13,0,8.81,45.99,6.37,97.76,1.75,8.59,24.86,0.0,12.0,12.0,0.6,1.4,759.0,0.6,800.0,999.4,0.4,1007.7,395.9611,1007.6,-6.879556,0.1,11.4,11.4,11.2,96.0,6.5,6.455,,,,,,,,,
2022-10-28 09:00:00,13,0,8.8,45.98,6.37,97.73,1.73,8.61,24.93,0.0,247.0,25.0,0.4,1.6,820.0,0.8,808.0,999.3,0.0,1007.6,395.1057,1007.5,-2.775792,0.1,11.5,11.6,11.1,96.0,6.5,6.535555556,,,,,,,,,
2022-10-28 10:00:00,13,0,8.8,45.97,6.37,97.71,1.78,8.63,24.99,7.0,2.0,89.0,0.4,1.3,1000.0,0.6,937.0,999.1,0.5,1007.4,397.006,1007.3,19.36758,1.3,11.6,11.7,11.4,96.0,6.5,6.585,,,,,,,,,
2022-10-28 11:00:00,13,0,8.81,45.98,6.38,97.71,1.77,8.6,24.9,7.0,48.0,177.0,0.3,1.8,1005.0,0.7,1049.0,998.7,0.8,1007.0,395.7059,1006.9,17.96056,2.6,11.4,11.7,11.3,96.0,6.5,6.521111111,,,,,,,,,
2022-10-28 12:00:00,13,0,8.82,45.96,6.38,97.73,1.78,8.63,24.97,7.0,177.0,177.0,0.4,1.3,1134.0,0.4,1200.0,998.3,1.0,1006.6,397.2254,1006.5,23.49382,1.2,11.6,11.9,11.4,96.0,6.5,6.456388889,,,,,,,,,
2022-10-28 13:00:00,13,1,8.82,45.96,6.36,97.77,1.76,8.62,24.96,7.0,334.0,60.0,0.4,1.8,1213.0,0.9,1222.0,997.8,1.3,1006.0,398.5979,1006.0,27.81547,0.3,11.9,12.1,11.6,97.0,6.5,6.478888889,,,,,,,,,
2022-10-28 14:00:00,13,0,8.82,45.96,6.35,97.81,1.75,8.62,24.95,8.0,13.0,38.0,0.3,1.7,1326.0,0.7,1333.0,997.1,1.5,1005.3,398.286,1005.3,6.282949,0.0,11.8,11.9,11.7,97.0,6.5,6.583333333,,,,,,,,,
2022-10-28 15:00:00,13,0,8.83,45.97,6.38,97.8,1.77,8.63,24.99,7.0,332.0,336.0,0.6,1.4,1450.0,0.7,1459.0,996.4,1.9,1004.6,385.5084,1004.6,5.789945,0.0,12.0,12.1,11.8,97.0,6.5,6.713888889,,,,,,,,,
2022-10-28 16:00:00,13,0,8.82,45.97,6.38,97.74,1.74,8.61,24.92,7.0,302.0,321.0,0.4,1.7,1513.0,0.9,1521.0,995.8,2.0,1004.0,380.5724,1004.0,-4.816832,0.0,11.8,12.1,11.5,97.0,6.5,6.811388889,,,,,,,,,
2022-10-28 17:00:00,13,0,8.82,45.97,6.39,97.82,1.78,8.6,24.89,8.0,20.0,20.0,0.7,1.3,1602.0,0.7,1700.0,994.6,2.4,1002.8,376.5048,1002.8,-8.416552,0.0,11.6,11.9,11.5,97.0,6.5,6.861111111,,,,,,,,,
2022-10-28 18:00:00,13,0,8.83,45.98,6.39,97.88,1.76,8.54,24.72,8.0,332.0,333.0,0.9,2.3,1744.0,1.1,1750.0,993.4,3.0,1001.6,354.6965,1001.6,-8.916967,0.0,11.5,11.6,11.2,97.0,6.5,6.910833333,,,,,,,,,
2022-10-28 19:00:00,13,0,8.83,45.97,6.39,97.9,1.77,8.59,24.85,7.0,322.0,328.0,0.6,2.2,1829.0,1.1,1808.0,992.1,3.6,1000.3,364.1942,1000.2,-8.254218,0.0,11.3,11.6,11.0,97.0,6.5,6.936666667,,,,,,,,,
2022-10-28 20:00:00,13,0,8.83,45.96,6.39,97.89,1.76,8.59,24.86,7.0,356.0,287.0,0.8,2.2,1953.0,1.1,1912.0,991.1,3.5,999.3,391.7492,999.2,-7.497103,1.9,11.6,11.7,10.9,97.0,6.5,6.949444444,,,,,,,,,
2022-10-28 21:00:00,13,0,8.83,45.97,6.38,97.86,1.79,8.58,24.82,7.0,21.0,31.0,1.8,4.0,2051.0,2.0,2051.0,990.2,3.3,998.4,391.9736,998.3,-8.119139,0.8,11.7,11.7,10.9,95.0,6.5,6.975555556,,,,,,,,,
2022-10-28 22:00:00,13,0,8.83,45.97,6.38,97.89,1.74,8.59,24.87,6.0,338.0,17.0,0.5,3.0,2102.0,1.8,2108.0,989.9,2.3,998.1,393.092,998.0,-7.768802,2.1,11.5,11.7,11.4,96.0,6.5,7.005277778,,,,,,,,,
2022-10-28 23:00:00,13,0,8.82,45.97,6.38,97.83,1.76,8.6,24.9,6.0,268.0,270.0,2.2,5.9,2250.0,2.3,2259.0,990.0,1.1,998.2,393.7004,998.1,-8.847716,0.3,12.2,12.2,11.0,96.0,6.499722222,7.008611111,,,,,,,,,
2022-10-29 00:00:00,13,0,8.82,45.98,6.38,97.83,1.8,8.57,24.8,5.0,224.0,224.0,4.9,11.4,2352.0,4.9,0.0,990.4,0.1,998.6,376.0547,998.5,-10.36336,0.2,12.4,12.7,12.2,84.0,6.498611111,6.969722222,,,,,,,,,
2022-10-29 01:00:00,13,1,8.83,45.96,6.32,97.85,1.78,8.59,24.86,3.0,238.0,221.0,4.3,14.5,25.0,5.2,14.0,991.4,1.4,999.6,371.8352,999.5,-9.45253,0.0,11.3,12.4,11.3,85.0,6.498055556,6.912777778,,,,,,,,,
2022-10-29 02:00:00,13,0,8.84,45.95,6.27,97.88,1.77,8.6,24.91,3.0,224.0,224.0,5.0,13.0,130.0,5.0,200.0,991.8,1.8,1000.0,367.9809,999.9,-9.508181,0.0,10.5,11.3,10.5,88.0,6.498055556,6.9,,,,,,,,,
2022-10-29 03:00:00,13,0,8.83,45.96,6.27,97.81,1.79,8.6,24.91,1.0,228.0,224.0,4.7,14.4,221.0,5.1,201.0,992.3,1.9,1000.5,372.9132,1000.4,-7.425087,0.3,10.3,10.5,10.2,91.0,6.498888889,6.882777778,,,,,,,,,
2022-10-29 04:00:00,13,0,8.8,45.98,6.29,97.75,1.79,8.62,24.97,1.0,233.0,225.0,4.5,12.4,340.0,5.0,304.0,992.7,1.2,1000.9,370.1862,1000.9,-9.123444,0.1,11.4,11.4,10.3,77.0,6.497777778,6.870833333,,,,,,,,,
2022-10-29 05:00:00,13,0,8.79,46.0,6.25,97.83,1.79,8.63,24.99,3.0,232.0,233.0,3.2,10.8,401.0,4.6,402.0,993.9,2.0,1002.2,375.2011,1002.1,-6.314857,2.4,10.1,11.4,10.0,92.0,6.493888889,6.858611111,,,,,,,,,
2022-10-29 06:00:00,13,0,8.76,46.03,6.28,97.91,1.79,8.61,24.92,3.0,228.0,231.0,3.7,11.2,550.0,4.5,554.0,994.7,2.3,1003.0,375.9858,1002.9,-6.006559,2.7,10.1,10.2,10.1,91.0,6.493888889,6.820277778,,,,,,,,,
2022-10-29 07:00:00,13,0,8.74,46.04,6.3,97.95,1.8,8.61,24.93,1.0,253.0,222.0,2.3,10.1,633.0,4.4,622.0,995.8,3.0,1004.1,376.6412,1004.0,-6.088192,3.8,10.0,10.1,10.0,93.0,6.488333333,6.750555556,,,,,,,,,
2022-10-29 08:00:00,13,0,8.66,46.09,6.26,97.91,1.81,8.62,24.96,3.0,264.0,232.0,1.1,9.1,740.0,3.2,741.0,997.2,3.3,1005.5,380.9308,1005.4,-4.823612,5.5,9.9,10.2,9.9,94.0,6.483333333,6.702777778,,,,,,,,,
2022-10-29 09:00:00,13,0,8.64,46.12,6.3,97.93,1.79,8.6,24.9,3.0,148.0,221.0,1.4,4.8,801.0,1.9,814.0,998.8,4.1,1007.1,380.1189,1007.0,1.120707,0.4,8.9,9.9,8.9,94.0,6.477777778,6.705,,,,,,,,,
2022-10-29 10:00:00,13,0,8.64,46.11,6.31,97.96,1.77,8.62,24.95,1.0,119.0,169.0,1.2,3.0,917.0,1.6,926.0,1000.0,4.1,1008.4,375.1593,1008.2,24.5627,0.5,8.3,8.9,8.3,93.0,6.473333333,6.629166667,,,,,,,,,
2022-10-29 11:00:00,13,0,8.64,46.11,6.34,98.02,1.78,8.59,24.88,1.0,140.0,144.0,0.9,3.4,1038.0,1.3,1047.0,1001.1,3.9,1009.5,374.341,1009.3,41.25315,0.1,8.0,8.4,8.0,92.0,6.471666667,6.527777778,,,,,,,,,
2022-10-29 12:00:00,13,0,8.69,46.09,6.35,97.97,1.78,8.59,24.86,1.0,100.0,54.0,1.1,3.1,1141.0,1.4,1145.0,1001.9,3.2,1010.3,375.964,1010.2,59.9834,0.0,7.8,8.2,7.8,93.0,6.465,6.441111111,,,,,,,,,
2022-10-29 13:00:00,13,1,8.7,46.0,6.34,98.0,1.78,8.66,25.06,1.0,132.0,133.0,0.8,2.3,1201.0,1.1,1233.0,1002.4,2.4,1010.8,373.3264,1010.6,43.38451,0.0,7.7,7.8,7.7,92.0,6.465,6.4,,,,,,,,,
2022-10-29 14:00:00,13,0,8.72,45.92,6.32,98.04,1.79,8.72,25.27,1.0,176.0,161.0,0.9,2.0,1324.0,1.0,1326.0,1002.9,1.9,1011.3,353.3269,1011.2,54.92329,0.0,7.8,7.9,7.7,91.0,6.468333333,6.398333333,,,,,,,,,
2022-10-29 15:00:00,13,0,8.74,45.94,6.36,98.05,1.8,8.69,25.16,2.0,359.0,180.0,0.2,1.0,1401.0,0.9,1401.0,1003.3,1.3,1011.7,358.6185,1011.5,5.80081,0.0,7.7,7.8,7.7,93.0,6.462222222,6.344722222,,,,,,,,,
2022-10-29 16:00:00,13,0,8.73,45.88,6.36,98.08,1.8,8.74,25.32,2.0,351.0,308.0,0.1,0.6,1543.0,0.4,1539.0,1003.8,1.4,1012.2,361.0137,1012.0,-7.917936,0.0,7.3,7.7,7.3,94.0,6.463055556,6.308055556,,,,,,,,,
2022-10-29 17:00:00,13,0,8.75,45.97,6.37,98.12,1.75,8.62,24.94,3.0,24.0,311.0,0.2,0.9,1645.0,0.5,1639.0,1004.4,1.4,1012.8,359.6889,1012.7,-10.73055,0.1,7.1,7.3,7.1,95.0,6.467222222,6.296388889,,,,,,,,,
2022-10-29 18:00:00,13,0,8.75,46.01,6.37,98.07,1.77,8.61,24.93,2.0,49.0,107.0,0.2,1.8,1731.0,0.7,1739.0,1004.9,1.6,1013.4,366.1204,1013.1,-7.323724,0.2,6.8,7.1,6.8,96.0,6.472222222,6.259444444,,,,,,,,,
2022-10-29 19:00:00,13,0,8.73,46.01,6.36,98.03,1.79,8.62,24.94,1.0,57.0,341.0,0.3,2.0,1821.0,0.8,1825.0,1005.1,1.3,1013.6,366.9874,1013.3,-8.137685,0.4,6.7,6.9,6.6,96.0,6.486388889,6.246388889,,,,,,,,,
2022-10-29 20:00:00,13,0,8.72,46.04,6.36,97.97,1.84,8.62,24.97,1.0,20.0,40.0,0.6,3.0,1942.0,1.5,1947.0,1005.3,1.0,1013.8,366.9857,1013.6,-8.708011,0.0,6.6,6.7,6.6,96.0,6.501111111,6.319166667,,,,,,,,,
2022-10-29 21:00:00,13,0,8.71,46.04,6.36,97.98,1.76,8.61,24.93,2.0,346.0,84.0,0.4,2.5,2002.0,1.6,2015.0,1005.5,0.6,1014.0,366.3145,1013.8,-10.22447,0.0,6.4,6.6,6.4,96.0,6.5375,6.501666667,,,,,,,,,
2022-10-29 22:00:00,13,0,8.73,46.01,6.36,98.05,1.79,8.61,24.93,1.0,12.0,50.0,0.5,1.8,2119.0,0.9,2128.0,1005.6,0.5,1014.1,366.3593,1013.8,-11.58616,0.0,6.3,6.4,6.2,96.0,6.576666667,6.4025,,,,,,,,,
2022-10-29 23:00:00,13,0,8.72,46.02,6.36,97.99,1.77,8.61,24.92,2.0,348.0,70.0,0.7,2.2,2213.0,1.1,2240.0,1005.5,0.2,1014.0,364.6754,1013.8,-11.71273,0.1,6.0,6.3,6.0,96.0,6.593611111,6.393611111,,,,,,,,,
2022-10-30 00:00:00,13,0,8.72,46.01,6.36,97.97,1.77,8.6,24.9,2.0,41.0,35.0,1.3,3.3,2333.0,1.7,2343.0,1005.8,0.3,1014.3,360.8228,1014.1,-11.54465,0.0,6.0,6.1,5.7,97.0,6.599722222,6.386111111,,,,,,,,,
2022-10-30 01:00:00,13,1,8.72,46.02,6.35,97.96,1.76,8.61,24.92,0.0,341.0,32.0,0.6,1.6,48.0,1.2,2.0,1005.6,0.0,1014.1,335.167,1013.8,-11.85872,0.0,5.7,6.0,5.6,97.0,6.599722222,6.543888889,,,,,,,,,
2022-10-30 02:00:00,13,0,8.71,46.03,6.34,97.94,1.76,8.62,24.94,8.0,316.0,255.0,0.4,1.3,105.0,0.8,139.0,1005.3,0.3,1013.8,317.1098,1013.5,-10.98479,0.0,6.0,6.3,5.7,97.0,6.6,6.865277778,,,,,,,,,
2022-10-30 02:00:00,13,0,8.71,46.03,6.34,97.94,1.76,8.62,24.94,8.0,316.0,255.0,0.4,1.3,105.0,0.8,139.0,1005.3,0.3,1013.8,317.1098,1013.5,-10.98479,0.0,6.0,6.3,5.7,97.0,6.6,6.747222222,,,,,,,,,
2022-10-30 03:00:00,13,0,8.71,46.03,6.35,97.94,1.8,8.6,24.9,8.0,26.0,26.0,1.8,4.5,258.0,1.8,300.0,1004.5,1.3,1013.0,277.1508,1012.7,-11.51468,0.0,6.1,6.1,5.7,97.0,6.601944444,6.997777778,,,,,,,,,
2022-10-30 04:00:00,13,0,8.7,46.04,6.36,97.89,1.79,8.6,24.88,5.0,290.0,25.0,0.6,4.3,337.0,1.9,301.0,1004.2,1.4,1012.7,271.4664,1012.4,-12.31237,0.0,6.3,6.5,6.0,96.0,6.595833333,7.142777778,,,,,,,,,
2022-10-30 05:00:00,13,0,8.69,46.04,6.36,97.89,1.77,8.6,24.89,6.0,276.0,325.0,0.5,1.5,438.0,0.8,414.0,1004.1,1.2,1012.6,271.8379,1012.4,-11.82477,0.0,5.9,6.3,5.9,97.0,6.554722222,7.262222222,,,,,,,,,
2022-10-30 06:00:00,13,0,8.68,46.04,6.37,97.91,1.76,8.58,24.83,6.0,308.0,330.0,0.5,1.5,547.0,0.8,556.0,1004.0,0.5,1012.5,272.1665,1012.2,-11.47681,0.1,5.7,5.9,5.5,97.0,6.506944444,7.438055556,,,,,,,,,
2022-10-30 07:00:00,13,0,8.68,46.04,6.36,97.91,1.77,8.6,24.9,8.0,26.0,26.0,1.8,3.9,659.0,1.8,700.0,1003.6,0.6,1012.1,271.6801,1011.8,-10.6398,0.1,6.0,6.0,5.6,97.0,6.500833333,7.450833333,,,,,,,,,
2022-10-30 08:00:00,13,0,8.67,46.06,6.36,97.93,1.76,8.61,24.92,8.0,10.0,29.0,1.9,5.3,706.0,3.0,712.0,1003.5,0.6,1011.9,270.8257,1011.8,-3.580158,0.0,6.6,6.7,6.0,93.0,6.500833333,7.386944444,,,,,,,,,
2022-10-30 09:00:00,13,0,8.65,46.05,6.36,97.85,1.77,8.61,24.94,8.0,17.0,21.0,1.3,4.5,828.0,2.6,839.0,1003.4,0.6,1011.8,269.1635,1011.6,4.521731,0.0,7.0,7.0,6.6,88.0,6.498055556,7.346944444,,,,,,,,,
2022-10-30 10:00:00,13,0,8.65,46.05,6.36,97.87,1.8,8.58,24.84,8.0,68.0,53.0,1.4,4.5,927.0,2.5,934.0,1003.0,0.5,1011.3,275.8596,1011.2,115.6798,0.0,9.9,9.9,7.0,80.0,6.495277778,7.279722222,,,,,,,,,
2022-10-30 11:00:00,13,0,8.63,46.05,6.37,97.82,1.78,8.59,24.87,7.0,35.0,54.0,2.1,4.6,1029.0,2.9,1029.0,1002.5,1.0,1010.8,315.068,1010.8,144.7225,0.0,10.1,10.8,9.9,70.0,6.493055556,7.161944444,,,,,,,,,
2022-10-30 12:00:00,13,0,8.64,46.05,6.35,97.9,1.77,8.58,24.84,7.0,30.0,30.0,2.9,5.1,1159.0,2.9,1200.0,1002.2,1.2,1010.5,357.4808,1010.5,40.13273,0.0,10.0,10.2,10.0,68.0,6.487222222,7.043333333,,,,,,,,,
2022-10-30 13:00:00,13,1,8.65,46.04,6.34,97.91,1.78,8.59,24.88,8.0,29.0,31.0,2.1,4.7,1201.0,3.1,1201.0,1001.6,1.4,1009.9,370.4467,1009.8,21.80907,0.1,10.0,10.1,9.6,69.0,6.484444444,6.981388889,,,,,,,,,
2022-10-30 14:00:00,13,0,8.66,46.04,6.32,97.92,1.78,8.61,24.92,8.0,23.0,28.0,1.9,5.1,1303.0,2.2,1311.0,1001.0,1.5,1009.3,367.9847,1009.2,18.88146,0.0,10.7,10.7,10.0,67.0,6.48,6.898333333,,,,,,,,,
2022-10-30 15:00:00,13,0,8.67,46.03,6.36,97.87,1.76,8.61,24.92,6.0,24.0,28.0,1.9,4.8,1456.0,2.4,1439.0,1000.8,1.4,1009.1,373.3974,1009.0,15.92523,0.0,11.3,11.3,10.7,62.0,6.484444444,6.853055556,,,,,,,,,
2022-10-30 16:00:00,13,0,8.68,46.01,6.36,97.91,1.79,8.61,24.92,6.0,0.0,25.0,1.2,4.3,1518.0,2.3,1520.0,1000.6,1.0,1008.9,326.099,1008.8,-6.190993,0.0,10.2,11.3,9.8,73.0,6.479444444,6.801666667,,,,,,,,,
2022-10-30 17:00:00,13,0,8.7,46.02,6.37,98.01,1.79,8.57,24.79,8.0,16.0,17.0,1.5,4.4,1632.0,2.0,1632.0,1000.2,0.8,1008.5,336.6098,1008.4,-10.81001,0.0,10.6,10.9,10.0,73.0,6.481666667,6.8,,,,,,,,,
2022-10-30 18:00:00,13,0,8.7,46.01,6.36,97.94,1.8,8.62,24.96,7.0,9.0,9.0,1.8,3.7,1755.0,1.8,1800.0,1000.0,0.8,1008.3,325.576,1008.2,-11.20707,0.0,11.0,11.0,9.8,71.0,6.481944444,6.781666667,,,,,,,,,
2022-10-30 19:00:00,13,0,8.69,46.01,6.36,97.97,1.81,8.58,24.85,5.0,355.0,25.0,1.1,3.9,1849.0,2.1,1851.0,1000.0,0.5,1008.3,343.279,1008.2,-10.92407,0.0,10.7,11.5,10.7,75.0,6.485277778,6.741388889,,,,,,,,,
2022-10-30 20:00:00,13,0,8.68,46.02,6.36,97.9,1.79,8.6,24.89,5.0,320.0,316.0,0.4,2.9,1907.0,1.3,1948.0,1000.1,0.1,1008.4,357.3415,1008.3,-10.11128,0.0,10.5,11.3,10.5,81.0,6.496388889,6.715555556,,,,,,,,,
2022-10-30 21:00:00,13,0,8.67,46.02,6.36,97.91,1.74,8.6,24.9,4.0,302.0,302.0,0.7,1.4,2033.0,0.7,2100.0,1000.1,0.1,1008.4,352.6339,1008.3,-10.09838,0.0,10.4,10.8,10.4,84.0,6.508611111,6.745,,,,,,,,,
2022-10-30 22:00:00,13,0,8.67,46.02,6.36,97.86,1.78,8.59,24.88,8.0,358.0,295.0,0.7,1.5,2118.0,0.9,2157.0,999.4,0.7,1007.7,353.4349,1007.6,-9.828875,0.0,10.2,10.6,10.0,87.0,6.552777778,6.942222222,,,,,,,,,
2022-10-30 23:00:00,13,0,8.67,46.02,6.36,97.85,1.75,8.57,24.79,8.0,324.0,10.0,0.2,4.0,2229.0,1.6,2244.0,998.7,1.4,1007.0,353.7175,1006.9,-10.2272,0.0,10.9,12.0,10.0,77.0,6.570833333,6.844444444,,,,,,,,,
2022-10-31 00:00:00,13,0,8.67,46.01,6.36,97.83,1.81,8.59,24.87,5.0,341.0,226.0,0.8,2.3,2329.0,1.2,2336.0,999.0,1.2,1007.3,359.9048,1007.2,-9.832546,0.0,10.9,11.4,10.5,82.0,6.575555556,6.875277778,,,,,,,,,
2022-10-31 01:00:00,13,1,8.67,46.02,6.34,97.82,1.8,8.59,24.88,5.0,304.0,306.0,0.9,1.9,36.0,1.0,58.0,999.4,0.0,1007.7,379.9009,1007.6,-9.083373,1.0,10.1,11.1,10.0,92.0,6.576111111,6.890277778,,,,,,,,,
2022-10-31 02:00:00,13,0,8.67,46.03,6.32,97.82,1.79,8.6,24.88,3.0,50.0,251.0,0.8,1.7,114.0,1.0,116.0,999.7,1.0,1008.0,382.975,1007.9,-7.567134,1.6,9.4,10.1,9.4,95.0,6.565833333,6.942222222,,,,,,,,,
2022-10-31 03:00:00,13,0,8.66,46.01,6.34,97.81,1.8,8.61,24.93,0.0,265.0,68.0,0.5,2.0,224.0,1.0,232.0,999.6,0.6,1007.9,382.9394,1007.8,-7.775768,0.4,9.3,9.9,9.3,96.0,6.53,7.089722222,,,,,,,,,
2022-10-31 04:00:00,13,0,8.66,46.01,6.35,97.83,1.75,8.61,24.92,8.0,13.0,15.0,2.2,3.9,400.0,2.3,358.0,999.2,0.2,1007.5,380.5066,1007.4,-10.12366,0.2,9.8,9.8,9.3,93.0,6.500833333,7.138611111,,,,,,,,,
2022-10-31 05:00:00,13,0,8.65,46.0,6.36,97.77,1.79,8.61,24.93,8.0,9.0,17.0,2.2,4.9,421.0,2.8,425.0,998.8,0.9,1007.1,338.4615,1007.0,-12.19483,0.0,10.1,10.3,9.8,88.0,6.497777778,7.127777778,,,,,,,,,
2022-10-31 06:00:00,13,0,8.64,45.97,6.36,97.84,1.8,8.63,24.99,7.0,25.0,29.0,2.2,4.8,546.0,2.5,554.0,998.6,1.0,1006.9,325.6939,1006.7,-9.530599,0.0,11.0,11.0,10.0,79.0,6.495277778,7.138333333,,,,,,,,,
2022-10-31 07:00:00,13,0,8.62,45.96,6.36,97.81,1.76,8.63,24.98,5.0,311.0,9.0,0.6,3.7,602.0,2.0,605.0,999.2,0.1,1007.5,374.7517,1007.4,-8.335031,0.5,9.9,11.0,9.9,93.0,6.4725,7.114166667,,,,,,,,,
2022-10-31 08:00:00,13,0,8.61,45.97,6.36,97.75,1.74,8.62,24.96,3.0,329.0,312.0,0.5,1.9,722.0,0.7,749.0,999.8,1.0,1008.1,384.8335,1008.0,6.766897,0.2,9.9,9.9,9.7,95.0,6.499444444,6.928055556,,,,,,,,,
2022-10-31 09:00:00,13,0,8.6,45.98,6.35,97.79,1.78,8.64,25.03,2.0,282.0,301.0,0.7,2.4,813.0,1.2,818.0,1000.6,2.0,1008.9,383.5151,1008.8,4.13435,1.1,9.7,10.0,9.7,95.0,6.5,6.904444444,,,,,,,,,
2022-10-31 10:00:00,13,0,8.61,45.97,6.35,97.81,1.76,8.64,25.02,1.0,263.0,336.0,0.4,1.5,922.0,1.1,926.0,1000.9,1.6,1009.2,385.3286,1009.1,31.18421,0.1,10.1,10.4,9.6,95.0,6.5,6.905277778,,,,,,,,,
2022-10-31 11:00:00,13,0,8.65,45.98,6.37,97.79,1.75,8.61,24.92,1.0,286.0,315.0,0.5,1.2,1013.0,0.7,1011.0,1001.2,1.5,1009.5,367.1753,1009.5,47.18365,0.0,10.7,10.9,10.0,95.0,6.5,6.838888889,,,,,,,,,
2022-10-31 12:00:00,13,0,8.66,45.98,6.37,97.84,1.77,8.61,24.94,2.0,356.0,49.0,0.6,2.3,1119.0,0.8,1128.0,1001.6,1.0,1009.9,366.721,1009.8,50.66872,0.0,11.1,11.2,10.6,93.0,6.5,6.810833333,0.0,66.0,,,,,,,
2022-10-31 13:00:00,13,1,8.66,45.99,6.35,97.82,1.78,8.63,25.0,2.0,346.0,347.0,0.5,1.9,1249.0,0.7,1205.0,1001.7,1.0,1010.0,362.2351,1009.9,64.04018,0.0,11.4,12.3,10.9,93.0,6.5,6.801111111,,,,,,,,,
2022-10-31 14:00:00,13,0,8.67,46.0,6.33,97.79,1.78,8.65,25.06,2.0,319.0,343.0,0.7,1.6,1358.0,0.8,1323.0,1001.9,0.7,1010.2,358.367,1010.1,29.68591,0.0,11.2,11.5,11.2,90.0,6.5,6.8,,,,,,,,,
2022-10-31 15:00:00,13,0,8.67,45.99,6.34,97.76,1.78,8.64,25.01,2.0,345.0,306.0,0.8,2.3,1420.0,1.2,1427.0,1002.2,0.7,1010.5,353.1967,1010.4,6.941669,0.0,10.8,11.5,10.7,88.0,6.5,6.8,,,,,,,,,
2022-10-31 16:00:00,13,0,8.68,45.99,6.35,97.82,1.81,8.64,25.02,2.0,302.0,305.0,0.9,1.8,1556.0,1.0,1559.0,1002.2,0.3,1010.5,327.3197,1010.5,-6.423589,0.0,10.8,11.1,10.6,83.0,6.5,6.8,,,,,,,,,
2022-10-31 17:00:00,13,0,8.68,45.98,6.36,97.84,1.77,8.63,24.99,0.0,253.0,259.0,1.5,7.5,1643.0,1.6,1659.0,1002.2,0.2,1010.5,302.5514,1010.4,-10.3857,0.0,11.6,11.9,10.4,75.0,6.5,6.800833333,,,,,,,,,
2022-10-31 18:00:00,13,0,8.69,45.97,6.39,97.78,1.75,8.64,25.03,2.0,308.0,271.0,0.9,2.7,1707.0,1.5,1703.0,1002.2,0.1,1010.5,303.367,1010.5,-11.21807,0.0,10.4,11.6,9.9,78.0,6.5,6.805277778,,,,,,,,,
2022-10-31 19:00:00,13,0,8.7,45.96,6.36,97.83,1.77,8.65,25.04,2.0,10.0,310.0,1.4,3.6,1854.0,1.8,1834.0,1002.3,0.2,1010.6,308.0624,1010.5,-11.08819,0.0,10.3,11.2,9.8,77.0,6.5,6.821944444,,,,,,,,,
2022-10-31 20:00:00,13,0,8.68,45.96,6.36,97.81,1.79,8.61,24.91,0.0,257.0,285.0,1.4,6.8,1947.0,1.8,1947.0,1002.2,0.0,1010.5,308.9065,1010.5,-10.97857,0.0,12.7,12.7,9.8,62.0,6.5,6.858888889,,,,,,,,,
2022-10-31 21:00:00,13,0,8.68,45.96,6.36,97.76,1.79,8.65,25.06,0.0,313.0,320.0,0.8,5.1,2007.0,1.3,2051.0,1002.2,0.1,1010.5,314.5102,1010.4,-11.46675,0.0,11.1,12.7,11.1,71.0,6.5,6.901388889,,,,,,,,,
2022-10-31 22:00:00,13,0,8.67,45.97,6.36,97.73,1.79,8.66,25.07,7.0,328.0,308.0,0.8,4.9,2118.0,1.8,2124.0,1001.9,0.3,1010.2,314.5219,1010.1,-11.31207,0.0,11.1,12.5,10.4,71.0,6.5,6.946111111,,,,,,,,,
2022-10-31 23:00:00,13,0,8.66,45.98,6.36,97.77,1.77,8.64,25.01,8.0,255.0,255.0,2.3,5.4,2256.0,2.3,2300.0,1001.4,0.6,1009.6,313.8695,1009.7,-11.19851,0.0,14.0,14.0,10.3,53.0,6.5,6.993333333,,,,,,,,,
2022-11-01 00:00:00,13,0,8.65,45.97,6.36,97.73,1.78,8.65,25.05,7.0,294.0,250.0,0.9,6.3,2316.0,2.5,2303.0,1001.2,1.0,1009.4,319.7645,1009.4,-11.61567,0.0,12.8,14.4,12.3,56.0,6.5,6.998055556,,,,,,,,,
2022-11-01 01:00:00,13,1,8.64,45.98,6.36,97.72,1.77,8.66,25.08,6.0,243.0,258.0,1.4,5.2,50.0,1.8,56.0,1001.2,0.8,1009.4,307.7506,1009.4,-11.86174,0.0,12.8,13.0,11.9,56.0,6.5,6.933055556,,,,,,,,,
2022-11-01 02:00:00,13,0,8.63,45.99,6.35,97.71,1.76,8.67,25.1,5.0,340.0,280.0,1.0,5.4,128.0,1.9,155.0,1001.1,0.3,1009.4,304.5325,1009.3,-11.8434,0.0,10.7,13.0,10.0,67.0,6.5,6.900277778,,,,,,,,,
2022-11-01 03:00:00,13,0,8.63,45.98,6.35,97.7,1.77,8.65,25.04,7.0,326.0,40.0,0.6,2.9,245.0,1.2,250.0,1001.0,0.2,1009.3,314.9864,1009.2,-11.35581,0.0,11.0,12.0,10.4,66.0,6.5,6.889444444,,,,,,,,,
2022-11-01 04:00:00,13,0,8.62,45.99,6.36,97.7,1.79,8.65,25.06,7.0,308.0,312.0,0.7,3.2,344.0,1.2,352.0,1000.7,0.5,1009.0,313.9048,1008.9,-11.32183,0.0,10.2,11.0,9.8,70.0,6.5,6.868333333,,,,,,,,,
2022-11-01 05:00:00,13,0,8.61,46.0,6.36,97.67,1.78,8.64,25.01,8.0,2.0,2.0,1.3,2.7,451.0,1.3,500.0,1000.1,1.0,1008.4,305.8692,1008.3,-11.44036,0.0,10.5,10.5,9.5,64.0,6.5,6.821666667,,,,,,,,,
2022-11-01 06:00:00,13,0,8.59,46.0,6.36,97.7,1.77,8.65,25.06,8.0,23.0,23.0,2.6,5.0,556.0,2.6,600.0,999.5,1.5,1007.8,321.6548,1007.7,-11.50278,0.0,11.9,11.9,10.5,57.0,6.5,6.815833333,,,,,,,,,
2022-11-01 07:00:00,13,0,8.59,46.01,6.36,97.72,1.75,8.65,25.05,6.0,25.0,26.0,2.9,5.3,655.0,3.1,658.0,999.3,1.3,1007.6,308.9844,1007.5,-10.33237,0.0,11.8,12.0,11.7,57.0,6.5,6.814722222,,,,,,,,,
2022-11-01 08:00:00,13,0,8.58,46.01,6.36,97.73,1.79,8.65,25.04,8.0,28.0,37.0,3.1,6.6,754.0,3.5,749.0,998.4,1.7,1006.6,303.662,1006.6,5.171974,0.0,11.9,12.0,11.5,55.0,6.5,6.823333333,,,,,,,,,
2022-11-01 09:00:00,13,0,8.58,46.0,6.38,97.73,1.77,8.65,25.04,8.0,27.0,39.0,2.9,5.7,854.0,3.2,851.0,997.2,2.2,1005.5,291.8214,1005.4,23.64174,0.0,11.5,11.9,11.4,55.0,6.5,6.830277778,,,,,,,,,
2022-11-01 10:00:00,13,0,8.57,46.02,6.35,97.73,1.73,8.66,25.07,6.0,46.0,40.0,2.8,5.7,928.0,3.5,936.0,996.2,3.0,1004.4,292.8519,1004.4,103.082,0.0,13.1,13.4,11.5,50.0,6.5,6.808333333,,,,,,,,,
2022-11-01 11:00:00,13,0,8.59,46.01,6.35,97.75,1.78,8.63,24.99,8.0,32.0,26.0,2.6,6.1,1038.0,3.7,1038.0,994.7,3.8,1002.9,301.5698,1002.9,88.59303,0.0,12.7,13.1,12.4,50.0,6.5,6.803333333,,,,,,,,,
2022-11-01 12:00:00,13,0,8.6,45.99,6.35,97.77,1.79,8.64,25.02,8.0,26.0,26.0,3.2,7.3,1150.0,3.7,1145.0,993.3,3.9,1001.5,342.3195,1001.4,26.19305,0.0,13.2,13.2,12.7,46.0,6.5,6.809722222,,,,,,,,,
2022-11-01 13:00:00,13,1,8.59,46.0,6.33,97.76,1.78,8.64,25.02,6.0,16.0,15.0,2.7,6.7,1206.0,3.4,1226.0,992.2,4.1,1000.4,354.6643,1000.3,16.15596,0.0,13.5,13.5,13.1,45.0,6.5,6.815277778,,,,,,,,,
2022-11-01 14:00:00,13,0,8.59,46.02,6.31,97.76,1.76,8.64,25.03,6.0,39.0,37.0,3.8,7.9,1345.0,4.1,1357.0,990.9,3.8,999.0,350.8801,999.1,7.720165,0.0,14.0,14.2,13.3,45.0,6.5,6.818888889,,,,,,,,,
2022-11-01 15:00:00,13,0,8.57,46.03,6.33,97.79,1.78,8.63,24.99,8.0,65.0,65.0,4.1,7.3,1457.0,4.1,1500.0,989.3,3.8,997.4,355.0344,997.4,2.015384,0.0,14.5,14.5,13.8,46.0,6.5,6.827777778,,,,,,,,,
2022-11-01 16:00:00,13,0,8.57,46.03,6.35,97.8,1.74,8.63,24.97,7.0,61.0,70.0,3.7,8.6,1530.0,4.8,1536.0,988.1,4.1,996.2,365.8286,996.2,-8.742206,0.0,15.1,15.1,14.5,46.0,6.5,6.864166667,,,,,,,,,
2022-11-01 17:00:00,13,0,8.57,46.03,6.34,97.82,1.8,8.64,25.02,6.0,58.0,72.0,3.3,8.1,1624.0,4.0,1614.0,987.1,3.7,995.2,358.38,995.2,-10.48127,0.0,14.9,15.3,14.9,47.0,6.5,6.899444444,,,,,,,,,
2022-11-01 18:00:00,13,0,8.56,46.04,6.31,97.83,1.78,8.64,25.03,6.0,54.0,45.0,4.1,9.2,1748.0,4.7,1739.0,986.2,3.4,994.3,325.9718,994.2,-11.67408,0.0,14.4,14.9,14.4,49.0,6.5,6.903888889,,,,,,,,,
2022-11-01 19:00:00,13,0,8.55,46.04,6.33,97.81,1.8,8.65,25.05,7.0,34.0,55.0,2.8,6.6,1830.0,4.1,1801.0,985.1,3.0,993.2,298.9084,993.1,-12.60777,0.0,13.9,14.4,13.6,49.0,6.501388889,6.904166667,,,,,,,,,
2022-11-01 20:00:00,13,0,8.56,46.04,6.34,97.79,1.78,8.65,25.05,6.0,44.0,38.0,2.6,5.1,1916.0,2.9,1944.0,984.8,2.5,992.8,339.2791,992.9,-11.614,0.0,15.2,15.2,13.9,44.0,6.59,6.934166667,,,,,,,,,
2022-11-01 21:00:00,13,0,8.55,46.04,6.35,97.81,1.77,8.64,25.01,5.0,195.0,198.0,5.8,11.8,2047.0,6.4,2055.0,986.1,0.4,994.1,367.9144,994.2,-10.34576,0.0,16.4,16.7,13.9,42.0,6.559722222,7.083888889,,,,,,,,,
2022-11-01 22:00:00,13,0,8.56,46.06,6.34,97.79,1.78,8.59,24.88,3.0,212.0,195.0,4.4,10.7,2116.0,5.5,2101.0,987.2,1.9,995.2,361.7102,995.3,-10.63939,0.0,15.7,16.5,15.6,48.0,6.500833333,7.056944444,,,,,,,,,
2022-11-01 23:00:00,13,0,8.55,46.04,6.35,97.81,1.78,8.66,25.08,1.0,212.0,172.0,3.0,10.6,2239.0,4.9,2246.0,988.0,3.2,996.1,353.5219,996.1,-10.38333,0.0,14.4,15.7,14.3,55.0,6.5,6.997777778,,,,,,,,,
2022-11-02 00:00:00,13,0,8.55,46.05,6.29,97.84,1.75,8.66,25.07,1.0,222.0,215.0,2.0,7.9,2307.0,3.6,2314.0,988.7,2.8,996.8,354.1347,996.8,-11.58262,0.0,14.1,14.6,13.9,53.0,6.5,7.003611111,,,,,,,,,
2022-11-02 01:00:00,13,1,8.55,46.06,6.3,97.82,1.76,8.66,25.1,1.0,202.0,162.0,2.4,7.9,40.0,3.6,45.0,989.6,2.4,997.7,329.5191,997.7,-12.66802,0.0,13.4,14.2,13.2,54.0,6.5,7.053055556,,,,,,,,,
2022-11-02 02:00:00,13,0,8.55,46.06,6.3,97.79,1.77,8.67,25.12,2.0,247.0,168.0,1.7,9.6,111.0,3.0,113.0,990.1,2.1,998.2,309.9902,998.2,-12.02704,0.0,13.4,13.6,13.1,50.0,6.5,7.112777778,,,,,,,,,
2022-11-02 03:00:00,13,0,8.55,46.05,6.31,97.81,1.79,8.65,25.06,1.0,251.0,276.0,2.0,6.6,229.0,2.9,236.0,990.0,1.3,998.2,349.5207,998.1,-10.49673,0.0,12.8,13.5,12.7,54.0,6.5,7.101944444,,,,,,,,,
2022-11-02 04:00:00,13,0,8.54,46.05,6.34,97.83,1.78,8.64,25.02,1.0,251.0,256.0,1.5,4.6,312.0,2.4,308.0,990.4,0.8,998.6,348.4908,998.5,-10.35494,0.0,12.8,13.2,12.8,55.0,6.5,7.099722222,,,,,,,,,
2022-11-02 05:00:00,13,0,8.54,46.05,6.35,97.82,1.77,8.65,25.05,3.0,254.0,266.0,1.7,5.1,430.0,2.6,437.0,990.7,0.6,998.9,327.5498,998.8,-11.12036,0.0,12.1,12.8,12.1,57.0,6.5,7.061388889,,,,,,,,,
2022-11-02 06:00:00,13,0,8.54,46.05,6.35,97.82,1.78,8.64,25.01,1.0,345.0,257.0,0.3,3.7,502.0,1.9,504.0,990.9,0.9,999.1,339.2926,999.1,-10.87684,0.0,11.2,12.2,11.2,60.0,6.5,7.003888889,,,,,,,,,
2022-11-02 07:00:00,13,0,8.54,46.03,6.35,97.81,1.8,8.67,25.12,3.0,353.0,353.0,1.0,2.0,655.0,1.0,700.0,991.6,1.1,999.8,360.0148,999.8,-10.948,0.1,10.4,11.3,10.1,72.0,6.499722222,6.963055556,,,,,,,,,
2022-11-02 08:00:00,13,0,8.55,46.04,6.36,97.83,1.78,8.66,25.09,3.0,288.0,10.0,0.7,3.7,740.0,1.9,745.0,992.3,1.6,1000.6,376.5114,1000.4,-3.943471,0.4,9.1,10.4,9.1,88.0,6.499444444,6.911666667,,,,,,,,,
2022-11-02 09:00:00,13,0,8.55,46.03,6.36,97.82,1.8,8.67,25.11,1.0,286.0,274.0,0.4,1.3,857.0,0.7,803.0,992.5,1.6,1000.8,383.6277,1000.7,47.96458,0.0,9.5,9.6,9.1,89.0,6.499444444,6.803888889,,,,,,,,,
2022-11-02 10:00:00,13,0,8.56,46.03,6.36,97.82,1.79,8.67,25.11,1.0,305.0,291.0,0.2,0.7,906.0,0.4,910.0,992.8,1.2,1001.1,353.4491,1001.0,72.15702,0.0,10.0,10.2,9.5,88.0,6.498888889,6.7625,,,,,,,,,
2022-11-02 11:00:00,13,0,8.56,46.03,6.36,97.83,1.78,8.67,25.1,2.0,223.0,257.0,0.5,1.2,1058.0,0.6,1029.0,993.1,0.8,1001.4,347.3868,1001.3,74.54327,0.0,10.1,10.7,9.8,83.0,6.498888889,6.728888889,,,,,,,,,
2023-04-14 11:00:00,14,0,3.05,45.72,6.47,95.35,2.26,12.64,31.63,2.0,112.0,85.0,2.1,5.8,1036.0,2.6,1041.0,1002.7,2.3,1010.9,307.8773,1011.0,537.2713,0.0,15.5,15.8,14.7,30.0,6.404722222,3.1,,,,,,,,,
2023-04-14 12:00:00,14,0,3.02,45.72,6.42,95.01,2.15,12.68,31.72,1.0,147.0,153.0,2.1,4.9,1155.0,2.4,1147.0,1003.3,2.1,1011.5,317.2406,1011.5,498.3664,0.0,15.2,15.8,14.7,26.0,6.404444444,3.1,,,,,,,,,
2023-04-14 13:00:00,14,1,3.0,45.73,6.42,95.06,2.14,12.7,31.78,2.0,156.0,204.0,2.2,6.6,1300.0,3.3,1218.0,1004.0,1.8,1012.2,315.2645,1012.2,558.5477,0.0,15.7,16.4,15.2,26.0,6.401388889,3.1,,,,,,,,,
2023-04-14 14:00:00,14,0,2.98,45.74,6.42,95.12,2.13,12.73,31.85,2.0,212.0,189.0,2.7,6.5,1335.0,3.4,1309.0,1004.6,1.8,1012.9,316.5181,1012.9,504.332,0.0,13.1,16.0,13.1,49.0,6.402222222,3.1,,,,,,,,,
2023-04-14 15:00:00,14,0,2.99,45.74,6.41,95.25,2.11,12.72,31.83,2.0,222.0,210.0,2.4,7.0,1456.0,3.0,1446.0,1005.5,2.2,1013.9,311.8007,1013.8,287.9125,0.0,10.4,13.1,10.4,62.0,6.403888889,3.1,,,,,,,,,
2023-04-14 16:00:00,14,0,3.05,45.73,6.42,95.51,2.1,12.66,31.66,2.0,229.0,209.0,2.0,4.9,1504.0,2.9,1512.0,1006.2,2.2,1014.6,303.0354,1014.5,259.0266,0.0,10.3,10.8,10.3,59.0,6.403055556,3.1,,,,,,,,,
2023-04-14 17:00:00,14,0,3.02,45.72,6.41,95.55,2.08,12.69,31.74,2.0,227.0,229.0,1.1,4.2,1647.0,1.8,1601.0,1007.2,2.5,1015.6,297.3583,1015.5,138.3127,0.0,9.0,10.4,9.0,64.0,6.404444444,3.1,,,,,,,,,
2023-04-14 18:00:00,14,0,3.04,45.73,6.41,95.68,2.11,12.64,31.63,2.0,28.0,198.0,0.2,3.3,1702.0,1.6,1710.0,1007.8,2.3,1016.2,303.2937,1016.1,60.72358,0.0,8.0,9.0,8.0,69.0,6.419166667,3.1,,,,,,,,,
2023-04-14 19:00:00,14,0,3.01,45.74,6.41,95.67,2.11,12.69,31.74,1.0,28.0,64.0,0.7,2.5,1900.0,1.0,1829.0,1008.4,2.1,1016.9,308.5837,1016.6,3.795025,0.0,7.2,8.0,7.2,74.0,6.435833333,3.092222222,,,,,,,,,
2023-04-14 20:00:00,14,0,3.0,45.73,6.41,95.75,2.11,12.72,31.83,1.0,4.0,11.0,0.5,2.7,1911.0,1.2,1914.0,1008.5,1.4,1017.0,316.6642,1016.8,-10.90731,0.0,7.0,7.3,7.0,74.0,6.425555556,3.0825,,,,,,,,,
2023-04-14 21:00:00,14,0,3.0,45.73,6.41,95.87,2.07,12.72,31.83,2.0,266.0,229.0,0.5,1.5,2002.0,0.7,2041.0,1008.9,1.1,1017.4,321.6376,1017.2,-10.35483,0.0,6.4,7.0,6.0,78.0,6.415277778,3.074166667,,,,,,,,,
2023-04-14 22:00:00,14,0,3.01,45.73,6.42,95.98,2.08,12.7,31.79,2.0,65.0,75.0,0.5,1.4,2158.0,0.6,2159.0,1009.2,0.9,1017.7,325.959,1017.5,-10.63043,0.0,5.9,6.9,5.9,78.0,6.421388889,3.068333333,,,,,,,,,
2023-04-14 23:00:00,14,0,2.99,45.72,6.42,96.06,2.09,12.72,31.83,2.0,13.0,31.0,0.4,4.1,2238.0,1.1,2242.0,1009.6,1.2,1018.1,326.2386,1017.9,-10.01892,0.0,6.9,7.3,5.9,72.0,6.424444444,3.082777778,,,,,,,,,
2023-04-15 00:00:00,14,0,3.0,45.74,6.42,96.16,2.06,12.68,31.73,2.0,211.0,33.0,0.5,3.1,2308.0,1.4,2328.0,1009.8,0.9,1018.3,326.5007,1018.1,-10.82131,0.0,6.6,7.5,6.5,71.0,6.426944444,3.086388889,,,,,,,,,
2023-04-15 01:00:00,14,1,3.0,45.74,6.42,96.26,2.06,12.7,31.76,2.0,238.0,23.0,0.8,2.7,18.0,1.3,25.0,1009.9,0.8,1018.4,331.1999,1018.2,-10.57553,0.0,6.9,7.8,6.6,65.0,6.43,3.092777778,,,,,,,,,
2023-04-15 02:00:00,14,0,3.0,45.74,6.42,96.35,2.07,12.71,31.8,2.0,11.0,55.0,0.7,2.7,159.0,0.8,145.0,1010.1,0.5,1018.6,333.8659,1018.4,-10.34077,0.0,7.1,7.2,6.2,61.0,6.427777778,3.099722222,,,,,,,,,
2023-04-15 03:00:00,14,0,2.99,45.73,6.43,96.36,2.13,12.73,31.86,3.0,256.0,32.0,0.6,3.0,225.0,1.5,209.0,1010.6,0.8,1019.1,332.2057,1018.9,-10.22368,0.0,6.1,7.9,6.0,70.0,6.418888889,3.1,,,,,,,,,
2023-04-15 04:00:00,14,0,2.98,45.73,6.43,96.44,2.07,12.75,31.91,2.0,357.0,356.0,0.8,1.6,358.0,0.9,359.0,1010.9,0.9,1019.4,316.1237,1019.2,-10.49084,0.0,7.0,7.0,5.9,63.0,6.415555556,3.1,,,,,,,,,
2023-04-15 05:00:00,14,0,2.95,45.73,6.42,96.41,2.1,12.77,31.94,3.0,28.0,270.0,0.2,3.6,402.0,1.4,406.0,1011.7,1.5,1020.3,298.9098,1020.0,-3.634365,0.0,5.0,7.0,5.0,74.0,6.413888889,3.1,,,,,,,,,
2023-04-15 06:00:00,14,0,2.96,45.74,6.42,96.51,2.08,12.75,31.91,3.0,289.0,28.0,0.2,0.9,536.0,0.5,526.0,1012.2,1.6,1020.7,296.7685,1020.6,43.05587,0.0,6.2,6.2,4.9,75.0,6.406111111,3.1,,,,,,,,,
2023-04-15 07:00:00,14,0,2.96,45.74,6.42,96.56,2.06,12.76,31.92,2.0,193.0,193.0,0.8,1.5,657.0,0.8,700.0,1012.8,2.0,1021.3,293.689,1021.2,114.3548,0.0,7.8,7.8,6.2,70.0,6.401111111,3.106388889,,,,,,,,,
2023-04-15 08:00:00,14,0,2.96,45.74,6.43,96.63,2.1,12.73,31.86,1.0,164.0,196.0,0.8,2.1,706.0,1.1,714.0,1013.1,1.5,1021.5,290.345,1021.4,219.9976,0.0,9.6,9.6,7.8,64.0,6.4075,3.13,,,,,,,,,
2023-04-15 09:00:00,14,0,2.97,45.74,6.43,96.73,2.07,12.75,31.91,1.0,200.0,200.0,1.6,3.0,855.0,1.7,858.0,1013.5,1.3,1021.9,301.5579,1021.8,433.3315,0.0,10.3,10.5,9.6,59.0,6.415,3.137777778,,,,,,,,,
2023-04-15 10:00:00,14,0,2.99,45.74,6.43,96.83,2.03,12.71,31.79,2.0,148.0,168.0,1.4,2.9,1000.0,1.6,916.0,1013.5,0.7,1021.9,301.8553,1021.8,407.4226,0.0,10.9,11.1,10.3,55.0,6.411666667,3.146111111,,,,,,,,,
2023-04-15 11:00:00,14,0,3.01,45.75,6.42,96.97,2.01,12.69,31.75,1.0,152.0,152.0,1.4,3.3,1016.0,1.9,1024.0,1013.5,0.4,1021.9,306.4271,1021.9,556.9322,0.0,12.3,12.3,10.9,46.0,6.405555556,3.135833333,,,,,,,,,
2023-04-15 12:00:00,14,0,3.05,45.72,6.41,97.03,2.03,12.65,31.65,2.0,133.0,105.0,1.9,4.4,1138.0,2.5,1147.0,1013.7,0.2,1022.1,324.1048,1022.0,408.665,0.0,11.9,12.9,11.6,41.0,6.403055556,3.160277778,,,,,,,,,
2023-04-15 13:00:00,14,1,3.07,45.72,6.42,97.16,2.01,12.63,31.6,2.0,162.0,129.0,1.6,6.5,1230.0,2.8,1233.0,1013.8,0.2,1022.2,331.1472,1022.1,403.7971,0.0,11.8,13.3,11.7,50.0,6.406388889,3.158333333,,,,,,,,,
2023-04-15 14:00:00,14,0,3.1,45.71,6.43,97.3,1.99,12.61,31.54,2.0,275.0,144.0,1.1,5.1,1356.0,1.7,1311.0,1014.0,0.5,1022.4,346.0208,1022.4,212.5306,0.0,10.6,11.8,10.6,58.0,6.413611111,3.179722222,,,,,,,,,
2023-04-15 15:00:00,14,0,3.06,45.71,6.42,97.26,1.98,12.71,31.81,3.0,256.0,175.0,1.1,3.4,1415.0,1.5,1441.0,1014.5,0.8,1022.9,348.0561,1022.8,161.1875,0.0,10.4,10.8,10.4,58.0,6.42,3.187222222,,,,,,,,,
2023-04-15 16:00:00,14,0,3.07,45.73,6.42,97.35,1.95,12.65,31.65,2.0,205.0,200.0,0.9,2.8,1512.0,1.5,1528.0,1014.8,1.0,1023.2,354.0703,1023.2,124.9945,0.0,10.2,10.5,10.0,59.0,6.414444444,3.194444444,,,,,,,,,
2023-04-15 17:00:00,14,0,3.1,45.72,6.43,97.46,1.96,12.66,31.67,2.0,209.0,196.0,0.6,2.1,1629.0,1.1,1612.0,1015.0,1.0,1023.4,348.7637,1023.4,86.82168,0.0,9.8,10.3,9.6,59.0,6.416111111,3.198611111,,,,,,,,,
2023-04-15 18:00:00,14,0,3.11,45.73,6.43,97.55,2.38,12.61,31.54,2.0,237.0,237.0,1.2,2.5,1800.0,1.2,1800.0,1015.4,0.9,1023.9,333.3067,1023.8,64.41675,0.0,8.9,9.8,8.9,71.0,6.412222222,3.199722222,,,,,,,,,
2023-04-15 19:00:00,14,0,3.08,45.73,6.43,97.52,1.93,12.65,31.64,2.0,335.0,229.0,0.5,2.6,1807.0,1.3,1808.0,1015.9,1.1,1024.4,288.607,1024.3,6.191844,0.0,6.7,8.9,6.7,75.0,6.410277778,3.2,,,,,,,,,
2023-04-15 20:00:00,14,0,3.04,45.72,6.43,97.46,1.96,12.73,31.84,2.0,301.0,331.0,0.5,1.1,1917.0,0.8,1918.0,1016.2,1.2,1024.8,297.2544,1024.6,-10.60775,0.0,5.8,6.7,5.8,81.0,6.425833333,3.198611111,,,,,,,,,
2023-04-15 21:00:00,14,0,3.05,45.72,6.43,97.51,1.94,12.7,31.78,1.0,321.0,312.0,0.3,1.3,2019.0,0.6,2028.0,1016.3,0.9,1024.9,300.518,1024.7,-10.96496,0.0,5.4,5.8,5.3,83.0,6.425277778,3.196666667,,,,,,,,,
2023-04-15 22:00:00,14,0,3.04,45.71,6.43,97.56,1.9,12.73,31.86,2.0,344.0,271.0,0.5,1.8,2110.0,0.6,2119.0,1016.6,0.7,1025.2,283.6641,1024.9,-11.4501,0.0,5.3,5.7,4.8,81.0,6.423055556,3.1975,,,,,,,,,
2023-04-15 23:00:00,14,0,3.04,45.73,6.43,97.58,1.96,12.7,31.78,3.0,325.0,346.0,0.4,1.4,2230.0,0.7,2235.0,1017.0,0.8,1025.6,273.422,1025.4,-11.76081,0.0,4.1,5.4,4.0,87.0,6.410555556,3.199722222,,,,,,,,,
2023-04-16 00:00:00,14,0,3.04,45.72,6.43,97.61,1.94,12.71,31.79,2.0,324.0,349.0,0.5,2.1,2344.0,1.0,2347.0,1017.1,0.8,1025.7,263.7116,1025.5,-11.83322,0.0,4.3,4.5,4.1,84.0,6.414444444,3.201666667,,,,,,,,,
2023-04-16 01:00:00,14,1,3.03,45.72,6.42,97.62,1.92,12.72,31.82,2.0,325.0,348.0,0.3,1.0,38.0,0.5,50.0,1017.4,0.8,1026.0,262.015,1025.7,-11.86764,0.0,4.0,4.4,4.0,85.0,6.409722222,3.236944444,,,,,,,,,
2023-04-16 02:00:00,14,0,3.03,45.73,6.42,97.64,1.91,12.72,31.84,2.0,311.0,3.0,0.3,1.8,111.0,0.8,133.0,1017.6,0.6,1026.3,261.2203,1026.0,-12.00919,0.0,3.6,4.3,3.6,86.0,6.408888889,3.245,,,,,,,,,
2023-04-16 03:00:00,14,0,3.03,45.73,6.42,97.69,1.91,12.7,31.78,2.0,331.0,16.0,0.2,1.8,233.0,1.0,237.0,1017.7,0.6,1026.4,259.6451,1026.1,-11.93191,0.0,3.2,3.9,3.2,87.0,6.406388889,3.243055556,,,,,,,,,
2023-04-16 04:00:00,14,0,3.03,45.74,6.42,97.7,1.92,12.68,31.71,2.0,345.0,337.0,0.1,1.0,311.0,0.5,313.0,1017.7,0.4,1026.4,258.5452,1026.1,-11.45635,0.0,2.8,3.5,2.8,88.0,6.409166667,3.238611111,,,,,,,,,
2023-04-16 05:00:00,14,0,3.03,45.75,6.42,97.72,1.87,12.69,31.75,3.0,315.0,21.0,0.2,1.9,425.0,0.5,433.0,1018.1,0.5,1026.8,257.6316,1026.5,5.359419,0.0,2.8,3.3,2.7,90.0,6.408333333,3.215833333,,,,,,,,,
2023-04-16 06:00:00,14,0,3.01,45.76,6.42,97.72,1.89,12.63,31.59,3.0,78.0,78.0,0.5,1.0,510.0,0.5,600.0,1018.2,0.5,1026.8,261.1759,1026.6,113.9473,0.0,4.9,4.9,2.8,83.0,6.404444444,3.2325,,,,,,,,,
2023-04-16 07:00:00,14,0,3.03,45.76,6.42,97.79,1.87,12.69,31.74,1.0,65.0,80.0,0.6,2.0,657.0,0.8,646.0,1018.3,0.6,1026.9,267.9625,1026.7,228.6361,0.0,7.2,7.2,4.4,74.0,6.404166667,3.231111111,,,,,,,,,
2023-04-16 08:00:00,14,0,3.03,45.73,6.42,97.87,1.89,12.7,31.78,2.0,90.0,103.0,1.0,2.3,747.0,1.3,751.0,1018.4,0.4,1026.9,275.2285,1026.8,353.6594,0.0,9.0,9.0,6.8,65.0,6.412222222,3.218055556,,,,,,,,,
2023-04-16 09:00:00,14,0,3.04,45.72,6.42,97.89,1.89,12.72,31.83,2.0,151.0,151.0,1.2,2.8,847.0,1.2,900.0,1018.7,0.4,1027.2,281.3779,1027.0,473.7077,0.0,9.8,9.9,8.8,57.0,6.407777778,3.234722222,,,,,,,,,
2023-04-16 10:00:00,14,0,3.05,45.73,6.42,97.93,1.84,12.71,31.79,2.0,104.0,104.0,1.6,3.2,937.0,1.6,1000.0,1018.6,0.3,1027.0,286.1283,1027.0,569.1684,0.0,11.2,11.3,9.8,51.0,6.4075,3.2525,,,,,,,,,
2023-04-16 11:00:00,14,0,3.1,45.73,6.43,98.13,1.83,12.53,31.35,0.0,120.0,108.0,1.8,3.9,1044.0,2.5,1046.0,1018.5,0.1,1026.9,289.9465,1026.9,657.7097,0.0,12.1,13.0,11.0,46.0,6.408611111,3.261111111,,,,,,,,,
2023-04-16 12:00:00,14,0,3.09,45.71,6.44,98.11,1.81,12.66,31.66,7.0,144.0,152.0,2.2,4.6,1136.0,2.3,1147.0,1018.5,0.2,1026.9,295.8766,1026.9,669.2145,0.0,13.0,13.4,12.1,43.0,6.402777778,3.292222222,,,,,,,,,
2023-04-16 13:00:00,14,1,3.12,45.72,6.43,98.22,1.81,12.64,31.6,3.0,177.0,124.0,1.8,4.1,1205.0,2.7,1211.0,1018.8,0.2,1027.2,293.5835,1027.2,631.6096,0.0,13.2,13.7,12.7,47.0,6.401388889,3.299722222,,,,,,,,,
2023-04-16 14:00:00,14,0,3.15,45.73,6.42,98.34,1.8,12.61,31.55,2.0,146.0,166.0,1.7,3.6,1331.0,2.1,1334.0,1019.0,0.5,1027.4,294.32,1027.4,567.467,0.0,12.7,13.6,12.4,49.0,6.414722222,3.3,,,,,,,,,
2023-04-16 15:00:00,14,0,3.18,45.71,6.43,98.45,1.81,12.56,31.42,2.0,178.0,167.0,1.7,4.1,1500.0,2.1,1447.0,1019.2,0.7,1027.6,294.736,1027.5,469.9835,0.0,12.7,13.3,12.3,49.0,6.415,3.300555556,,,,,,,,,
2023-04-16 16:00:00,14,0,3.18,45.7,6.44,98.45,1.81,12.58,31.48,2.0,148.0,154.0,1.0,4.3,1503.0,2.4,1505.0,1019.5,0.7,1027.9,292.7986,1027.9,371.6601,0.0,11.9,13.1,11.5,54.0,6.416388889,3.323611111,,,,,,,,,
2023-04-16 17:00:00,14,0,3.12,45.69,6.43,98.35,1.8,12.67,31.69,2.0,315.0,211.0,0.4,2.1,1628.0,1.4,1630.0,1019.8,0.8,1028.3,288.2064,1028.2,246.75,0.0,10.0,11.9,10.0,63.0,6.413333333,3.323888889,,,,,,,,,
2023-04-16 18:00:00,14,0,3.14,45.69,6.43,98.42,1.79,12.65,31.66,2.0,321.0,327.0,0.8,1.8,1753.0,0.9,1758.0,1020.0,0.8,1028.5,276.0966,1028.4,17.04634,0.0,8.6,10.0,8.6,67.0,6.408055556,3.320555556,,,,,,,,,
2023-04-16 19:00:00,14,0,3.14,45.7,6.43,98.43,1.79,12.65,31.66,2.0,339.0,325.0,0.5,1.7,1819.0,0.9,1827.0,1020.3,0.8,1028.9,272.7711,1028.7,-1.041122,0.0,7.6,8.6,7.6,71.0,6.409166667,3.312222222,,,,,,,,,
2023-04-16 20:00:00,14,0,3.13,45.7,6.43,98.42,1.77,12.64,31.62,2.0,327.0,327.0,0.5,1.0,1955.0,0.5,2000.0,1020.6,0.8,1029.2,270.5076,1029.0,-11.58451,0.0,6.8,7.6,6.8,72.0,6.410277778,3.306111111,,,,,,,,,
2023-04-16 21:00:00,14,0,3.12,45.69,6.43,98.46,1.76,12.65,31.64,0.0,47.0,47.0,0.6,1.9,2050.0,0.6,2100.0,1020.5,0.5,1029.1,268.0704,1028.9,-12.49627,0.0,5.9,6.8,5.9,80.0,6.408333333,3.301666667,,,,,,,,,
2023-04-16 22:00:00,14,0,3.12,45.7,6.43,98.45,1.82,12.67,31.7,3.0,226.0,23.0,0.3,3.7,2108.0,2.1,2117.0,1021.3,1.0,1029.9,263.6311,1029.7,-12.56166,0.0,5.1,7.6,5.1,74.0,6.404722222,3.3,,,,,,,,,
2023-04-16 23:00:00,14,0,3.1,45.71,6.43,98.39,1.78,12.69,31.76,3.0,247.0,247.0,1.1,2.5,2254.0,1.1,2300.0,1021.7,1.2,1030.4,258.7949,1030.2,-12.35209,0.0,4.3,5.5,4.3,73.0,6.401666667,3.300833333,,,,,,,,,
2023-04-17 00:00:00,14,0,3.12,45.7,6.43,98.5,1.79,12.68,31.71,2.0,338.0,293.0,0.2,2.3,2333.0,1.1,2302.0,1022.2,1.7,1030.9,258.3299,1030.6,-12.13918,0.0,4.4,5.6,4.2,69.0,6.402777778,3.303888889,,,,,,,,,
2023-04-17 01:00:00,14,1,3.11,45.7,6.42,98.5,1.78,12.68,31.72,0.0,19.0,9.0,0.7,1.8,17.0,0.9,27.0,1022.1,0.9,1030.8,257.5335,1030.6,-12.11514,0.0,4.6,5.3,4.4,65.0,6.401666667,3.328611111,,,,,,,,,
2023-04-17 02:00:00,14,0,3.1,45.71,6.42,98.51,1.77,12.69,31.74,2.0,11.0,11.0,0.9,2.6,108.0,1.4,152.0,1022.6,0.8,1031.3,257.4276,1031.0,-12.26159,0.0,5.2,5.2,4.6,62.0,6.407777778,3.343611111,,,,,,,,,
2023-04-17 03:00:00,14,0,3.12,45.71,6.42,98.57,1.81,12.68,31.73,3.0,19.0,19.0,1.7,3.9,253.0,1.7,300.0,1022.9,0.6,1031.5,257.7544,1031.3,-12.46735,0.0,5.4,5.6,5.1,59.0,6.401388889,3.338333333,,,,,,,,,
2023-04-17 04:00:00,14,0,3.1,45.71,6.43,98.57,1.77,12.67,31.69,2.0,20.0,23.0,0.9,3.6,323.0,1.8,340.0,1023.2,1.0,1031.9,257.3041,1031.6,-11.89703,0.0,4.9,5.5,4.9,60.0,6.402222222,3.351388889,,,,,,,,,
2023-04-17 05:00:00,14,0,3.16,45.71,6.42,98.69,1.76,12.64,31.63,2.0,27.0,27.0,1.4,3.9,406.0,1.7,422.0,1023.7,1.1,1032.3,257.7733,1032.2,8.892291,0.0,5.9,5.9,4.9,58.0,6.4,3.390833333,,,,,,,,,
2023-04-17 06:00:00,14,0,3.1,45.46,6.42,98.66,1.75,12.8,32.04,2.0,63.0,60.0,2.1,4.4,553.0,2.7,554.0,1024.1,1.3,1032.7,262.233,1032.6,120.6592,0.0,7.6,7.6,5.9,53.0,6.4,3.429444444,,,,,,,,,
2023-04-17 07:00:00,14,0,3.07,45.54,6.41,98.62,1.74,12.76,31.92,2.0,77.0,73.0,2.4,4.7,636.0,2.8,654.0,1024.6,1.4,1033.2,266.655,1033.0,239.3879,0.0,8.9,8.9,7.6,50.0,6.4,3.439444444,,,,,,,,,
2023-04-17 08:00:00,14,0,3.09,45.68,6.42,98.67,1.77,12.59,31.49,2.0,81.0,75.0,2.7,4.6,742.0,2.9,753.0,1025.1,1.3,1033.6,274.2716,1033.5,367.1695,0.0,10.6,10.8,8.9,41.0,6.413611111,3.466666667,,,,,,,,,
2023-04-17 09:00:00,14,0,3.19,45.67,6.42,98.91,1.76,12.61,31.55,2.0,105.0,88.0,2.4,4.8,832.0,2.7,807.0,1025.6,1.5,1034.1,281.1503,1034.0,479.886,0.0,11.7,12.0,10.6,39.0,6.410277778,3.4675,,,,,,,,,
2023-04-17 10:00:00,14,0,3.18,45.7,6.42,98.94,1.73,12.61,31.54,1.0,129.0,101.0,1.5,3.3,903.0,2.4,902.0,1025.8,1.2,1034.3,289.3618,1034.2,581.7137,0.0,12.3,12.4,11.4,38.0,6.403888889,3.494166667,,,,,,,,,
2023-04-17 11:00:00,14,0,3.19,45.68,6.41,98.96,1.74,12.61,31.55,1.0,162.0,157.0,1.6,2.9,1003.0,1.7,1056.0,1025.9,0.8,1034.3,298.8907,1034.3,603.7562,0.0,13.0,13.5,12.3,37.0,6.4075,3.499166667,,,,,,,,,
2023-04-17 12:00:00,14,0,3.17,45.66,6.41,98.99,1.74,12.64,31.62,2.0,177.0,176.0,1.8,3.2,1132.0,1.9,1141.0,1026.2,0.6,1034.6,300.3305,1034.7,604.4005,0.0,14.1,14.3,12.9,32.0,6.423888889,3.499722222,0.0,22.0,0.024,0.15,0.001,0.0016,0.086,0.01,4.2
2023-04-17 13:00:00,14,1,3.2,45.66,6.41,99.09,1.72,12.61,31.54,2.0,157.0,174.0,1.3,3.0,1243.0,2.0,1211.0,1026.6,0.8,1035.0,301.3646,1035.0,540.6911,0.0,14.3,14.3,13.5,33.0,6.425277778,3.5,,,,,,,,,
2023-04-17 14:00:00,14,0,3.23,45.65,6.41,99.19,1.7,12.58,31.46,2.0,174.0,165.0,1.6,3.2,1315.0,2.2,1323.0,1026.7,0.8,1035.1,300.775,1035.1,560.7952,0.0,14.2,14.6,13.7,35.0,6.406388889,3.499444444,,,,,,,,,
2023-04-17 15:00:00,14,0,3.25,45.68,6.42,99.17,1.75,12.52,31.32,2.0,127.0,161.0,1.3,3.7,1447.0,1.7,1451.0,1026.9,0.6,1035.3,300.8512,1035.3,459.9772,0.0,13.5,14.6,13.3,39.0,6.4025,3.5,,,,,,,,,
2023-04-17 16:00:00,14,0,3.22,45.7,6.43,99.08,1.71,12.57,31.46,2.0,135.0,358.0,1.2,5.9,1520.0,1.7,1529.0,1027.0,0.5,1035.5,298.0607,1035.5,375.0161,0.0,12.8,13.7,12.7,41.0,6.401666667,3.5,,,,,,,,,
2023-04-17 17:00:00,14,0,3.18,45.69,6.42,99.0,1.71,12.62,31.57,2.0,325.0,143.0,0.5,1.8,1620.0,1.2,1602.0,1027.2,0.5,1035.7,295.448,1035.7,253.4033,0.0,11.0,12.8,11.0,50.0,6.4,3.499722222,,,,,,,,,
2023-04-17 18:00:00,14,0,3.18,45.71,6.41,99.01,1.7,12.58,31.47,2.0,323.0,313.0,0.7,2.8,1732.0,1.0,1739.0,1027.7,0.8,1036.3,279.8586,1036.1,23.03112,0.0,9.3,11.0,9.3,57.0,6.400277778,3.5,,,,,,,,,
2023-04-17 19:00:00,14,0,3.2,45.71,6.42,99.07,1.71,12.54,31.37,2.0,311.0,305.0,0.7,1.4,1810.0,0.8,1847.0,1028.1,1.1,1036.7,275.8484,1036.6,2.363437,0.0,8.0,9.3,8.0,60.0,6.408333333,3.5,,,,,,,,,
2023-04-17 20:00:00,14,0,3.18,45.71,6.41,99.07,1.71,12.59,31.48,2.0,320.0,326.0,0.5,1.1,1915.0,0.8,1926.0,1028.5,1.3,1037.1,272.9617,1037.0,-11.51999,0.0,6.9,8.0,6.9,64.0,6.404166667,3.5,,,,,,,,,
2023-04-17 21:00:00,14,0,3.19,45.71,6.41,99.06,1.69,12.57,31.45,1.0,330.0,324.0,0.5,1.1,2031.0,0.7,2051.0,1028.6,1.0,1037.3,270.4444,1037.1,-12.20006,0.0,6.6,7.0,6.6,64.0,6.401944444,3.5,,,,,,,,,
2023-04-17 22:00:00,14,0,3.19,45.71,6.42,99.07,1.68,12.61,31.54,2.0,324.0,330.0,0.4,1.2,2130.0,0.8,2137.0,1028.8,0.7,1037.5,268.419,1037.3,-12.1433,0.0,6.3,6.6,6.3,67.0,6.402222222,3.499722222,,,,,,,,,
2023-04-17 23:00:00,14,0,3.17,45.7,6.41,99.08,1.71,12.62,31.56,2.0,356.0,356.0,0.4,1.0,2300.0,0.4,2300.0,1029.0,0.5,1037.7,266.8077,1037.5,-12.15449,0.0,5.5,6.3,5.3,63.0,6.405833333,3.5,,,,,,,,,
2023-04-18 00:00:00,14,0,3.17,45.71,6.41,99.08,1.71,12.61,31.55,2.0,0.0,343.0,0.2,0.8,2345.0,0.4,2308.0,1029.2,0.6,1037.9,264.531,1037.7,-12.09829,0.0,4.7,5.7,4.3,62.0,6.405277778,3.5,,,,,,,,,
2023-04-18 01:00:00,14,1,3.17,45.71,6.42,99.1,1.72,12.58,31.46,2.0,1.0,13.0,0.2,1.0,59.0,0.3,46.0,1029.5,0.7,1038.2,262.9786,1038.0,-12.05075,0.0,4.5,5.1,4.0,63.0,6.4025,3.499722222,,,,,,,,,
2023-04-18 02:00:00,14,0,3.17,45.71,6.42,99.12,1.73,12.54,31.36,2.0,359.0,331.0,0.3,1.2,143.0,0.6,150.0,1029.8,0.8,1038.5,262.3961,1038.3,-11.89791,0.0,4.7,5.0,4.3,62.0,6.4,3.5,,,,,,,,,
2023-04-18 03:00:00,14,0,3.16,45.71,6.42,99.13,1.67,12.64,31.63,2.0,357.0,297.0,0.3,1.1,234.0,0.5,238.0,1029.9,0.8,1038.6,260.9663,1038.4,-12.13176,0.0,4.4,4.9,4.2,60.0,6.400277778,3.5,,,,,,,,,
2023-04-18 04:00:00,14,0,3.15,45.7,6.42,99.11,1.7,12.66,31.68,2.0,340.0,344.0,0.3,1.0,343.0,0.6,324.0,1030.2,0.7,1038.9,260.6683,1038.6,-11.34105,0.0,4.6,4.6,4.4,59.0,6.400555556,3.5,,,,,,,,,
2023-04-18 05:00:00,14,0,3.14,45.7,6.42,99.11,1.68,12.67,31.7,2.0,7.0,27.0,0.3,1.2,428.0,0.7,439.0,1030.4,0.6,1039.1,260.6359,1038.9,11.15829,0.0,5.1,5.1,4.0,56.0,6.405555556,3.5,,,,,,,,,
2023-04-18 06:00:00,14,0,3.12,45.71,6.4,99.06,1.69,12.66,31.67,2.0,54.0,74.0,0.5,2.3,530.0,0.8,544.0,1030.7,0.8,1039.4,266.0364,1039.2,115.993,0.0,6.9,7.3,5.1,58.0,6.409722222,3.503888889,,,,,,,,,
2023-04-18 07:00:00,14,0,3.13,45.71,6.39,99.11,1.69,12.65,31.65,3.0,92.0,104.0,0.4,1.6,632.0,0.8,641.0,1031.2,1.1,1039.8,272.7377,1039.7,217.4979,0.0,8.5,8.5,6.8,53.0,6.413333333,3.529722222,,,,,,,,,
2023-04-18 08:00:00,14,0,3.13,45.7,6.4,99.11,1.67,12.64,31.63,2.0,137.0,115.0,0.6,1.7,713.0,0.8,745.0,1031.6,1.2,1040.2,281.4482,1040.1,361.0965,0.0,10.4,10.4,8.5,45.0,6.411666667,3.546944444,,,,,,,,,
2023-04-18 09:00:00,14,0,3.15,45.73,6.41,99.19,1.67,12.58,31.48,2.0,177.0,177.0,1.0,1.8,851.0,1.0,900.0,1031.8,1.1,1040.3,288.076,1040.3,484.4898,0.0,11.4,11.4,10.4,36.0,6.421944444,3.546666667,,,,,,,,,
2023-04-18 10:00:00,14,0,3.2,45.69,6.4,99.33,1.67,12.52,31.32,2.0,192.0,191.0,2.1,4.0,951.0,2.2,959.0,1031.9,0.7,1040.4,290.021,1040.4,584.5468,0.0,12.8,12.8,11.4,42.0,6.413611111,3.541388889,,,,,,,,,
2023-04-18 11:00:00,14,0,3.2,45.69,6.42,99.3,1.68,12.63,31.59,2.0,198.0,198.0,2.5,4.1,1059.0,2.7,1053.0,1031.8,0.2,1040.3,294.2583,1040.3,666.9037,0.0,13.4,13.8,12.8,40.0,6.416111111,3.555833333,,,,,,,,,
2023-04-18 12:00:00,14,0,3.27,45.72,6.42,99.59,1.65,12.36,30.92,4.0,199.0,201.0,3.0,4.9,1117.0,3.2,1127.0,1031.9,0.1,1040.4,298.1046,1040.4,654.2682,0.0,14.0,14.0,13.2,41.0,6.406388889,3.563888889,,,,,,,,,
2023-04-18 13:00:00,14,1,3.28,45.7,6.42,99.6,1.65,12.43,31.1,4.0,204.0,200.0,3.5,5.3,1257.0,3.7,1244.0,1031.9,0.1,1040.4,299.4111,1040.4,626.4182,0.0,13.9,14.2,13.6,45.0,6.404166667,3.574444444,,,,,,,,,
2023-04-18 14:00:00,14,0,3.29,45.69,6.42,99.61,1.65,12.51,31.28,2.0,203.0,203.0,2.9,5.5,1319.0,3.8,1325.0,1031.9,0.2,1040.4,299.2514,1040.4,557.6485,0.0,13.7,13.9,13.3,44.0,6.401388889,3.594444444,,,,,,,,,
2023-04-18 15:00:00,14,0,3.26,45.68,6.43,99.52,1.65,12.56,31.42,4.0,201.0,204.0,2.4,5.3,1427.0,3.3,1439.0,1031.8,0.1,1040.3,301.1602,1040.3,451.8389,0.0,13.4,14.0,13.1,45.0,6.402222222,3.620833333,,,,,,,,,
2023-04-18 16:00:00,14,0,3.31,45.68,6.43,99.63,1.63,12.5,31.26,4.0,67.0,207.0,1.1,4.1,1501.0,2.7,1508.0,1032.0,0.1,1040.5,302.9874,1040.5,358.2198,0.0,13.6,13.8,13.4,42.0,6.400555556,3.637222222,,,,,,,,,
2023-04-18 17:00:00,14,0,3.28,45.68,6.42,99.59,1.63,12.53,31.35,4.0,278.0,36.0,0.8,3.2,1606.0,1.6,1612.0,1032.0,0.1,1040.5,297.7061,1040.5,241.4068,0.0,11.4,13.6,11.4,50.0,6.400555556,3.65,,,,,,,,,
2023-04-18 18:00:00,14,0,3.31,45.68,6.41,99.74,1.63,12.48,31.22,2.0,332.0,286.0,0.7,1.9,1726.0,0.9,1704.0,1032.1,0.3,1040.7,283.7293,1040.6,28.55031,0.0,9.7,11.4,9.7,52.0,6.400277778,3.653611111,,,,,,,,,
2023-04-18 19:00:00,14,0,3.29,45.68,6.42,99.7,1.65,12.52,31.33,2.0,320.0,317.0,0.6,1.4,1834.0,0.8,1855.0,1032.3,0.4,1040.9,278.7447,1040.8,3.764729,0.0,8.5,9.7,8.5,55.0,6.4,3.649444444,,,,,,,,,
2023-04-18 20:00:00,14,0,3.27,45.67,6.42,99.64,1.62,12.57,31.45,2.0,324.0,324.0,0.5,1.1,1928.0,0.6,1928.0,1032.5,0.5,1041.2,275.7872,1041.0,-10.76299,0.0,7.4,8.5,7.4,57.0,6.400277778,3.652777778,,,,,,,,,
2023-04-18 21:00:00,14,0,3.26,45.69,6.42,99.65,1.62,12.47,31.2,2.0,307.0,329.0,0.4,0.9,2049.0,0.6,2050.0,1032.5,0.4,1041.2,273.6967,1041.0,-12.17631,0.0,7.1,7.4,7.0,56.0,6.400277778,3.644166667,,,,,,,,,
2023-04-18 22:00:00,14,0,3.25,45.7,6.42,99.63,1.6,12.5,31.27,2.0,309.0,288.0,0.3,0.8,2152.0,0.4,2107.0,1032.6,0.2,1041.3,272.3512,1041.1,-12.29337,0.0,6.2,7.1,6.2,65.0,6.400555556,3.639166667,,,,,,,,,
2023-04-18 23:00:00,14,0,3.26,45.68,6.43,99.67,1.62,12.58,31.48,4.0,342.0,312.0,0.2,0.9,2213.0,0.5,2231.0,1032.4,0.0,1041.1,269.8636,1040.9,-12.01223,0.0,6.0,6.6,5.7,67.0,6.4,3.627777778,,,,,,,,,
2023-04-19 00:00:00,14,0,3.26,45.73,6.43,99.63,1.66,12.38,30.96,7.0,333.0,324.0,0.2,0.7,2350.0,0.3,2357.0,1032.3,0.2,1041.1,267.36,1040.8,-12.10137,0.0,4.5,6.1,4.2,71.0,6.4,3.61,,,,,,,,,
2023-04-19 01:00:00,14,1,3.25,45.7,6.42,99.64,1.64,12.5,31.27,7.0,265.0,32.0,0.3,0.9,45.0,0.5,34.0,1032.2,0.4,1041.0,266.1359,1040.7,-11.88358,0.0,4.5,5.2,4.3,71.0,6.4,3.6,,,,,,,,,
2023-04-19 02:00:00,14,0,3.24,45.68,6.42,99.66,1.62,12.62,31.58,7.0,327.0,314.0,0.2,0.7,125.0,0.3,129.0,1032.0,0.4,1040.8,264.2963,1040.5,-11.89494,0.0,4.0,4.5,3.6,72.0,6.4,3.599444444,,,,,,,,,
2023-04-19 03:00:00,14,0,3.25,45.68,6.42,99.71,1.66,12.59,31.49,7.0,350.0,300.0,0.3,0.7,253.0,0.4,229.0,1031.8,0.6,1040.6,263.2176,1040.3,-11.72541,0.0,4.5,4.6,3.6,65.0,6.401111111,3.6,,,,,,,,,
2023-04-19 04:00:00,14,0,3.26,45.69,6.42,99.75,1.62,12.56,31.42,7.0,345.0,351.0,0.3,1.0,355.0,0.4,301.0,1031.5,0.7,1040.3,262.5768,1040.0,-10.59884,0.0,3.9,4.5,3.5,68.0,6.400555556,3.6,,,,,,,,,
2023-04-19 05:00:00,14,0,3.26,45.68,6.42,99.75,1.6,12.53,31.34,5.0,359.0,359.0,0.2,0.8,420.0,0.3,427.0,1031.7,0.3,1040.5,262.2381,1040.2,16.72332,0.0,4.4,4.4,3.2,68.0,6.400277778,3.599722222,,,,,,,,,
2023-04-19 06:00:00,14,0,3.26,45.69,6.42,99.74,1.58,12.56,31.41,5.0,272.0,118.0,0.3,1.1,543.0,0.6,552.0,1031.7,0.1,1040.4,269.3919,1040.2,132.3525,0.0,6.3,7.5,4.4,65.0,6.4,3.599722222,,,,,,,,,
2023-04-19 07:00:00,14,0,3.26,45.69,6.42,99.76,1.63,12.58,31.47,2.0,352.0,211.0,0.2,1.1,605.0,0.6,607.0,1031.6,0.1,1040.2,277.451,1040.1,243.7198,0.0,8.3,8.3,6.3,58.0,6.4,3.620555556,,,,,,,,,
2023-04-19 08:00:00,14,0,3.25,45.67,6.42,99.81,1.61,12.52,31.33,4.0,173.0,177.0,0.7,1.9,728.0,0.9,734.0,1031.6,0.0,1040.2,283.1631,1040.1,369.287,0.0,9.5,10.1,8.1,49.0,6.400555556,3.646388889,,,,,,,,,
2023-04-19 09:00:00,14,0,3.26,45.67,6.41,99.77,1.6,12.63,31.59,4.0,176.0,175.0,0.9,1.9,821.0,1.0,845.0,1031.6,0.1,1040.1,289.4261,1040.1,487.6997,0.0,11.7,11.7,9.4,42.0,6.4,3.64,,,,,,,,,
2023-04-19 10:00:00,14,0,3.3,45.67,6.41,99.93,1.59,12.5,31.27,8.0,159.0,159.0,1.4,2.6,953.0,1.4,1000.0,1031.2,0.4,1039.7,295.6676,1039.7,587.2604,0.0,12.8,12.8,11.7,38.0,6.4,3.624722222,,,,,,,,,
2023-04-19 11:00:00,14,0,3.28,45.68,6.43,99.85,1.57,12.55,31.39,8.0,154.0,173.0,1.3,2.8,1032.0,1.5,1047.0,1030.7,0.9,1039.1,301.2418,1039.2,668.9152,0.0,14.5,14.5,12.8,34.0,6.4,3.625277778,,,,,,,,,
2023-04-19 12:00:00,14,0,3.26,45.67,6.43,99.82,1.58,12.59,31.5,7.0,193.0,193.0,2.3,3.7,1138.0,2.4,1159.0,1030.5,1.1,1038.9,303.0691,1039.0,670.5533,0.0,14.6,15.0,14.3,38.0,6.4,3.610555556,,,,,,,,,
2023-04-19 13:00:00,14,1,3.3,45.67,6.42,99.91,1.59,12.54,31.37,7.0,185.0,203.0,1.9,3.8,1223.0,2.7,1224.0,1030.1,1.0,1038.5,304.1075,1038.6,643.3956,0.0,14.8,15.3,14.6,38.0,6.4,3.613055556,,,,,,,,,
2023-04-19 14:00:00,14,0,3.33,45.67,6.41,100.0,1.6,12.49,31.24,7.0,175.0,191.0,1.3,3.4,1333.0,1.9,1315.0,1029.9,0.8,1038.3,304.7246,1038.4,578.3336,0.0,14.7,14.9,14.1,43.0,6.4,3.602777778,,,,,,,,,
2023-04-19 15:00:00,14,0,3.33,45.68,6.41,100.05,1.58,12.51,31.28,7.0,170.0,163.0,0.9,2.6,1405.0,1.4,1414.0,1029.6,0.9,1038.0,304.4514,1038.1,481.6717,0.0,14.0,15.1,13.6,47.0,6.4,3.6,,,,,,,,,
2023-04-19 16:00:00,14,0,3.45,45.65,6.42,100.33,1.54,12.41,31.02,7.0,196.0,190.0,1.3,2.9,1537.0,1.5,1556.0,1029.3,0.9,1037.8,302.6018,1037.8,378.1382,0.0,13.6,14.7,13.6,43.0,6.4,3.599722222,,,,,,,,,
2023-04-19 17:00:00,14,0,3.43,45.65,6.43,100.3,1.56,12.42,31.06,7.0,261.0,142.0,0.7,3.0,1629.0,1.3,1631.0,1028.9,1.0,1037.4,297.6243,1037.4,262.1814,0.0,12.1,13.6,12.1,49.0,6.4,3.6,,,,,,,,,
2023-04-19 18:00:00,14,0,3.4,45.65,6.42,100.26,1.58,12.49,31.23,7.0,10.0,329.0,0.9,3.4,1722.0,1.4,1729.0,1028.7,0.9,1037.3,282.7119,1037.2,24.40555,0.0,9.9,12.1,9.9,57.0,6.4,3.598611111,,,,,,,,,
2023-04-19 19:00:00,14,0,3.39,45.66,6.42,100.27,1.58,12.49,31.25,7.0,28.0,318.0,0.6,1.8,1854.0,0.8,1805.0,1028.5,0.8,1037.1,277.1442,1037.0,1.358983,0.0,8.6,9.9,8.6,63.0,6.4,3.585277778,,,,,,,,,
2023-04-19 20:00:00,14,0,3.4,45.66,6.42,100.26,1.58,12.48,31.21,7.0,314.0,308.0,0.8,2.9,1930.0,1.1,1953.0,1028.6,0.3,1037.2,272.9547,1037.1,-10.87168,0.0,7.9,8.6,7.9,67.0,6.4,3.589722222,,,,,,,,,
2023-04-19 21:00:00,14,0,3.39,45.67,6.42,100.28,1.58,12.49,31.25,7.0,295.0,310.0,0.3,1.0,2014.0,0.8,2001.0,1028.5,0.2,1037.2,270.9603,1037.0,-12.46347,0.0,6.5,7.9,6.5,72.0,6.4,3.583055556,,,,,,,,,
2023-04-19 22:00:00,14,0,3.38,45.66,6.42,100.28,1.59,12.52,31.33,7.0,304.0,276.0,0.3,1.3,2110.0,0.7,2119.0,1028.3,0.2,1037.0,269.3654,1036.8,-12.05054,0.0,6.3,6.5,6.3,74.0,6.4,3.564444444,,,,,,,,,
2023-04-19 23:00:00,14,0,3.38,45.67,6.42,100.33,1.56,12.44,31.1,8.0,258.0,258.0,0.8,1.1,2300.0,0.8,2300.0,1027.9,0.7,1036.6,269.024,1036.3,-12.01201,0.0,6.1,6.3,5.7,80.0,6.4,3.566666667,,,,,,,,,
2023-04-20 00:00:00,14,0,3.35,45.67,6.42,100.2,1.58,12.48,31.21,7.0,275.0,263.0,0.3,1.3,2301.0,0.9,2303.0,1027.5,1.0,1036.2,270.7445,1036.0,-11.93453,0.0,5.7,6.2,5.2,76.0,6.4,3.594722222,,,,,,,,,
2023-04-20 01:00:00,14,1,3.34,45.67,6.42,100.2,1.58,12.52,31.3,7.0,343.0,311.0,0.2,1.0,26.0,0.5,32.0,1027.3,1.0,1036.0,271.75,1035.7,-11.93593,0.0,5.0,6.1,5.0,78.0,6.4,3.599722222,,,,,,,,,
2023-04-20 02:00:00,14,0,3.34,45.67,6.42,100.2,1.57,12.55,31.39,7.0,226.0,226.0,0.3,0.7,154.0,0.3,200.0,1027.0,0.8,1035.7,268.9881,1035.5,-11.91463,0.0,3.5,5.0,3.5,84.0,6.4,3.619166667,,,,,,,,,
2023-04-20 03:00:00,14,0,3.29,45.67,6.42,100.07,1.55,12.54,31.37,7.0,344.0,207.0,0.2,0.7,254.0,0.4,203.0,1026.7,0.8,1035.4,266.8438,1035.1,-11.50457,0.0,3.7,3.9,3.3,83.0,6.4,3.635555556,,,,,,,,,
2023-04-20 04:00:00,14,0,3.31,45.66,6.41,100.07,1.57,12.57,31.45,7.0,348.0,338.0,0.1,0.7,349.0,0.3,354.0,1026.5,0.8,1035.2,265.2823,1034.9,-10.27859,0.0,3.9,4.0,3.0,76.0,6.4,3.644166667,,,,,,,,,
2023-04-20 05:00:00,14,0,3.31,45.67,6.42,100.07,1.58,12.56,31.43,7.0,333.0,354.0,0.1,0.8,450.0,0.3,440.0,1026.4,0.6,1035.1,266.5539,1034.9,18.93835,0.0,4.7,4.7,3.4,74.0,6.4,3.644722222,,,,,,,,,
2023-04-20 06:00:00,14,0,3.3,45.69,6.42,100.07,1.55,12.46,31.15,7.0,5.0,120.0,0.3,1.1,556.0,0.4,559.0,1026.3,0.4,1035.0,273.2962,1034.7,130.9359,0.0,6.1,6.1,4.7,74.0,6.4,3.641388889,,,,,,,,,
2023-04-20 07:00:00,14,0,3.31,45.68,6.41,100.12,1.57,12.53,31.35,7.0,188.0,188.0,0.7,1.5,656.0,0.7,700.0,1026.4,0.2,1035.0,280.6677,1034.8,247.7861,0.0,8.2,8.2,6.1,63.0,6.4,3.6425,,,,,,,,,
2023-04-20 08:00:00,14,0,3.31,45.67,6.4,100.14,1.56,12.54,31.38,7.0,165.0,192.0,1.1,2.2,734.0,1.4,739.0,1026.2,0.2,1034.7,285.7476,1034.7,372.858,0.0,9.9,10.0,8.0,55.0,6.400277778,3.640833333,,,,,,,,,
2023-04-20 09:00:00,14,0,3.3,45.67,6.41,100.11,1.59,12.54,31.36,7.0,158.0,146.0,1.0,1.9,847.0,1.1,837.0,1026.0,0.3,1034.5,294.6986,1034.4,489.6248,0.0,12.4,12.4,9.8,45.0,6.4,3.644166667,,,,,,,,,
2023-04-20 10:00:00,14,0,3.3,45.67,6.42,100.12,1.57,12.52,31.32,7.0,165.0,162.0,0.9,2.4,944.0,1.0,958.0,1025.7,0.6,1034.1,305.5601,1034.2,585.3903,0.0,13.5,13.6,12.2,45.0,6.4,3.652222222,,,,,,,,,
2023-04-20 11:00:00,14,0,3.33,45.68,6.42,100.25,1.52,12.46,31.17,7.0,163.0,170.0,1.0,2.4,1026.0,1.1,1057.0,1025.3,0.9,1033.7,314.0901,1033.8,660.4404,0.0,15.2,15.5,13.5,38.0,6.4,3.66,,,,,,,,,
2023-04-20 12:00:00,14,0,3.33,45.67,6.4,100.24,1.57,12.53,31.34,7.0,191.0,196.0,2.3,4.2,1151.0,2.4,1158.0,1025.0,1.0,1033.3,314.4869,1033.4,666.5274,0.0,16.2,16.3,15.2,39.0,6.4,3.655277778,,,,,,,,,
2023-04-20 13:00:00,14,1,3.34,45.68,6.4,100.24,1.56,12.53,31.34,7.0,209.0,205.0,2.4,4.5,1246.0,2.8,1253.0,1024.7,1.0,1033.1,312.6582,1033.2,641.2644,0.0,14.7,16.2,14.7,49.0,6.4,3.651944444,,,,,,,,,
2023-04-20 14:00:00,14,0,3.34,45.69,6.41,100.25,1.54,12.53,31.34,7.0,213.0,209.0,2.4,4.9,1352.0,2.5,1343.0,1024.4,0.9,1032.8,310.1053,1032.8,578.2271,0.0,14.5,15.0,14.3,51.0,6.4,3.648055556,,,,,,,,,
2023-04-20 15:00:00,14,0,3.32,45.67,6.4,100.21,1.54,12.55,31.4,7.0,204.0,209.0,2.0,4.4,1404.0,2.6,1407.0,1023.8,1.2,1032.2,309.7432,1032.3,483.5502,0.0,15.1,15.2,14.3,47.0,6.4,3.648611111,,,,,,,,,
2023-04-20 16:00:00,14,0,3.35,45.66,6.4,100.28,1.51,12.52,31.32,5.0,165.0,208.0,0.3,3.5,1508.0,2.0,1512.0,1023.8,0.9,1032.2,308.2492,1032.3,377.2436,0.0,13.2,15.1,13.0,55.0,6.4,3.650555556,,,,,,,,,
2023-04-20 17:00:00,14,0,3.38,45.65,6.42,100.37,1.5,12.5,31.26,6.0,313.0,176.0,0.3,2.2,1622.0,1.3,1624.0,1023.5,0.8,1032.0,303.5662,1031.9,256.8688,0.0,11.7,13.5,11.7,60.0,6.4,3.651111111,,,,,,,,,
2023-04-20 18:00:00,14,0,3.37,45.66,6.43,100.38,1.51,12.47,31.2,7.0,304.0,254.0,0.7,2.2,1741.0,0.9,1746.0,1023.5,0.3,1032.0,290.1847,1032.0,26.14444,0.0,10.5,11.7,10.5,63.0,6.4,3.646111111,,,,,,,,,
2023-04-20 19:00:00,14,0,3.38,45.64,6.42,100.42,1.53,12.53,31.34,5.0,357.0,323.0,0.6,1.9,1857.0,0.8,1810.0,1023.5,0.3,1032.0,284.0874,1031.9,3.216403,0.0,9.1,10.5,9.1,67.0,6.4,3.646666667,,,,,,,,,
2023-04-20 20:00:00,14,0,3.4,45.65,6.42,100.55,1.51,12.46,31.17,4.0,273.0,271.0,0.2,1.5,1911.0,0.6,1928.0,1023.6,0.0,1032.2,276.6237,1032.0,-10.62985,0.0,6.1,9.1,6.1,83.0,6.4,3.649444444,,,,,,,,,
2023-04-20 21:00:00,14,0,3.4,45.66,6.42,100.48,1.5,12.43,31.09,8.0,295.0,238.0,0.4,1.4,2008.0,0.8,2012.0,1023.3,0.3,1031.9,271.825,1031.7,-11.70645,0.0,6.1,6.1,5.3,83.0,6.4,3.650277778,,,,,,,,,
2023-04-20 22:00:00,14,0,3.38,45.66,6.41,100.45,1.52,12.48,31.21,8.0,10.0,27.0,0.3,0.8,2155.0,0.5,2137.0,1022.9,0.6,1031.5,274.1998,1031.3,-11.87748,0.0,6.1,6.3,5.6,82.0,6.4,3.643333333,,,,,,,,,
2023-04-20 23:00:00,14,0,3.39,45.66,6.41,100.5,1.52,12.47,31.18,7.0,26.0,295.0,0.3,1.0,2244.0,0.6,2249.0,1022.5,1.0,1031.2,272.8533,1030.9,-11.76167,0.0,4.7,6.1,4.7,85.0,6.4,3.6275,,,,,,,,,
2023-04-21 00:00:00,14,0,3.4,45.66,6.41,100.52,1.51,12.44,31.1,7.0,17.0,334.0,0.1,1.1,2302.0,0.4,2347.0,1022.2,1.0,1030.9,269.2797,1030.7,-11.77343,0.0,4.1,5.4,4.0,92.0,6.4,3.630555556,,,,,,,,,
2023-04-21 01:00:00,14,1,3.4,45.66,6.42,100.52,1.52,12.48,31.21,7.0,314.0,269.0,0.2,0.9,39.0,0.4,47.0,1022.0,0.9,1030.7,266.5662,1030.4,-11.5331,0.0,3.9,4.2,3.6,93.0,6.4,3.624722222,,,,,,,,,
2023-04-21 02:00:00,14,0,3.4,45.65,6.42,100.52,1.53,12.52,31.32,5.0,310.0,241.0,0.3,1.2,155.0,0.5,143.0,1021.9,0.7,1030.6,265.7158,1030.3,-11.58832,0.0,3.4,4.5,3.2,92.0,6.4,3.625833333,,,,,,,,,
2023-04-21 03:00:00,14,0,3.41,45.69,6.42,100.51,1.48,12.42,31.07,7.0,353.0,49.0,0.1,1.1,237.0,0.5,241.0,1021.5,0.8,1030.2,264.2363,1029.9,-11.51165,0.0,3.2,3.6,2.7,94.0,6.4,3.611666667,,,,,,,,,
2023-04-21 04:00:00,14,0,3.41,45.67,6.43,100.51,1.48,12.41,31.04,7.0,3.0,2.0,0.2,0.9,345.0,0.4,355.0,1021.1,0.8,1029.8,263.7462,1029.5,-9.69415,0.0,3.3,3.6,2.6,91.0,6.4,3.636666667,,,,,,,,,
2023-04-21 05:00:00,14,0,3.4,45.66,6.42,100.53,1.47,12.49,31.23,7.0,333.0,278.0,0.1,0.9,438.0,0.4,443.0,1021.0,0.9,1029.7,265.0755,1029.4,22.28514,0.0,3.9,3.9,2.6,94.0,6.4,3.658611111,,,,,,,,,
2023-04-21 06:00:00,14,0,3.4,45.71,6.43,100.47,1.49,12.4,31.01,7.0,24.0,24.0,0.2,0.8,557.0,0.2,600.0,1020.8,0.7,1029.4,272.4777,1029.2,137.3714,0.0,5.8,5.8,3.9,84.0,6.4,3.676111111,,,,,,,,,
2023-04-21 07:00:00,14,0,3.4,45.66,6.42,100.49,1.5,12.5,31.27,7.0,50.0,101.0,0.2,1.3,647.0,0.6,647.0,1020.4,0.7,1028.9,280.3473,1028.8,254.7614,0.0,8.5,8.5,5.8,71.0,6.4,3.706111111,,,,,,,,,
2023-04-21 08:00:00,14,0,3.41,45.66,6.42,100.56,1.5,12.47,31.18,7.0,172.0,172.0,0.9,1.6,759.0,0.9,800.0,1020.0,1.0,1028.5,286.3668,1028.3,382.7807,0.0,9.4,10.3,8.5,66.0,6.4,3.72,,,,,,,,,
2023-04-21 09:00:00,14,0,3.41,45.65,6.42,100.59,1.48,12.49,31.24,7.0,170.0,170.0,1.2,2.3,857.0,1.2,900.0,1019.5,1.2,1027.9,292.9959,1027.9,497.6115,0.0,11.8,11.9,9.4,54.0,6.4,3.783055556,,,,,,,,,
2023-04-21 10:00:00,14,0,3.46,45.63,6.42,100.77,1.47,12.41,31.04,7.0,140.0,168.0,1.0,2.2,920.0,1.3,912.0,1019.0,1.4,1027.4,300.0585,1027.4,594.0115,0.0,13.8,13.8,11.8,47.0,6.4,3.799166667,,,,,,,,,
2023-04-21 11:00:00,14,0,3.46,45.64,6.43,100.77,1.47,12.39,30.97,8.0,130.0,144.0,1.4,3.1,1030.0,1.5,1024.0,1018.2,1.7,1026.5,306.2993,1026.6,673.7587,0.0,14.4,14.8,13.6,49.0,6.4,3.8,,,,,,,,,
2023-04-21 12:00:00,14,0,3.49,45.66,6.43,100.87,1.5,12.32,30.8,7.0,172.0,163.0,1.5,2.9,1155.0,1.6,1149.0,1017.6,2.0,1025.9,308.6155,1025.9,674.7078,0.0,15.3,15.3,14.4,45.0,6.4,3.801388889,,,,,,,,,
2023-04-21 13:00:00,14,1,3.48,45.66,6.42,100.86,1.48,12.38,30.94,7.0,179.0,179.0,1.8,3.5,1206.0,1.8,1300.0,1016.7,2.3,1025.0,311.1286,1025.1,647.5876,0.0,15.6,15.9,15.2,45.0,6.4,3.800277778,,,,,,,,,
2023-04-21 14:00:00,14,0,3.48,45.65,6.42,100.84,1.47,12.43,31.09,7.0,179.0,203.0,1.1,3.8,1303.0,2.4,1344.0,1016.1,2.1,1024.4,312.124,1024.4,584.4691,0.0,15.5,16.1,15.4,47.0,6.4,3.808611111,,,,,,,,,
2023-04-21 15:00:00,14,0,3.57,45.65,6.43,101.07,1.48,12.29,30.72,7.0,349.0,349.0,1.5,4.9,1459.0,1.5,1500.0,1015.3,2.3,1023.6,311.5889,1023.7,486.3476,0.0,15.1,15.5,14.9,44.0,6.4,3.817222222,,,,,,,,,
2023-04-21 16:00:00,14,0,3.49,45.65,6.42,100.84,1.46,12.43,31.09,7.0,354.0,1.0,1.5,4.5,1523.0,1.9,1553.0,1014.6,2.1,1022.9,303.016,1022.9,377.3689,0.0,13.6,15.2,13.6,46.0,6.4,3.815,,,,,,,,,
2023-04-21 17:00:00,14,0,3.44,45.63,6.41,100.72,1.51,12.5,31.27,7.0,334.0,357.0,0.8,3.4,1613.0,1.5,1615.0,1013.9,2.2,1022.3,297.1295,1022.2,261.8083,0.0,11.7,13.6,11.7,52.0,6.4,3.813055556,,,,,,,,,
2023-04-21 18:00:00,14,0,3.45,45.64,6.4,100.76,1.48,12.51,31.29,7.0,315.0,1.0,0.6,2.9,1717.0,1.4,1721.0,1013.1,2.2,1021.5,287.1626,1021.5,29.38934,0.0,10.0,11.7,10.0,60.0,6.4,3.818055556,,,,,,,,,
2023-04-21 19:00:00,14,0,3.46,45.64,6.41,100.8,1.47,12.44,31.1,6.0,322.0,313.0,0.6,1.4,1840.0,0.8,1843.0,1012.8,1.9,1021.3,284.5646,1021.1,4.322448,0.0,9.0,10.0,9.0,64.0,6.4,3.848611111,,,,,,,,,
2023-04-21 20:00:00,14,0,3.5,45.63,6.41,100.91,1.43,12.42,31.06,6.0,325.0,323.0,0.3,1.2,1920.0,0.8,1935.0,1012.3,1.6,1020.8,280.6102,1020.6,-9.924331,0.0,8.0,9.0,8.0,67.0,6.4,3.855555556,,,,,,,,,
2023-04-21 21:00:00,14,0,3.46,45.65,6.4,100.82,1.5,12.45,31.13,7.0,329.0,263.0,0.4,1.2,2001.0,0.7,2035.0,1011.8,1.3,1020.3,276.2066,1020.2,-12.31231,0.0,6.6,8.0,6.6,71.0,6.4,3.869444444,,,,,,,,,
2023-04-21 22:00:00,14,0,3.46,45.65,6.41,100.79,1.47,12.44,31.12,7.0,306.0,306.0,0.5,0.9,2116.0,0.5,2200.0,1011.3,1.4,1019.8,274.2332,1019.6,-12.09321,0.0,6.2,6.6,6.2,73.0,6.4,3.889444444,,,,,,,,,
2023-04-21 23:00:00,14,0,3.44,45.65,6.41,100.79,1.47,12.47,31.18,7.0,335.0,337.0,0.6,1.1,2256.0,0.8,2256.0,1010.8,1.5,1019.3,271.4987,1019.1,-11.81117,0.0,5.7,6.2,5.7,73.0,6.4,3.899444444,,,,,,,,,
2023-04-22 00:00:00,14,0,3.44,45.65,6.4,100.79,1.49,12.46,31.17,7.0,326.0,332.0,0.5,1.2,2349.0,0.6,2359.0,1010.1,1.8,1018.6,270.275,1018.4,-11.98793,0.0,5.5,5.8,5.5,78.0,6.4,3.899722222,,,,,,,,,
2023-04-22 01:00:00,14,1,3.45,45.65,6.4,100.83,1.46,12.46,31.16,7.0,355.0,316.0,0.3,0.7,40.0,0.5,2.0,1009.6,1.7,1018.2,267.6118,1017.9,-11.89593,0.0,4.3,5.5,4.0,83.0,6.4,3.9,,,,,,,,,
2023-04-22 02:00:00,14,0,3.46,45.65,6.41,100.87,1.44,12.45,31.14,7.0,318.0,313.0,0.1,0.8,140.0,0.5,132.0,1009.1,1.7,1017.7,267.9183,1017.3,-11.53019,0.0,4.1,4.8,3.8,87.0,6.4,3.9,,,,,,,,,
2023-04-22 03:00:00,14,0,3.45,45.65,6.4,100.85,1.46,12.44,31.12,7.0,247.0,247.0,0.4,0.7,259.0,0.4,300.0,1008.8,1.3,1017.4,266.3164,1017.1,-11.55342,0.0,3.2,4.1,3.2,88.0,6.4,3.9,,,,,,,,,
2023-04-22 04:00:00,14,0,3.46,45.64,6.4,100.84,1.51,12.47,31.18,7.0,313.0,311.0,0.2,1.2,325.0,0.6,347.0,1008.5,1.0,1017.1,263.019,1016.8,-9.412159,0.0,2.7,3.6,2.7,88.0,6.4,3.9,,,,,,,,,
2023-04-22 05:00:00,14,0,3.46,45.65,6.41,100.86,1.46,12.44,31.12,7.0,2.0,342.0,0.2,1.2,437.0,0.6,444.0,1008.2,0.8,1016.8,262.9512,1016.5,22.39346,0.0,3.0,3.8,2.7,87.0,6.4,3.9,,,,,,,,,
2023-04-22 06:00:00,14,0,3.47,45.65,6.41,100.91,1.43,12.47,31.19,7.0,44.0,35.0,0.2,1.4,509.0,0.6,534.0,1008.0,0.7,1016.5,269.0664,1016.3,136.77,0.0,6.3,6.3,3.0,78.0,6.4,3.905555556,,,,,,,,,
2023-04-22 07:00:00,14,0,3.47,45.65,6.4,100.87,1.46,12.46,31.16,7.0,174.0,174.0,0.8,1.8,700.0,0.8,700.0,1007.7,0.8,1016.1,274.8383,1016.0,253.8291,0.0,7.8,7.8,6.2,74.0,6.4,3.904444444,,,,,,,,,
2023-04-22 08:00:00,14,0,3.47,45.65,6.41,100.92,1.44,12.4,31.0,7.0,140.0,111.0,1.4,4.0,732.0,2.4,740.0,1007.3,0.9,1015.7,281.3119,1015.6,381.1815,0.0,9.7,9.7,7.8,66.0,6.4,3.91,,,,,,,,,
2023-04-22 09:00:00,14,0,3.48,45.65,6.41,100.95,1.47,12.41,31.03,7.0,74.0,89.0,2.3,5.7,832.0,2.7,825.0,1006.7,1.3,1015.1,285.4492,1015.0,381.9727,0.0,9.5,10.1,8.9,66.0,6.4,3.912222222,,,,,,,,,
2023-04-22 10:00:00,14,0,3.5,45.64,6.42,101.03,1.42,12.45,31.13,7.0,149.0,74.0,1.9,4.4,917.0,2.3,901.0,1006.3,1.3,1014.7,290.5371,1014.6,328.7427,0.0,9.8,11.0,9.5,66.0,6.4,3.916666667,,,,,,,,,
2023-04-22 11:00:00,14,0,3.47,45.64,6.41,100.94,1.45,12.47,31.19,7.0,122.0,158.0,1.8,5.6,1007.0,2.0,1002.0,1005.9,1.5,1014.3,293.3225,1014.1,222.5171,0.0,10.2,10.2,9.1,64.0,6.4,3.917777778,,,,,,,,,
2023-04-22 12:00:00,14,0,3.53,45.64,6.39,101.11,1.45,12.42,31.07,7.0,111.0,112.0,3.1,6.6,1119.0,3.3,1155.0,1005.4,1.3,1013.7,292.409,1013.7,473.0881,0.0,11.8,12.0,9.9,57.0,6.4,3.935555556,,,,,,,,,
2023-04-22 13:00:00,14,1,3.54,45.64,6.39,101.15,1.44,12.4,31.02,6.0,110.0,111.0,3.1,6.8,1242.0,3.7,1243.0,1005.1,1.2,1013.4,320.5434,1013.4,474.813,0.0,10.3,12.1,10.3,59.0,6.4,3.927222222,,,,,,,,,
2023-04-22 14:00:00,14,0,3.55,45.65,6.39,101.19,1.42,12.39,30.98,7.0,115.0,112.0,3.0,7.3,1315.0,4.0,1319.0,1004.7,1.2,1013.0,338.4938,1012.9,384.8932,0.0,10.3,11.9,9.8,61.0,6.4,3.930555556,,,,,,,,,
2023-04-22 15:00:00,14,0,3.56,45.62,6.39,101.14,1.4,12.41,31.04,5.0,111.0,111.0,2.6,6.9,1426.0,3.3,1444.0,1004.6,0.8,1013.0,325.743,1012.9,384.5471,0.0,9.4,11.0,9.4,62.0,6.4,3.946388889,,,,,,,,,
2023-04-22 16:00:00,14,0,3.56,45.64,6.4,101.19,1.41,12.38,30.95,7.0,108.0,100.0,4.0,8.1,1557.0,4.5,1554.0,1004.2,0.9,1012.6,334.0602,1012.4,347.2321,0.0,9.2,9.7,8.9,62.0,6.399166667,3.945,,,,,,,,,
2023-04-22 17:00:00,14,0,3.56,45.64,6.4,101.21,1.44,12.38,30.96,8.0,86.0,106.0,3.4,7.4,1605.0,4.0,1605.0,1003.7,0.9,1012.1,348.3844,1012.0,114.92,0.0,7.5,9.2,7.5,66.0,6.4,3.943055556,,,,,,,,,
2023-04-22 18:00:00,14,0,3.55,45.63,6.39,101.18,1.47,12.4,31.0,7.0,73.0,70.0,4.0,8.1,1715.0,4.3,1755.0,1003.5,1.1,1011.9,345.4514,1011.8,33.03226,0.0,6.7,7.5,6.7,66.0,6.4,3.931111111,,,,,,,,,
2023-04-22 19:00:00,14,0,3.55,45.62,6.38,101.18,1.38,12.43,31.09,7.0,73.0,73.0,4.6,7.7,1857.0,4.6,1900.0,1003.3,1.0,1011.8,339.0127,1011.5,23.04592,0.0,6.0,6.7,6.0,66.0,6.4,3.923611111,,,,,,,,,
2023-04-22 20:00:00,14,0,3.56,45.61,6.39,101.18,1.44,12.43,31.08,7.0,79.0,79.0,5.3,11.2,1923.0,5.6,1957.0,1003.1,0.6,1011.6,332.8984,1011.4,-6.730772,0.0,5.3,6.0,5.3,66.0,6.4,3.917777778,,,,,,,,,
2023-04-22 21:00:00,14,0,3.54,45.62,6.38,101.14,1.43,12.43,31.08,7.0,62.0,80.0,3.9,8.9,2013.0,5.8,2013.0,1002.8,0.7,1011.3,331.7204,1011.0,-8.540837,0.0,4.9,5.3,4.9,66.0,6.398055556,3.9075,,,,,,,,,
2023-04-22 22:00:00,14,0,3.52,45.63,6.36,101.06,1.43,12.45,31.14,7.0,67.0,67.0,4.7,8.0,2158.0,4.7,2200.0,1002.3,0.9,1010.8,325.3036,1010.5,-8.704187,0.0,4.5,4.9,4.5,66.0,6.4,3.931944444,,,,,,,,,
2023-04-22 23:00:00,14,0,3.56,45.6,6.37,101.21,1.41,12.43,31.1,7.0,62.0,68.0,4.2,7.0,2253.0,4.8,2202.0,1001.9,1.3,1010.4,328.5442,1010.1,-8.522086,0.0,4.3,4.5,4.3,66.0,6.4,3.931666667,,,,,,,,,
2023-04-23 00:00:00,14,0,3.56,45.61,6.38,101.19,1.41,12.44,31.11,7.0,65.0,65.0,4.7,7.8,2313.0,4.7,0.0,1001.0,1.7,1009.5,328.9041,1009.2,-8.511442,0.0,4.1,4.3,4.1,66.0,6.4,3.942777778,,,,,,,,,
2023-04-23 01:00:00,14,1,3.57,45.61,6.37,101.22,1.41,12.44,31.12,8.0,66.0,62.0,3.8,9.0,17.0,4.7,3.0,1000.3,2.0,1008.8,327.7063,1008.5,-8.586285,0.0,4.0,4.1,4.0,66.0,6.4,3.923888889,,,,,,,,,
2023-04-23 02:00:00,14,0,3.58,45.61,6.36,101.24,1.41,12.45,31.14,7.0,64.0,63.0,4.6,8.2,117.0,5.0,128.0,999.4,2.4,1007.9,326.5802,1007.6,-8.622219,0.0,4.0,4.1,3.9,65.0,6.4,3.937222222,,,,,,,,,
2023-04-23 03:00:00,14,0,3.57,45.61,6.36,101.25,1.44,12.42,31.07,6.0,64.0,62.0,4.6,9.7,228.0,5.0,237.0,998.8,2.2,1007.3,311.3891,1007.0,-9.109286,0.0,3.7,4.0,3.6,67.0,6.4,3.951666667,,,,,,,,,
2023-04-23 04:00:00,14,0,3.58,45.6,6.34,101.28,1.43,12.44,31.11,7.0,59.0,66.0,4.0,8.1,344.0,4.7,301.0,998.2,2.1,1006.7,309.1657,1006.4,-7.944679,0.0,3.5,3.7,3.4,70.0,6.4,3.9925,,,,,,,,,
2023-04-23 05:00:00,14,0,3.58,45.61,6.31,101.25,1.43,12.41,31.05,7.0,58.0,65.0,3.6,8.5,413.0,4.5,413.0,997.8,1.7,1006.3,323.8596,1006.0,3.002461,0.0,3.6,3.6,3.5,71.0,6.4,4.019166667,,,,,,,,,
2023-04-23 06:00:00,14,0,3.58,45.62,6.34,101.29,1.43,12.4,31.01,6.0,73.0,65.0,3.8,8.7,543.0,4.4,553.0,997.7,1.2,1006.2,330.3022,1005.9,14.54402,0.0,3.5,3.7,3.5,72.0,6.399722222,4.072222222,,,,,,,,,
2023-04-23 07:00:00,14,0,3.58,45.62,6.36,101.27,1.41,12.42,31.07,7.0,72.0,74.0,4.0,7.4,646.0,4.3,611.0,997.3,0.9,1005.8,335.3922,1005.5,20.40839,0.1,3.0,3.5,3.0,78.0,6.4,4.1,,,,,,,,,
2023-04-23 08:00:00,14,0,3.58,45.62,6.35,101.3,1.4,12.4,31.01,5.0,70.0,73.0,4.1,7.6,759.0,4.2,705.0,997.3,0.5,1005.8,332.3544,1005.5,92.47997,0.0,2.7,3.0,2.7,81.0,6.4,4.100555556,,,,,,,,,
2023-04-23 09:00:00,14,0,3.57,45.61,6.33,101.28,1.43,12.41,31.04,6.0,74.0,71.0,4.3,7.9,851.0,5.1,836.0,997.2,0.5,1005.7,336.113,1005.4,84.31347,0.1,2.4,2.7,2.4,83.0,6.4,4.097777778,,,,,,,,,
2023-04-23 10:00:00,14,0,3.58,45.62,6.36,101.28,1.41,12.41,31.04,4.0,92.0,77.0,3.5,8.6,920.0,4.8,924.0,997.2,0.1,1005.7,338.8168,1005.4,64.00256,0.1,2.3,2.5,2.3,87.0,6.4,4.086944444,,,,,,,,,
2023-04-23 11:00:00,14,0,3.58,45.62,6.35,101.3,1.41,12.41,31.03,7.0,94.0,83.0,2.1,8.0,1027.0,4.9,1031.0,996.9,0.4,1005.4,340.418,1005.0,96.55654,0.6,2.3,2.4,2.1,89.0,6.4,4.086111111,,,,,,,,,
2023-04-23 12:00:00,14,0,3.58,45.62,6.36,101.27,1.38,12.39,31.0,7.0,86.0,86.0,4.2,9.1,1107.0,4.2,1200.0,996.8,0.5,1005.3,343.0583,1005.0,118.9741,0.1,2.6,2.7,2.3,83.0,6.4,4.085277778,,,,,,,,,
2023-04-23 13:00:00,14,1,3.58,45.62,6.38,101.29,1.38,12.4,31.02,5.0,79.0,82.0,3.9,7.5,1248.0,4.3,1254.0,997.0,0.2,1005.5,343.6483,1005.2,92.43877,0.2,2.4,2.7,2.4,86.0,6.4,4.096944444,,,,,,,,,
2023-04-23 14:00:00,14,0,3.58,45.62,6.39,101.32,1.38,12.42,31.05,4.0,93.0,84.0,2.9,6.8,1313.0,4.0,1317.0,996.7,0.1,1005.2,342.7628,1004.9,113.5062,0.9,2.5,2.6,2.3,89.0,6.399444444,4.097777778,,,,,,,,,
2023-04-23 15:00:00,14,0,3.58,45.61,6.39,101.34,1.36,12.41,31.03,4.0,89.0,84.0,2.7,6.5,1447.0,3.4,1451.0,996.7,0.1,1005.2,346.4263,1004.9,130.395,0.2,3.1,3.1,2.5,86.0,6.4,4.0975,,,,,,,,,
2023-04-23 16:00:00,14,0,3.59,45.61,6.39,101.36,1.38,12.35,30.88,7.0,87.0,89.0,2.2,6.1,1531.0,3.2,1532.0,996.8,0.2,1005.3,347.7826,1004.9,91.54825,0.1,3.1,3.2,3.0,87.0,6.4,4.096666667,,,,,,,,,
2023-04-23 17:00:00,14,0,3.6,45.61,6.4,101.38,1.38,12.4,31.0,4.0,39.0,87.0,1.0,4.5,1611.0,2.1,1601.0,996.8,0.0,1005.3,348.8672,1005.0,45.07318,0.2,3.0,3.2,3.0,89.0,6.4,4.091944444,,,,,,,,,
2023-04-23 18:00:00,14,0,3.6,45.62,6.41,101.4,1.38,12.4,31.02,4.0,82.0,89.0,2.1,5.9,1737.0,2.4,1754.0,996.9,0.1,1005.4,345.3574,1005.1,13.40512,0.2,2.9,3.0,2.9,88.0,6.4,4.093333333,,,,,,,,,
2023-04-23 19:00:00,14,0,3.6,45.61,6.41,101.39,1.35,12.38,30.95,3.0,87.0,86.0,2.3,5.5,1805.0,2.8,1830.0,997.1,0.4,1005.6,344.4207,1005.3,3.961402,0.0,2.7,2.9,2.7,87.0,6.4,4.075833333,,,,,,,,,
2023-04-23 20:00:00,14,0,3.59,45.61,6.39,101.35,1.38,12.41,31.02,2.0,79.0,80.0,2.7,6.3,1950.0,2.8,1959.0,997.5,0.7,1006.0,343.995,1005.7,-7.818459,0.0,2.6,2.8,2.5,85.0,6.4,4.071388889,,,,,,,,,
2023-04-23 21:00:00,14,0,3.59,45.61,6.38,101.36,1.37,12.41,31.03,0.0,88.0,87.0,2.3,6.8,2029.0,3.1,2031.0,997.6,0.8,1006.1,340.7301,1005.8,-8.699751,0.0,2.4,2.6,2.4,86.0,6.4,4.041666667,,,,,,,,,
2023-04-23 22:00:00,14,0,3.6,45.6,6.39,101.39,1.35,12.41,31.03,1.0,74.0,93.0,2.0,6.2,2120.0,3.0,2129.0,997.8,0.6,1006.3,338.133,1005.9,-8.594805,0.0,2.0,2.4,2.0,89.0,6.4,4.016944444,,,,,,,,,
2023-04-23 23:00:00,14,0,3.59,45.61,6.37,101.33,1.37,12.4,31.02,2.0,44.0,63.0,1.0,4.5,2210.0,2.6,2214.0,997.8,0.3,1006.4,337.7748,1006.0,-7.684371,0.4,1.5,2.0,1.5,92.0,6.4,4.023888889,,,,,,,,,
2023-04-24 00:00:00,14,0,3.6,45.61,6.38,101.38,1.39,12.4,31.0,4.0,41.0,43.0,2.0,4.3,2357.0,2.3,2357.0,997.7,0.1,1006.3,336.4039,1005.9,-7.786882,0.8,1.2,1.5,1.0,92.0,6.4,4.013333333,,,,,,,,,
2023-04-24 01:00:00,14,1,3.59,45.61,6.39,101.38,1.38,12.4,31.02,7.0,44.0,41.0,3.5,6.7,42.0,3.8,58.0,997.6,0.2,1006.2,335.0945,1005.7,-8.43532,0.6,1.2,1.6,1.2,89.0,6.4,4.000277778,,,,,,,,,
2023-04-24 02:00:00,14,0,3.59,45.61,6.4,101.38,1.37,12.41,31.03,7.0,57.0,58.0,3.3,6.9,133.0,3.4,156.0,997.4,0.4,1006.0,333.4862,1005.6,-8.125959,0.9,1.1,1.2,1.0,90.0,6.4,3.999722222,,,,,,,,,
2023-04-24 03:00:00,14,0,3.59,45.6,6.4,101.4,1.35,12.41,31.03,7.0,43.0,63.0,1.9,6.6,231.0,3.9,236.0,997.4,0.4,1006.0,334.9401,1005.6,-8.508879,0.1,1.3,1.4,1.1,87.0,6.399722222,3.998333333,,,,,,,,,
2023-04-24 04:00:00,14,0,3.58,45.61,6.36,101.39,1.37,12.43,31.09,7.0,42.0,59.0,1.7,6.8,330.0,3.8,331.0,997.4,0.2,1006.0,336.8772,1005.6,-9.265484,0.0,1.3,1.7,1.3,87.0,6.4,3.987777778,,,,,,,,,
2023-04-24 05:00:00,14,0,3.59,45.6,6.38,101.36,1.37,12.41,31.03,3.0,67.0,62.0,2.7,7.6,440.0,4.6,448.0,997.6,0.3,1006.2,334.288,1005.8,-0.08946735,0.6,0.6,1.4,0.5,93.0,6.4,3.946111111,,,,,,,,,
2023-04-24 06:00:00,14,0,3.58,45.61,6.38,101.32,1.37,12.44,31.11,3.0,86.0,72.0,3.0,7.1,528.0,4.4,533.0,997.9,0.5,1006.5,332.1187,1006.1,19.12681,0.8,0.9,0.9,0.4,90.0,6.4,3.917222222,,,,,,,,,
2023-04-24 07:00:00,14,0,3.58,45.59,6.37,101.36,1.32,12.42,31.07,2.0,89.0,81.0,3.1,7.1,613.0,4.3,621.0,998.2,0.8,1006.8,333.3153,1006.4,46.15667,0.3,0.8,0.9,0.4,91.0,6.394444444,3.907222222,,,,,,,,,
2023-04-24 08:00:00,14,0,3.58,45.6,6.38,101.35,1.39,12.41,31.05,2.0,92.0,84.0,2.4,7.7,739.0,4.2,740.0,998.3,0.7,1006.9,338.8741,1006.4,121.0851,0.1,1.4,1.4,0.8,87.0,6.398888889,3.898611111,,,,,,,,,
2023-04-24 09:00:00,14,0,3.6,45.6,6.38,101.41,1.35,12.38,30.96,0.0,99.0,79.0,2.5,6.5,824.0,3.1,832.0,998.2,0.3,1006.7,347.8595,1006.4,206.8778,0.0,2.4,2.4,1.4,78.0,6.4,3.893888889,,,,,,,,,
2023-04-24 10:00:00,14,0,3.6,45.6,6.38,101.45,1.33,12.39,30.98,7.0,78.0,91.0,2.8,7.3,932.0,3.5,939.0,998.0,0.2,1006.5,353.2406,1006.2,235.3036,0.0,3.3,3.3,2.4,74.0,6.4,3.847777778,,,,,,,,,
2023-04-24 11:00:00,14,0,3.62,45.6,6.38,101.46,1.33,12.38,30.97,5.0,96.0,91.0,3.1,10.0,1040.0,4.2,1045.0,998.2,0.1,1006.7,332.3518,1006.4,192.86,0.0,2.7,3.7,2.5,73.0,6.4,3.818055556,,,,,,,,,
2023-04-24 12:00:00,14,0,3.64,45.6,6.37,101.5,1.31,12.34,30.87,3.0,95.0,93.0,3.4,7.2,1152.0,3.6,1156.0,998.4,0.2,1006.9,323.8171,1006.6,134.1883,0.0,2.4,2.8,2.4,75.0,6.4,3.800277778,0.0,25.0,0.029,0.29,0.004,0.0024,0.1,0.29,9.0
2023-04-24 13:00:00,14,1,3.64,45.6,6.38,101.52,1.33,12.35,30.89,2.0,93.0,90.0,4.2,8.4,1242.0,4.5,1245.0,998.5,0.4,1007.0,324.4779,1006.6,184.824,0.0,2.6,2.6,2.3,79.0,6.4,3.800277778,,,,,,,,,
2023-04-24 14:00:00,14,0,3.63,45.61,6.4,101.53,1.34,12.36,30.91,0.0,98.0,94.0,3.1,8.8,1317.0,4.8,1320.0,998.1,0.0,1006.6,320.5114,1006.3,244.403,0.0,3.0,3.1,2.5,70.0,6.4,3.798888889,,,,,,,,,
2023-04-24 15:00:00,14,0,3.63,45.6,6.37,101.5,1.32,12.39,30.98,7.0,100.0,90.0,2.4,8.4,1404.0,4.8,1412.0,998.1,0.2,1006.6,323.2335,1006.3,136.0961,0.0,3.1,3.1,2.7,71.0,6.4,3.789722222,,,,,,,,,
2023-04-24 16:00:00,14,0,3.64,45.6,6.37,101.53,1.31,12.38,30.96,5.0,88.0,97.0,3.4,9.0,1534.0,4.3,1538.0,998.3,0.2,1006.8,324.1324,1006.5,98.2086,0.0,2.7,3.1,2.7,70.0,6.4,3.781666667,,,,,,,,,
2023-04-24 17:00:00,14,0,3.64,45.6,6.37,101.54,1.29,12.36,30.91,2.0,84.0,87.0,3.2,7.0,1606.0,3.5,1606.0,998.3,0.2,1006.8,321.2378,1006.5,83.85815,0.0,2.5,2.7,2.5,73.0,6.4,3.785833333,,,,,,,,,
2023-04-24 18:00:00,14,0,3.64,45.6,6.34,101.53,1.33,12.35,30.87,2.0,88.0,92.0,2.7,8.0,1744.0,4.0,1750.0,998.4,0.3,1006.9,316.5321,1006.6,51.27572,0.0,2.3,2.5,2.3,70.0,6.4,3.768611111,,,,,,,,,
2023-04-24 19:00:00,14,0,3.64,45.61,6.34,101.53,1.31,12.38,30.96,2.0,75.0,83.0,2.5,7.9,1845.0,3.7,1839.0,998.7,0.4,1007.2,313.037,1006.9,15.76213,0.0,2.1,2.3,2.1,73.0,6.4,3.775555556,,,,,,,,,
2023-04-24 20:00:00,14,0,3.63,45.6,6.37,101.53,1.31,12.37,30.92,2.0,90.0,82.0,2.8,5.5,1944.0,3.0,1917.0,998.9,0.6,1007.5,316.2214,1007.1,-5.140231,0.0,1.9,2.1,1.9,75.0,6.4,3.778611111,,,,,,,,,
2023-04-24 21:00:00,14,0,3.63,45.6,6.4,101.56,1.32,12.38,30.96,2.0,92.0,88.0,1.8,5.1,2046.0,2.7,2003.0,999.0,0.6,1007.6,316.1393,1007.2,-8.464266,0.0,1.8,1.9,1.8,76.0,6.4,3.785,,,,,,,,,
2023-04-24 22:00:00,14,0,3.62,45.6,6.36,101.52,1.31,12.4,31.0,0.0,78.0,88.0,2.1,4.9,2143.0,2.6,2149.0,998.9,0.2,1007.5,319.3398,1007.1,-8.336402,0.0,1.5,1.8,1.5,79.0,6.4,3.789166667,,,,,,,,,
2023-04-24 23:00:00,14,0,3.65,45.61,6.38,101.59,1.31,12.38,30.96,4.0,79.0,93.0,1.5,4.3,2246.0,2.4,2206.0,999.0,0.1,1007.6,315.4024,1007.2,-8.662418,0.0,1.5,1.6,1.5,79.0,6.4,3.790555556,,,,,,,,,
2023-04-25 00:00:00,14,0,3.64,45.6,6.4,101.57,1.32,12.4,31.0,7.0,82.0,84.0,2.0,4.7,2358.0,2.1,2339.0,998.6,0.3,1007.2,306.5387,1006.8,-8.95721,0.0,1.5,1.6,1.4,79.0,6.4,3.783888889,,,,,,,,,
2023-04-25 01:00:00,14,1,3.64,45.6,6.4,101.56,1.31,12.4,30.99,7.0,81.0,77.0,1.8,5.2,14.0,2.1,34.0,998.6,0.3,1007.2,307.2345,1006.8,-8.979635,0.0,1.6,1.6,1.5,79.0,6.4,3.779444444,,,,,,,,,
2023-04-25 02:00:00,14,0,3.64,45.61,6.39,101.55,1.3,12.39,30.98,6.0,342.0,74.0,0.4,3.1,123.0,1.7,101.0,998.6,0.4,1007.2,297.4946,1006.8,-9.892839,0.0,1.0,1.6,1.0,82.0,6.4,3.775,,,,,,,,,
2023-04-25 03:00:00,14,0,3.63,45.6,6.39,101.58,1.33,12.38,30.97,7.0,83.0,83.0,1.1,2.7,258.0,1.1,300.0,998.4,0.2,1007.0,305.9148,1006.6,-9.739717,0.0,1.2,1.2,1.0,82.0,6.4,3.7725,,,,,,,,,
2023-04-25 04:00:00,14,0,3.66,45.6,6.39,101.63,1.33,12.39,30.97,7.0,44.0,57.0,1.5,3.7,344.0,2.1,339.0,998.4,0.2,1007.0,306.604,1006.6,-6.492274,0.0,0.7,1.3,0.7,89.0,6.4,3.755277778,,,,,,,,,
2023-04-25 05:00:00,14,0,3.62,45.61,6.39,101.52,1.26,12.39,30.98,5.0,40.0,39.0,1.5,3.4,452.0,1.7,455.0,998.6,0.0,1007.2,279.7468,1006.8,10.80837,0.0,0.7,0.8,0.7,89.0,6.4,3.744444444,,,,,,,,,
2023-04-25 06:00:00,14,0,3.65,45.6,6.39,101.62,1.31,12.36,30.91,2.0,118.0,38.0,0.5,2.2,501.0,1.5,501.0,998.6,0.1,1007.2,267.2715,1006.8,61.79507,0.0,1.5,1.5,0.7,83.0,6.4,3.73,,,,,,,,,
2023-04-25 07:00:00,14,0,3.66,45.6,6.4,101.64,1.29,12.35,30.89,0.0,110.0,141.0,0.9,2.8,651.0,1.4,652.0,998.5,0.1,1007.0,282.2618,1006.7,191.983,0.0,2.6,2.9,1.5,75.0,6.4,3.735,,,,,,,,,
2023-04-25 08:00:00,14,0,3.64,45.6,6.4,101.66,1.32,12.38,30.96,7.0,130.0,130.0,1.8,3.6,756.0,1.8,800.0,998.4,0.1,1006.9,312.0723,1006.6,138.1168,0.0,3.1,3.1,2.6,71.0,6.399722222,3.720277778,,,,,,,,,
2023-04-25 09:00:00,14,0,3.65,45.6,6.4,101.66,1.28,12.34,30.87,7.0,88.0,104.0,2.4,5.5,817.0,3.0,826.0,998.4,0.3,1006.9,299.8536,1006.6,242.9339,0.0,3.4,4.0,3.1,63.0,6.4,3.732777778,,,,,,,,,
2023-04-25 10:00:00,14,0,3.67,45.6,6.4,101.72,1.28,12.31,30.79,3.0,106.0,90.0,2.4,6.3,902.0,3.0,911.0,998.9,0.4,1007.4,324.4793,1007.1,154.9017,0.0,2.4,3.5,2.4,81.0,6.4,3.741388889,,,,,,,,,
2023-04-25 11:00:00,14,0,3.69,45.6,6.39,101.73,1.32,12.34,30.85,0.0,152.0,97.0,1.3,4.9,1004.0,2.8,1006.0,998.8,0.3,1007.3,298.6141,1007.0,469.2495,0.1,3.6,4.8,2.4,66.0,6.399444444,3.752222222,,,,,,,,,
2023-04-25 12:00:00,14,0,3.7,45.6,6.4,101.77,1.28,12.29,30.72,1.0,99.0,147.0,0.9,4.5,1103.0,2.1,1111.0,998.9,0.5,1007.4,340.9878,1007.1,162.6635,1.5,2.2,3.6,0.6,86.0,6.4,3.742222222,,,,,,,,,
2023-04-25 13:00:00,14,1,3.71,45.6,6.4,101.82,1.28,12.28,30.7,3.0,113.0,84.0,1.0,3.3,1226.0,2.2,1234.0,999.0,0.2,1007.5,352.1088,1007.2,243.6006,0.6,2.7,2.7,1.1,85.0,6.4,3.741944444,,,,,,,,,
2023-04-25 14:00:00,14,0,3.73,45.59,6.41,101.87,1.28,12.27,30.68,0.0,98.0,112.0,1.5,5.6,1331.0,2.1,1340.0,999.0,0.3,1007.5,361.1086,1007.2,268.6747,0.1,2.8,3.6,2.4,82.0,6.4,3.735277778,,,,,,,,,
2023-04-25 15:00:00,14,0,3.74,45.59,6.42,101.89,1.33,12.25,30.63,0.0,148.0,177.0,1.3,4.0,1440.0,1.7,1448.0,998.9,0.0,1007.4,357.9182,1007.1,174.5173,0.0,3.3,3.6,2.8,76.0,6.4,3.7325,,,,,,,,,
2023-04-25 16:00:00,14,0,3.78,45.58,6.4,101.96,1.29,12.22,30.54,3.0,190.0,212.0,0.7,5.8,1514.0,2.7,1514.0,999.4,0.4,1008.0,341.3541,1007.6,80.6777,0.3,1.7,3.3,1.7,87.0,6.4,3.725833333,,,,,,,,,
2023-04-25 17:00:00,14,0,3.73,45.6,6.37,101.86,1.27,12.26,30.66,0.0,254.0,241.0,0.8,3.0,1641.0,1.1,1650.0,999.3,0.3,1007.8,344.9262,1007.5,82.62451,0.1,2.1,2.2,1.7,88.0,6.4,3.725,,,,,,,,,
2023-04-25 18:00:00,14,0,3.75,45.58,6.39,101.92,1.28,12.23,30.58,1.0,119.0,221.0,0.4,3.9,1705.0,1.7,1713.0,999.6,0.7,1008.2,339.5421,1007.8,25.48827,0.5,1.3,2.2,1.3,91.0,6.4,3.721388889,,,,,,,,,
2023-04-25 19:00:00,14,0,3.74,45.58,6.4,101.84,1.29,12.29,30.73,3.0,265.0,270.0,0.6,1.9,1840.0,1.0,1849.0,999.9,0.5,1008.5,333.9688,1008.1,6.228637,0.4,0.7,1.3,0.7,92.0,6.4,3.720555556,,,,,,,,,
2023-04-25 20:00:00,14,0,3.75,45.58,6.39,101.89,1.27,12.25,30.64,2.0,356.0,342.0,0.1,1.4,1925.0,0.6,1943.0,1000.1,0.8,1008.7,333.0968,1008.3,-9.753417,1.5,0.6,0.7,0.5,95.0,6.4,3.721944444,,,,,,,,,
2023-04-25 21:00:00,14,0,3.64,45.6,6.39,101.65,1.26,12.37,30.94,0.0,265.0,265.0,0.7,1.9,2059.0,0.7,2100.0,999.9,0.4,1008.5,328.1928,1008.1,-10.59288,0.3,0.5,0.6,0.5,95.0,6.4,3.720833333,,,,,,,,,
2023-04-25 22:00:00,14,0,3.64,45.59,6.4,101.57,1.27,12.29,30.74,2.0,266.0,247.0,1.1,3.2,2144.0,1.4,2152.0,1000.1,0.2,1008.7,329.4755,1008.3,-9.950104,0.3,0.7,0.7,0.5,94.0,6.4,3.729444444,,,,,,,,,
2023-04-25 23:00:00,14,0,3.61,45.6,6.41,101.57,1.31,12.36,30.9,4.0,321.0,254.0,0.6,2.3,2210.0,1.2,2206.0,1000.1,0.0,1008.7,327.8809,1008.3,-9.772673,0.0,0.6,0.8,0.6,95.0,6.4,3.725833333,,,,,,,,,
2023-04-26 00:00:00,14,0,3.62,45.6,6.41,101.63,1.24,12.36,30.91,2.0,229.0,242.0,0.6,2.1,2310.0,1.0,2316.0,1000.3,0.4,1008.9,326.4986,1008.5,-11.28701,0.2,0.3,0.6,0.3,95.0,6.4,3.710555556,,,,,,,,,
2023-04-26 01:00:00,14,1,3.62,45.6,6.41,101.6,1.25,12.36,30.92,0.0,245.0,249.0,0.7,1.6,52.0,0.8,55.0,1000.2,0.2,1008.8,325.6552,1008.4,-10.93222,1.8,0.3,0.3,0.2,95.0,6.4,3.719722222,,,,,,,,,
2023-04-26 02:00:00,14,0,3.61,45.61,6.41,101.57,1.26,12.37,30.94,0.0,343.0,343.0,0.6,1.9,129.0,1.0,154.0,1000.1,0.0,1008.7,328.6747,1008.3,-11.23464,0.6,0.4,0.4,0.2,96.0,6.4,3.733055556,,,,,,,,,
2023-04-26 03:00:00,14,0,3.62,45.59,6.41,101.57,1.27,12.37,30.95,7.0,296.0,301.0,0.7,2.1,239.0,0.9,245.0,999.9,0.4,1008.5,317.6723,1008.1,-8.503715,1.3,0.4,0.4,0.3,96.0,6.4,3.735555556,,,,,,,,,
2023-04-26 04:00:00,14,0,3.59,45.58,6.41,101.53,1.27,12.38,30.97,7.0,24.0,33.0,0.5,1.9,318.0,1.1,323.0,999.8,0.5,1008.4,330.0597,1008.0,-7.87669,1.3,0.2,0.4,0.2,96.0,6.4,3.729444444,,,,,,,,,
2023-04-26 05:00:00,14,0,3.59,45.6,6.41,101.51,1.28,12.36,30.92,5.0,298.0,261.0,0.4,1.7,441.0,0.9,444.0,1000.0,0.2,1008.6,332.955,1008.2,15.25852,0.0,0.4,0.4,0.2,96.0,6.4,3.731388889,,,,,,,,,
2023-04-26 06:00:00,14,0,3.6,45.6,6.41,101.52,1.25,12.32,30.8,4.0,263.0,264.0,1.3,3.4,559.0,1.4,538.0,999.9,0.1,1008.5,334.0033,1008.1,35.21095,0.2,0.7,0.8,0.4,95.0,6.4,3.746388889,,,,,,,,,
2023-04-26 07:00:00,14,0,3.55,45.58,6.41,101.43,1.26,12.35,30.87,0.0,280.0,267.0,0.7,4.4,619.0,1.9,620.0,999.8,0.0,1008.4,338.5568,1008.0,73.73511,0.2,1.8,1.8,0.7,94.0,6.4,3.736111111,,,,,,,,,
2023-04-26 08:00:00,14,0,3.49,45.58,6.4,101.27,1.26,12.37,30.92,7.0,205.0,205.0,2.9,5.0,756.0,2.9,800.0,999.8,0.2,1008.3,352.5391,1008.0,297.7927,0.0,3.1,3.2,1.8,78.0,6.4,3.746944444,,,,,,,,,
2023-04-26 09:00:00,14,0,3.5,45.58,6.4,101.3,1.26,12.35,30.88,5.0,235.0,206.0,1.6,5.7,809.0,3.4,816.0,1000.0,0.1,1008.6,319.8163,1008.2,301.8047,0.3,1.6,3.8,1.6,81.0,6.398888889,3.747222222,,,,,,,,,
2023-04-26 10:00:00,14,0,3.57,45.59,6.39,101.48,1.24,12.36,30.91,3.0,230.0,229.0,1.5,4.9,949.0,1.8,901.0,1000.1,0.3,1008.7,340.3634,1008.3,91.03271,1.1,1.7,1.8,0.9,91.0,6.4,3.741944444,,,,,,,,,
2023-04-26 11:00:00,14,0,3.62,45.6,6.38,101.63,1.22,12.35,30.88,0.0,202.0,203.0,3.2,6.0,1008.0,3.6,1017.0,999.9,0.2,1008.4,360.1994,1008.1,472.9121,0.0,3.9,3.9,1.7,78.0,6.4,3.750277778,,,,,,,,,
2023-04-26 12:00:00,14,0,3.6,45.6,6.38,101.57,1.26,12.33,30.83,2.0,229.0,201.0,1.5,7.0,1111.0,3.9,1111.0,1000.1,0.2,1008.7,340.2971,1008.3,186.7783,0.3,1.6,4.1,1.6,86.0,6.4,3.751944444,,,,,,,,,
2023-04-26 13:00:00,14,1,3.62,45.6,6.4,101.62,1.24,12.3,30.77,7.0,221.0,214.0,2.1,7.7,1242.0,3.5,1249.0,999.9,0.1,1008.4,354.7007,1008.1,313.6718,1.1,3.5,4.2,1.6,71.0,6.4,3.7525,,,,,,,,,
2023-04-26 14:00:00,14,0,3.64,45.59,6.41,101.67,1.22,12.28,30.71,2.0,210.0,207.0,3.1,6.6,1346.0,3.5,1338.0,1000.0,0.1,1008.5,326.0076,1008.2,283.8432,0.0,4.2,4.7,3.5,66.0,6.4,3.761388889,,,,,,,,,
2023-04-26 15:00:00,14,0,3.65,45.59,6.4,101.68,1.23,12.33,30.82,5.0,216.0,214.0,2.6,6.9,1445.0,3.4,1447.0,1000.2,0.0,1008.7,318.9246,1008.4,212.1422,0.0,4.0,4.3,3.6,73.0,6.396944444,3.754722222,,,,,,,,,
2023-04-26 16:00:00,14,0,3.67,45.59,6.38,101.75,1.25,12.3,30.75,2.0,220.0,213.0,3.4,7.4,1508.0,3.7,1529.0,1000.3,0.4,1008.9,319.2717,1008.5,162.0066,0.1,1.9,4.0,1.9,86.0,6.4,3.7575,,,,,,,,,
2023-04-26 17:00:00,14,0,3.69,45.59,6.38,101.82,1.24,12.28,30.71,0.0,214.0,206.0,1.7,7.0,1604.0,3.8,1611.0,1000.1,0.1,1008.7,339.6899,1008.3,44.72798,0.3,1.8,1.9,1.5,93.0,6.4,3.7675,,,,,,,,,
2023-04-26 18:00:00,14,0,3.67,45.59,6.38,101.74,1.21,12.31,30.79,3.0,266.0,252.0,0.9,5.5,1738.0,2.5,1746.0,1000.2,0.1,1008.8,333.1766,1008.5,8.739705,1.3,0.7,1.8,0.7,94.0,6.4,3.765833333,,,,,,,,,
2023-04-26 19:00:00,14,0,3.67,45.6,6.4,101.74,1.24,12.32,30.81,3.0,268.0,268.0,1.6,3.1,1848.0,1.6,1900.0,1000.6,0.3,1009.2,330.2234,1008.8,-1.689662,3.4,0.5,0.7,0.5,95.0,6.4,3.766111111,,,,,,,,,
2023-04-26 20:00:00,14,0,3.66,45.59,6.35,101.74,1.27,12.33,30.83,3.0,258.0,256.0,1.3,3.6,1905.0,1.6,1908.0,1000.7,0.7,1009.3,331.3202,1008.9,-8.219473,2.4,0.5,0.6,0.4,96.0,6.4,3.759444444,,,,,,,,,
2023-04-26 21:00:00,14,0,3.64,45.59,6.4,101.67,1.26,12.33,30.84,2.0,284.0,257.0,0.9,3.3,2020.0,1.7,2029.0,1001.3,1.0,1009.9,333.0388,1009.5,-7.761082,1.7,0.8,0.9,0.5,96.0,6.4,3.757222222,,,,,,,,,
2023-04-26 22:00:00,14,0,3.64,45.57,6.4,101.65,1.28,12.31,30.79,2.0,308.0,278.0,1.1,2.9,2118.0,1.6,2144.0,1001.5,1.0,1010.1,336.2882,1009.8,-7.78149,0.2,0.9,1.0,0.8,96.0,6.4,3.756666667,,,,,,,,,
2023-04-26 23:00:00,14,0,3.64,45.58,6.4,101.67,1.25,12.33,30.83,3.0,333.0,300.0,1.1,3.3,2241.0,1.5,2246.0,1002.0,1.4,1010.6,336.6871,1010.2,-9.845419,0.1,0.8,1.1,0.8,95.0,6.4,3.760833333,,,,,,,,,
2023-04-27 00:00:00,14,0,3.64,45.58,6.39,101.71,1.23,12.34,30.87,1.0,289.0,287.0,1.0,2.7,2339.0,1.4,2345.0,1002.0,0.7,1010.6,336.7545,1010.3,-9.62011,1.9,0.9,1.0,0.7,96.0,6.4,3.758888889,,,,,,,,,
2023-04-27 01:00:00,14,1,3.65,45.58,6.4,101.7,1.23,12.34,30.86,2.0,296.0,285.0,1.1,3.1,32.0,1.5,52.0,1002.4,0.9,1011.0,336.0942,1010.7,-10.0977,1.7,1.0,1.2,0.9,95.0,6.4,3.775555556,,,,,,,,,
2023-04-27 02:00:00,14,0,3.66,45.59,6.41,101.7,1.23,12.34,30.85,3.0,281.0,281.0,1.5,2.8,151.0,1.5,200.0,1002.7,0.7,1011.3,336.4975,1010.9,-9.771754,0.2,1.1,1.2,1.0,94.0,6.4,3.775,,,,,,,,,
2023-04-27 03:00:00,14,0,3.64,45.6,6.4,101.65,1.25,12.28,30.71,1.0,287.0,287.0,1.5,3.3,238.0,1.5,300.0,1002.8,0.8,1011.4,335.3703,1011.0,-9.757277,0.0,1.1,1.2,1.1,94.0,6.4,3.779166667,,,,,,,,,
2023-04-27 04:00:00,14,0,3.64,45.58,6.41,101.66,1.22,12.32,30.81,2.0,294.0,281.0,1.3,3.9,342.0,1.6,303.0,1003.0,0.6,1011.6,334.5098,1011.2,-7.35946,0.3,1.2,1.2,1.0,94.0,6.4,3.797222222,,,,,,,,,
2023-04-27 05:00:00,14,0,3.62,45.58,6.4,101.63,1.23,12.36,30.9,3.0,259.0,229.0,0.9,3.3,448.0,1.3,457.0,1003.3,0.7,1011.9,338.1898,1011.6,0.00478345,0.7,1.4,1.6,1.2,93.0,6.4,3.799444444,,,,,,,,,
2023-04-27 06:00:00,14,0,3.62,45.6,6.39,101.61,1.21,12.37,30.93,3.0,271.0,225.0,1.4,6.9,541.0,2.1,550.0,1003.7,1.0,1012.3,337.6103,1012.0,16.31036,2.4,0.8,1.6,0.8,94.0,6.4,3.799722222,,,,,,,,,
2023-04-27 07:00:00,14,0,3.63,45.6,6.35,101.68,1.25,12.36,30.91,2.0,283.0,246.0,1.2,3.7,630.0,1.9,633.0,1004.1,1.0,1012.7,337.1662,1012.3,50.19985,0.6,1.6,1.6,0.8,94.0,6.4,3.799166667,,,,,,,,,
2023-04-27 08:00:00,14,0,3.61,45.59,6.4,101.61,1.23,12.36,30.91,2.0,302.0,228.0,0.9,3.2,746.0,1.7,748.0,1004.4,1.0,1013.0,343.7729,1012.6,57.83235,0.2,2.0,2.0,1.6,93.0,6.398888889,3.799722222,,,,,,,,,
2023-04-27 09:00:00,14,0,3.61,45.59,6.4,101.63,1.21,12.35,30.89,2.0,203.0,203.0,1.8,5.0,849.0,2.0,858.0,1004.6,1.0,1013.1,366.4435,1012.9,387.3084,0.1,5.6,5.6,2.0,63.0,6.398888889,3.8,,,,,,,,,
2023-04-27 10:00:00,14,0,3.62,45.58,6.4,101.63,1.24,12.33,30.83,2.0,283.0,327.0,0.7,5.7,927.0,2.0,936.0,1005.1,1.0,1013.6,344.6431,1013.3,285.5233,0.5,4.4,6.1,3.5,77.0,6.398055556,3.800555556,,,,,,,,,
2023-04-27 11:00:00,14,0,3.67,45.58,6.41,101.81,1.21,12.28,30.71,2.0,220.0,215.0,3.1,8.6,1052.0,3.4,1055.0,1005.2,0.9,1013.7,343.6025,1013.4,483.9939,0.0,5.5,6.6,4.3,65.0,6.399722222,3.800277778,,,,,,,,,
2023-04-27 12:00:00,14,0,3.69,45.58,6.38,101.85,1.22,12.25,30.64,3.0,182.0,211.0,1.2,7.2,1105.0,3.7,1113.0,1005.8,1.2,1014.3,343.58,1014.1,315.174,0.1,5.0,6.3,3.8,73.0,6.396944444,3.800277778,,,,,,,,,
2023-04-27 13:00:00,14,1,3.7,45.58,6.4,101.85,1.23,12.28,30.72,3.0,245.0,213.0,2.1,6.9,1256.0,2.3,1245.0,1006.3,1.2,1014.8,327.3682,1014.6,285.2211,0.0,5.8,6.1,5.0,69.0,6.4,3.8,,,,,,,,,
2023-04-27 14:00:00,14,0,3.7,45.59,6.41,101.85,1.24,12.31,30.79,2.0,230.0,217.0,1.8,6.8,1303.0,3.0,1313.0,1006.9,1.7,1015.4,330.1835,1015.1,293.5378,0.0,5.1,6.2,4.9,74.0,6.4,3.8,,,,,,,,,
2023-04-27 15:00:00,14,0,3.75,45.58,6.36,101.99,1.22,12.24,30.6,2.0,212.0,215.0,2.3,9.1,1436.0,3.6,1436.0,1007.2,1.5,1015.7,331.7173,1015.5,224.7171,0.0,4.7,5.5,3.9,75.0,6.4,3.8,,,,,,,,,
2023-04-27 16:00:00,14,0,3.73,45.59,6.35,101.93,1.24,12.26,30.67,2.0,205.0,224.0,1.3,3.9,1558.0,2.2,1502.0,1007.9,1.5,1016.5,330.6717,1016.1,105.5764,0.1,3.7,4.7,3.6,80.0,6.4,3.800277778,,,,,,,,,
2023-04-27 17:00:00,14,0,3.75,45.6,6.35,102.05,1.19,12.28,30.69,2.0,97.0,206.0,1.3,10.8,1630.0,2.6,1639.0,1008.4,1.6,1017.0,337.0915,1016.7,46.44361,0.5,2.0,3.9,1.9,89.0,6.4,3.800277778,,,,,,,,,
2023-04-27 18:00:00,14,0,3.73,45.59,6.36,101.95,1.24,12.31,30.78,1.0,282.0,111.0,0.8,2.4,1707.0,1.2,1702.0,1008.6,1.3,1017.2,348.1409,1016.9,73.27192,0.0,2.6,2.7,2.0,87.0,6.4,3.800277778,,,,,,,,,
2023-04-27 19:00:00,14,0,3.71,45.59,6.4,101.9,1.23,12.33,30.82,1.0,316.0,280.0,0.8,1.5,1802.0,0.9,1802.0,1008.9,1.0,1017.6,320.3678,1017.1,29.14631,0.0,1.4,2.7,1.4,91.0,6.399722222,3.799722222,,,,,,,,,
2023-04-27 20:00:00,14,0,3.7,45.58,6.41,101.9,1.24,12.29,30.73,0.0,351.0,220.0,1.1,5.2,1923.0,2.6,1924.0,1009.3,0.9,1018.0,322.8521,1017.6,-7.844918,0.4,0.9,2.0,0.9,92.0,6.397777778,3.8,,,,,,,,,
2023-04-27 21:00:00,14,0,3.7,45.59,6.41,101.93,1.19,12.29,30.74,1.0,320.0,306.0,0.9,1.7,2044.0,1.0,2047.0,1009.5,1.0,1018.2,332.711,1017.8,-11.28452,0.0,0.3,0.9,0.3,94.0,6.399444444,3.8,,,,,,,,,
2023-04-27 22:00:00,14,0,3.7,45.58,6.39,101.92,1.27,12.32,30.82,1.0,0.0,303.0,0.7,2.5,2136.0,1.0,2142.0,1009.6,0.8,1018.3,332.6521,1017.9,-11.0754,0.0,0.2,0.4,0.2,92.0,6.4,3.8,,,,,,,,,
2023-04-27 23:00:00,14,0,3.7,45.58,6.41,101.87,1.21,12.32,30.81,2.0,336.0,292.0,0.4,2.9,2217.0,1.2,2232.0,1009.7,0.4,1018.4,329.8533,1018.0,-9.957637,0.1,-0.1,0.6,-0.1,93.0,6.399166667,3.799444444,,,,,,,,,
2023-04-28 00:00:00,14,0,3.7,45.59,6.41,101.89,1.24,12.3,30.77,2.0,343.0,344.0,0.8,1.7,2350.0,0.9,2359.0,1009.7,0.2,1018.4,309.7398,1018.0,-10.80969,0.0,-0.2,-0.1,-0.3,94.0,6.4,3.799166667,,,,,,,,,
2023-04-28 01:00:00,14,1,3.69,45.58,6.42,101.85,1.22,12.3,30.78,2.0,351.0,351.0,1.0,1.9,43.0,1.1,59.0,1009.7,0.1,1018.4,285.7147,1018.0,-10.66575,0.0,-0.4,-0.1,-0.5,93.0,6.4,3.8,,,,,,,,,
2023-04-28 02:00:00,14,0,3.68,45.58,6.42,101.82,1.2,12.31,30.78,7.0,6.0,8.0,1.4,2.9,156.0,1.6,156.0,1009.5,0.2,1018.2,249.102,1017.8,-10.82895,0.0,-0.4,-0.4,-0.6,92.0,6.398611111,3.803333333,,,,,,,,,
2023-04-28 03:00:00,14,0,3.67,45.59,6.42,101.82,1.22,12.23,30.58,7.0,11.0,8.0,1.2,2.3,258.0,1.3,259.0,1009.5,0.1,1018.2,234.9657,1017.8,-11.12812,0.0,-0.6,-0.3,-0.7,91.0,6.398055556,3.83,,,,,,,,,
2023-04-28 04:00:00,14,0,3.68,45.59,6.42,101.87,1.21,12.35,30.88,7.0,12.0,25.0,1.2,2.7,358.0,1.3,307.0,1009.2,0.5,1017.9,233.7496,1017.5,-6.541182,0.0,-0.6,-0.4,-0.7,89.0,6.396111111,3.841666667,,,,,,,,,
2023-04-28 05:00:00,14,0,3.63,45.59,6.42,101.75,1.21,12.3,30.77,8.0,13.0,13.0,1.9,4.2,459.0,1.9,500.0,1008.9,0.6,1017.6,233.6769,1017.2,33.63222,0.0,0.9,0.9,-0.6,80.0,6.4,3.843333333,,,,,,,,,
2023-04-28 06:00:00,14,0,3.69,45.6,6.42,101.88,1.19,12.29,30.72,7.0,54.0,10.0,2.0,4.5,513.0,2.3,506.0,1008.7,0.8,1017.3,235.7965,1017.0,177.8622,0.0,2.0,2.0,0.9,73.0,6.399722222,3.845833333,,,,,,,,,
2023-04-28 07:00:00,14,0,3.65,45.61,6.42,101.79,1.2,12.29,30.72,7.0,53.0,53.0,3.3,5.1,640.0,3.3,700.0,1008.5,0.7,1017.1,237.894,1016.8,304.8895,0.0,2.8,2.9,2.0,69.0,6.4,3.851388889,,,,,,,,,
2023-04-28 08:00:00,14,0,3.67,45.6,6.43,101.8,1.23,12.32,30.8,7.0,74.0,52.0,2.4,5.2,708.0,3.3,701.0,1008.3,0.5,1016.9,242.2022,1016.6,437.9541,0.0,4.7,4.8,2.8,67.0,6.4,3.848055556,,,,,,,,,
2023-04-28 09:00:00,14,0,3.62,45.6,6.43,101.77,1.17,12.24,30.6,7.0,109.0,110.0,2.0,4.8,843.0,2.5,845.0,1008.2,0.5,1016.7,247.4785,1016.5,555.0327,0.0,5.8,6.0,4.5,57.0,6.399722222,3.856111111,,,,,,,,,
2023-04-28 10:00:00,14,0,3.64,45.6,6.42,101.8,1.2,12.31,30.79,7.0,108.0,108.0,2.3,4.1,944.0,2.3,1000.0,1007.8,0.6,1016.3,251.7264,1016.1,646.1495,0.0,6.4,6.9,5.7,54.0,6.395833333,3.87,,,,,,,,,
2023-04-28 11:00:00,14,0,3.68,45.6,6.42,101.91,1.18,12.31,30.78,7.0,140.0,111.0,2.2,3.6,1058.0,2.5,1007.0,1007.6,0.7,1016.1,256.8541,1015.9,679.5273,0.1,6.8,7.9,6.4,45.0,6.4,3.873888889,,,,,,,,,
2023-04-28 12:00:00,14,0,3.72,45.57,6.42,101.97,1.2,12.26,30.65,7.0,151.0,147.0,1.8,3.8,1109.0,2.2,1105.0,1007.4,0.8,1015.9,256.1825,1015.7,722.9981,0.1,7.5,7.9,6.8,36.0,6.4,3.895833333,,,,,,,,,
2023-04-28 13:00:00,14,1,3.71,45.58,6.42,101.91,1.2,12.3,30.77,7.0,201.0,191.0,1.9,3.7,1209.0,2.1,1239.0,1007.1,0.7,1015.5,258.568,1015.4,686.4686,0.1,8.4,8.8,7.5,30.0,6.399722222,3.898888889,,,,,,,,,
2023-04-28 14:00:00,14,0,3.7,45.59,6.41,101.85,1.2,12.35,30.89,7.0,200.0,195.0,1.7,3.9,1318.0,2.4,1318.0,1006.8,0.8,1015.2,256.7956,1015.1,631.3892,0.0,8.3,9.1,8.0,27.0,6.394722222,3.899444444,,,,,,,,,
2023-04-28 15:00:00,14,0,3.75,45.6,6.41,102.06,1.17,12.3,30.74,7.0,218.0,182.0,1.4,3.8,1412.0,2.1,1418.0,1006.3,1.1,1014.7,267.6235,1014.6,472.6301,0.0,8.0,8.9,7.8,30.0,6.396111111,3.898611111,,,,,,,,,
2023-04-28 16:00:00,14,0,3.77,45.59,6.43,102.23,1.19,12.23,30.57,7.0,207.0,206.0,1.1,3.5,1503.0,1.3,1547.0,1005.8,1.3,1014.2,290.328,1014.1,242.4612,0.0,7.3,8.3,7.2,35.0,6.394722222,3.899166667,,,,,,,,,
2023-04-28 17:00:00,14,0,3.76,45.57,6.42,102.05,1.19,12.3,30.74,7.0,238.0,211.0,1.3,3.2,1655.0,1.6,1619.0,1005.5,1.3,1014.0,303.8903,1013.8,145.6269,0.0,6.5,7.4,6.5,46.0,6.389444444,3.899722222,,,,,,,,,
2023-04-28 18:00:00,14,0,3.72,45.6,6.41,101.96,1.17,12.32,30.8,7.0,277.0,265.0,0.8,2.7,1702.0,1.2,1745.0,1005.3,1.0,1013.8,285.0222,1013.6,64.11129,0.0,5.1,6.5,5.1,58.0,6.366944444,3.899722222,,,,,,,,,
2023-04-28 19:00:00,14,0,3.72,45.62,6.41,101.9,1.18,12.34,30.85,7.0,28.0,280.0,0.6,1.7,1804.0,0.8,1820.0,1004.8,1.0,1013.3,279.0703,1013.1,29.20839,0.0,3.9,5.1,3.9,68.0,6.386666667,3.897777778,,,,,,,,,
2023-04-28 20:00:00,14,0,3.73,45.62,6.41,102.03,1.17,12.3,30.75,7.0,314.0,335.0,0.6,1.5,1910.0,0.8,1915.0,1004.4,1.1,1013.0,283.2897,1012.7,-5.076338,0.0,2.9,3.9,2.9,72.0,6.379444444,3.895833333,,,,,,,,,
2023-04-28 21:00:00,14,0,3.74,45.6,6.41,102.04,1.21,12.26,30.65,7.0,302.0,322.0,0.5,1.6,2019.0,0.8,2028.0,1003.8,1.5,1012.4,302.0591,1012.0,-10.14603,0.0,2.9,2.9,2.8,72.0,6.3975,3.883611111,,,,,,,,,
2023-04-28 22:00:00,14,0,3.73,45.61,6.41,102.01,1.17,12.26,30.64,7.0,343.0,343.0,0.8,1.3,2159.0,0.8,2200.0,1003.1,1.7,1011.7,313.7404,1011.3,-9.927321,0.0,2.8,2.9,2.5,72.0,6.379444444,3.870833333,,,,,,,,,
2023-04-28 23:00:00,14,0,3.72,45.6,6.41,101.96,1.18,12.29,30.73,7.0,26.0,26.0,1.1,2.1,2256.0,1.1,2300.0,1002.3,2.1,1010.8,316.229,1010.5,-10.2232,0.0,3.0,3.1,2.7,68.0,6.385,3.8625,,,,,,,,,
2023-04-29 00:00:00,14,0,3.74,45.61,6.41,102.04,1.17,12.3,30.75,7.0,321.0,38.0,0.6,2.0,2302.0,1.2,2305.0,1001.5,2.3,1010.0,320.7817,1009.7,-9.980135,0.0,3.0,3.3,2.9,71.0,6.393611111,3.851944444,,,,,,,,,
2023-04-29 01:00:00,14,1,3.74,45.6,6.41,102.02,1.19,12.32,30.8,7.0,227.0,336.0,0.6,1.1,59.0,0.7,35.0,1000.8,2.3,1009.3,320.9027,1009.0,-9.797928,0.0,2.6,3.0,2.6,78.0,6.396388889,3.839722222,,,,,,,,,
2023-04-29 02:00:00,14,0,3.73,45.6,6.41,102.0,1.21,12.34,30.85,6.0,7.0,349.0,0.5,1.5,151.0,0.8,145.0,1000.4,1.9,1008.9,318.4023,1008.6,-9.749426,0.0,2.6,2.7,2.4,75.0,6.3675,3.846111111,,,,,,,,,
2023-04-29 03:00:00,14,0,3.72,45.61,6.41,101.97,1.2,12.31,30.78,6.0,6.0,51.0,0.8,3.7,245.0,2.0,251.0,1000.3,1.2,1008.8,318.291,1008.6,-9.533672,0.0,3.0,3.1,2.3,68.0,6.386388889,3.849722222,,,,,,,,,
2023-04-29 04:00:00,14,0,3.71,45.61,6.41,101.96,1.19,12.35,30.89,5.0,343.0,54.0,0.6,2.2,317.0,1.1,318.0,1000.9,0.0,1009.5,325.8541,1009.1,-9.381261,0.0,2.4,3.0,2.4,73.0,6.397222222,3.844444444,,,,,,,,,
2023-04-29 05:00:00,14,0,3.72,45.61,6.41,101.98,1.16,12.31,30.79,3.0,241.0,69.0,0.4,2.6,407.0,0.9,409.0,1001.6,1.2,1010.2,333.9878,1009.8,-8.39938,1.7,0.5,2.4,0.5,91.0,6.4,3.840833333,,,,,,,,,
2023-04-29 06:00:00,14,0,3.72,45.61,6.41,101.98,1.19,12.33,30.84,3.0,263.0,225.0,0.7,2.0,535.0,0.9,543.0,1002.2,1.8,1010.8,332.5897,1010.4,7.56966,1.3,0.5,0.6,0.4,94.0,6.396111111,3.847777778,,,,,,,,,
2023-04-29 07:00:00,14,0,3.73,45.61,6.41,101.96,1.18,12.29,30.74,2.0,264.0,255.0,0.3,2.8,619.0,1.1,621.0,1002.8,2.0,1011.4,330.0552,1011.0,23.74137,1.0,0.5,0.7,0.5,94.0,6.378055556,3.857777778,,,,,,,,,
2023-04-29 08:00:00,14,0,3.72,45.58,6.41,101.99,1.18,12.34,30.85,2.0,312.0,274.0,0.4,1.7,729.0,0.8,737.0,1003.2,1.7,1011.8,336.3016,1011.5,71.34791,2.2,1.0,1.3,0.5,93.0,6.369166667,3.86,,,,,,,,,
2023-04-29 09:00:00,14,0,3.7,45.59,6.4,101.95,1.16,12.29,30.72,2.0,30.0,209.0,0.2,2.2,816.0,1.1,835.0,1003.7,1.5,1012.3,335.8145,1012.0,113.6767,1.4,2.3,2.3,0.8,92.0,6.370833333,3.864444444,,,,,,,,,
2023-04-29 10:00:00,14,0,3.68,45.58,6.4,101.91,1.16,12.29,30.74,2.0,180.0,180.0,2.1,4.6,1000.0,2.1,1000.0,1003.9,1.1,1012.4,335.8145,1012.2,358.7805,0.3,5.0,5.2,2.2,73.0,6.362222222,3.890277778,,,,,,,,,
2023-04-29 11:00:00,14,0,3.71,45.61,6.39,101.98,1.24,12.32,30.82,1.0,305.0,192.0,1.2,4.9,1002.0,2.7,1005.0,1004.1,0.8,1012.7,336.5537,1012.3,211.0967,0.8,2.5,5.0,2.3,88.0,6.347222222,3.896944444,,,,,,,,,
2023-04-29 12:00:00,14,0,3.75,45.55,6.4,102.05,1.19,12.19,30.49,2.0,225.0,223.0,2.7,6.4,1158.0,2.9,1159.0,1004.2,0.5,1012.7,358.3404,1012.5,207.7011,0.0,3.8,4.1,2.5,75.0,6.350277778,3.898611111,,,,,,,,,
2023-04-29 13:00:00,14,1,3.78,45.56,6.37,102.12,1.18,12.19,30.48,3.0,216.0,216.0,3.9,8.1,1258.0,3.9,1300.0,1004.6,0.7,1013.1,340.091,1012.9,295.3897,0.0,3.5,5.0,3.5,79.0,6.391944444,3.8975,,,,,,,,,
2023-04-29 14:00:00,14,0,3.81,45.57,6.34,102.19,1.18,12.19,30.48,3.0,219.0,220.0,3.5,10.1,1355.0,3.9,1307.0,1005.4,1.2,1014.0,332.6404,1013.6,128.6913,0.3,1.3,3.5,1.3,87.0,6.394444444,3.898333333,,,,,,,,,
2023-04-29 15:00:00,14,0,3.83,45.56,6.36,102.22,1.16,12.15,30.37,0.0,227.0,220.0,1.4,6.3,1415.0,3.5,1401.0,1005.4,1.2,1014.0,330.532,1013.6,72.65076,1.3,1.0,1.3,0.5,95.0,6.388055556,3.898333333,,,,,,,,,
2023-04-29 16:00:00,14,0,3.83,45.57,6.38,102.25,1.18,12.2,30.49,0.0,254.0,248.0,2.6,6.1,1545.0,2.7,1557.0,1005.2,0.7,1013.8,329.2169,1013.5,140.0803,0.1,2.4,2.5,1.0,88.0,6.385,3.899444444,,,,,,,,,
2023-04-29 17:00:00,14,0,3.81,45.57,6.38,102.16,1.15,12.23,30.58,2.0,265.0,231.0,0.9,8.8,1606.0,3.4,1614.0,1005.4,0.2,1014.0,334.1551,1013.7,49.07052,0.4,1.4,2.4,1.1,92.0,6.396944444,3.899444444,,,,,,,,,
2023-04-29 18:00:00,14,0,3.8,45.58,6.34,102.12,1.16,12.21,30.53,4.0,211.0,211.0,4.3,9.5,1759.0,4.3,1800.0,1005.5,0.1,1014.1,325.8839,1013.8,23.15608,0.7,1.5,1.5,0.9,88.0,6.366944444,3.898611111,,,,,,,,,
2023-04-29 19:00:00,14,0,3.78,45.57,6.35,102.13,1.16,12.25,30.64,0.0,254.0,216.0,2.1,5.8,1842.0,4.5,1802.0,1005.4,0.2,1014.0,322.1699,1013.7,5.956756,0.0,1.3,1.5,1.2,88.0,6.361666667,3.899166667,,,,,,,,,
2023-04-29 20:00:00,14,0,3.78,45.58,6.33,102.11,1.2,12.27,30.68,5.0,267.0,206.0,3.2,9.0,1926.0,4.8,1940.0,1005.5,0.1,1014.1,324.9489,1013.7,-7.440509,0.7,0.9,1.8,0.8,91.0,6.373611111,3.897777778,,,,,,,,,
2023-04-29 21:00:00,14,0,3.77,45.58,6.32,102.08,1.19,12.26,30.65,3.0,265.0,251.0,2.5,7.3,2001.0,3.6,2005.0,1005.6,0.2,1014.2,333.0517,1013.8,-9.366862,0.9,1.2,1.2,0.9,89.0,6.393888889,3.899444444,,,,,,,,,
2023-04-29 22:00:00,14,0,3.76,45.59,6.36,102.05,1.17,12.27,30.68,2.0,256.0,255.0,2.3,9.7,2121.0,3.3,2142.0,1005.6,0.2,1014.2,324.6038,1013.9,-8.564232,0.3,0.8,1.3,0.8,91.0,6.398888889,3.899166667,,,,,,,,,
2023-04-29 23:00:00,14,0,3.76,45.58,6.37,102.01,1.19,12.28,30.7,0.0,231.0,217.0,3.3,9.0,2213.0,4.3,2221.0,1005.6,0.0,1014.2,319.1102,1013.8,-9.127188,0.1,1.3,1.7,0.8,89.0,6.396666667,3.899166667,,,,,,,,,
2023-04-30 00:00:00,14,0,3.76,45.59,6.4,102.02,1.2,12.3,30.75,5.0,246.0,209.0,2.1,10.4,2323.0,5.6,2329.0,1005.6,0.0,1014.3,327.7835,1013.9,-8.2096,1.6,0.5,1.9,0.5,94.0,6.398611111,3.899444444,,,,,,,,,
2023-04-30 01:00:00,14,1,3.76,45.58,6.38,102.02,1.19,12.3,30.76,3.0,263.0,258.0,3.2,7.6,2.0,3.7,47.0,1005.8,0.2,1014.4,330.219,1014.1,-8.509344,1.4,1.0,1.0,0.5,94.0,6.386111111,3.899444444,,,,,,,,,
2023-04-30 02:00:00,14,0,3.76,45.58,6.37,102.03,1.18,12.31,30.77,2.0,255.0,255.0,2.3,7.7,153.0,3.2,104.0,1005.9,0.3,1014.5,335.287,1014.1,-9.836361,0.1,1.3,1.4,1.0,92.0,6.370833333,3.898611111,,,,,,,,,
2023-04-30 03:00:00,14,0,3.75,45.59,6.36,102.0,1.18,12.29,30.72,2.0,253.0,273.0,2.6,7.2,231.0,3.5,220.0,1005.9,0.3,1014.5,330.6086,1014.2,-10.26396,0.2,1.4,1.7,1.3,92.0,6.378333333,3.899722222,,,,,,,,,
2023-04-30 04:00:00,14,0,3.74,45.59,6.36,102.0,1.18,12.32,30.8,2.0,216.0,216.0,2.9,7.4,353.0,2.9,400.0,1006.2,0.3,1014.8,330.9305,1014.5,-7.155244,2.5,0.8,1.6,0.8,94.0,6.361666667,3.899722222,,,,,,,,,
2023-04-30 05:00:00,14,0,3.75,45.59,6.38,102.01,1.18,12.28,30.71,3.0,247.0,213.0,2.2,6.8,403.0,3.2,404.0,1006.5,0.6,1015.1,330.9826,1014.7,-0.2886452,2.4,1.2,1.2,0.3,94.0,6.357222222,3.900277778,,,,,,,,,
2023-04-30 06:00:00,14,0,3.74,45.59,6.37,101.99,1.19,12.31,30.79,2.0,245.0,256.0,2.8,9.4,551.0,3.0,534.0,1006.7,0.7,1015.3,334.5526,1015.0,20.39062,0.3,1.5,1.6,1.2,92.0,6.3675,3.9,,,,,,,,,
2023-04-30 07:00:00,14,0,3.72,45.59,6.34,101.96,1.21,12.31,30.78,2.0,241.0,251.0,2.3,6.3,647.0,2.5,601.0,1006.8,0.6,1015.4,340.6341,1015.0,67.71001,0.3,2.2,2.2,1.3,88.0,6.350555556,3.900277778,,,,,,,,,
2023-04-30 08:00:00,14,0,3.72,45.6,6.35,101.96,1.19,12.3,30.76,3.0,253.0,216.0,2.6,11.1,738.0,4.4,739.0,1007.5,1.0,1016.2,341.8331,1015.7,84.54662,0.8,1.0,2.6,0.8,93.0,6.380277778,3.900555556,,,,,,,,,
2023-04-30 09:00:00,14,0,3.74,45.6,6.35,102.01,1.19,12.3,30.76,3.0,214.0,206.0,3.9,12.2,827.0,5.9,836.0,1007.7,1.0,1016.3,342.4002,1016.0,200.717,0.5,1.7,3.7,1.0,87.0,6.363333333,3.900555556,,,,,,,,,
2023-04-30 10:00:00,14,0,3.75,45.59,6.38,102.05,1.15,12.29,30.72,1.0,251.0,214.0,2.3,12.5,940.0,4.5,949.0,1008.3,1.5,1016.9,334.7014,1016.5,74.73981,1.4,1.4,2.5,1.3,89.0,6.374444444,3.901111111,,,,,,,,,
2023-04-30 11:00:00,14,0,3.76,45.58,6.36,102.08,1.17,12.27,30.67,3.0,217.0,219.0,3.8,9.7,1054.0,4.1,1056.0,1008.3,1.0,1016.9,344.6197,1016.6,195.2917,2.5,2.3,3.2,1.1,87.0,6.367222222,3.901944444,,,,,,,,,
2023-04-30 12:00:00,14,0,3.75,45.58,6.36,102.0,1.19,12.26,30.65,2.0,231.0,218.0,1.9,7.6,1136.0,3.5,1101.0,1008.7,1.0,1017.3,339.1259,1017.0,156.3396,0.3,2.4,2.7,1.9,89.0,6.356944444,3.901388889,,,,,,,,,
2023-04-30 13:00:00,14,1,3.76,45.59,6.36,102.05,1.19,12.27,30.67,3.0,252.0,216.0,1.5,8.7,1231.0,4.0,1233.0,1009.0,0.8,1017.6,336.3151,1017.3,204.1716,0.5,2.6,3.0,1.9,88.0,6.3625,3.901111111,,,,,,,,,
2023-04-30 14:00:00,14,0,3.77,45.6,6.36,102.1,1.19,12.28,30.7,2.0,243.0,209.0,2.2,10.3,1346.0,5.1,1348.0,1009.2,0.8,1017.8,339.9587,1017.5,120.4756,0.7,1.8,2.7,1.7,88.0,6.386111111,3.901666667,,,,,,,,,
2023-04-30 15:00:00,14,0,3.78,45.59,6.37,102.11,1.2,12.27,30.68,0.0,228.0,238.0,2.4,8.0,1433.0,3.1,1442.0,1009.1,0.3,1017.7,339.8268,1017.3,107.5531,0.8,1.9,2.9,1.6,88.0,6.395,3.9,,,,,,,,,
2023-04-30 16:00:00,14,0,3.78,45.58,6.34,102.1,1.19,12.25,30.62,8.0,227.0,215.0,2.1,8.9,1514.0,4.1,1524.0,1008.9,0.1,1017.5,328.4428,1017.2,122.3861,0.2,2.6,2.6,1.8,85.0,6.398888889,3.900277778,,,,,,,,,
2023-04-30 17:00:00,14,0,3.8,45.58,6.34,102.17,1.19,12.23,30.57,7.0,265.0,215.0,1.3,6.3,1602.0,3.0,1631.0,1008.8,0.4,1017.4,327.207,1017.1,59.76113,0.1,1.8,2.9,1.8,88.0,6.376111111,3.900833333,,,,,,,,,
2023-04-30 18:00:00,14,0,3.8,45.58,6.38,102.16,1.19,12.21,30.54,8.0,279.0,275.0,2.2,5.3,1752.0,2.3,1737.0,1008.3,0.7,1016.9,331.3969,1016.6,31.90716,0.1,2.3,2.4,1.8,85.0,6.382777778,3.900277778,,,,,,,,,
2023-04-30 19:00:00,14,0,3.8,45.58,6.38,102.15,1.18,12.2,30.5,5.0,257.0,240.0,1.4,6.9,1813.0,2.1,1814.0,1008.3,0.5,1016.9,315.339,1016.6,15.97907,0.0,2.3,2.5,2.3,82.0,6.399722222,3.901111111,,,,,,,,,
2023-04-30 20:00:00,14,0,3.79,45.57,6.39,102.13,1.18,12.22,30.55,6.0,275.0,268.0,1.4,4.9,1931.0,2.1,1951.0,1008.0,0.8,1016.6,313.9359,1016.3,-6.239284,0.0,2.0,2.3,2.0,84.0,6.397777778,3.9,,,,,,,,,
2023-04-30 21:00:00,14,0,3.78,45.58,6.38,102.12,1.18,12.22,30.54,8.0,265.0,263.0,1.9,6.1,2042.0,2.1,2048.0,1007.5,0.8,1016.1,312.2718,1015.8,-8.847934,0.0,2.2,2.3,1.9,77.0,6.379722222,3.900277778,,,,,,,,,
2023-04-30 22:00:00,14,0,3.78,45.57,6.4,102.13,1.19,12.22,30.56,7.0,270.0,260.0,2.0,4.9,2103.0,2.3,2110.0,1007.3,1.1,1015.9,315.8732,1015.5,-8.127589,0.0,2.0,2.3,2.0,81.0,6.363888889,3.900277778,,,,,,,,,
2023-04-30 23:00:00,14,0,3.78,45.58,6.4,102.1,1.19,12.23,30.58,7.0,258.0,258.0,2.2,4.6,2208.0,2.2,2300.0,1006.8,1.1,1015.4,306.6648,1015.1,-8.956403,0.0,2.1,2.1,1.7,82.0,6.373333333,3.900277778,,,,,,,,,
2023-05-01 00:00:00,14,0,3.78,45.59,6.39,102.12,1.16,12.24,30.59,8.0,268.0,263.0,1.8,4.6,2349.0,2.3,2303.0,1006.3,1.2,1014.9,310.2357,1014.6,-8.942104,0.0,2.2,2.3,1.9,81.0,6.399166667,3.900277778,,,,,,,,,
2023-05-01 01:00:00,14,1,3.78,45.59,6.4,102.12,1.18,12.24,30.61,7.0,269.0,270.0,1.9,5.5,49.0,2.3,40.0,1005.6,1.6,1014.2,311.9844,1013.9,-8.86735,0.0,2.4,2.4,2.1,81.0,6.391666667,3.899722222,,,,,,,,,
2023-05-01 02:00:00,14,0,3.78,45.59,6.41,102.13,1.2,12.25,30.63,7.0,278.0,269.0,2.2,5.3,131.0,2.5,133.0,1005.2,1.6,1013.8,315.9734,1013.5,-8.756766,0.0,2.4,2.5,2.3,80.0,6.383611111,3.899444444,,,,,,,,,
2023-05-01 03:00:00,14,0,3.76,45.59,6.41,102.07,1.19,12.24,30.59,7.0,260.0,273.0,1.9,4.5,204.0,2.4,205.0,1004.6,1.7,1013.2,321.7688,1012.8,-8.954926,0.1,2.1,2.4,2.1,83.0,6.38,3.9,,,,,,,,,
2023-05-01 04:00:00,14,0,3.76,45.58,6.4,102.08,1.18,12.26,30.64,7.0,249.0,264.0,1.4,4.4,309.0,2.0,310.0,1004.2,1.4,1012.8,318.9213,1012.5,-6.088017,0.4,1.7,2.2,1.7,86.0,6.369722222,3.9,,,,,,,,,
2023-05-01 05:00:00,14,0,3.76,45.6,6.39,102.11,1.17,12.25,30.63,7.0,333.0,236.0,0.7,3.0,435.0,1.5,402.0,1003.6,1.6,1012.2,340.1109,1011.9,11.24593,0.2,1.6,1.7,1.3,92.0,6.351944444,3.899444444,,,,,,,,,
2023-05-01 06:00:00,14,0,3.76,45.59,6.4,102.08,1.18,12.23,30.57,7.0,345.0,268.0,0.2,3.8,525.0,1.6,534.0,1003.4,1.2,1012.0,340.3365,1011.6,31.56784,1.1,1.1,2.0,1.0,92.0,6.361666667,3.899444444,,,,,,,,,
2023-05-01 07:00:00,14,0,3.75,45.59,6.41,102.05,1.17,12.23,30.59,6.0,93.0,93.0,0.6,1.5,700.0,0.6,700.0,1003.3,1.0,1011.9,346.4509,1011.5,80.53313,0.3,1.7,1.7,1.1,92.0,6.384722222,3.899166667,,,,,,,,,
2023-05-01 08:00:00,14,0,3.75,45.59,6.41,102.04,1.19,12.22,30.55,7.0,139.0,140.0,0.6,2.1,706.0,1.2,720.0,1003.2,0.4,1011.8,357.6775,1011.4,213.1721,0.0,3.3,3.3,1.7,86.0,6.39,3.899444444,,,,,,,,,
2023-05-01 09:00:00,14,0,3.77,45.6,6.44,102.12,1.2,12.21,30.54,4.0,201.0,209.0,1.4,4.2,817.0,2.2,822.0,1003.4,0.0,1012.0,353.9101,1011.6,205.8291,0.1,3.1,3.4,2.1,83.0,6.393888889,3.899444444,,,,,,,,,
2023-05-01 10:00:00,14,0,3.79,45.58,6.43,102.13,1.15,12.15,30.38,4.0,200.0,200.0,2.9,4.9,959.0,2.9,1000.0,1003.3,0.0,1011.8,345.9671,1011.5,297.6346,0.1,4.3,4.3,2.8,68.0,6.395,3.899166667,,,,,,,,,
2023-05-01 11:00:00,14,0,3.79,45.59,6.43,102.18,1.16,12.22,30.56,0.0,207.0,207.0,4.6,7.5,1054.0,4.6,1100.0,1003.2,0.0,1011.7,308.4343,1011.5,337.72,0.0,3.2,4.8,3.2,73.0,6.396111111,3.9,,,,,,,,,
2023-05-01 12:00:00,14,0,3.82,45.62,6.43,102.28,1.16,12.13,30.32,4.0,204.0,207.0,3.3,7.2,1127.0,4.7,1103.0,1003.3,0.1,1011.8,321.6844,1011.6,240.0935,0.0,3.5,4.0,2.7,73.0,6.378055556,3.899722222,,,,,,,,,
2023-05-01 13:00:00,14,1,3.82,45.61,6.42,102.24,1.16,12.18,30.43,3.0,210.0,204.0,2.8,8.3,1249.0,4.0,1241.0,1003.5,0.3,1012.1,325.5522,1011.8,230.585,0.0,2.6,4.1,2.4,86.0,6.372222222,3.898888889,,,,,,,,,
2023-05-01 14:00:00,14,0,3.81,45.6,6.4,102.21,1.16,12.22,30.54,2.0,205.0,208.0,3.6,7.2,1337.0,4.2,1346.0,1003.4,0.2,1011.9,309.0652,1011.7,408.1322,0.0,4.4,5.1,2.5,66.0,6.4,3.899444444,,,,,,,,,
2023-05-01 15:00:00,14,0,3.8,45.59,6.35,102.22,1.19,12.18,30.45,2.0,213.0,206.0,3.1,8.1,1408.0,4.6,1413.0,1003.7,0.3,1012.2,309.6214,1011.9,288.8448,0.0,3.6,4.4,3.6,71.0,6.399166667,3.899722222,,,,,,,,,
2023-05-01 16:00:00,14,0,3.85,45.59,6.39,102.37,1.15,12.1,30.25,4.0,212.0,211.0,3.1,6.8,1515.0,3.8,1519.0,1003.5,0.0,1012.0,321.417,1011.8,145.9331,0.0,3.7,4.0,3.5,68.0,6.4,3.899444444,,,,,,,,,
2023-05-01 17:00:00,14,0,3.85,45.58,6.36,102.37,1.17,12.13,30.33,0.0,212.0,209.0,2.7,6.8,1602.0,3.6,1605.0,1003.5,0.0,1012.0,319.8579,1011.7,98.0179,0.0,3.6,3.7,3.5,71.0,6.375277778,3.9,,,,,,,,,
2023-05-01 18:00:00,14,0,3.81,45.58,6.39,102.21,1.15,12.17,30.44,7.0,210.0,203.0,4.0,7.7,1711.0,4.3,1740.0,1003.5,0.1,1012.1,319.4315,1011.7,58.18055,0.0,3.0,3.7,2.9,77.0,6.3475,3.899722222,,,,,,,,,
2023-05-01 19:00:00,14,0,3.82,45.59,6.39,102.25,1.16,12.16,30.39,4.0,264.0,205.0,2.0,7.7,1822.0,4.2,1813.0,1003.6,0.0,1012.2,331.8589,1011.8,7.808774,0.2,2.3,3.0,2.3,86.0,6.365,3.899722222,,,,,,,,,
2023-05-01 20:00:00,14,0,3.8,45.59,6.37,102.23,1.13,12.19,30.49,2.0,205.0,205.0,4.6,8.6,1932.0,4.6,2000.0,1003.7,0.3,1012.3,338.0906,1012.0,-5.338395,0.3,2.3,2.5,2.1,87.0,6.366944444,3.898611111,,,,,,,,,
2023-05-01 21:00:00,14,0,3.8,45.59,6.36,102.19,1.21,12.2,30.51,3.0,274.0,206.0,2.1,9.8,2014.0,5.6,2016.0,1004.3,0.8,1012.9,334.4824,1012.6,-7.331329,1.6,1.3,2.4,1.2,92.0,6.369444444,3.899722222,,,,,,,,,
2023-05-01 22:00:00,14,0,3.79,45.59,6.35,102.15,1.17,12.2,30.5,2.0,235.0,187.0,0.9,10.3,2137.0,4.7,2138.0,1004.6,1.0,1013.2,339.0366,1012.8,-7.963965,0.4,1.9,2.0,1.3,92.0,6.361388889,3.899444444,,,,,,,,,
2023-05-01 23:00:00,14,0,3.78,45.58,6.4,102.12,1.15,12.21,30.53,1.0,250.0,206.0,1.6,8.2,2245.0,3.2,2253.0,1005.0,1.2,1013.6,340.7581,1013.2,-8.793386,0.4,1.8,2.1,1.8,91.0,6.371944444,3.899166667,,,,,,,,,
2023-05-02 00:00:00,14,0,3.78,45.58,6.38,102.15,1.15,12.21,30.52,2.0,256.0,250.0,1.5,6.4,2349.0,1.8,2358.0,1005.0,0.7,1013.6,339.6617,1013.3,-7.650929,0.9,2.1,2.1,1.6,93.0,6.393611111,3.898888889,,,,,,,,,
2023-05-02 01:00:00,14,1,3.78,45.58,6.4,102.13,1.16,12.23,30.56,0.0,210.0,260.0,1.4,5.3,26.0,2.2,26.0,1004.9,0.3,1013.5,342.264,1013.2,-8.062634,0.5,2.8,2.8,2.0,92.0,6.365277778,3.899722222,,,,,,,,,
2023-05-02 02:00:00,14,0,3.78,45.58,6.41,102.11,1.17,12.24,30.6,3.0,245.0,257.0,1.9,4.8,149.0,2.6,150.0,1005.1,0.2,1013.7,344.1947,1013.4,-8.036779,0.7,2.9,2.9,2.5,93.0,6.375,3.898055556,,,,,,,,,
2023-05-02 03:00:00,14,0,3.78,45.58,6.37,102.11,1.16,12.23,30.59,3.0,262.0,255.0,1.8,5.1,229.0,1.9,258.0,1005.5,0.5,1014.1,348.4574,1013.8,-8.769264,0.4,3.6,3.7,2.9,93.0,6.364444444,3.898888889,,,,,,,,,
2023-05-02 04:00:00,14,0,3.78,45.57,6.4,102.15,1.16,12.23,30.57,3.0,291.0,264.0,0.8,4.0,325.0,1.7,301.0,1005.9,1.0,1014.5,347.475,1014.2,-2.582754,1.5,2.8,3.6,2.8,94.0,6.348611111,3.899166667,,,,,,,,,
2023-05-02 05:00:00,14,0,3.78,45.58,6.39,102.11,1.18,12.24,30.6,2.0,344.0,316.0,0.6,2.2,436.0,0.9,438.0,1006.2,1.0,1014.8,350.1661,1014.5,2.38035,0.6,3.3,3.4,2.8,95.0,6.348611111,3.899166667,,,,,,,,,
2023-05-02 06:00:00,14,0,3.78,45.59,6.39,102.13,1.16,12.23,30.58,3.0,323.0,56.0,0.6,4.1,534.0,1.5,527.0,1006.9,1.3,1015.5,349.5981,1015.1,32.05219,2.4,3.2,3.5,2.8,95.0,6.348055556,3.898333333,,,,,,,,,
2023-05-02 07:00:00,14,0,3.78,45.59,6.4,102.18,1.17,12.24,30.6,3.0,205.0,252.0,0.7,2.4,638.0,1.0,646.0,1007.5,1.6,1016.1,357.7216,1015.7,153.1383,1.5,4.2,4.7,3.2,93.0,6.306111111,3.899166667,,,,,,,,,
2023-05-02 08:00:00,14,0,3.78,45.58,6.4,102.14,1.14,12.19,30.47,2.0,179.0,195.0,0.7,2.4,754.0,1.1,726.0,1008.0,1.8,1016.5,366.0525,1016.3,145.3134,0.3,4.9,5.4,4.2,91.0,6.306666667,3.899722222,,,,,,,,,
2023-05-02 09:00:00,14,0,3.8,45.59,6.41,102.19,1.14,12.19,30.48,2.0,254.0,223.0,0.6,5.0,805.0,1.9,814.0,1008.6,1.7,1017.1,368.8247,1016.9,230.7659,1.0,5.4,6.1,4.3,85.0,6.312222222,3.9,,,,,,,,,
2023-05-02 10:00:00,14,0,3.83,45.56,6.41,102.28,1.17,12.15,30.37,2.0,198.0,197.0,2.2,4.9,917.0,2.8,944.0,1009.2,1.8,1017.7,356.116,1017.5,405.7834,0.0,6.5,6.6,5.4,82.0,6.331944444,3.898888889,,,,,,,,,
2023-05-02 11:00:00,14,0,3.8,45.58,6.41,102.21,1.18,12.2,30.5,2.0,206.0,206.0,3.8,7.1,1058.0,3.8,1100.0,1009.7,1.6,1018.2,328.926,1018.0,347.6664,0.0,7.1,7.6,6.3,73.0,6.367777778,3.898333333,,,,,,,,,
2023-05-02 12:00:00,14,0,3.88,45.57,6.41,102.4,1.17,12.09,30.23,2.0,206.0,206.0,4.3,7.7,1148.0,4.3,1200.0,1010.4,1.9,1018.9,332.6526,1018.7,380.0643,0.0,7.7,7.7,6.9,75.0,6.351666667,3.896944444,0.0,38.0,0.029,0.22,0.004,0.0018,0.094,0.2,6.9
2023-05-02 13:00:00,14,1,3.89,45.58,6.4,102.42,1.15,12.12,30.29,2.0,208.0,205.0,4.1,8.7,1218.0,5.1,1225.0,1011.0,1.7,1019.5,341.7388,1019.3,378.7831,0.0,7.4,8.1,7.1,72.0,6.3475,3.893888889,,,,,,,,,
2023-05-02 14:00:00,14,0,3.9,45.58,6.39,102.43,1.14,12.14,30.35,2.0,217.0,208.0,3.0,8.4,1331.0,5.2,1338.0,1011.6,2.0,1020.1,338.8997,1020.0,393.0451,0.0,8.0,8.3,7.4,69.0,6.330277778,3.892777778,,,,,,,,,
2023-05-02 15:00:00,14,0,3.85,45.59,6.33,102.35,1.2,12.18,30.45,2.0,213.0,208.0,3.5,8.1,1408.0,4.2,1454.0,1012.1,1.7,1020.6,332.9208,1020.5,278.9767,0.1,7.6,8.4,7.2,70.0,6.325555556,3.887222222,,,,,,,,,
2023-05-02 16:00:00,14,0,3.88,45.58,6.39,102.44,1.16,12.15,30.37,2.0,214.0,210.0,2.9,7.7,1528.0,4.4,1533.0,1012.5,1.6,1021.0,327.3066,1020.8,302.8858,0.0,7.7,8.2,7.5,70.0,6.319444444,3.876388889,,,,,,,,,
2023-05-02 17:00:00,14,0,3.9,45.57,6.38,102.48,1.14,12.12,30.3,2.0,215.0,214.0,2.6,6.8,1630.0,3.1,1606.0,1012.9,1.3,1021.4,326.2336,1021.3,143.4767,0.0,6.9,7.7,6.9,75.0,6.340277778,3.875,,,,,,,,,
2023-05-02 18:00:00,14,0,3.9,45.57,6.39,102.46,1.14,12.12,30.31,3.0,344.0,215.0,0.8,4.9,1722.0,2.5,1701.0,1013.6,1.5,1022.2,350.7047,1022.0,42.91455,0.7,5.3,6.9,5.1,90.0,6.335555556,3.886666667,,,,,,,,,
2023-05-02 19:00:00,14,0,3.91,45.57,6.36,102.47,1.16,12.12,30.29,1.0,271.0,258.0,1.5,5.2,1854.0,1.8,1843.0,1013.9,1.4,1022.5,338.3531,1022.2,34.06598,0.0,5.6,5.7,5.3,86.0,6.356666667,3.876388889,,,,,,,,,
2023-05-02 20:00:00,14,0,3.89,45.58,6.38,102.46,1.17,12.13,30.33,1.0,284.0,263.0,1.3,5.0,1902.0,1.7,1903.0,1014.4,1.5,1023.0,304.4408,1022.8,-0.5082557,0.0,4.9,5.6,4.9,89.0,6.346944444,3.87,,,,,,,,,
2023-05-02 21:00:00,14,0,3.88,45.58,6.39,102.44,1.14,12.16,30.39,3.0,310.0,307.0,0.7,2.4,2017.0,1.2,2021.0,1015.1,1.5,1023.7,352.3047,1023.5,-9.363037,0.3,4.4,4.9,4.4,90.0,6.351944444,3.874722222,,,,,,,,,
2023-05-02 22:00:00,14,0,3.87,45.58,6.39,102.41,1.15,12.16,30.4,2.0,308.0,308.0,1.2,2.2,2200.0,1.2,2200.0,1015.5,1.6,1024.1,300.2769,1023.9,-9.822047,0.0,3.4,4.4,3.3,93.0,6.358333333,3.855,,,,,,,,,
2023-05-02 23:00:00,14,0,3.86,45.58,6.4,102.4,1.17,12.16,30.41,2.0,297.0,294.0,1.1,2.9,2217.0,1.3,2255.0,1016.2,1.8,1024.9,347.7802,1024.6,-7.599269,2.2,3.5,4.0,3.4,94.0,6.350833333,3.857222222,,,,,,,,,
2023-05-03 00:00:00,14,0,3.86,45.57,6.42,102.42,1.15,12.17,30.43,2.0,294.0,294.0,1.6,3.2,2357.0,1.6,0.0,1016.6,1.5,1025.3,348.1524,1025.0,-9.485515,0.1,3.1,3.5,2.9,95.0,6.355555556,3.851111111,,,,,,,,,
2023-05-03 01:00:00,14,1,3.85,45.57,6.42,102.4,1.15,12.18,30.44,2.0,305.0,298.0,0.9,3.2,4.0,1.6,4.0,1017.1,1.5,1025.8,349.0587,1025.4,-8.916736,1.4,3.3,3.3,3.1,96.0,6.348055556,3.850555556,,,,,,,,,
2023-05-03 02:00:00,14,0,3.85,45.57,6.42,102.37,1.16,12.18,30.46,3.0,263.0,234.0,1.0,3.8,118.0,1.6,126.0,1017.8,1.6,1026.5,350.2414,1026.2,-9.975084,0.0,3.4,3.6,3.3,94.0,6.33,3.869722222,,,,,,,,,
2023-05-03 03:00:00,14,0,3.85,45.59,6.42,102.34,1.14,12.14,30.35,2.0,349.0,264.0,0.8,2.2,201.0,1.1,206.0,1018.1,1.5,1026.8,338.8259,1026.5,-10.88275,0.0,2.8,3.4,2.8,95.0,6.315833333,3.898611111,,,,,,,,,
2023-05-03 04:00:00,14,0,3.82,45.58,6.4,102.29,1.17,12.23,30.58,1.0,315.0,254.0,0.7,1.6,335.0,0.8,342.0,1018.4,1.3,1027.1,309.6195,1026.7,-2.520422,0.0,2.5,2.8,2.5,95.0,6.353888889,3.899722222,,,,,,,,,
2023-05-03 05:00:00,14,0,3.83,45.59,6.41,102.34,1.16,12.21,30.53,3.0,350.0,301.0,0.1,1.3,410.0,0.8,416.0,1019.0,1.2,1027.7,295.4406,1027.4,39.93664,0.0,3.2,3.2,2.5,95.0,6.363333333,3.9,,,,,,,,,
2023-05-03 06:00:00,14,0,3.84,45.59,6.42,102.36,1.15,12.2,30.49,3.0,266.0,13.0,1.0,3.9,544.0,1.9,551.0,1019.6,1.5,1028.3,324.157,1028.0,102.2276,0.0,3.6,4.3,3.0,88.0,6.35,3.9,,,,,,,,,
2023-05-03 07:00:00,14,0,3.85,45.57,6.42,102.36,1.16,12.19,30.49,1.0,205.0,205.0,1.2,1.7,659.0,1.2,700.0,1020.0,1.6,1028.7,354.5186,1028.4,82.24876,0.1,3.8,3.9,3.5,87.0,6.351111111,3.902222222,,,,,,,,,
2023-05-03 08:00:00,14,0,3.85,45.59,6.42,102.36,1.15,12.17,30.43,2.0,97.0,95.0,1.5,2.8,737.0,1.6,757.0,1020.4,1.4,1029.0,331.6663,1028.8,244.767,0.0,5.2,5.3,3.8,77.0,6.355,3.909444444,,,,,,,,,
2023-05-03 09:00:00,14,0,3.86,45.58,6.42,102.4,1.17,12.18,30.45,2.0,110.0,99.0,2.2,5.6,842.0,2.9,845.0,1020.8,1.1,1029.4,320.7811,1029.2,328.1121,0.0,5.1,6.5,4.8,72.0,6.380277778,3.940555556,,,,,,,,,
2023-05-03 10:00:00,14,0,3.88,45.58,6.44,102.47,1.12,12.16,30.4,2.0,114.0,89.0,2.1,7.6,917.0,4.2,910.0,1021.2,1.2,1029.8,288.7469,1029.6,676.1092,0.0,7.3,8.1,5.1,57.0,6.351111111,3.936944444,,,,,,,,,
2023-05-03 11:00:00,14,0,3.85,45.59,6.41,102.35,1.17,12.19,30.48,2.0,116.0,106.0,2.6,7.6,1042.0,3.6,1048.0,1021.4,1.0,1029.9,273.4217,1029.8,747.1396,0.0,7.8,8.2,6.8,51.0,6.349444444,3.958055556,,,,,,,,,
2023-05-03 12:00:00,14,0,3.97,45.56,6.41,102.7,1.16,12.02,30.05,2.0,132.0,111.0,2.5,6.9,1110.0,2.9,1114.0,1021.6,0.8,1030.2,301.6635,1030.0,460.6176,0.1,7.7,7.8,6.3,55.0,6.351111111,3.955833333,,,,,,,,,
2023-05-03 13:00:00,14,1,3.98,45.56,6.43,102.73,1.15,12.04,30.08,2.0,149.0,119.0,2.7,6.4,1234.0,3.0,1222.0,1021.9,0.6,1030.5,281.3909,1030.3,747.5131,0.0,8.0,9.2,7.7,47.0,6.3475,3.958611111,,,,,,,,,
2023-05-03 14:00:00,14,0,3.99,45.57,6.44,102.76,1.14,12.05,30.11,2.0,119.0,113.0,2.1,7.5,1332.0,3.3,1341.0,1021.9,0.5,1030.4,264.7053,1030.3,642.6113,0.2,8.6,8.9,7.4,46.0,6.338333333,3.956388889,,,,,,,,,
2023-05-03 15:00:00,14,0,3.86,45.57,6.4,102.43,1.15,12.22,30.56,2.0,129.0,126.0,2.4,7.5,1500.0,2.7,1453.0,1022.0,0.4,1030.6,259.5542,1030.4,578.051,0.0,7.7,8.7,7.7,47.0,6.331111111,3.962222222,,,,,,,,,
2023-05-03 16:00:00,14,0,3.9,45.55,6.41,102.52,1.14,12.18,30.46,3.0,152.0,126.0,1.8,6.2,1503.0,3.3,1515.0,1022.4,0.5,1031.0,256.8212,1030.8,452.2661,0.0,6.9,7.7,6.8,47.0,6.338333333,3.956944444,,,,,,,,,
2023-05-03 17:00:00,14,0,3.95,45.59,6.41,102.69,1.15,12.07,30.18,2.0,143.0,112.0,1.6,4.9,1611.0,2.3,1625.0,1022.6,0.6,1031.2,252.1429,1031.0,332.721,0.0,5.5,7.0,5.5,51.0,6.351111111,3.945555556,,,,,,,,,
2023-05-03 18:00:00,14,0,3.93,45.57,6.42,102.62,1.14,12.12,30.31,2.0,199.0,188.0,0.9,4.3,1712.0,1.9,1718.0,1022.8,0.8,1031.5,247.8757,1031.3,88.55222,0.0,4.0,5.5,4.0,61.0,6.302222222,3.945833333,,,,,,,,,
2023-05-03 19:00:00,14,0,3.94,45.56,6.41,102.63,1.16,12.11,30.28,2.0,25.0,170.0,0.6,2.0,1836.0,1.0,1804.0,1023.2,0.8,1031.9,245.1199,1031.6,15.02115,0.0,3.0,4.0,3.0,70.0,6.3,3.947777778,,,,,,,,,
2023-05-03 20:00:00,14,0,3.95,45.56,6.41,102.66,1.15,12.08,30.2,2.0,256.0,274.0,0.7,1.5,1929.0,0.8,1921.0,1023.4,0.8,1032.1,242.138,1031.8,-2.93031,0.0,2.3,3.0,2.2,69.0,6.3,3.9475,,,,,,,,,
2023-05-03 21:00:00,14,0,3.91,45.57,6.4,102.59,1.14,12.12,30.29,2.0,15.0,15.0,1.0,1.9,2055.0,1.0,2100.0,1023.6,0.8,1032.4,239.3782,1032.0,-11.87408,0.0,1.3,2.3,1.3,74.0,6.326666667,3.947222222,,,,,,,,,
2023-05-03 22:00:00,14,0,3.88,45.57,6.4,102.46,1.19,12.18,30.44,2.0,25.0,22.0,1.3,3.6,2138.0,1.7,2146.0,1023.6,0.4,1032.4,238.3355,1032.0,-12.16633,0.1,1.5,1.5,1.2,71.0,6.316111111,3.946388889,,,,,,,,,
2023-05-03 23:00:00,14,0,3.88,45.57,6.41,102.54,1.16,12.18,30.46,2.0,17.0,26.0,1.5,3.4,2231.0,1.9,2240.0,1023.6,0.3,1032.4,236.9745,1032.1,-12.36221,0.0,1.1,1.7,1.1,73.0,6.315,3.946666667,,,,,,,,,
2023-05-04 00:00:00,14,0,3.88,45.57,6.42,102.51,1.11,12.15,30.38,2.0,346.0,17.0,0.2,2.9,2311.0,1.6,2302.0,1023.7,0.2,1032.5,235.7054,1032.2,-12.34864,0.0,0.1,1.2,0.1,79.0,6.303333333,3.950833333,,,,,,,,,
2023-05-04 01:00:00,14,1,3.93,45.54,6.42,102.66,1.14,12.15,30.38,2.0,351.0,17.0,0.7,2.4,46.0,0.9,49.0,1023.9,0.3,1032.7,234.2487,1032.3,-11.91746,0.0,0.3,0.5,-0.1,77.0,6.302777778,3.928888889,,,,,,,,,
2023-05-04 02:00:00,14,0,3.98,45.51,6.42,102.81,1.18,12.15,30.38,2.0,293.0,44.0,0.4,2.2,125.0,1.0,133.0,1023.9,0.3,1032.7,232.9967,1032.4,-12.01714,0.0,-0.6,0.4,-0.7,84.0,6.305833333,3.938055556,,,,,,,,,
2023-05-04 03:00:00,14,0,3.96,45.52,6.41,102.73,1.15,12.17,30.44,4.0,37.0,20.0,0.5,3.3,245.0,1.2,217.0,1023.8,0.1,1032.6,232.8558,1032.3,-11.40372,0.0,-0.4,0.1,-0.7,83.0,6.3,3.936388889,,,,,,,,,
2023-05-04 04:00:00,14,0,3.98,45.49,6.41,102.77,1.15,12.15,30.38,7.0,38.0,38.0,2.0,3.7,359.0,2.0,400.0,1023.8,0.1,1032.6,233.5587,1032.2,-3.099471,0.0,1.0,1.0,-0.5,73.0,6.301111111,3.940555556,,,,,,,,,
2023-05-04 05:00:00,14,0,3.97,45.49,6.41,102.77,1.13,12.15,30.38,4.0,42.0,37.0,1.9,4.0,402.0,2.3,404.0,1023.8,0.1,1032.5,235.471,1032.2,38.26486,0.0,2.4,2.4,1.0,66.0,6.326944444,3.9475,,,,,,,,,
2023-05-04 06:00:00,14,0,3.89,45.5,6.41,102.58,1.14,12.18,30.44,4.0,91.0,67.0,2.0,4.3,544.0,2.8,551.0,1023.8,0.1,1032.5,238.2462,1032.2,207.3413,0.0,3.4,3.4,2.4,62.0,6.341666667,3.965,,,,,,,,,
2023-05-04 07:00:00,14,0,3.83,45.5,6.41,102.45,1.12,12.19,30.48,7.0,62.0,62.0,3.7,5.7,655.0,3.7,700.0,1023.6,0.2,1032.3,241.2036,1032.0,335.4323,0.0,4.4,4.6,3.4,57.0,6.331944444,3.991388889,,,,,,,,,
2023-05-04 08:00:00,14,0,3.88,45.49,6.41,102.59,1.11,12.18,30.44,7.0,78.0,61.0,2.8,6.2,733.0,3.8,701.0,1023.5,0.4,1032.1,245.4445,1031.9,470.5031,0.0,5.9,6.2,4.4,49.0,6.350555556,4.000555556,,,,,,,,,
2023-05-04 09:00:00,14,0,3.92,45.51,6.41,102.67,1.18,12.12,30.3,7.0,89.0,89.0,2.6,6.7,844.0,3.1,853.0,1023.4,0.4,1032.0,250.2696,1031.8,588.3896,0.0,6.6,7.0,5.8,43.0,6.343055556,4.002222222,,,,,,,,,
2023-05-04 10:00:00,14,0,3.96,45.5,6.41,102.77,1.15,12.08,30.21,7.0,81.0,97.0,3.2,8.7,947.0,3.9,942.0,1023.2,0.3,1031.8,251.7189,1031.6,684.7416,0.0,6.9,7.8,6.4,39.0,6.341944444,4.029444444,,,,,,,,,
2023-05-04 11:00:00,14,0,3.95,45.51,6.4,102.74,1.13,12.16,30.39,7.0,66.0,61.0,3.3,7.7,1048.0,4.2,1050.0,1022.9,0.5,1031.5,253.469,1031.4,752.1177,0.0,7.7,8.2,6.9,37.0,6.331666667,4.0525,,,,,,,,,
2023-05-04 12:00:00,14,0,4.04,45.45,6.4,102.94,1.16,12.08,30.2,7.0,66.0,71.0,3.3,9.1,1118.0,4.8,1141.0,1022.6,0.8,1031.1,254.6936,1031.0,765.541,0.0,9.0,9.0,7.3,37.0,6.311944444,4.0425,,,,,,,,,
2023-05-04 13:00:00,14,1,4.0,45.48,6.4,102.86,1.14,12.11,30.28,7.0,92.0,81.0,3.4,8.5,1224.0,3.8,1233.0,1022.4,0.8,1030.9,256.0165,1030.8,742.446,0.0,8.8,9.0,7.8,32.0,6.3025,4.046944444,,,,,,,,,
2023-05-04 14:00:00,14,0,3.97,45.51,6.39,102.79,1.13,12.14,30.35,7.0,102.0,69.0,2.6,7.4,1333.0,3.8,1353.0,1022.1,0.8,1030.6,256.3412,1030.5,681.8141,0.0,9.2,9.2,8.3,33.0,6.3225,4.055,,,,,,,,,
2023-05-04 15:00:00,14,0,4.05,45.5,6.39,102.98,1.14,12.09,30.22,7.0,77.0,80.0,3.4,7.6,1434.0,3.9,1423.0,1021.7,0.8,1030.2,255.933,1030.1,585.8142,0.0,8.7,9.2,8.5,31.0,6.344444444,4.082777778,,,,,,,,,
2023-05-04 16:00:00,14,0,4.03,45.51,6.39,102.86,1.11,12.09,30.22,7.0,55.0,77.0,2.9,6.8,1524.0,3.6,1532.0,1021.4,1.0,1029.9,254.373,1029.8,463.6119,0.0,8.7,8.9,8.4,28.0,6.347222222,4.093888889,,,,,,,,,
2023-05-04 17:00:00,14,0,4.05,45.53,6.39,102.97,1.13,12.04,30.09,7.0,56.0,59.0,2.1,6.3,1638.0,3.8,1646.0,1021.0,1.2,1029.6,251.6081,1029.4,347.4503,0.0,7.8,9.0,7.8,31.0,6.332222222,4.089166667,,,,,,,,,
2023-05-04 18:00:00,14,0,4.04,45.53,6.4,102.93,1.12,12.05,30.13,5.0,42.0,57.0,2.8,5.9,1722.0,3.2,1710.0,1021.1,0.7,1029.7,245.9324,1029.5,87.70431,0.0,6.5,7.8,6.4,33.0,6.327777778,4.1,,,,,,,,,
2023-05-04 19:00:00,14,0,4.02,45.54,6.41,102.87,1.16,12.06,30.15,5.0,23.0,38.0,1.8,5.3,1815.0,2.8,1805.0,1021.1,0.4,1029.7,243.1869,1029.5,11.60379,0.0,5.6,6.5,5.6,39.0,6.328333333,4.098055556,,,,,,,,,
2023-05-04 20:00:00,14,0,4.01,45.54,6.41,102.86,1.14,12.08,30.21,2.0,20.0,27.0,1.9,4.0,1944.0,2.2,1912.0,1021.2,0.2,1029.9,242.3371,1029.6,-3.385693,0.0,4.5,5.6,4.5,41.0,6.326111111,4.095,,,,,,,,,
2023-05-04 21:00:00,14,0,4.01,45.55,6.41,102.86,1.13,12.06,30.13,2.0,17.0,22.0,2.0,4.2,2039.0,2.3,2031.0,1021.2,0.1,1029.9,241.132,1029.6,-12.02765,0.0,4.3,4.6,4.0,41.0,6.313888889,4.082222222,,,,,,,,,
2023-05-04 22:00:00,14,0,4.0,45.54,6.42,102.85,1.11,12.1,30.24,4.0,15.0,27.0,1.8,4.0,2107.0,2.2,2113.0,1021.1,0.0,1029.8,241.6885,1029.5,-12.69618,0.0,3.8,4.5,3.8,46.0,6.319444444,4.085555556,,,,,,,,,
2023-05-04 23:00:00,14,0,3.99,45.54,6.42,102.8,1.11,12.11,30.26,7.0,358.0,7.0,2.0,4.2,2244.0,2.2,2253.0,1021.0,0.1,1029.7,241.0217,1029.4,-12.33184,0.0,3.6,3.8,3.4,49.0,6.311111111,4.088333333,,,,,,,,,
2023-05-05 00:00:00,14,0,3.94,45.54,6.42,102.72,1.15,12.14,30.35,7.0,4.0,1.0,2.1,5.3,2331.0,2.7,2336.0,1021.0,0.1,1029.7,239.9725,1029.4,-12.14664,0.0,3.5,3.9,3.3,47.0,6.354166667,4.101388889,,,,,,,,,
2023-05-05 01:00:00,14,1,3.94,45.54,6.42,102.72,1.14,12.13,30.32,7.0,25.0,4.0,1.6,6.3,14.0,3.0,16.0,1020.9,0.1,1029.6,239.2161,1029.3,-12.28246,0.0,3.4,3.9,3.3,48.0,6.358333333,4.101666667,,,,,,,,,
2023-05-05 02:00:00,14,0,3.94,45.55,6.42,102.71,1.14,12.12,30.29,7.0,28.0,26.0,0.9,4.1,101.0,2.0,146.0,1020.9,0.1,1029.6,237.8774,1029.3,-12.68086,0.0,2.2,3.5,2.0,53.0,6.341666667,4.100833333,,,,,,,,,
2023-05-05 03:00:00,14,0,3.97,45.52,6.42,102.82,1.13,12.12,30.3,7.0,20.0,18.0,1.1,4.4,241.0,2.2,243.0,1020.6,0.5,1029.3,238.2606,1029.0,-11.77146,0.0,3.0,3.3,2.2,47.0,6.316111111,4.119722222,,,,,,,,,
2023-05-05 04:00:00,14,0,3.94,45.56,6.42,102.75,1.13,12.14,30.34,7.0,21.0,21.0,2.9,5.0,354.0,2.9,400.0,1020.5,0.5,1029.2,239.1181,1028.9,-2.945167,0.0,3.5,3.6,3.0,45.0,6.309722222,4.146944444,,,,,,,,,
2023-05-05 05:00:00,14,0,3.92,45.58,6.41,102.62,1.14,12.16,30.4,5.0,28.0,23.0,3.1,6.1,441.0,3.2,443.0,1020.5,0.4,1029.1,240.2143,1028.9,38.57624,0.0,4.8,4.8,3.3,41.0,6.302777778,4.151666667,,,,,,,,,
2023-05-05 06:00:00,14,0,3.91,45.51,6.41,102.64,1.12,12.18,30.45,4.0,44.0,44.0,2.9,5.2,527.0,3.1,552.0,1020.5,0.1,1029.1,244.1786,1028.9,213.1376,0.0,6.1,6.2,4.8,38.0,6.303333333,4.149722222,,,,,,,,,
2023-05-05 07:00:00,14,0,3.89,45.55,6.4,102.55,1.13,12.14,30.35,4.0,72.0,51.0,2.6,5.6,644.0,3.4,649.0,1020.4,0.0,1029.0,249.5086,1028.8,344.7742,0.0,7.4,7.5,6.1,36.0,6.3025,4.160833333,,,,,,,,,
2023-05-05 08:00:00,14,0,3.93,45.54,6.4,102.7,1.11,12.13,30.33,7.0,90.0,72.0,2.3,5.5,737.0,3.1,741.0,1020.4,0.1,1028.9,255.9548,1028.8,480.7964,0.0,9.1,9.3,7.4,31.0,6.319166667,4.193055556,,,,,,,,,
2023-05-05 09:00:00,14,0,3.95,45.52,6.4,102.75,1.12,12.07,30.16,7.0,102.0,77.0,2.0,5.0,824.0,2.7,803.0,1020.4,0.2,1028.9,261.6397,1028.8,598.1866,0.0,10.6,10.6,8.8,33.0,6.305,4.197777778,,,,,,,,,
2023-05-05 10:00:00,14,0,3.98,45.52,6.4,102.83,1.11,12.09,30.23,7.0,106.0,106.0,2.3,4.4,954.0,2.6,956.0,1020.2,0.2,1028.7,265.7236,1028.6,692.8116,0.0,10.7,11.1,10.2,35.0,6.305,4.2,,,,,,,,,
2023-05-05 11:00:00,14,0,4.01,45.51,6.44,102.91,1.11,12.05,30.13,7.0,116.0,111.0,2.2,4.6,1007.0,2.4,1050.0,1020.1,0.3,1028.6,268.3735,1028.5,759.2194,0.0,10.9,11.5,10.3,26.0,6.356666667,4.2,,,,,,,,,
2023-05-05 12:00:00,14,0,4.01,45.49,6.44,102.84,1.14,12.1,30.26,7.0,110.0,136.0,1.9,3.9,1158.0,2.5,1107.0,1019.7,0.6,1028.1,269.2822,1028.1,773.4678,0.0,11.6,11.6,10.4,27.0,6.350555556,4.2,,,,,,,,,
2023-05-05 13:00:00,14,1,4.03,45.5,6.44,102.92,1.15,12.12,30.29,7.0,114.0,114.0,2.3,4.6,1232.0,2.6,1237.0,1019.5,0.7,1027.9,269.1611,1027.9,748.69,0.0,11.8,12.1,10.7,26.0,6.321111111,4.2,,,,,,,,,
2023-05-05 14:00:00,14,0,4.04,45.5,6.45,103.0,1.16,12.13,30.32,7.0,154.0,122.0,1.4,4.1,1304.0,2.2,1308.0,1019.3,0.8,1027.7,271.636,1027.7,681.9979,0.0,11.8,12.1,11.2,24.0,6.300555556,4.2,,,,,,,,,
2023-05-05 15:00:00,14,0,4.17,45.54,6.42,103.34,1.12,11.93,29.81,7.0,201.0,192.0,1.8,3.8,1410.0,2.2,1422.0,1018.9,0.8,1027.3,272.6808,1027.3,583.8864,0.0,11.8,12.5,11.4,25.0,6.3,4.2,,,,,,,,,
2023-05-05 16:00:00,14,0,4.25,45.52,6.43,103.48,1.1,11.88,29.69,7.0,119.0,202.0,1.4,2.4,1507.0,1.8,1501.0,1018.5,1.0,1026.9,272.2787,1026.9,437.154,0.0,10.9,11.9,10.9,24.0,6.304444444,4.2,,,,,,,,,
2023-05-05 17:00:00,14,0,4.26,45.52,6.41,103.49,1.13,11.92,29.78,7.0,19.0,27.0,2.0,4.8,1638.0,2.5,1657.0,1018.2,1.1,1026.7,268.0906,1026.6,322.1346,0.0,9.2,11.0,9.2,38.0,6.3,4.198333333,,,,,,,,,
2023-05-05 18:00:00,14,0,4.18,45.5,6.44,103.41,1.1,11.98,29.94,7.0,10.0,9.0,1.9,4.2,1730.0,2.0,1759.0,1018.0,0.9,1026.5,258.1952,1026.4,76.54133,0.0,7.6,9.2,7.5,46.0,6.3,4.194166667,,,,,,,,,
2023-05-05 19:00:00,14,0,4.28,45.5,6.4,103.61,1.12,11.89,29.72,7.0,28.0,2.0,1.5,4.3,1810.0,2.1,1815.0,1018.0,0.5,1026.6,260.73,1026.3,22.85978,0.0,6.7,7.6,6.7,49.0,6.3,4.180555556,,,,,,,,,
2023-05-05 20:00:00,14,0,4.43,45.47,6.38,103.99,1.09,11.81,29.5,7.0,357.0,28.0,1.5,4.1,1914.0,1.9,1928.0,1017.8,0.5,1026.4,274.3997,1026.1,1.598227,0.0,6.2,6.8,6.2,47.0,6.3,4.154722222,,,,,,,,,
2023-05-05 21:00:00,14,0,4.45,45.49,6.42,104.1,1.08,11.73,29.32,7.0,355.0,18.0,0.6,2.8,2032.0,1.7,2032.0,1017.6,0.4,1026.2,261.087,1025.9,-12.30084,0.0,4.9,6.2,4.9,53.0,6.3,4.143611111,,,,,,,,,
2023-05-05 22:00:00,14,0,4.43,45.48,6.43,104.05,1.11,11.75,29.37,7.0,6.0,353.0,0.7,2.1,2114.0,1.2,2124.0,1017.3,0.7,1025.9,252.0216,1025.7,-12.64068,0.0,4.9,5.0,4.6,46.0,6.308055556,4.1475,,,,,,,,,
2023-05-05 23:00:00,14,0,4.37,45.47,6.43,103.91,1.12,11.82,29.54,7.0,349.0,20.0,0.7,3.8,2211.0,1.4,2219.0,1017.2,0.5,1025.8,249.3222,1025.6,-12.78883,0.0,3.9,5.1,3.9,51.0,6.3225,4.144722222,,,,,,,,,
2023-05-06 00:00:00,14,0,4.38,45.48,6.43,103.89,1.12,11.82,29.52,7.0,344.0,13.0,0.7,3.3,2307.0,1.7,2308.0,1017.2,0.4,1025.8,254.0248,1025.5,-12.33404,0.0,4.1,5.0,3.7,51.0,6.3275,4.146666667,,,,,,,,,
2023-05-06 01:00:00,14,1,4.36,45.5,6.43,103.81,1.12,11.82,29.52,7.0,21.0,20.0,0.9,2.7,52.0,1.2,57.0,1017.2,0.1,1025.8,260.6111,1025.6,-12.18933,0.0,4.2,4.3,3.7,51.0,6.310833333,4.146944444,,,,,,,,,
2023-05-06 02:00:00,14,0,4.34,45.51,6.43,103.73,1.12,11.82,29.53,7.0,358.0,24.0,0.8,3.0,118.0,1.2,122.0,1017.2,0.1,1025.8,265.9454,1025.5,-12.18547,0.0,3.9,4.4,3.9,53.0,6.305,4.146666667,,,,,,,,,
2023-05-06 03:00:00,14,0,4.27,45.49,6.43,103.57,1.13,11.86,29.65,4.0,18.0,18.0,1.3,2.6,234.0,1.3,300.0,1017.2,0.0,1025.8,257.4764,1025.5,-11.78699,0.0,4.0,4.0,3.6,51.0,6.3075,4.154722222,,,,,,,,,
2023-05-06 04:00:00,14,0,4.14,45.52,6.42,103.24,1.17,11.96,29.89,7.0,22.0,16.0,1.5,4.5,348.0,1.8,354.0,1017.0,0.2,1025.6,252.7289,1025.4,-2.408016,0.0,4.1,4.1,3.7,49.0,6.301666667,4.166944444,,,,,,,,,
2023-05-06 05:00:00,14,0,4.14,45.52,6.42,103.26,1.12,12.04,30.09,7.0,37.0,27.0,1.8,4.5,438.0,1.9,420.0,1016.8,0.3,1025.4,250.3905,1025.2,30.72031,0.0,5.3,5.3,4.0,45.0,6.300555556,4.168333333,,,,,,,,,
2023-05-06 06:00:00,14,0,4.12,45.52,6.42,103.29,1.12,12.0,29.99,7.0,55.0,51.0,2.2,4.2,552.0,2.4,524.0,1016.8,0.3,1025.3,263.7227,1025.2,217.9039,0.0,7.6,7.6,5.3,41.0,6.3,4.179166667,,,,,,,,,
2023-05-06 07:00:00,14,0,4.18,45.5,6.42,103.39,1.13,11.86,29.64,7.0,74.0,67.0,2.5,4.6,609.0,3.0,610.0,1016.8,0.2,1025.3,259.3017,1025.1,325.7425,0.0,9.0,9.0,7.5,39.0,6.325,4.185277778,,,,,,,,,
2023-05-06 08:00:00,14,0,4.26,45.5,6.43,103.62,1.14,11.86,29.63,4.0,109.0,75.0,1.7,3.9,712.0,2.4,701.0,1016.8,0.1,1025.3,265.8062,1025.2,472.8466,0.0,10.1,10.6,8.9,36.0,6.303611111,4.179166667,,,,,,,,,
2023-05-06 09:00:00,14,0,4.28,45.5,6.42,103.63,1.12,11.82,29.52,7.0,111.0,111.0,2.1,3.6,858.0,2.2,859.0,1016.7,0.1,1025.1,271.6091,1025.1,594.2289,0.0,11.5,11.5,10.0,35.0,6.301111111,4.178611111,,,,,,,,,
2023-05-06 10:00:00,14,0,4.32,45.49,6.45,103.76,1.14,11.78,29.44,7.0,137.0,137.0,2.1,3.4,955.0,2.1,1000.0,1016.6,0.2,1025.0,281.2335,1024.9,678.0158,0.0,11.4,12.4,11.2,27.0,6.3,4.178333333,,,,,,,,,
2023-05-06 11:00:00,14,0,4.31,45.47,6.43,103.79,1.1,11.84,29.59,7.0,151.0,138.0,1.5,3.7,1014.0,2.3,1004.0,1016.3,0.5,1024.7,284.1332,1024.7,736.4781,0.0,12.2,12.7,11.3,26.0,6.3,4.195555556,,,,,,,,,
2023-05-06 12:00:00,14,0,4.31,45.45,6.43,103.87,1.1,11.88,29.69,7.0,187.0,181.0,1.5,3.2,1140.0,1.8,1148.0,1016.3,0.4,1024.7,286.2602,1024.7,762.2772,0.0,13.1,13.3,12.2,24.0,6.3,4.199166667,,,,,,,,,
2023-05-06 13:00:00,14,1,4.33,45.46,6.44,103.89,1.1,11.89,29.72,5.0,136.0,165.0,1.4,3.2,1206.0,2.0,1212.0,1016.4,0.2,1024.8,288.3959,1024.7,714.868,0.0,12.8,13.2,12.3,27.0,6.3,4.2,,,,,,,,,
2023-05-06 14:00:00,14,0,4.34,45.46,6.45,103.91,1.1,11.9,29.74,7.0,170.0,166.0,1.5,3.1,1343.0,1.8,1352.0,1016.2,0.1,1024.6,288.9301,1024.6,666.0057,0.0,13.2,13.5,12.6,22.0,6.3,4.2,,,,,,,,,
2023-05-06 15:00:00,14,0,4.37,45.45,6.43,104.02,1.1,11.87,29.67,7.0,165.0,156.0,1.7,4.0,1448.0,2.1,1449.0,1016.0,0.3,1024.3,290.8883,1024.3,586.9039,0.0,13.5,14.0,13.1,25.0,6.3,4.2,,,,,,,,,
2023-05-06 16:00:00,14,0,4.45,45.47,6.43,104.25,1.12,11.77,29.41,7.0,205.0,205.0,1.8,4.7,1510.0,2.5,1517.0,1015.7,0.7,1024.1,289.8633,1024.1,435.9809,0.0,12.7,13.8,12.7,24.0,6.3,4.199722222,,,,,,,,,
2023-05-06 17:00:00,14,0,4.49,45.42,6.44,104.41,1.07,11.88,29.68,5.0,300.0,203.0,0.5,2.6,1607.0,1.8,1601.0,1015.8,0.5,1024.2,288.1785,1024.1,271.0619,0.0,11.4,13.3,11.4,33.0,6.3,4.2,,,,,,,,,
2023-05-06 18:00:00,14,0,4.68,45.43,6.43,104.89,1.08,11.71,29.24,5.0,315.0,315.0,0.5,1.2,1728.0,0.5,1800.0,1015.7,0.2,1024.1,311.6523,1024.1,80.70805,0.0,11.1,11.4,10.7,39.0,6.308055556,4.195555556,,,,,,,,,
2023-05-06 19:00:00,14,0,4.69,45.46,6.44,104.92,1.07,11.68,29.18,4.0,336.0,313.0,0.4,1.1,1808.0,0.5,1824.0,1015.6,0.1,1024.0,341.5226,1024.0,19.35288,0.0,10.0,11.1,10.0,44.0,6.3,4.181666667,,,,,,,,,
2023-05-06 20:00:00,14,0,4.61,45.47,6.44,104.72,1.08,11.68,29.18,4.0,15.0,15.0,1.3,2.6,1950.0,1.3,2000.0,1015.8,0.1,1024.3,314.8256,1024.2,1.514967,0.0,9.2,10.0,9.1,38.0,6.3,4.179444444,,,,,,,,,
2023-05-06 21:00:00,14,0,4.37,45.49,6.44,104.18,1.08,11.88,29.69,4.0,19.0,11.0,1.2,2.4,2009.0,1.5,2015.0,1015.7,0.0,1024.2,325.3057,1024.1,-10.69749,0.0,9.2,9.3,8.6,38.0,6.300555556,4.161666667,,,,,,,,,
2023-05-06 22:00:00,14,0,4.28,45.48,6.44,103.89,1.12,11.96,29.88,2.0,35.0,35.0,1.3,3.6,2144.0,1.9,2152.0,1015.9,0.2,1024.4,336.6943,1024.2,-11.33287,0.0,9.2,9.4,8.7,38.0,6.3,4.147222222,,,,,,,,,
2023-05-06 23:00:00,14,0,4.22,45.5,6.44,103.75,1.1,11.99,29.97,2.0,29.0,36.0,1.9,4.1,2252.0,2.0,2254.0,1016.0,0.2,1024.5,342.6628,1024.4,-11.02607,0.0,9.1,9.2,9.0,38.0,6.3,4.150555556,,,,,,,,,
2023-05-07 00:00:00,14,0,4.24,45.5,6.44,103.77,1.14,12.0,29.98,2.0,26.0,32.0,1.6,4.0,2334.0,2.2,2322.0,1016.1,0.4,1024.6,341.8435,1024.5,-10.9916,0.0,9.0,9.2,9.0,39.0,6.3,4.1525,,,,,,,,,
2023-05-07 01:00:00,14,1,4.34,45.49,6.44,104.06,1.12,11.92,29.78,2.0,26.0,32.0,1.6,4.2,23.0,2.2,27.0,1016.2,0.4,1024.7,343.0147,1024.6,-10.88315,0.0,8.7,9.0,8.7,40.0,6.300833333,4.154444444,,,,,,,,,
2023-05-07 02:00:00,14,0,4.44,45.48,6.44,104.34,1.1,11.84,29.59,2.0,27.0,28.0,1.9,4.1,120.0,2.1,141.0,1016.2,0.2,1024.7,337.1977,1024.6,-11.02352,0.0,8.4,8.7,8.4,40.0,6.337222222,4.159166667,,,,,,,,,
2023-05-07 03:00:00,14,0,4.36,45.49,6.44,104.13,1.08,11.88,29.68,2.0,16.0,34.0,1.2,3.7,226.0,2.0,230.0,1016.5,0.3,1025.0,335.86,1024.8,-10.83211,0.0,8.2,8.5,8.2,41.0,6.3,4.173611111,,,,,,,,,
2023-05-07 04:00:00,14,0,4.44,45.44,6.44,104.23,1.14,11.83,29.57,2.0,326.0,16.0,0.4,1.5,302.0,1.1,302.0,1016.5,0.4,1025.0,334.6279,1024.9,-4.485018,0.0,7.2,8.2,7.2,53.0,6.3,4.163611111,,,,,,,,,
2023-05-07 05:00:00,14,0,4.51,45.5,6.44,104.57,1.13,11.84,29.58,2.0,1.0,322.0,0.0,0.8,401.0,0.5,409.0,1016.7,0.5,1025.2,333.1422,1025.1,19.90738,0.0,7.0,7.2,6.8,61.0,6.3,4.157777778,,,,,,,,,
2023-05-07 06:00:00,14,0,4.66,45.46,6.45,104.87,1.09,11.71,29.25,2.0,346.0,42.0,0.1,2.0,535.0,1.0,540.0,1016.9,0.4,1025.4,330.6312,1025.2,75.85995,0.0,7.8,8.2,7.0,58.0,6.3,4.170555556,,,,,,,,,
2023-05-07 07:00:00,14,0,4.62,45.46,6.43,104.67,1.07,11.78,29.43,2.0,79.0,99.0,0.5,1.6,631.0,0.7,635.0,1017.2,0.6,1025.7,333.2734,1025.5,143.907,0.0,9.4,9.4,7.8,46.0,6.3,4.179166667,,,,,,,,,
2023-05-07 08:00:00,14,0,4.54,45.48,6.44,104.55,1.07,11.75,29.34,2.0,110.0,112.0,1.4,2.8,758.0,1.5,742.0,1017.1,0.4,1025.5,336.0552,1025.5,220.9978,0.0,10.4,10.4,9.4,38.0,6.3,4.170277778,,,,,,,,,
2023-05-07 09:00:00,14,0,4.39,45.51,6.44,104.08,1.18,11.85,29.6,0.0,107.0,109.0,1.1,2.3,858.0,1.5,847.0,1017.0,0.2,1025.4,340.3,1025.4,293.5562,0.0,11.3,11.4,10.4,35.0,6.3,4.169166667,,,,,,,,,
2023-05-07 10:00:00,14,0,4.35,45.47,6.45,104.01,1.11,11.83,29.57,4.0,147.0,146.0,1.3,2.8,915.0,1.9,937.0,1017.1,0.1,1025.5,325.2444,1025.4,445.3279,0.0,12.8,12.8,11.2,34.0,6.3,4.172777778,,,,,,,,,
2023-05-07 11:00:00,14,0,4.27,45.49,6.45,103.83,1.08,11.93,29.81,7.0,160.0,142.0,1.2,2.8,1023.0,1.7,1028.0,1016.9,0.2,1025.2,298.7358,1025.3,752.9401,0.0,13.9,13.9,12.4,30.0,6.3,4.176944444,,,,,,,,,
2023-05-07 12:00:00,14,0,4.32,45.49,6.43,103.98,1.09,11.86,29.63,7.0,156.0,156.0,2.0,3.1,1150.0,2.0,1200.0,1016.8,0.2,1025.1,297.0298,1025.1,761.5115,0.0,14.3,14.6,13.3,29.0,6.3,4.174166667,,,,,,,,,
2023-05-07 13:00:00,14,1,4.37,45.5,6.44,104.18,1.1,11.9,29.72,7.0,187.0,153.0,2.0,3.4,1240.0,2.1,1207.0,1016.8,0.3,1025.1,299.7167,1025.2,736.1064,0.0,15.3,15.6,14.2,29.0,6.300555556,4.178055556,,,,,,,,,
2023-05-07 14:00:00,14,0,4.42,45.5,6.46,104.37,1.12,11.93,29.8,7.0,176.0,209.0,1.8,3.5,1302.0,2.2,1311.0,1016.8,0.1,1025.1,301.6547,1025.1,673.1549,0.0,15.2,15.7,14.9,30.0,6.304166667,4.173055556,,,,,,,,,
2023-05-07 15:00:00,14,0,4.7,45.46,6.47,105.17,1.1,11.76,29.38,4.0,20.0,33.0,1.0,5.6,1455.0,2.0,1434.0,1016.7,0.1,1025.0,299.2014,1025.1,572.5573,0.0,14.6,15.2,14.0,35.0,6.3,4.172777778,,,,,,,,,
2023-05-07 16:00:00,14,0,4.69,45.45,6.46,105.16,1.11,11.75,29.35,2.0,167.0,9.0,1.7,5.3,1531.0,2.0,1540.0,1017.0,0.1,1025.3,299.1028,1025.3,449.5862,0.0,13.9,15.0,13.4,37.0,6.3,4.189444444,,,,,,,,,
2023-05-07 17:00:00,14,0,4.75,45.44,6.45,105.36,1.07,11.81,29.51,4.0,281.0,187.0,0.9,4.4,1610.0,2.1,1612.0,1016.8,0.0,1025.2,290.4875,1025.1,336.139,0.0,11.9,13.9,11.9,45.0,6.3,4.180277778,,,,,,,,,
2023-05-07 18:00:00,14,0,4.77,45.45,6.44,105.39,1.1,11.76,29.37,8.0,340.0,343.0,1.1,2.5,1753.0,1.2,1758.0,1016.5,0.1,1025.0,281.8819,1024.9,85.7887,0.0,10.0,11.9,10.0,55.0,6.3,4.191666667,,,,,,,,,
2023-05-07 19:00:00,14,0,4.73,45.46,6.43,105.32,1.06,11.76,29.38,7.0,320.0,343.0,0.6,3.8,1808.0,1.4,1817.0,1016.5,0.4,1025.0,275.4041,1024.9,12.53776,0.0,8.8,10.0,8.8,60.0,6.3,4.195555556,,,,,,,,,
2023-05-07 20:00:00,14,0,5.3,45.44,6.44,106.24,1.09,11.46,28.63,7.0,337.0,358.0,0.3,1.7,1909.0,1.2,1916.0,1016.4,0.4,1024.9,271.7743,1024.8,-4.040452,0.0,8.2,8.8,8.1,60.0,6.3,4.180277778,,,,,,,,,
2023-05-07 21:00:00,14,0,5.11,45.46,6.44,105.92,1.11,11.54,28.83,4.0,276.0,348.0,0.5,1.4,2035.0,1.1,2041.0,1016.5,0.1,1025.0,270.359,1024.9,-11.78358,0.0,7.2,8.2,7.2,65.0,6.3,4.163333333,,,,,,,,,
2023-05-07 22:00:00,14,0,6.06,45.23,6.45,107.93,1.06,11.18,27.9,4.0,344.0,286.0,0.2,2.1,2143.0,0.9,2145.0,1016.5,0.1,1025.1,270.1342,1024.8,-12.46873,0.0,6.2,7.5,6.1,71.0,6.3,4.16,,,,,,,,,
2023-05-07 23:00:00,14,0,4.84,45.4,6.45,105.51,1.08,11.72,29.29,4.0,267.0,271.0,0.6,2.3,2226.0,1.0,2235.0,1016.4,0.0,1025.0,274.1627,1024.8,-11.80425,0.0,6.0,6.5,5.5,72.0,6.315833333,4.168888889,,,,,,,,,
2023-05-08 00:00:00,14,0,4.73,45.44,6.45,105.15,1.1,11.78,29.43,4.0,290.0,282.0,0.4,1.7,2322.0,0.8,2314.0,1016.5,0.0,1025.1,268.9942,1024.9,-11.9703,0.0,5.7,6.5,4.8,73.0,6.300277778,4.166666667,,,,,,,,,
2023-05-08 01:00:00,14,1,4.91,45.44,6.45,105.58,1.11,11.71,29.26,8.0,347.0,314.0,0.4,1.3,46.0,0.7,53.0,1016.2,0.3,1024.8,269.4541,1024.5,-11.81477,0.0,5.1,5.9,4.8,74.0,6.3,4.147222222,,,,,,,,,
2023-05-08 02:00:00,14,0,5.08,45.44,6.45,106.01,1.12,11.64,29.09,8.0,359.0,343.0,0.6,2.0,200.0,0.7,130.0,1015.9,0.6,1024.5,290.3788,1024.2,-11.17033,0.0,6.0,6.0,5.0,69.0,6.3,4.1525,,,,,,,,,
2023-05-08 03:00:00,14,0,4.97,45.42,6.45,105.57,1.07,11.64,29.07,7.0,24.0,26.0,1.7,4.6,243.0,2.5,246.0,1015.6,1.0,1024.1,290.1777,1023.9,-10.16103,0.0,7.2,7.3,5.6,58.0,6.3,4.149722222,,,,,,,,,
2023-05-08 04:00:00,14,0,5.07,45.44,6.45,105.77,1.09,11.61,29.0,8.0,35.0,40.0,1.8,4.5,357.0,2.3,353.0,1015.1,1.1,1023.6,290.062,1023.4,1.23786,0.0,7.6,7.6,6.9,50.0,6.301111111,4.145555556,,,,,,,,,
2023-05-08 05:00:00,14,0,6.06,45.4,6.44,107.56,1.03,11.09,27.67,7.0,29.0,43.0,2.8,6.9,424.0,4.1,445.0,1014.7,1.1,1023.2,344.635,1023.1,13.22572,0.0,9.0,9.2,7.6,41.0,6.3,4.143333333,,,,,,,,,
2023-05-08 06:00:00,14,0,5.63,44.47,6.43,106.87,1.58,11.38,28.41,6.0,26.0,40.0,2.6,5.7,521.0,3.9,527.0,1014.6,1.0,1023.0,357.1774,1022.9,20.98032,0.0,9.7,9.7,9.0,40.0,6.3,4.121944444,,,,,,,,,
2023-05-08 07:00:00,14,0,5.19,45.43,6.44,106.06,1.1,11.58,28.92,8.0,34.0,49.0,3.1,6.3,623.0,3.3,639.0,1014.0,1.1,1022.4,359.5746,1022.3,71.20374,0.0,10.5,10.6,9.7,38.0,6.3,4.110277778,,,,,,,,,
2023-05-08 08:00:00,14,0,4.84,45.45,6.43,105.41,1.1,11.74,29.33,8.0,49.0,53.0,3.0,6.0,716.0,3.5,731.0,1013.2,1.5,1021.6,354.0303,1021.5,206.8615,0.0,12.2,12.4,10.5,36.0,6.3,4.110555556,,,,,,,,,
2023-05-08 09:00:00,14,0,4.68,45.45,6.43,105.05,1.11,11.84,29.59,7.0,61.0,54.0,2.5,5.9,900.0,3.2,851.0,1012.8,1.8,1021.2,364.7838,1021.1,202.3204,0.0,12.4,12.9,12.2,38.0,6.300833333,4.116388889,,,,,,,,,
2023-05-08 10:00:00,14,0,4.69,45.47,6.42,104.96,1.12,11.84,29.58,7.0,50.0,49.0,3.1,7.0,927.0,3.5,935.0,1012.3,1.7,1020.6,365.703,1020.6,215.2676,0.0,13.2,13.2,12.2,36.0,6.3,4.126388889,,,,,,,,,
2023-05-08 11:00:00,14,0,5.22,45.41,6.43,105.98,1.11,11.55,28.84,7.0,28.0,61.0,2.3,5.3,1033.0,3.0,1040.0,1011.9,1.3,1020.3,374.3831,1020.2,114.3268,0.1,11.7,13.4,11.5,53.0,6.301111111,4.136388889,,,,,,,,,
2023-05-08 12:00:00,14,0,5.18,45.39,6.43,105.93,1.1,11.56,28.86,7.0,37.0,37.0,1.4,4.4,1109.0,2.6,1113.0,1011.4,1.3,1019.7,373.4601,1019.7,189.3745,0.0,13.5,13.5,11.7,44.0,6.3,4.144444444,0.0,,,,,,,,
2023-05-08 13:00:00,14,1,4.94,45.44,6.44,105.42,1.11,11.67,29.15,7.0,79.0,83.0,1.4,4.3,1232.0,2.4,1234.0,1010.9,1.3,1019.2,378.037,1019.2,183.0973,0.0,14.6,14.6,13.5,42.0,6.300833333,4.148055556,,,,,,,,,
2023-05-08 14:00:00,14,0,4.7,45.49,6.44,104.91,1.12,11.78,29.44,6.0,72.0,83.0,1.9,4.7,1311.0,2.5,1318.0,1010.6,1.3,1018.9,382.8029,1018.9,165.664,0.0,14.3,15.0,14.3,44.0,6.3,4.150833333,,,,,,,,,
2023-05-08 15:00:00,14,0,4.42,45.48,6.44,104.46,1.14,11.94,29.85,7.0,64.0,71.0,1.1,2.7,1410.0,1.9,1401.0,1010.0,1.3,1018.3,379.6385,1018.3,90.27861,0.0,14.3,14.3,13.9,50.0,6.3,4.146111111,,,,,,,,,
2023-05-08 16:00:00,14,0,4.51,45.46,6.44,104.38,1.1,11.94,29.83,7.0,83.0,83.0,1.7,3.3,1559.0,1.7,1600.0,1009.5,1.4,1017.7,379.1639,1017.8,179.9525,0.0,15.2,15.2,14.3,48.0,6.3,4.148888889,,,,,,,,,
2023-05-08 17:00:00,14,0,5.27,45.23,6.48,106.3,1.09,11.58,28.93,7.0,262.0,71.0,0.7,3.2,1650.0,1.6,1603.0,1009.1,1.5,1017.4,365.1906,1017.4,199.5724,0.0,14.7,15.6,14.5,50.0,6.3,4.150833333,,,,,,,,,
2023-05-08 18:00:00,14,0,4.64,45.45,6.45,104.88,1.13,11.81,29.51,7.0,22.0,225.0,0.4,1.1,1704.0,0.6,1709.0,1008.7,1.4,1017.0,360.0041,1017.0,86.37082,0.0,14.4,14.9,14.4,55.0,6.3,4.148055556,,,,,,,,,
2023-05-08 19:00:00,14,0,5.41,45.2,6.47,106.55,1.08,11.57,28.9,7.0,340.0,6.0,0.6,1.5,1807.0,0.8,1843.0,1008.4,1.2,1016.7,360.4575,1016.6,33.00575,0.0,13.3,14.4,13.3,56.0,6.3,4.141111111,,,,,,,,,
2023-05-08 20:00:00,14,0,5.48,45.31,6.47,106.69,1.07,11.39,28.44,7.0,327.0,327.0,0.7,1.2,1904.0,0.7,2000.0,1008.1,1.0,1016.4,371.7128,1016.4,-3.036609,0.0,12.4,13.3,12.4,64.0,6.3,4.163888889,,,,,,,,,
2023-05-08 21:00:00,14,0,5.37,45.32,6.47,106.46,1.1,11.56,28.89,8.0,329.0,284.0,0.6,2.1,2028.0,1.1,2051.0,1007.5,1.2,1015.8,366.5259,1015.8,-11.82371,0.0,11.6,12.4,11.1,68.0,6.3,4.194444444,,,,,,,,,
2023-05-08 22:00:00,14,0,5.13,45.36,6.46,105.95,1.09,11.67,29.15,8.0,352.0,21.0,0.5,2.8,2119.0,1.0,2124.0,1006.7,1.6,1015.0,364.3976,1015.0,-10.95847,0.0,11.9,12.2,11.3,60.0,6.3,4.2,,,,,,,,,
2023-05-08 23:00:00,14,0,4.95,45.38,6.46,105.5,1.12,11.66,29.13,7.0,6.0,6.0,0.9,2.3,2204.0,0.9,2300.0,1006.3,1.8,1014.6,368.1646,1014.6,-10.55725,0.0,12.0,12.3,11.0,57.0,6.3,4.208888889,,,,,,,,,
2023-05-09 00:00:00,14,0,5.02,45.39,6.46,105.75,1.1,11.66,29.12,7.0,348.0,16.0,0.6,2.8,2326.0,1.3,2328.0,1005.7,1.8,1014.0,374.2635,1014.0,-10.92172,0.0,11.5,12.6,11.0,61.0,6.3,4.213888889,,,,,,,,,
2023-05-09 01:00:00,14,1,5.03,45.4,6.46,105.77,1.1,11.64,29.07,7.0,21.0,21.0,1.3,3.3,37.0,1.7,47.0,1005.5,1.2,1013.8,377.2823,1013.7,-11.20812,0.0,12.0,12.3,11.5,58.0,6.3,4.239166667,,,,,,,,,
2023-05-09 02:00:00,14,0,5.03,45.41,6.46,105.79,1.1,11.62,29.02,8.0,283.0,360.0,0.9,3.3,140.0,1.3,115.0,1004.6,1.7,1012.9,368.2155,1012.9,-15.30203,0.0,11.2,12.1,10.8,64.0,6.3,4.278611111,,,,,,,,,
2023-05-09 03:00:00,14,0,5.03,45.37,6.46,105.74,1.13,11.71,29.25,8.0,29.0,21.0,1.8,4.4,255.0,1.9,257.0,1004.0,1.7,1012.3,370.0708,1012.3,-11.54381,0.0,11.1,11.9,11.0,66.0,6.300833333,4.300555556,,,,,,,,,
2023-05-09 04:00:00,14,0,5.11,45.38,6.46,105.88,1.12,11.66,29.14,6.0,57.0,57.0,3.0,5.4,347.0,3.1,356.0,1003.2,2.2,1011.5,367.5101,1011.5,-6.10682,0.0,12.8,12.8,10.6,54.0,6.3,4.349722222,,,,,,,,,
2023-05-09 05:00:00,14,0,5.03,45.42,6.46,105.69,1.14,11.65,29.09,7.0,39.0,52.0,1.5,5.3,415.0,3.0,416.0,1002.4,2.2,1010.7,370.7635,1010.6,10.56122,0.0,12.8,12.8,12.5,56.0,6.3,4.408055556,,,,,,,,,
2023-05-09 06:00:00,14,0,5.04,45.39,6.46,105.71,1.09,11.69,29.21,6.0,49.0,49.0,1.9,5.3,556.0,1.9,600.0,1002.0,2.0,1010.2,375.4281,1010.2,32.04504,0.0,12.9,13.2,12.4,56.0,6.300277778,4.443611111,,,,,,,,,
2023-05-09 07:00:00,14,0,5.2,44.43,6.44,106.06,1.57,11.56,28.88,6.0,231.0,231.0,2.4,8.1,655.0,2.4,700.0,1001.8,1.4,1010.0,380.0992,1010.0,81.81028,0.0,15.2,15.2,12.8,49.0,6.3,4.435555556,,,,,,,,,
2023-05-09 08:00:00,14,0,5.04,45.35,6.46,105.92,1.14,11.73,29.32,5.0,228.0,195.0,1.8,9.3,727.0,3.4,737.0,1001.9,0.5,1010.1,385.9082,1010.2,99.14091,0.0,15.3,15.7,15.2,49.0,6.300833333,4.401666667,,,,,,,,,
2023-05-09 09:00:00,14,0,4.98,45.37,6.44,105.66,1.1,11.71,29.26,5.0,219.0,212.0,2.5,8.3,857.0,3.2,831.0,1002.0,0.0,1010.2,387.84,1010.2,62.91514,0.0,15.2,15.3,15.1,51.0,6.300277778,4.387222222,,,,,,,,,
2023-05-09 10:00:00,14,0,5.01,45.38,6.45,105.78,1.08,11.71,29.26,2.0,252.0,232.0,2.5,8.4,948.0,3.4,951.0,1001.9,0.2,1010.1,386.3658,1010.1,134.0152,0.0,16.0,16.1,15.1,48.0,6.3,4.376944444,,,,,,,,,
2023-05-09 11:00:00,14,0,4.84,45.4,6.44,105.45,1.13,11.8,29.49,4.0,62.0,278.0,1.0,6.9,1011.0,2.4,1014.0,1001.9,0.1,1010.1,389.7196,1010.1,94.02164,0.0,15.6,16.0,15.5,52.0,6.313333333,4.374722222,,,,,,,,,
2023-05-09 12:00:00,14,0,4.9,45.4,6.45,105.63,1.14,11.78,29.44,7.0,32.0,32.0,1.9,4.1,1139.0,2.4,1146.0,1001.5,0.4,1009.7,391.3329,1009.8,71.21641,0.1,14.0,15.6,14.0,63.0,6.3,4.345555556,,,,,,,,,
2023-05-09 13:00:00,14,1,5.01,45.36,6.44,105.73,1.12,11.74,29.32,8.0,42.0,26.0,1.9,3.8,1202.0,2.0,1204.0,1001.0,0.9,1009.2,384.4066,1009.2,113.042,0.0,15.5,15.6,14.0,52.0,6.3,4.323055556,,,,,,,,,
2023-05-09 14:00:00,14,0,5.11,45.32,6.44,105.83,1.09,11.69,29.2,7.0,54.0,54.0,2.1,4.8,1340.0,2.3,1357.0,1000.8,1.1,1009.0,390.3859,1009.0,128.4246,0.0,15.2,15.5,15.0,53.0,6.301111111,4.301388889,,,,,,,,,
2023-05-09 15:00:00,14,0,5.01,45.39,6.45,105.59,1.12,11.67,29.15,7.0,23.0,52.0,1.7,5.1,1429.0,2.6,1449.0,1000.5,1.1,1008.7,387.6435,1008.7,120.8665,0.1,14.7,15.5,14.7,59.0,6.3,4.26,,,,,,,,,
2023-05-09 16:00:00,14,0,5.23,45.33,6.45,106.14,1.13,11.58,28.92,7.0,19.0,23.0,1.3,4.3,1526.0,2.5,1535.0,1000.1,0.9,1008.3,397.8801,1008.3,124.9158,0.9,13.2,14.7,13.2,69.0,6.3,4.244722222,,,,,,,,,
2023-05-09 17:00:00,14,0,5.47,45.3,6.47,106.74,1.1,11.53,28.79,7.0,309.0,48.0,0.5,2.8,1627.0,1.4,1621.0,1000.1,0.7,1008.3,379.6504,1008.3,48.34113,0.0,12.6,13.6,12.6,77.0,6.3,4.218055556,,,,,,,,,
2023-05-09 18:00:00,14,0,5.68,45.29,6.48,107.23,1.1,11.42,28.52,7.0,315.0,310.0,1.0,2.9,1727.0,1.6,1735.0,1000.0,0.5,1008.3,384.0311,1008.2,18.95658,0.4,10.8,12.6,10.8,87.0,6.3,4.205833333,,,,,,,,,
2023-05-09 19:00:00,14,0,5.65,45.32,6.48,107.13,1.12,11.44,28.56,4.0,331.0,317.0,0.7,1.8,1802.0,1.0,1811.0,1000.0,0.1,1008.3,374.192,1008.2,8.755723,0.0,11.4,11.4,10.8,77.0,6.3,4.201944444,,,,,,,,,
2023-05-09 20:00:00,14,0,5.65,44.41,6.48,107.09,1.58,11.4,28.46,7.0,279.0,300.0,0.6,4.1,1903.0,1.7,1908.0,1000.0,0.2,1008.3,368.7304,1008.2,0.8708697,0.0,11.1,11.4,10.6,76.0,6.3,4.2,,,,,,,,,
2023-05-09 21:00:00,14,0,5.59,45.33,6.49,107.02,1.09,11.45,28.58,4.0,319.0,316.0,0.5,1.6,2027.0,0.7,2035.0,1000.0,0.1,1008.3,368.7394,1008.3,-8.453828,0.0,10.8,11.1,10.3,73.0,6.3,4.197222222,,,,,,,,,
2023-05-09 22:00:00,14,0,5.47,44.08,6.47,106.77,1.59,11.48,28.66,4.0,261.0,261.0,1.0,2.5,2152.0,1.0,2200.0,1000.0,0.1,1008.3,370.1572,1008.2,-9.588339,0.0,10.5,11.6,10.5,78.0,6.3,4.189722222,,,,,,,,,
2023-05-09 23:00:00,14,0,5.19,45.35,6.45,106.08,1.09,11.58,28.92,2.0,325.0,263.0,0.5,2.1,2248.0,1.0,2201.0,1000.1,0.1,1008.4,371.0877,1008.3,-9.785542,0.0,10.3,11.0,10.2,77.0,6.301388889,4.175,,,,,,,,,
2023-05-10 00:00:00,14,0,5.26,45.38,6.44,106.1,1.1,11.6,28.98,3.0,14.0,310.0,0.7,3.5,2343.0,1.3,2352.0,1000.4,0.3,1008.7,370.5777,1008.6,-9.720291,0.0,10.8,10.8,10.0,74.0,6.3,4.150833333,,,,,,,,,
2023-05-10 01:00:00,14,1,5.28,45.34,6.45,106.14,1.11,11.61,29.01,2.0,325.0,235.0,0.5,1.8,22.0,0.9,27.0,1000.3,0.4,1008.6,369.4717,1008.5,-9.958631,0.0,10.0,10.8,9.8,78.0,6.3,4.138611111,,,,,,,,,
2023-05-10 02:00:00,14,0,5.3,45.29,6.46,106.18,1.12,11.62,29.03,2.0,274.0,310.0,0.9,2.1,152.0,1.0,154.0,1000.3,0.2,1008.6,370.9735,1008.5,-9.75318,0.0,10.6,10.9,10.0,74.0,6.3,4.135555556,,,,,,,,,
2023-05-10 03:00:00,14,0,5.48,45.36,6.47,106.65,1.13,11.48,28.68,4.0,300.0,354.0,0.5,1.9,207.0,0.9,221.0,1000.4,0.1,1008.7,366.8385,1008.6,-9.42492,0.0,10.7,11.1,10.5,72.0,6.3,4.119166667,,,,,,,,,
2023-05-10 04:00:00,14,0,5.48,45.38,6.47,106.54,1.1,11.54,28.82,2.0,348.0,30.0,0.3,1.6,305.0,0.9,341.0,1000.4,0.1,1008.7,363.0991,1008.7,-1.609684,0.0,10.5,10.8,9.9,77.0,6.301944444,4.113611111,,,,,,,,,
2023-05-10 05:00:00,14,0,5.58,45.39,6.47,106.86,1.11,11.48,28.66,2.0,289.0,299.0,0.3,1.2,414.0,0.6,433.0,1000.7,0.4,1009.0,368.715,1008.9,16.64697,0.0,10.2,10.9,9.7,79.0,6.3,4.1025,,,,,,,,,
2023-05-10 06:00:00,14,0,5.53,45.37,6.46,106.76,1.12,11.52,28.77,3.0,49.0,251.0,0.4,1.7,504.0,0.8,513.0,1001.2,0.8,1009.5,363.7315,1009.4,70.56904,0.0,10.1,10.2,9.5,87.0,6.3,4.102777778,,,,,,,,,
2023-05-10 07:00:00,14,0,5.09,45.4,6.44,105.69,1.11,11.7,29.23,2.0,32.0,71.0,0.3,1.7,640.0,0.8,642.0,1001.6,1.1,1009.9,365.2882,1009.8,119.5133,0.0,10.5,10.5,9.8,85.0,6.3,4.1025,,,,,,,,,
2023-05-10 08:00:00,14,0,5.14,45.43,6.45,105.8,1.13,11.62,29.03,2.0,175.0,175.0,0.8,1.5,800.0,0.8,800.0,1001.9,1.2,1010.2,365.6586,1010.1,198.6047,0.0,11.2,11.3,10.3,80.0,6.3,4.101111111,,,,,,,,,
2023-05-10 09:00:00,14,0,5.28,45.35,6.46,106.04,1.14,11.62,29.03,2.0,205.0,205.0,1.3,2.3,817.0,1.3,900.0,1002.2,1.0,1010.5,369.2242,1010.4,280.2591,0.0,11.8,12.1,11.2,78.0,6.3,4.101111111,,,,,,,,,
2023-05-10 10:00:00,14,0,5.52,45.36,6.47,106.59,1.15,11.47,28.64,2.0,198.0,200.0,1.9,2.9,954.0,2.0,959.0,1002.3,0.7,1010.6,372.9047,1010.5,289.0851,0.0,12.2,12.2,11.8,78.0,6.3,4.100555556,,,,,,,,,
2023-05-10 11:00:00,14,0,5.4,45.4,6.47,106.47,1.15,11.58,28.91,2.0,209.0,199.0,1.8,3.3,1057.0,2.0,1034.0,1002.5,0.6,1010.8,374.2706,1010.7,309.7685,0.0,12.8,12.8,12.2,79.0,6.3,4.103611111,,,,,,,,,
2023-05-10 12:00:00,14,0,5.28,45.36,6.47,106.19,1.13,11.61,29.01,2.0,196.0,206.0,1.4,3.7,1128.0,2.2,1130.0,1002.7,0.5,1011.0,371.5469,1011.0,375.9846,0.0,13.0,13.3,12.6,78.0,6.3,4.105,,,,,,,,,
2023-05-10 13:00:00,14,1,5.28,45.37,6.47,106.26,1.13,11.62,29.02,3.0,200.0,200.0,2.0,3.2,1256.0,2.0,1300.0,1003.2,0.9,1011.4,371.0398,1011.4,394.0233,0.0,13.7,13.8,12.7,73.0,6.3,4.104722222,,,,,,,,,
2023-05-10 14:00:00,14,0,5.27,45.38,6.47,106.32,1.13,11.63,29.04,2.0,70.0,199.0,0.5,3.1,1302.0,2.1,1304.0,1003.6,1.1,1011.9,370.1534,1011.9,162.7907,0.0,11.6,13.7,11.5,81.0,6.3,4.103888889,,,,,,,,,
2023-05-10 15:00:00,14,0,5.76,45.36,6.49,107.44,1.12,11.36,28.37,2.0,45.0,220.0,0.4,3.0,1425.0,1.5,1431.0,1004.1,1.3,1012.4,366.5572,1012.3,103.0672,0.0,11.4,11.7,11.2,84.0,6.3,4.105027933,,,,,,,,,
2023-05-10 16:00:00,14,0,5.9,45.34,6.48,107.74,1.1,11.3,28.22,2.0,10.0,76.0,0.1,2.3,1537.0,1.1,1541.0,1004.5,1.3,1012.8,364.4547,1012.7,77.61248,0.0,10.6,11.4,10.1,88.0,6.3,4.108888889,,,,,,,,,
2023-05-10 17:00:00,14,0,5.94,45.33,6.48,107.8,1.12,11.33,28.28,2.0,345.0,216.0,0.1,1.3,1639.0,0.7,1648.0,1004.8,1.2,1013.1,363.6138,1013.1,63.74607,0.0,10.7,10.8,10.4,87.0,6.3,4.104722222,,,,,,,,,
2023-05-10 18:00:00,14,0,5.97,45.33,6.48,107.8,1.08,11.3,28.22,2.0,47.0,192.0,0.2,1.0,1742.0,0.6,1733.0,1005.2,1.2,1013.5,362.0619,1013.5,43.17833,0.0,10.5,10.7,10.5,87.0,6.3,4.100555556,,,,,,,,,
2023-05-10 19:00:00,14,0,6.01,45.34,6.49,108.05,1.14,11.24,28.06,2.0,353.0,207.0,0.1,1.5,1832.0,0.6,1826.0,1005.6,1.1,1014.0,361.0844,1013.9,21.5318,0.0,10.1,10.6,10.1,89.0,6.314444444,4.103333333,,,,,,,,,
2023-05-10 20:00:00,14,0,6.19,45.3,6.5,108.5,1.1,11.22,28.01,2.0,336.0,301.0,0.3,1.4,1951.0,0.6,1948.0,1005.9,1.1,1014.3,359.8193,1014.2,-0.9869731,0.0,9.7,10.2,9.7,90.0,6.3,4.101111111,,,,,,,,,
2023-05-10 21:00:00,14,0,6.01,45.24,6.5,108.17,1.08,11.38,28.42,2.0,345.0,302.0,0.2,0.9,2029.0,0.5,2039.0,1006.1,0.9,1014.5,358.3329,1014.4,-9.478934,0.0,9.3,9.7,9.3,89.0,6.3,4.101388889,,,,,,,,,
2023-05-10 22:00:00,14,0,5.96,45.2,6.5,108.04,1.11,11.44,28.57,2.0,336.0,325.0,0.3,1.0,2119.0,0.5,2145.0,1006.3,0.7,1014.7,356.3029,1014.6,-10.01469,0.0,9.0,9.3,8.9,92.0,6.3,4.101111111,,,,,,,,,
2023-05-10 23:00:00,14,0,5.99,45.32,6.5,108.03,1.11,11.3,28.2,0.0,352.0,286.0,0.6,1.6,2255.0,0.8,2253.0,1006.0,0.1,1014.4,356.1659,1014.3,-10.12316,0.0,8.9,9.2,8.8,91.0,6.3,4.100555556,,,,,,,,,
2023-05-11 00:00:00,14,0,5.94,45.35,6.5,107.95,1.12,11.34,28.31,8.0,25.0,34.0,2.0,4.3,2346.0,2.3,2352.0,1005.6,0.5,1014.0,355.7329,1013.9,-10.55658,0.0,10.3,10.3,8.8,78.0,6.3,4.096388889,,,,,,,,,
2023-05-11 01:00:00,14,1,5.97,45.34,6.5,108.04,1.1,11.34,28.3,5.0,280.0,22.0,0.5,3.7,14.0,2.0,3.0,1005.8,0.5,1014.2,355.7137,1014.1,-10.47313,0.0,9.5,10.4,9.5,83.0,6.3,4.095,,,,,,,,,
2023-05-11 02:00:00,14,0,6.01,45.33,6.49,108.13,1.09,11.33,28.3,5.0,328.0,34.0,0.3,2.5,116.0,1.2,125.0,1006.0,0.0,1014.4,352.875,1014.2,-10.13132,0.0,9.1,9.8,9.1,87.0,6.3,4.095555556,,,,,,,,,
2023-05-11 03:00:00,14,0,5.92,45.35,6.48,107.89,1.12,11.31,28.24,2.0,317.0,317.0,0.6,1.4,210.0,0.6,300.0,1006.2,0.6,1014.6,350.702,1014.5,-9.629071,0.0,8.8,9.4,8.7,89.0,6.3,4.090555556,,,,,,,,,
2023-05-11 04:00:00,14,0,5.91,45.35,6.48,107.82,1.1,11.37,28.4,2.0,22.0,333.0,0.4,1.3,328.0,0.6,336.0,1006.4,0.6,1014.8,350.9922,1014.7,-3.499349,0.0,8.7,8.8,8.4,90.0,6.3,4.064722222,,,,,,,,,
2023-05-11 05:00:00,14,0,5.94,45.34,6.47,107.79,1.11,11.34,28.32,2.0,356.0,356.0,0.5,1.1,411.0,0.5,500.0,1006.8,0.8,1015.2,357.6702,1015.1,4.230078,0.0,9.2,9.2,8.4,88.0,6.3,4.089722222,,,,,,,,,
2023-05-11 06:00:00,14,0,5.66,45.36,6.48,107.27,1.13,11.46,28.61,3.0,310.0,236.0,0.4,2.1,548.0,0.6,557.0,1007.6,1.3,1016.0,359.4371,1015.9,44.37251,0.0,8.9,9.3,8.8,90.0,6.3,4.081944444,,,,,,,,,
2023-05-11 07:00:00,14,0,5.84,45.35,6.48,107.63,1.12,11.34,28.31,2.0,278.0,206.0,0.3,1.2,618.0,0.6,627.0,1008.3,1.9,1016.7,360.9115,1016.6,54.23793,0.0,9.7,9.7,8.9,87.0,6.3,4.081111111,,,,,,,,,
2023-05-11 08:00:00,14,0,5.81,45.36,6.48,107.64,1.15,11.41,28.5,2.0,46.0,214.0,0.3,1.4,703.0,0.8,710.0,1008.9,2.0,1017.3,360.1755,1017.2,89.12575,0.0,10.1,10.1,9.3,85.0,6.3,4.091944444,,,,,,,,,
2023-05-11 09:00:00,14,0,5.88,45.34,6.49,107.76,1.12,11.39,28.45,2.0,277.0,223.0,0.4,1.1,816.0,0.6,845.0,1009.7,2.1,1018.1,375.6193,1018.0,90.89802,0.2,10.2,10.6,10.0,87.0,6.3,4.095184136,,,,,,,,,
2023-05-11 10:00:00,14,0,5.98,45.33,6.49,108.0,1.15,11.31,28.23,2.0,91.0,88.0,0.3,1.2,945.0,0.5,952.0,1010.1,1.8,1018.5,394.7474,1018.4,132.559,0.1,10.8,10.8,10.1,82.0,6.3,4.094166667,,,,,,,,,
2023-05-11 11:00:00,14,0,6.01,45.33,6.5,108.21,1.13,11.31,28.24,1.0,193.0,196.0,0.3,1.0,1035.0,0.5,1045.0,1010.5,1.7,1018.9,372.0653,1018.8,126.3882,0.0,10.9,10.9,10.7,79.0,6.3,4.096111111,,,,,,,,,
2023-05-11 12:00:00,14,0,5.99,45.33,6.5,108.11,1.13,11.25,28.1,2.0,3.0,191.0,0.2,1.4,1142.0,0.8,1151.0,1011.2,1.5,1019.6,370.5575,1019.5,110.8133,0.0,11.0,11.4,10.9,81.0,6.301666667,4.099166667,,,,,,,,,
2023-05-11 13:00:00,14,1,5.88,45.35,6.5,107.92,1.12,11.32,28.26,2.0,205.0,205.0,0.8,1.4,1258.0,0.8,1300.0,1011.8,1.7,1020.2,371.0748,1020.2,77.17914,0.0,11.2,11.3,11.0,78.0,6.3,4.098333333,,,,,,,,,
2023-05-11 14:00:00,14,0,5.77,45.37,6.49,107.73,1.1,11.39,28.43,2.0,226.0,204.0,0.4,1.6,1317.0,0.9,1305.0,1012.3,1.8,1020.7,370.7895,1020.6,73.57106,0.0,11.3,11.3,11.1,81.0,6.3,4.098333333,,,,,,,,,
2023-05-11 15:00:00,14,0,5.92,45.34,6.5,108.09,1.12,11.39,28.43,2.0,196.0,201.0,0.8,2.3,1425.0,1.0,1432.0,1012.8,1.5,1021.2,372.3212,1021.1,125.1941,0.0,11.7,11.8,11.2,82.0,6.3,4.098055556,,,,,,,,,
2023-05-11 16:00:00,14,0,5.84,45.35,6.5,107.93,1.14,11.37,28.4,2.0,166.0,195.0,0.4,1.7,1503.0,1.0,1507.0,1013.3,1.5,1021.7,372.5139,1021.6,96.6665,0.0,11.4,11.8,11.4,80.0,6.3,4.0925,,,,,,,,,
2023-05-11 17:00:00,14,0,5.79,45.42,6.51,107.83,1.16,11.38,28.42,2.0,230.0,231.0,0.6,2.1,1650.0,0.7,1659.0,1013.9,1.5,1022.3,372.2723,1022.2,68.9992,0.0,11.4,11.4,11.3,80.0,6.3,4.098055556,,,,,,,,,
2023-05-11 18:00:00,14,0,5.99,45.32,6.51,108.3,1.1,11.33,28.28,2.0,225.0,225.0,0.9,2.6,1732.0,0.9,1800.0,1014.2,1.4,1022.6,369.6492,1022.6,36.87958,0.0,10.4,11.4,10.4,86.0,6.3,4.097222222,,,,,,,,,
2023-05-11 19:00:00,14,0,6.02,45.32,6.52,108.47,1.12,11.33,28.29,2.0,303.0,207.0,0.3,2.0,1810.0,1.1,1816.0,1014.8,1.4,1023.2,366.4513,1023.1,16.7022,0.0,9.9,10.4,9.9,90.0,6.3,4.0975,,,,,,,,,
2023-05-11 20:00:00,14,0,6.03,45.32,6.52,108.53,1.13,11.29,28.2,2.0,41.0,249.0,0.4,1.7,1903.0,0.7,1911.0,1015.4,1.5,1023.9,362.6671,1023.7,0.7892718,0.0,9.1,9.9,9.1,92.0,6.3,4.094166667,,,,,,,,,
2023-05-11 21:00:00,14,0,6.09,45.31,6.52,108.62,1.13,11.28,28.17,2.0,325.0,358.0,0.3,0.9,2013.0,0.5,2020.0,1015.7,1.5,1024.2,366.051,1024.0,-10.54997,0.0,9.3,9.5,9.1,93.0,6.3,4.0975,,,,,,,,,
2023-05-11 22:00:00,14,0,6.15,45.32,6.52,108.69,1.13,11.25,28.1,2.0,337.0,219.0,0.2,1.0,2113.0,0.6,2119.0,1016.0,1.2,1024.5,365.8404,1024.3,-11.88383,0.0,9.2,9.3,9.1,94.0,6.3,4.099166667,,,,,,,,,
2023-05-11 23:00:00,14,0,6.04,45.33,6.51,108.44,1.16,11.28,28.16,2.0,348.0,336.0,0.1,0.5,2217.0,0.3,2214.0,1016.4,1.0,1024.9,365.9241,1024.8,-9.887956,0.1,8.9,9.2,8.9,94.0,6.3,4.100277778,,,,,,,,,
2023-05-12 00:00:00,14,0,6.01,45.34,6.51,108.28,1.14,11.24,28.06,2.0,325.0,246.0,0.2,0.9,2326.0,0.5,2334.0,1016.8,1.1,1025.3,366.0175,1025.1,-9.133245,0.0,8.6,9.0,8.5,94.0,6.3,4.100277778,,,,,,,,,
2023-05-12 01:00:00,14,1,6.03,45.34,6.5,108.28,1.13,11.24,28.05,2.0,19.0,43.0,0.1,0.6,100.0,0.3,37.0,1017.0,1.0,1025.5,377.4876,1025.4,-10.47316,0.1,8.7,8.8,8.6,95.0,6.3,4.099722222,,,,,,,,,
2023-05-12 02:00:00,14,0,6.04,45.33,6.5,108.27,1.13,11.23,28.04,2.0,251.0,60.0,0.4,1.3,119.0,0.6,155.0,1017.2,0.9,1025.7,380.6599,1025.6,-11.69297,0.0,8.3,8.9,8.3,95.0,6.3,4.1,,,,,,,,,
2023-05-12 03:00:00,14,0,6.04,45.32,6.5,108.33,1.09,11.3,28.21,2.0,296.0,29.0,0.3,0.9,248.0,0.6,250.0,1017.3,0.5,1025.8,377.9139,1025.7,-8.63786,0.0,8.6,8.7,8.3,96.0,6.3,4.098888889,,,,,,,,,
2023-05-12 04:00:00,14,0,6.02,45.35,6.51,108.26,1.13,11.32,28.25,2.0,139.0,256.0,0.3,0.7,302.0,0.4,347.0,1017.6,0.6,1026.1,364.686,1025.9,0.6194154,0.0,8.5,8.7,8.5,96.0,6.3,4.096388889,,,,,,,,,
2023-05-12 05:00:00,14,0,6.01,45.33,6.5,108.28,1.12,11.32,28.26,2.0,360.0,213.0,0.1,0.8,445.0,0.6,451.0,1017.8,0.5,1026.3,355.8596,1026.2,33.28737,0.0,8.6,8.6,8.4,96.0,6.3,4.096111111,,,,,,,,,
2023-05-12 06:00:00,14,0,6.05,45.31,6.51,108.36,1.11,11.3,28.21,3.0,173.0,173.0,0.3,0.8,600.0,0.3,600.0,1018.3,1.0,1026.8,355.661,1026.7,57.33833,0.0,9.0,9.0,8.5,96.0,6.3,4.093611111,,,,,,,,,
2023-05-12 07:00:00,14,0,5.99,45.32,6.53,108.35,1.14,11.36,28.37,2.0,153.0,190.0,0.5,1.5,639.0,0.9,643.0,1018.6,1.0,1027.1,367.699,1027.0,110.4192,0.0,9.4,9.4,8.9,95.0,6.3,4.085,,,,,,,,,
2023-05-12 08:00:00,14,0,6.04,45.32,6.51,108.4,1.13,11.27,28.14,2.0,151.0,193.0,0.3,2.0,739.0,1.3,743.0,1019.0,1.2,1027.5,371.508,1027.3,133.1798,0.0,9.7,10.1,9.4,92.0,6.306944444,4.095555556,,,,,,,,,
2023-05-12 09:00:00,14,0,5.98,45.31,6.51,108.35,1.13,11.37,28.39,2.0,200.0,194.0,1.3,2.1,844.0,1.4,853.0,1019.1,0.8,1027.6,371.5805,1027.5,140.5966,0.0,10.3,10.6,9.7,87.0,6.3,4.096388889,,,,,,,,,
2023-05-12 10:00:00,14,0,5.92,45.34,6.51,108.2,1.14,11.36,28.35,2.0,200.0,198.0,0.8,1.8,949.0,1.3,902.0,1019.2,0.6,1027.7,376.176,1027.6,106.0814,0.0,10.6,10.6,10.1,87.0,6.3,4.099166667,,,,,,,,,
2023-05-12 11:00:00,14,0,5.99,45.31,6.52,108.38,1.13,11.38,28.42,2.0,204.0,204.0,1.2,2.0,1052.0,1.2,1100.0,1019.4,0.5,1027.8,378.0485,1027.8,133.2397,0.0,11.0,11.0,10.5,86.0,6.3,4.099444444,,,,,,,,,
2023-05-12 12:00:00,14,0,6.08,45.32,6.52,108.57,1.1,11.34,28.32,2.0,181.0,181.0,1.9,3.3,1154.0,1.9,1200.0,1019.5,0.4,1027.9,377.7235,1027.9,255.8867,0.0,12.6,12.6,11.0,79.0,6.3,4.1,,,,,,,,,
2023-05-12 13:00:00,14,1,6.13,45.32,6.52,108.7,1.1,11.32,28.26,2.0,271.0,204.0,1.5,4.8,1211.0,2.6,1216.0,1019.6,0.3,1028.0,378.2152,1027.9,286.2585,0.0,11.6,12.8,11.6,82.0,6.3,4.100555556,,,,,,,,,
2023-05-12 14:00:00,14,0,6.18,45.32,6.52,108.84,1.11,11.29,28.19,2.0,326.0,14.0,1.6,4.9,1344.0,2.7,1346.0,1019.9,0.4,1028.4,376.9656,1028.3,301.9701,0.0,10.8,11.6,10.8,85.0,6.3,4.102222222,,,,,,,,,
2023-05-12 15:00:00,14,0,6.17,45.33,6.52,108.91,1.15,11.29,28.18,2.0,26.0,13.0,1.3,3.9,1434.0,1.8,1453.0,1020.0,0.5,1028.5,375.4293,1028.4,110.0899,0.0,9.9,10.8,9.9,89.0,6.3,4.100555556,,,,,,,,,
2023-05-12 16:00:00,14,0,6.3,45.4,6.52,109.27,1.11,11.16,27.86,0.0,134.0,10.0,1.0,3.0,1524.0,1.3,1528.0,1019.9,0.3,1028.4,373.3012,1028.3,121.7488,0.0,10.4,10.5,9.9,85.0,6.3,4.1,,,,,,,,,
2023-05-12 17:00:00,14,0,6.26,45.27,6.52,109.03,1.12,11.24,28.06,7.0,81.0,49.0,1.7,3.3,1624.0,1.8,1635.0,1019.7,0.1,1028.2,371.8938,1028.1,104.202,0.0,10.4,10.5,10.2,85.0,6.3,4.100555556,,,,,,,,,
2023-05-12 18:00:00,14,0,6.42,45.33,6.53,109.43,1.12,11.17,27.89,7.0,82.0,75.0,0.7,2.9,1704.0,2.1,1708.0,1019.6,0.4,1028.1,370.7615,1028.0,80.38082,0.0,10.4,10.7,10.3,84.0,6.3,4.101111111,,,,,,,,,
2023-05-12 19:00:00,14,0,6.41,45.29,6.52,109.48,1.13,11.15,27.84,5.0,1.0,187.0,0.2,1.4,1805.0,0.9,1814.0,1019.8,0.1,1028.3,371.0146,1028.2,29.22213,0.0,9.9,10.4,9.9,86.0,6.3,4.101111111,,,,,,,,,
2023-05-12 20:00:00,14,0,6.39,45.31,6.53,109.43,1.14,11.18,27.9,3.0,324.0,9.0,0.3,3.2,1920.0,1.4,1928.0,1020.1,0.4,1028.6,368.7502,1028.5,-2.94029,0.0,9.0,9.9,8.9,90.0,6.3,4.101111111,,,,,,,,,
2023-05-12 21:00:00,14,0,5.82,45.3,6.51,108.4,1.11,11.49,28.69,2.0,219.0,197.0,0.5,1.7,2058.0,0.7,2027.0,1020.2,0.5,1028.7,368.5933,1028.5,-8.434749,0.0,8.6,9.0,8.6,92.0,6.3,4.100833333,,,,,,,,,
2023-05-12 22:00:00,14,0,5.54,44.44,6.49,107.57,1.62,11.6,28.97,0.0,27.0,21.0,1.3,2.8,2144.0,1.4,2156.0,1020.0,0.3,1028.5,368.1494,1028.4,-10.00186,0.0,8.1,8.6,8.1,93.0,6.3,4.1,,,,,,,,,
2023-05-12 23:00:00,14,0,5.65,45.35,6.5,107.83,1.13,11.58,28.91,8.0,51.0,25.0,1.0,2.2,2237.0,1.3,2202.0,1019.7,0.4,1028.2,366.9543,1028.1,-9.318834,0.0,8.0,8.2,8.0,94.0,6.3,4.099444444,,,,,,,,,
2023-05-13 00:00:00,14,0,6.22,45.3,6.52,108.92,1.15,11.26,28.1,7.0,80.0,55.0,0.3,2.4,2301.0,1.2,2305.0,1019.6,0.5,1028.1,355.8559,1028.0,-9.141876,0.0,7.8,8.0,7.7,95.0,6.3,4.098333333,,,,,,,,,
2023-05-13 01:00:00,14,1,5.96,45.32,6.51,108.38,1.14,11.4,28.48,7.0,283.0,22.0,0.4,2.1,42.0,0.8,47.0,1019.3,0.7,1027.8,363.9561,1027.7,-9.205063,0.0,7.9,8.0,7.8,95.0,6.3,4.0975,,,,,,,,,
2023-05-13 02:00:00,14,0,5.7,45.35,6.5,107.84,1.14,11.55,28.86,7.0,202.0,211.0,0.3,1.2,107.0,0.8,108.0,1019.3,0.4,1027.8,366.3339,1027.6,-9.046957,0.0,7.8,7.9,7.7,96.0,6.3,4.097222222,,,,,,,,,
2023-05-13 03:00:00,14,0,6.06,45.3,6.51,108.69,1.16,11.37,28.4,5.0,260.0,80.0,0.4,1.4,227.0,0.6,234.0,1019.4,0.3,1027.9,365.4599,1027.7,-8.198359,0.0,7.8,7.8,7.8,95.0,6.3,4.095833333,,,,,,,,,
2023-05-13 04:00:00,14,0,5.93,45.32,6.51,108.51,1.13,11.37,28.4,4.0,66.0,66.0,0.9,1.5,400.0,0.9,400.0,1019.3,0.0,1027.8,365.02,1027.7,-2.444191,0.0,7.9,7.9,7.8,94.0,6.3,4.094444444,,,,,,,,,
2023-05-13 05:00:00,14,0,5.64,44.46,6.49,107.85,1.62,11.52,28.78,7.0,74.0,50.0,0.4,2.0,428.0,1.3,432.0,1019.1,0.2,1027.6,362.1082,1027.5,25.21552,0.0,8.3,8.3,7.8,91.0,6.3,4.095555556,,,,,,,,,
2023-05-13 06:00:00,14,0,5.95,45.36,6.51,108.31,1.13,11.39,28.45,5.0,177.0,177.0,1.1,2.3,558.0,1.1,600.0,1019.3,0.1,1027.8,364.7567,1027.7,55.15608,0.0,8.4,8.7,8.3,88.0,6.3,4.099444444,,,,,,,,,
2023-05-13 07:00:00,14,0,6.24,45.3,6.51,108.96,1.12,11.29,28.18,3.0,180.0,199.0,0.9,2.7,611.0,1.5,640.0,1019.4,0.1,1027.9,365.2855,1027.8,92.88413,0.0,9.0,9.0,8.4,83.0,6.3,4.099166667,,,,,,,,,
2023-05-13 08:00:00,14,0,6.39,45.28,6.51,109.4,1.09,11.22,28.01,2.0,111.0,178.0,0.5,1.6,701.0,0.9,707.0,1019.3,0.2,1027.8,368.3352,1027.7,133.3265,0.0,9.5,9.6,8.9,81.0,6.3,4.096388889,,,,,,,,,
2023-05-13 09:00:00,14,0,5.68,45.33,6.5,107.98,1.17,11.52,28.76,4.0,203.0,199.0,1.3,3.1,844.0,1.4,859.0,1019.3,0.1,1027.8,369.5976,1027.7,220.8477,0.0,10.2,10.2,9.3,80.0,6.3,4.095,,,,,,,,,
2023-05-13 10:00:00,14,0,5.46,44.43,6.49,107.38,1.63,11.56,28.89,7.0,207.0,172.0,1.8,3.2,932.0,2.1,940.0,1019.0,0.4,1027.4,310.602,1027.4,627.3317,0.0,11.6,11.7,10.2,74.0,6.3,4.100555556,,,,,,,,,
2023-05-13 11:00:00,14,0,5.53,45.32,6.51,107.67,1.17,11.6,28.98,8.0,176.0,163.0,2.0,3.4,1044.0,2.1,1051.0,1018.7,0.6,1027.1,303.5276,1027.1,745.5133,0.0,13.6,13.6,11.6,70.0,6.3,4.103055556,,,,,,,,,
2023-05-13 12:00:00,14,0,5.64,45.34,6.51,107.92,1.15,11.52,28.78,7.0,195.0,195.0,2.5,4.1,1200.0,2.5,1200.0,1018.4,0.9,1026.8,309.5421,1026.7,758.5072,0.0,14.1,14.8,13.3,66.0,6.3,4.102222222,,,,,,,,,
2023-05-13 13:00:00,14,1,5.94,45.32,6.54,108.66,1.12,11.4,28.48,7.0,202.0,201.0,3.4,6.5,1248.0,3.7,1215.0,1018.1,0.9,1026.5,307.2763,1026.4,738.7692,0.0,13.5,14.2,13.3,69.0,6.3,4.102777778,,,,,,,,,
2023-05-13 14:00:00,14,0,6.24,45.29,6.56,109.4,1.1,11.29,28.19,7.0,188.0,204.0,2.5,6.3,1326.0,3.6,1335.0,1017.8,0.9,1026.1,309.1164,1026.2,679.1482,0.0,14.2,14.4,13.5,67.0,6.3,4.100833333,,,,,,,,,
2023-05-13 15:00:00,14,0,6.12,45.3,6.52,109.27,1.13,11.33,28.28,7.0,216.0,204.0,2.4,6.0,1443.0,3.2,1446.0,1017.3,1.0,1025.6,312.0212,1025.7,571.1665,0.0,14.0,14.8,13.7,67.0,6.3,4.101666667,,,,,,,,,
2023-05-13 16:00:00,14,0,5.8,45.32,6.52,108.48,1.16,11.5,28.73,7.0,211.0,208.0,2.3,4.8,1509.0,2.7,1519.0,1017.0,1.1,1025.4,308.9265,1025.3,268.4947,0.0,12.1,14.0,12.1,71.0,6.3,4.100833333,,,,,,,,,
2023-05-13 17:00:00,14,0,5.58,45.15,6.5,107.66,1.15,11.66,29.12,6.0,227.0,214.0,1.2,4.2,1648.0,2.3,1604.0,1016.9,0.9,1025.3,305.7742,1025.2,216.8422,0.0,11.0,12.1,11.0,78.0,6.3,4.103333333,,,,,,,,,
2023-05-13 18:00:00,14,0,6.55,45.25,6.53,110.12,1.12,11.13,27.77,7.0,218.0,212.0,0.9,3.4,1728.0,1.6,1729.0,1016.5,0.9,1025.0,311.9678,1024.8,130.4099,0.0,9.7,11.0,9.7,83.0,6.3,4.100277778,,,,,,,,,
2023-05-13 19:00:00,14,0,6.65,45.28,6.53,110.26,1.11,11.03,27.52,7.0,41.0,58.0,0.7,1.8,1804.0,1.0,1840.0,1016.3,0.7,1024.8,311.9651,1024.6,49.342,0.0,8.9,9.7,8.8,87.0,6.3,4.100277778,,,,,,,,,
2023-05-13 20:00:00,14,0,6.63,45.24,6.54,110.09,1.14,11.08,27.65,7.0,358.0,67.0,0.4,1.4,1902.0,0.9,1910.0,1015.9,0.9,1024.4,299.5222,1024.3,16.05716,0.0,8.2,8.9,8.1,90.0,6.3,4.1,,,,,,,,,
2023-05-13 21:00:00,14,0,6.81,45.24,6.53,110.38,1.15,10.99,27.41,8.0,315.0,353.0,0.3,1.1,2001.0,0.7,2025.0,1015.4,1.0,1023.9,282.9061,1023.7,-10.29297,0.0,7.5,8.2,7.5,91.0,6.3,4.100277778,,,,,,,,,
2023-05-13 22:00:00,14,0,6.83,45.24,6.52,110.32,1.09,11.0,27.44,7.0,335.0,252.0,0.2,1.0,2122.0,0.6,2135.0,1015.0,1.3,1023.5,281.5505,1023.3,-12.10428,0.0,6.7,7.5,6.6,93.0,6.3,4.1,,,,,,,,,
2023-05-13 23:00:00,14,0,6.65,45.25,6.52,109.94,1.1,11.08,27.64,7.0,322.0,236.0,0.2,1.2,2241.0,0.6,2243.0,1014.6,1.3,1023.1,292.4738,1022.9,-11.59064,0.0,6.4,6.7,6.2,95.0,6.3,4.100277778,,,,,,,,,
2023-05-14 00:00:00,14,0,6.64,45.25,6.52,109.84,1.1,11.09,27.67,7.0,335.0,251.0,0.3,1.9,2344.0,0.9,2347.0,1014.0,1.4,1022.5,298.2243,1022.4,-11.23026,0.0,6.6,6.8,6.3,96.0,6.3,4.100277778,,,,,,,,,
2023-05-14 01:00:00,14,1,6.43,45.24,6.51,109.32,1.12,11.18,27.92,6.0,227.0,227.0,0.9,2.3,57.0,0.9,100.0,1013.7,1.2,1022.2,292.8495,1022.1,-11.64828,0.0,6.3,7.0,6.2,95.0,6.3,4.1,,,,,,,,,
2023-05-14 02:00:00,14,0,6.21,45.23,6.5,108.79,1.15,11.28,28.17,7.0,20.0,231.0,0.4,1.8,136.0,0.9,101.0,1013.2,1.4,1021.7,285.4036,1021.5,-11.92754,0.0,6.1,6.4,5.8,96.0,6.3,4.100277778,,,,,,,,,
2023-05-14 03:00:00,14,0,6.2,45.36,6.51,109.05,1.13,11.25,28.08,7.0,348.0,6.0,0.7,2.1,255.0,0.8,231.0,1012.6,1.4,1021.1,278.4272,1020.9,-9.371215,0.0,6.3,6.5,5.7,96.0,6.299166667,4.100555556,,,,,,,,,
2023-05-14 04:00:00,14,0,6.37,45.29,6.52,109.17,1.13,11.21,27.98,7.0,303.0,23.0,0.5,3.6,330.0,1.4,334.0,1012.2,1.6,1020.7,304.7617,1020.5,13.53948,0.0,6.8,7.5,6.3,92.0,6.3,4.100555556,,,,,,,,,
2023-05-14 05:00:00,14,0,6.28,45.34,6.52,108.99,1.11,11.26,28.11,7.0,54.0,14.0,0.5,2.0,411.0,0.9,414.0,1011.5,1.7,1019.9,281.4182,1019.8,43.63079,0.0,9.6,9.6,6.8,80.0,6.3,4.100277778,,,,,,,,,
2023-05-14 06:00:00,14,0,6.22,45.26,6.52,108.92,1.15,11.32,28.26,7.0,56.0,61.0,0.4,1.9,539.0,0.6,547.0,1011.1,1.5,1019.4,295.0177,1019.4,231.4283,0.0,12.1,12.3,9.6,67.0,6.3,4.1,,,,,,,,,
2023-05-14 07:00:00,14,0,6.67,45.25,6.54,109.96,1.14,11.12,27.76,7.0,159.0,85.0,0.6,3.0,638.0,1.0,645.0,1010.6,1.6,1018.9,308.0656,1018.9,356.8408,0.1,13.9,14.3,11.9,58.0,6.3,4.100277778,,,,,,,,,
2023-05-14 08:00:00,14,0,6.59,45.26,6.55,109.85,1.12,11.17,27.88,7.0,200.0,139.0,0.7,2.8,720.0,1.1,742.0,1010.1,1.4,1018.3,317.5648,1018.4,489.5316,0.0,15.7,15.8,13.9,54.0,6.3,4.100277778,,,,,,,,,
2023-05-14 09:00:00,14,0,6.39,45.28,6.55,109.66,1.14,11.23,28.04,7.0,231.0,231.0,2.2,5.9,857.0,2.2,900.0,1009.5,1.6,1017.7,326.7704,1017.8,601.4519,0.0,18.6,18.6,15.7,35.0,6.3,4.1,,,,,,,,,
2023-05-14 10:00:00,14,0,6.49,45.27,6.55,109.81,1.14,11.23,28.04,7.0,170.0,192.0,2.1,6.8,956.0,3.0,930.0,1009.0,1.5,1017.1,334.0731,1017.3,690.1754,0.0,19.3,19.8,18.5,32.0,6.3,4.100277778,,,,,,,,,
2023-05-14 11:00:00,14,0,6.54,45.26,6.54,109.9,1.15,11.2,27.97,7.0,197.0,215.0,2.4,7.6,1052.0,3.3,1052.0,1008.5,1.6,1016.6,338.7213,1016.8,745.0927,0.0,20.0,20.1,19.1,31.0,6.3,4.100833333,,,,,,,,,
2023-05-14 12:00:00,14,0,6.65,45.17,6.53,110.0,1.05,11.2,27.94,7.0,191.0,209.0,3.6,7.8,1134.0,4.2,1142.0,1007.9,1.6,1016.0,341.8428,1016.2,741.1108,0.0,20.0,20.4,19.2,32.0,6.3,4.1,,,,,,,,,
2023-05-14 13:00:00,14,1,6.46,45.22,6.51,109.62,1.1,11.25,28.08,7.0,197.0,194.0,1.6,5.7,1239.0,3.5,1201.0,1007.4,1.7,1015.5,356.5339,1015.6,719.4366,0.0,19.6,20.6,19.6,35.0,6.3,4.1,,,,,,,,,
2023-05-14 14:00:00,14,0,6.27,45.27,6.49,109.24,1.15,11.3,28.22,7.0,220.0,219.0,2.0,7.2,1328.0,2.6,1307.0,1007.1,1.5,1015.3,370.1351,1015.3,467.8301,0.0,17.2,20.0,17.2,47.0,6.3,4.100277778,,,,,,,,,
2023-05-14 15:00:00,14,0,6.87,45.22,6.52,110.78,1.09,11.08,27.65,7.0,176.0,240.0,1.1,6.5,1426.0,2.5,1407.0,1006.6,1.3,1014.8,381.5055,1014.9,371.0087,0.0,16.0,18.7,16.0,53.0,6.3,4.100277778,,,,,,,,,
2023-05-14 16:00:00,14,0,7.07,45.17,6.53,111.06,1.09,11.01,27.47,8.0,183.0,185.0,1.4,4.8,1550.0,1.5,1559.0,1006.1,1.2,1014.3,344.0844,1014.4,330.8164,0.0,15.7,16.2,14.9,59.0,6.3,4.1,,,,,,,,,
2023-05-14 17:00:00,14,0,7.15,45.09,6.53,110.74,1.09,10.94,27.29,6.0,217.0,20.0,1.2,3.9,1632.0,1.5,1638.0,1006.1,1.0,1014.4,350.8445,1014.4,109.78,0.0,13.0,15.7,13.0,67.0,6.3,4.101666667,,,,,,,,,
2023-05-14 18:00:00,14,0,7.02,45.23,6.54,111.0,1.12,10.98,27.39,6.0,215.0,257.0,0.5,2.5,1714.0,1.2,1723.0,1005.9,0.7,1014.2,352.0089,1014.2,67.2364,0.0,11.8,13.0,11.7,73.0,6.3,4.1025,,,,,,,,,
2023-05-14 19:00:00,14,0,7.29,45.19,6.55,111.44,1.09,10.82,26.98,7.0,348.0,348.0,1.1,3.1,1854.0,1.1,1900.0,1005.7,0.4,1014.0,342.4784,1014.0,25.87351,0.0,11.5,11.8,11.4,73.0,6.3,4.120555556,,,,,,,,,
2023-05-14 20:00:00,14,0,7.37,45.19,6.56,111.49,1.1,10.77,26.86,8.0,354.0,57.0,0.6,3.1,1927.0,1.2,1952.0,1005.3,0.7,1013.6,347.0285,1013.5,-1.026891,0.0,10.4,11.6,10.4,78.0,6.3,4.112222222,,,,,,,,,
2023-05-14 21:00:00,14,0,7.24,45.19,6.55,111.43,1.1,10.85,27.07,8.0,8.0,207.0,0.1,3.5,2010.0,1.3,2046.0,1005.1,0.7,1013.5,329.9106,1013.4,-8.644786,0.0,9.6,10.5,9.6,83.0,6.3,4.105833333,,,,,,,,,
2023-05-14 22:00:00,14,0,7.31,45.22,6.55,111.56,1.09,10.83,27.01,6.0,62.0,62.0,0.9,1.6,2126.0,0.9,2200.0,1004.9,0.8,1013.3,354.5552,1013.1,-9.771003,0.0,9.1,9.7,9.1,86.0,6.3,4.106666667,,,,,,,,,
2023-05-14 23:00:00,14,0,6.82,45.22,6.56,110.72,1.14,11.05,27.57,7.0,39.0,82.0,0.6,1.8,2225.0,0.8,2232.0,1004.7,0.7,1013.1,329.1882,1012.9,-10.79587,0.0,8.3,9.1,8.3,89.0,6.3,4.106388889,,,,,,,,,
2023-05-15 00:00:00,14,0,6.85,45.22,6.56,110.76,1.13,10.99,27.43,7.0,339.0,278.0,0.5,2.4,2335.0,0.9,2343.0,1004.5,0.7,1012.9,357.4523,1012.8,-9.848261,0.0,8.5,8.5,8.2,88.0,6.3,4.105555556,,,,,,,,,
2023-05-15 01:00:00,14,1,7.08,45.2,6.54,110.98,1.12,10.92,27.24,7.0,237.0,235.0,0.9,2.1,42.0,1.0,59.0,1004.2,0.6,1012.6,365.2766,1012.4,-8.899164,0.0,8.4,8.6,8.4,89.0,6.3,4.1025,,,,,,,,,
2023-05-15 02:00:00,14,0,7.3,45.19,6.53,111.19,1.12,10.85,27.06,7.0,45.0,152.0,0.2,2.5,139.0,1.0,143.0,1004.1,0.6,1012.5,364.8742,1012.3,-8.934202,0.0,8.0,8.4,8.0,91.0,6.3,4.102222222,,,,,,,,,
2023-05-15 03:00:00,14,0,7.25,45.2,6.55,111.31,1.13,10.85,27.05,7.0,213.0,353.0,0.5,1.7,213.0,0.6,237.0,1004.1,0.5,1012.5,364.5919,1012.3,-8.654016,0.0,8.1,8.1,8.0,91.0,6.3,4.100833333,,,,,,,,,
2023-05-15 04:00:00,14,0,7.43,45.26,6.54,111.32,1.11,10.8,26.95,4.0,181.0,196.0,0.6,1.4,354.0,0.8,321.0,1004.2,0.1,1012.6,364.773,1012.4,-4.569632,0.0,8.1,8.1,8.1,90.0,6.3,4.1,,,,,,,,,
2023-05-15 05:00:00,14,0,7.47,45.21,6.54,111.24,1.07,10.8,26.95,2.0,140.0,256.0,0.4,1.3,446.0,0.6,449.0,1004.4,0.2,1012.8,364.6771,1012.6,-1.306691,0.0,8.1,8.2,8.1,90.0,6.299722222,4.1,,,,,,,,,
2023-05-15 06:00:00,14,0,7.13,45.14,6.53,110.84,1.33,11.04,27.55,2.0,259.0,259.0,1.1,2.6,508.0,1.1,600.0,1004.5,0.4,1012.9,364.1751,1012.7,37.9024,0.0,8.4,8.4,8.0,88.0,6.3,4.100277778,,,,,,,,,
2023-05-15 07:00:00,14,0,7.07,45.17,6.51,110.76,1.11,11.05,27.56,2.0,217.0,201.0,0.7,1.8,639.0,1.1,643.0,1004.9,0.7,1013.3,367.6029,1013.1,25.06766,0.5,8.1,8.5,8.1,92.0,6.3,4.100555556,,,,,,,,,
2023-05-15 08:00:00,14,0,6.89,45.21,6.53,110.43,1.1,11.11,27.72,2.0,226.0,210.0,0.9,2.7,751.0,1.4,753.0,1005.1,0.8,1013.5,374.8415,1013.4,33.74874,0.5,7.9,8.1,7.8,94.0,6.284444444,4.100277778,,,,,,,,,
2023-05-15 09:00:00,14,0,6.81,45.27,6.52,110.31,1.12,11.06,27.6,2.0,50.0,203.0,0.2,2.3,806.0,0.9,821.0,1005.4,1.0,1013.8,377.3928,1013.7,50.23263,0.1,8.0,8.2,7.9,92.0,6.3,4.1,,,,,,,,,
2023-05-15 17:00:00,15,0,7.61,45.12,6.56,111.54,1.07,10.77,26.87,7.0,218.0,200.0,1.3,4.0,1609.0,2.2,1611.0,1006.3,0.2,1014.7,355.4921,1014.5,66.10919,0.0,8.7,8.9,8.6,69.0,6.3,4.100555556,,,,,,,,,
2023-05-15 18:00:00,15,0,7.53,45.07,6.54,111.19,1.13,10.85,27.06,4.0,218.0,197.0,1.1,3.1,1703.0,1.7,1731.0,1006.3,0.0,1014.7,352.6508,1014.6,52.07772,0.0,8.6,8.8,8.5,75.0,6.3,4.100277778,,,,,,,,,
2023-05-15 19:00:00,15,0,7.52,45.15,6.54,111.29,1.11,10.84,27.04,2.0,199.0,211.0,0.7,2.8,1834.0,1.4,1809.0,1006.4,0.2,1014.8,353.0067,1014.7,20.2364,0.1,7.9,8.6,7.9,78.0,6.3,4.1,,,,,,,,,
2023-05-15 20:00:00,15,0,7.82,45.13,6.56,111.97,1.1,10.66,26.59,4.0,321.0,323.0,0.6,1.3,1930.0,0.8,1947.0,1006.3,0.0,1014.8,359.4353,1014.5,-3.888198,0.0,6.9,7.9,6.9,87.0,6.3,4.1,,,,,,,,,
2023-05-15 21:00:00,15,0,7.85,45.11,6.58,111.87,1.09,10.62,26.47,8.0,314.0,314.0,0.6,1.0,2021.0,0.6,2100.0,1006.1,0.3,1014.6,348.4291,1014.3,-9.646086,0.0,7.0,7.1,6.9,87.0,6.3,4.100277778,,,,,,,,,
2023-05-15 22:00:00,15,0,7.84,45.12,6.58,111.88,1.14,10.61,26.45,7.0,298.0,298.0,1.0,1.8,2152.0,1.0,2200.0,1005.8,0.6,1014.3,343.3011,1014.1,-11.19656,0.0,6.8,7.0,6.8,87.0,6.3,4.1025,,,,,,,,,
2023-05-15 23:00:00,15,0,7.88,45.12,6.58,111.92,1.11,10.65,26.56,7.0,313.0,299.0,0.4,1.5,2218.0,0.9,2201.0,1005.7,0.6,1014.2,346.759,1013.9,-9.613185,0.0,6.9,7.0,6.8,86.0,6.3,4.101666667,,,,,,,,,
2023-05-16 00:00:00,15,0,7.41,45.22,6.53,111.14,1.14,10.88,27.14,7.0,310.0,306.0,0.2,0.9,2314.0,0.5,2343.0,1005.3,0.7,1013.8,334.5501,1013.6,-10.16086,0.0,6.6,6.9,6.6,88.0,6.3,4.100555556,,,,,,,,,
2023-05-16 01:00:00,15,1,7.65,45.18,6.54,111.48,1.12,10.76,26.82,8.0,324.0,290.0,0.6,1.8,21.0,0.9,21.0,1004.5,1.2,1013.0,283.6202,1012.8,-11.68789,0.0,5.4,6.6,5.4,89.0,6.3,4.101666667,,,,,,,,,
2023-05-16 02:00:00,15,0,7.89,45.14,6.54,111.81,1.09,10.63,26.5,7.0,320.0,304.0,0.6,2.8,124.0,1.3,127.0,1004.2,1.5,1012.7,281.6992,1012.5,-11.21352,0.0,5.2,5.7,5.2,87.0,6.3,4.101666667,,,,,,,,,
2023-05-16 03:00:00,15,0,7.7,45.12,6.56,111.7,1.11,10.7,26.68,6.0,272.0,281.0,0.8,2.0,243.0,0.9,258.0,1003.7,1.6,1012.2,279.7526,1011.9,-8.384901,0.0,5.0,5.3,5.0,91.0,6.3,4.101388889,,,,,,,,,
2023-05-16 04:00:00,15,0,7.61,45.13,6.56,111.41,1.09,10.77,26.85,7.0,275.0,319.0,0.9,2.3,317.0,1.0,352.0,1003.0,1.6,1011.5,266.6202,1011.2,7.480143,0.0,5.4,5.4,4.7,89.0,6.3,4.1,,,,,,,,,
2023-05-16 05:00:00,15,0,7.62,45.14,6.57,111.29,1.12,10.7,26.68,7.0,217.0,280.0,0.6,2.1,403.0,1.2,407.0,1002.4,1.8,1010.8,267.9299,1010.7,44.48074,0.0,7.3,7.6,5.4,78.0,6.3,4.102222222,,,,,,,,,
2023-05-16 06:00:00,15,0,7.62,45.13,6.57,111.41,1.1,10.74,26.78,6.0,160.0,92.0,0.7,2.0,539.0,1.2,546.0,1002.1,1.6,1010.5,278.1977,1010.3,222.5386,0.0,8.7,8.8,7.2,69.0,6.3,4.11,,,,,,,,,
2023-05-16 07:00:00,15,0,7.6,45.11,6.56,111.37,1.15,10.79,26.92,7.0,148.0,148.0,1.5,3.5,652.0,1.5,700.0,1001.4,1.6,1009.7,284.305,1009.7,292.9027,0.1,10.1,10.1,7.9,60.0,6.3,4.115,,,,,,,,,
2023-05-16 08:00:00,15,0,7.48,45.17,6.55,111.23,1.13,10.82,26.98,7.0,188.0,189.0,1.2,6.8,704.0,3.3,721.0,1001.0,1.4,1009.3,311.7259,1009.3,355.8311,0.0,10.1,11.0,10.1,50.0,6.3,4.137222222,,,,,,,,,
2023-05-16 09:00:00,15,0,7.4,45.21,6.53,111.08,1.16,10.87,27.1,7.0,248.0,217.0,2.0,7.1,830.0,2.4,845.0,1000.6,1.6,1008.9,351.2111,1008.8,149.5204,0.0,9.9,10.2,9.8,53.0,6.3,4.114444444,,,,,,,,,
2023-05-16 10:00:00,15,0,7.62,45.13,6.57,111.49,1.13,10.74,26.78,6.0,244.0,253.0,2.0,6.3,905.0,2.9,910.0,1000.6,0.9,1008.9,351.7194,1008.8,113.3751,0.0,9.7,9.9,9.4,54.0,6.3,4.105833333,,,,,,,,,
2023-05-16 11:00:00,15,0,7.96,45.06,6.56,111.58,1.12,10.56,26.33,3.0,219.0,227.0,2.8,8.8,1037.0,3.5,1045.0,1002.7,1.6,1011.2,356.8806,1011.0,93.60643,2.2,4.9,9.7,4.9,90.0,6.292222222,4.1075,,,,,,,,,
2023-05-16 12:00:00,15,0,7.9,45.07,6.55,111.24,1.1,10.54,26.29,3.0,216.0,211.0,2.6,7.1,1144.0,3.0,1118.0,1003.5,2.9,1012.0,353.3084,1011.8,98.7121,1.8,4.4,4.9,4.3,90.0,6.3,4.113611111,,,,,,,,,
2023-05-16 13:00:00,15,1,7.45,45.12,6.5,110.65,1.12,10.77,26.88,1.0,213.0,212.0,1.6,6.7,1215.0,3.0,1224.0,1004.1,3.6,1012.6,354.8143,1012.4,157.0269,0.8,4.8,4.8,4.2,91.0,6.3,4.114166667,,,,,,,,,
2023-05-16 14:00:00,15,0,7.01,45.18,6.45,110.06,1.15,11.01,27.47,1.0,210.0,210.0,3.4,6.7,1356.0,3.4,1400.0,1004.7,2.0,1013.2,361.3762,1012.9,244.006,0.3,4.2,5.8,4.2,88.0,6.3,4.115555556,,,,,,,,,
2023-05-16 15:00:00,15,0,6.39,45.24,6.45,108.69,1.14,11.28,28.15,2.0,212.0,204.0,1.8,6.1,1437.0,3.5,1403.0,1005.2,1.7,1013.7,353.3316,1013.4,108.7107,0.7,4.1,4.3,3.9,90.0,6.3,4.104722222,,,,,,,,,
2023-05-16 16:00:00,15,0,6.31,45.24,6.43,108.49,1.15,11.3,28.22,2.0,220.0,214.0,1.8,9.3,1524.0,4.1,1530.0,1005.8,1.6,1014.3,353.9157,1014.0,95.68579,0.1,4.3,4.6,4.0,84.0,6.3,4.104166667,,,,,,,,,
2023-05-16 17:00:00,15,0,6.44,45.23,6.51,109.0,1.14,11.24,28.05,1.0,216.0,210.0,2.1,7.9,1611.0,3.6,1625.0,1006.3,1.7,1014.8,353.7444,1014.6,122.4193,0.0,4.4,4.4,3.8,81.0,6.3,4.106666667,,,,,,,,,
2023-05-16 18:00:00,15,0,6.07,45.29,6.47,108.13,1.19,11.4,28.46,1.0,245.0,217.0,1.6,6.5,1708.0,3.0,1708.0,1006.8,1.6,1015.4,330.9276,1015.0,50.89046,0.2,3.6,4.4,3.6,82.0,6.299444444,4.105,,,,,,,,,
2023-05-16 19:00:00,15,0,5.72,44.38,6.41,107.24,1.66,11.55,28.86,1.0,235.0,235.0,2.5,7.0,1856.0,2.5,1900.0,1007.5,1.7,1016.1,326.1565,1015.8,37.98626,0.2,2.6,3.8,2.6,84.0,6.3,4.112222222,,,,,,,,,
2023-05-16 20:00:00,15,0,5.4,45.35,6.42,106.36,1.22,11.66,29.13,1.0,281.0,220.0,1.0,7.1,1903.0,2.7,1903.0,1007.6,1.3,1016.2,342.0394,1015.8,6.235758,0.1,2.3,2.6,2.1,89.0,6.3,4.109722222,,,,,,,,,
2023-05-16 21:00:00,15,0,5.7,45.36,6.41,107.19,1.22,11.5,28.72,1.0,265.0,265.0,1.7,4.8,2058.0,1.7,2100.0,1007.8,1.0,1016.4,343.1575,1016.0,-7.555364,0.2,2.8,2.8,2.3,87.0,6.3,4.128333333,,,,,,,,,
2023-05-16 22:00:00,15,0,5.72,45.34,6.45,107.11,1.19,11.49,28.7,2.0,273.0,256.0,1.9,5.6,2144.0,2.2,2149.0,1007.6,0.2,1016.2,342.6026,1015.9,-8.3964,0.7,2.2,2.8,2.2,90.0,6.3,4.101388889,,,,,,,,,
2023-05-16 23:00:00,15,0,5.43,45.37,6.43,106.43,1.19,11.62,29.02,2.0,259.0,264.0,1.5,6.6,2212.0,3.0,2217.0,1007.8,0.3,1016.4,341.4858,1016.1,-7.749495,1.8,2.6,2.6,2.0,94.0,6.3,4.100277778,,,,,,,,,
2023-05-17 00:00:00,15,0,5.34,44.45,6.41,106.15,1.73,11.66,29.12,3.0,283.0,249.0,1.5,5.9,2325.0,2.6,2347.0,1008.0,0.2,1016.6,343.2858,1016.3,-7.698994,1.9,2.5,2.9,2.4,94.0,6.3,4.101666667,,,,,,,,,
2023-05-17 01:00:00,15,1,5.23,44.93,6.42,105.86,1.49,11.71,29.26,2.0,322.0,261.0,1.6,6.9,41.0,2.0,50.0,1008.2,0.5,1016.8,343.5754,1016.5,-7.90799,2.0,3.1,3.1,2.0,93.0,6.3,4.106111111,,,,,,,,,
2023-05-17 02:00:00,15,0,5.12,45.41,6.43,105.56,1.25,11.76,29.39,2.0,332.0,332.0,1.8,4.2,154.0,1.8,200.0,1008.3,0.5,1016.9,348.5373,1016.6,-9.134869,0.3,3.7,3.7,3.0,91.0,6.3,4.103611111,,,,,,,,,
2023-05-17 03:00:00,15,0,4.66,45.46,6.41,104.4,1.21,11.95,29.87,3.0,251.0,226.0,1.7,5.0,257.0,2.1,233.0,1009.1,1.0,1017.7,350.3949,1017.3,-8.788371,0.0,3.8,3.9,3.5,89.0,6.299722222,4.105277778,,,,,,,,,
2023-05-17 04:00:00,15,0,4.22,45.5,6.33,103.18,1.21,12.14,30.36,3.0,287.0,243.0,1.7,8.0,318.0,2.0,314.0,1009.5,1.2,1018.1,349.0648,1017.8,-3.38266,0.4,3.3,3.9,3.3,90.0,6.3,4.103055556,,,,,,,,,
2023-05-17 05:00:00,15,0,4.07,45.55,6.32,102.92,1.24,12.23,30.59,2.0,272.0,293.0,1.2,4.9,448.0,1.7,401.0,1009.9,1.6,1018.5,349.749,1018.2,10.70898,0.0,3.7,3.7,3.3,90.0,6.3,4.106111111,,,,,,,,,
2023-05-17 06:00:00,15,0,4.04,45.56,6.36,102.82,1.25,12.23,30.57,3.0,5.0,222.0,0.8,6.0,538.0,2.5,547.0,1010.5,1.5,1019.1,350.8686,1018.8,25.33243,0.2,3.7,3.8,3.6,91.0,6.3,4.100555556,,,,,,,,,
2023-05-17 07:00:00,15,0,4.83,45.45,6.38,104.41,1.22,11.89,29.71,3.0,289.0,9.0,0.9,3.6,655.0,1.1,649.0,1011.1,1.6,1019.7,353.7246,1019.4,45.17521,0.0,4.0,4.1,3.7,87.0,6.3,4.100277778,,,,,,,,,
2023-05-17 08:00:00,15,0,5.0,45.46,6.37,104.93,1.21,11.82,29.54,2.0,240.0,244.0,2.4,6.3,759.0,2.5,759.0,1011.8,1.8,1020.4,335.3378,1020.1,65.80823,0.0,4.1,4.4,4.0,81.0,6.3,4.101944444,,,,,,,,,
2023-05-17 09:00:00,15,0,5.01,45.42,6.39,104.87,1.25,11.8,29.47,2.0,203.0,224.0,2.0,5.5,818.0,2.4,827.0,1012.5,1.9,1021.1,326.8324,1020.8,137.8091,0.0,4.7,4.7,4.1,74.0,6.3,4.113888889,,,,,,,,,
2023-05-17 10:00:00,15,0,5.21,45.4,6.4,105.28,1.23,11.71,29.26,2.0,227.0,213.0,1.8,6.6,935.0,3.0,944.0,1013.0,2.0,1021.6,333.3296,1021.4,172.5698,0.1,3.9,5.0,3.9,80.0,6.3,4.123333333,,,,,,,,,
2023-05-17 11:00:00,15,0,5.2,45.4,6.44,105.32,1.22,11.69,29.2,1.0,205.0,205.0,4.0,7.1,1051.0,4.2,1055.0,1013.2,1.5,1021.7,348.0298,1021.5,327.8685,0.1,6.1,6.1,3.9,60.0,6.296388889,4.137777778,,,,,,,,,
2023-05-17 12:00:00,15,0,5.23,45.4,6.44,105.37,1.24,11.65,29.1,1.0,211.0,202.0,2.8,7.5,1123.0,4.1,1141.0,1013.7,1.2,1022.3,314.2654,1022.0,394.8273,0.0,6.0,7.2,5.9,58.0,6.3,4.166944444,,,,,,,,,
2023-05-17 13:00:00,15,1,5.27,45.4,6.43,105.48,1.21,11.62,29.02,3.0,209.0,203.0,2.3,8.2,1202.0,3.9,1223.0,1014.4,1.4,1023.0,331.3915,1022.8,198.2979,0.0,5.1,6.0,5.1,66.0,6.3,4.198888889,,,,,,,,,
2023-05-17 14:00:00,15,0,5.31,45.39,6.42,105.58,1.18,11.58,28.93,1.0,209.0,209.0,2.7,5.3,1352.0,2.7,1400.0,1014.7,1.5,1023.3,345.7435,1023.0,190.62,0.2,4.7,5.4,4.4,85.0,6.3,4.199166667,,,,,,,,,
2023-05-17 15:00:00,15,0,5.23,45.39,6.43,105.44,1.23,11.63,29.06,1.0,211.0,203.0,1.9,4.9,1402.0,2.9,1408.0,1014.8,1.1,1023.4,356.9093,1023.1,141.6048,0.1,4.5,4.7,4.4,84.0,6.3,4.2,,,,,,,,,
2023-05-17 16:00:00,15,0,5.12,45.4,6.42,105.23,1.22,11.74,29.34,2.0,209.0,205.0,1.4,4.6,1549.0,2.0,1506.0,1014.9,0.5,1023.5,356.8359,1023.2,106.6987,0.7,4.4,4.8,4.2,91.0,6.3,4.204722222,,,,,,,,,
2023-05-17 17:00:00,15,0,5.32,45.37,6.45,105.68,1.21,11.57,28.9,2.0,264.0,208.0,1.4,3.9,1625.0,1.9,1607.0,1014.8,0.2,1023.4,358.509,1023.2,112.5453,0.1,4.9,5.0,4.1,87.0,6.3,4.203055556,,,,,,,,,
2023-05-17 18:00:00,15,0,5.37,45.36,6.46,105.84,1.21,11.57,28.89,2.0,271.0,240.0,1.3,3.9,1711.0,1.5,1713.0,1015.0,0.2,1023.6,357.8807,1023.3,62.38027,0.0,4.7,4.9,4.7,86.0,6.3,4.222777778,,,,,,,,,
2023-05-17 19:00:00,15,0,5.38,45.37,6.46,105.84,1.23,11.55,28.85,4.0,276.0,291.0,1.2,3.7,1825.0,1.3,1846.0,1014.8,0.0,1023.4,352.1013,1023.2,42.90457,0.1,4.6,4.8,4.6,86.0,6.3,4.2275,,,,,,,,,
2023-05-17 20:00:00,15,0,5.34,45.37,6.46,105.79,1.2,11.59,28.96,4.0,309.0,307.0,1.3,2.7,1951.0,1.4,1959.0,1014.9,0.0,1023.5,309.0534,1023.2,13.19238,0.0,3.7,4.7,3.7,90.0,6.3,4.229444444,,,,,,,,,
2023-05-17 21:00:00,15,0,5.28,45.38,6.44,105.63,1.2,11.59,28.95,7.0,316.0,314.0,0.8,2.3,2006.0,1.3,2002.0,1014.8,0.1,1023.5,256.0098,1023.1,-6.889723,0.0,2.6,3.7,2.6,93.0,6.3,4.241388889,,,,,,,,,
2023-05-17 22:00:00,15,0,5.2,45.39,6.44,105.42,1.22,11.64,29.08,7.0,329.0,349.0,0.8,1.6,2118.0,1.0,2122.0,1014.6,0.2,1023.3,251.7769,1023.0,-10.55941,0.0,2.2,2.6,2.2,94.0,6.3,4.246944444,,,,,,,,,
2023-05-17 23:00:00,15,0,5.4,45.38,6.47,105.85,1.22,11.56,28.86,7.0,281.0,330.0,0.4,1.6,2203.0,0.9,2211.0,1014.6,0.3,1023.3,262.0416,1022.9,-10.25867,0.0,2.2,2.2,2.1,94.0,6.3,4.268333333,,,,,,,,,
2023-05-18 00:00:00,15,0,5.51,45.35,6.49,106.09,1.18,11.52,28.77,7.0,247.0,6.0,0.3,0.9,2327.0,0.5,2329.0,1014.4,0.4,1023.1,319.5885,1022.7,-8.364791,0.0,2.6,2.8,2.2,94.0,6.3,4.268611111,,,,,,,,,
2023-05-18 01:00:00,15,1,5.41,45.37,6.48,105.86,1.21,11.6,28.96,7.0,8.0,8.0,1.3,2.4,44.0,1.3,100.0,1014.2,0.5,1022.8,327.3273,1022.5,-8.916392,0.0,3.5,3.5,2.5,90.0,6.3,4.272222222,,,,,,,,,
2023-05-18 02:00:00,15,0,5.32,45.39,6.46,105.64,1.24,11.67,29.15,7.0,22.0,20.0,1.7,3.5,148.0,1.8,150.0,1014.2,0.4,1022.8,329.0991,1022.6,-9.430013,0.0,4.2,4.2,3.5,81.0,6.3,4.268333333,,,,,,,,,
2023-05-18 03:00:00,15,0,5.49,44.41,6.46,105.93,1.69,11.53,28.8,7.0,25.0,14.0,1.5,3.1,236.0,1.7,241.0,1014.1,0.3,1022.7,332.5001,1022.5,-7.686132,0.0,4.6,4.6,4.1,77.0,6.3,4.2775,,,,,,,,,
2023-05-18 04:00:00,15,0,5.37,43.07,6.46,105.7,1.74,11.51,28.73,2.0,16.0,19.0,1.4,2.8,312.0,1.5,355.0,1014.3,0.1,1022.9,332.2039,1022.6,7.566232,0.0,5.1,5.1,4.6,74.0,6.3,4.281944444,,,,,,,,,
2023-05-18 05:00:00,15,0,5.48,45.35,6.48,105.9,1.23,11.51,28.75,8.0,37.0,37.0,2.9,4.8,500.0,2.9,500.0,1014.1,0.2,1022.6,340.2673,1022.4,28.91445,0.0,6.2,6.2,5.0,64.0,6.2975,4.246111111,,,,,,,,,
2023-05-18 06:00:00,15,0,5.44,45.34,6.47,105.8,1.23,11.55,28.84,8.0,25.0,38.0,1.8,5.3,506.0,3.0,508.0,1013.9,0.1,1022.4,339.6539,1022.3,84.08784,0.0,7.2,7.2,6.2,66.0,6.292222222,4.208333333,,,,,,,,,
2023-05-18 07:00:00,15,0,5.37,45.36,6.47,105.65,1.19,11.53,28.8,7.0,45.0,61.0,2.7,5.9,650.0,3.3,640.0,1013.9,0.4,1022.4,311.9565,1022.2,265.6069,0.0,9.3,9.4,7.2,55.0,6.299166667,4.202777778,,,,,,,,,
2023-05-18 08:00:00,15,0,5.32,45.37,6.46,105.59,1.21,11.57,28.9,7.0,61.0,52.0,1.7,4.5,706.0,3.1,715.0,1013.8,0.2,1022.2,340.5085,1022.2,278.9961,0.0,10.5,10.5,9.3,52.0,6.3,4.206388889,,,,,,,,,
2023-05-18 09:00:00,15,0,5.34,45.36,6.46,105.65,1.24,11.56,28.87,7.0,96.0,63.0,1.0,3.7,807.0,2.2,815.0,1013.8,0.2,1022.2,360.1382,1022.1,226.4977,0.0,11.4,11.4,10.5,56.0,6.3,4.208333333,,,,,,,,,
2023-05-18 10:00:00,15,0,5.42,45.39,6.47,105.8,1.18,11.5,28.71,7.0,141.0,73.0,1.1,3.5,901.0,2.0,920.0,1013.7,0.3,1022.1,364.2895,1022.0,415.0279,0.0,12.6,13.0,11.4,51.0,6.3,4.205555556,,,,,,,,,
2023-05-18 11:00:00,15,0,5.32,45.36,6.47,105.76,1.22,11.52,28.76,7.0,236.0,189.0,1.1,4.4,1033.0,1.9,1038.0,1013.6,0.3,1021.9,363.9713,1021.9,354.7325,0.0,13.4,13.7,12.6,47.0,6.3,4.200277778,,,,,,,,,
2023-05-18 12:00:00,15,0,5.25,45.38,6.47,105.58,1.25,11.6,28.97,4.0,222.0,198.0,2.6,6.6,1159.0,3.0,1156.0,1013.6,0.1,1021.9,365.7837,1022.0,618.692,0.0,15.4,15.4,13.4,47.0,6.3,4.2,,,,,,,,,
2023-05-18 13:00:00,15,1,5.48,45.36,6.47,106.07,1.22,11.44,28.58,3.0,230.0,216.0,2.4,7.6,1202.0,2.7,1212.0,1014.0,0.3,1022.3,364.9503,1022.4,474.9897,0.0,13.8,15.6,13.8,53.0,6.3,4.2025,,,,,,,,,
2023-05-18 14:00:00,15,0,5.71,45.33,6.47,106.57,1.19,11.29,28.19,2.0,223.0,223.0,3.5,8.0,1353.0,3.5,1400.0,1014.2,0.7,1022.5,373.5968,1022.6,297.1771,0.0,13.7,14.2,13.5,53.0,6.291388889,4.2,,,,,,,,,
2023-05-18 15:00:00,15,0,5.2,45.29,6.42,105.15,1.19,11.75,29.35,0.0,222.0,225.0,1.9,7.3,1410.0,3.5,1401.0,1014.1,0.4,1022.4,374.8339,1022.4,184.6554,0.0,14.1,14.1,13.3,52.0,6.299444444,4.2,,,,,,,,,
2023-05-18 16:00:00,15,0,5.58,45.32,6.44,106.08,1.19,11.53,28.78,0.0,257.0,222.0,2.1,6.0,1531.0,2.7,1535.0,1014.1,0.1,1022.4,376.5258,1022.4,167.4194,0.0,14.1,14.1,13.9,53.0,6.3,4.2,,,,,,,,,
2023-05-18 17:00:00,15,0,6.05,45.27,6.47,106.98,1.2,11.29,28.18,7.0,269.0,259.0,1.2,8.0,1615.0,2.6,1624.0,1013.9,0.3,1022.2,361.4567,1022.2,142.7694,0.1,14.0,14.3,14.0,56.0,6.3,4.199722222,,,,,,,,,
2023-05-18 18:00:00,15,0,6.33,45.22,6.47,107.49,1.15,11.2,27.96,4.0,238.0,291.0,0.8,6.6,1703.0,1.9,1712.0,1014.0,0.1,1022.3,380.3036,1022.4,53.12565,0.0,13.8,14.1,13.8,57.0,6.3,4.2,,,,,,,,,
2023-05-18 19:00:00,15,0,6.44,45.23,6.47,107.64,1.18,11.15,27.83,3.0,218.0,243.0,1.5,4.8,1805.0,1.9,1856.0,1014.2,0.2,1022.5,378.2797,1022.6,17.74581,0.0,13.3,13.8,12.7,59.0,6.294722222,4.2,,,,,,,,,
2023-05-18 20:00:00,15,0,6.42,45.23,6.48,107.61,1.21,11.17,27.89,3.0,240.0,254.0,1.2,6.1,1909.0,2.3,1951.0,1014.8,0.9,1023.2,381.389,1023.2,-2.610155,0.4,11.0,13.3,11.0,79.0,6.258888889,4.2,,,,,,,,,
2023-05-18 21:00:00,15,0,6.39,45.24,6.46,107.56,1.18,11.18,27.91,2.0,316.0,203.0,0.7,4.4,2023.0,1.9,2018.0,1015.1,1.1,1023.5,384.1902,1023.4,-6.655624,0.0,11.2,11.8,11.0,75.0,6.210555556,4.2,,,,,,,,,
2023-05-18 22:00:00,15,0,6.32,45.25,6.46,107.38,1.21,11.23,28.03,1.0,248.0,248.0,1.6,4.0,2159.0,1.6,2200.0,1015.2,0.9,1023.6,372.4303,1023.6,-10.26931,0.0,11.9,11.9,11.0,69.0,6.206944444,4.200555556,,,,,,,,,
2023-05-18 23:00:00,15,0,6.06,45.27,6.46,106.99,1.19,11.31,28.23,2.0,282.0,201.0,0.9,4.3,2204.0,2.1,2206.0,1015.3,0.5,1023.7,369.5299,1023.7,-9.835778,0.0,11.5,12.0,11.1,70.0,6.220555556,4.203888889,,,,,,,,,
2023-05-19 00:00:00,15,0,6.02,45.27,6.46,106.88,1.22,11.37,28.38,0.0,202.0,261.0,1.4,5.0,2358.0,1.7,2312.0,1015.2,0.1,1023.6,368.5221,1023.6,-9.641232,0.0,12.0,12.0,11.1,68.0,6.283611111,4.203611111,,,,,,,,,
2023-05-19 01:00:00,15,1,6.01,45.28,6.46,106.82,1.21,11.37,28.38,3.0,222.0,215.0,1.1,3.6,33.0,1.5,4.0,1015.5,0.3,1023.9,365.3707,1023.9,-10.20646,0.0,11.7,12.0,11.3,68.0,6.291666667,4.203611111,,,,,,,,,
2023-05-19 02:00:00,15,0,6.0,45.28,6.45,106.76,1.2,11.37,28.38,3.0,222.0,213.0,1.8,6.0,132.0,2.5,140.0,1015.6,0.2,1024.0,369.4332,1023.9,-9.730513,0.0,12.5,12.6,11.7,65.0,6.280833333,4.208611111,,,,,,,,,
2023-05-19 03:00:00,15,0,6.01,45.28,6.47,106.81,1.19,11.37,28.39,1.0,238.0,235.0,1.4,5.1,202.0,2.0,210.0,1015.5,0.4,1023.9,374.0454,1023.9,-8.57786,0.0,12.3,12.7,11.9,65.0,6.290833333,4.234166667,,,,,,,,,
2023-05-19 04:00:00,15,0,5.99,45.29,6.48,106.73,1.23,11.37,28.38,4.0,242.0,252.0,1.6,6.2,332.0,2.2,346.0,1015.4,0.0,1023.8,374.523,1023.8,-3.012319,0.0,12.8,12.8,12.3,62.0,6.264166667,4.236944444,,,,,,,,,
2023-05-19 05:00:00,15,0,6.0,45.29,6.49,106.73,1.22,11.36,28.36,4.0,13.0,242.0,0.7,4.4,405.0,1.8,403.0,1015.7,0.1,1024.1,366.7491,1024.0,23.19128,0.0,12.3,12.8,12.2,68.0,6.289722222,4.23,,,,,,,,,
2023-05-19 06:00:00,15,0,5.95,45.3,6.48,106.61,1.21,11.39,28.44,2.0,216.0,204.0,2.2,6.6,526.0,2.9,551.0,1015.8,0.2,1024.1,354.644,1024.1,103.9635,0.0,13.9,13.9,12.2,58.0,6.293888889,4.240555556,,,,,,,,,
2023-05-19 07:00:00,15,0,5.84,45.31,6.47,106.39,1.23,11.45,28.58,2.0,229.0,224.0,2.2,6.2,612.0,2.8,641.0,1016.1,0.6,1024.4,367.2215,1024.5,164.8095,0.1,14.1,14.1,13.9,58.0,6.3,4.251111111,,,,,,,,,
2023-05-19 08:00:00,15,0,5.72,45.32,6.46,106.23,1.23,11.49,28.69,2.0,221.0,231.0,3.0,7.6,754.0,3.3,755.0,1016.4,0.7,1024.7,369.9603,1024.7,337.5585,0.0,15.7,15.7,14.0,53.0,6.295,4.245555556,,,,,,,,,
2023-05-19 09:00:00,15,0,5.61,45.33,6.45,105.99,1.23,11.52,28.76,2.0,229.0,220.0,2.7,8.4,840.0,3.9,812.0,1016.6,0.9,1024.9,373.9705,1024.9,659.6365,0.0,15.6,17.1,15.4,50.0,6.295277778,4.250277778,,,,,,,,,
2023-05-19 10:00:00,15,0,5.53,45.35,6.47,105.9,1.23,11.55,28.85,2.0,228.0,240.0,2.1,7.5,907.0,2.7,904.0,1016.8,0.7,1025.1,380.7813,1025.2,154.5371,0.0,14.2,15.6,14.2,56.0,6.273611111,4.250277778,,,,,,,,,
2023-05-19 11:00:00,15,0,5.49,45.35,6.44,105.84,1.22,11.58,28.92,2.0,237.0,266.0,2.3,8.4,1050.0,2.9,1039.0,1017.3,0.9,1025.6,379.209,1025.7,108.6355,0.0,14.0,14.2,14.0,56.0,6.233888889,4.2475,,,,,,,,,
2023-05-19 12:00:00,15,0,5.42,45.36,6.43,105.75,1.26,11.61,29.0,2.0,225.0,221.0,2.2,7.2,1130.0,3.0,1139.0,1017.7,1.1,1026.0,379.1148,1026.1,122.3337,0.0,14.4,14.4,13.7,56.0,6.255,4.245277778,,,,,,,,,
2023-05-19 13:00:00,15,1,5.42,45.36,6.42,105.71,1.25,11.62,29.04,2.0,253.0,258.0,2.3,7.0,1251.0,2.7,1256.0,1018.3,1.4,1026.7,379.2617,1026.6,94.55579,0.0,13.6,14.4,13.6,58.0,6.2375,4.222222222,,,,,,,,,
2023-05-19 14:00:00,15,0,5.41,45.36,6.42,105.67,1.24,11.64,29.07,2.0,219.0,237.0,1.7,4.9,1320.0,2.3,1305.0,1018.8,1.5,1027.2,377.9628,1027.2,100.9853,0.0,12.5,13.6,12.1,70.0,6.218333333,4.239722222,,,,,,,,,
2023-05-19 15:00:00,15,0,5.5,45.36,6.42,105.82,1.22,11.6,28.97,2.0,220.0,238.0,2.3,7.0,1437.0,2.5,1415.0,1019.1,1.4,1027.5,371.7402,1027.5,82.76997,0.0,11.8,12.6,11.8,71.0,6.222777778,4.245833333,,,,,,,,,
2023-05-19 16:00:00,15,0,5.49,45.35,6.44,105.8,1.23,11.58,28.94,0.0,222.0,220.0,1.3,5.2,1501.0,2.3,1501.0,1019.2,0.9,1027.6,371.325,1027.6,46.06881,0.0,12.0,12.0,11.8,69.0,6.207222222,4.2525,,,,,,,,,
2023-05-19 17:00:00,15,0,5.48,45.37,6.43,105.79,1.25,11.58,28.93,0.0,251.0,246.0,1.3,4.6,1645.0,1.5,1656.0,1019.0,0.3,1027.4,372.2135,1027.4,32.1728,0.0,12.1,12.1,12.0,68.0,6.254166667,4.245555556,,,,,,,,,
2023-05-19 18:00:00,15,0,5.45,45.37,6.43,105.71,1.2,11.59,28.95,2.0,254.0,261.0,1.1,4.6,1723.0,2.1,1730.0,1019.3,0.1,1027.7,372.0529,1027.6,23.65241,0.0,12.1,12.2,12.1,68.0,6.299722222,4.214722222,,,,,,,,,
2023-05-19 19:00:00,15,0,5.51,45.36,6.44,105.84,1.25,11.57,28.89,3.0,66.0,264.0,0.5,3.5,1825.0,1.3,1834.0,1019.5,0.3,1027.9,371.5595,1027.9,19.47404,0.0,11.4,12.1,11.4,70.0,6.295277778,4.2075,,,,,,,,,
2023-05-19 20:00:00,15,0,5.48,44.43,6.43,105.76,1.69,11.61,29.01,2.0,336.0,305.0,0.4,1.2,1922.0,0.6,1926.0,1019.7,0.7,1028.1,364.0678,1028.1,6.535968,0.0,11.1,11.4,11.0,76.0,6.299166667,4.203055556,,,,,,,,,
2023-05-19 21:00:00,15,0,5.49,45.36,6.45,105.81,1.23,11.56,28.88,3.0,34.0,227.0,0.6,2.5,2023.0,0.9,2029.0,1020.2,1.0,1028.7,366.9301,1028.6,-7.5541,0.0,10.2,11.2,10.2,79.0,6.3,4.200555556,,,,,,,,,
2023-05-19 22:00:00,15,0,5.44,45.36,6.46,105.69,1.21,11.54,28.82,0.0,350.0,60.0,0.1,1.7,2117.0,0.8,2134.0,1020.2,0.7,1028.7,364.9103,1028.6,-9.68755,0.0,10.1,10.2,10.0,80.0,6.3,4.200833333,,,,,,,,,
2023-05-19 23:00:00,15,0,5.42,45.37,6.46,105.71,1.26,11.58,28.93,1.0,344.0,300.0,0.2,1.1,2221.0,0.6,2240.0,1020.3,0.6,1028.8,351.1539,1028.7,-10.63865,0.0,10.1,10.3,10.0,78.0,6.3,4.2,,,,,,,,,
2023-05-20 00:00:00,15,0,5.44,45.37,6.45,105.77,1.23,11.61,29.01,2.0,315.0,310.0,0.4,1.0,2339.0,0.5,2356.0,1020.5,0.3,1029.0,361.3379,1028.9,-10.04934,0.0,9.8,10.1,9.7,81.0,6.3,4.200555556,,,,,,,,,
2023-05-20 01:00:00,15,1,5.44,45.35,6.45,105.68,1.23,11.62,29.04,2.0,13.0,334.0,0.2,0.9,25.0,0.6,33.0,1020.5,0.4,1029.0,360.587,1028.9,-9.989196,0.0,9.5,10.0,9.5,84.0,6.3,4.203055556,,,,,,,,,
2023-05-20 02:00:00,15,0,5.45,45.33,6.45,105.6,1.23,11.64,29.07,2.0,317.0,260.0,0.5,1.5,137.0,0.7,138.0,1020.4,0.1,1028.9,344.6101,1028.8,-10.28875,0.0,9.4,9.6,9.3,82.0,6.3,4.207777778,,,,,,,,,
2023-05-20 03:00:00,15,0,5.56,45.35,6.45,106.05,1.24,11.56,28.86,7.0,301.0,287.0,0.2,1.1,221.0,0.5,253.0,1020.4,0.1,1028.9,332.9022,1028.8,-4.757998,0.0,8.5,9.4,8.5,86.0,6.299722222,4.232777778,,,,,,,,,
2023-05-20 04:00:00,15,0,5.62,45.34,6.46,106.07,1.22,11.55,28.85,4.0,1.0,325.0,0.1,0.9,316.0,0.6,321.0,1020.4,0.1,1028.9,295.8161,1028.8,16.054,0.0,8.4,8.8,8.1,87.0,6.3,4.241111111,,,,,,,,,
2023-05-20 05:00:00,15,0,5.58,45.33,6.45,105.99,1.23,11.57,28.89,4.0,42.0,338.0,0.4,1.3,439.0,0.5,417.0,1020.3,0.0,1028.8,290.5741,1028.7,38.98889,0.0,10.6,10.6,8.4,79.0,6.3,4.237777778,,,,,,,,,
2023-05-20 06:00:00,15,0,5.58,44.43,6.44,105.98,1.7,11.56,28.86,8.0,56.0,107.0,0.6,2.1,544.0,0.9,549.0,1020.2,0.1,1028.6,298.5575,1028.6,243.8412,0.0,12.9,12.9,10.6,68.0,6.3,4.224444444,,,,,,,,,
2023-05-20 07:00:00,15,0,5.57,45.34,6.46,105.98,1.24,11.55,28.85,8.0,102.0,121.0,0.9,2.6,617.0,1.1,636.0,1019.9,0.5,1028.3,305.522,1028.3,376.1028,0.0,13.9,13.9,12.5,66.0,6.299166667,4.245,,,,,,,,,
2023-05-20 08:00:00,15,0,5.59,45.33,6.47,106.02,1.24,11.53,28.81,8.0,133.0,148.0,1.1,2.9,733.0,1.5,741.0,1019.5,0.8,1027.8,317.1614,1027.9,439.1487,0.0,15.3,15.4,13.9,52.0,6.253333333,4.225,,,,,,,,,
2023-05-20 09:00:00,15,0,5.76,45.3,6.48,106.35,1.24,11.42,28.52,5.0,197.0,197.0,3.6,8.0,853.0,3.6,900.0,1019.4,0.8,1027.7,316.3504,1027.7,617.3068,0.0,16.5,17.2,15.2,42.0,6.231944444,4.2225,,,,,,,,,
2023-05-20 10:00:00,15,0,5.59,44.43,6.46,106.08,1.67,11.56,28.87,6.0,206.0,196.0,3.3,8.1,919.0,3.5,901.0,1019.4,0.6,1027.7,321.3728,1027.8,703.0022,0.0,17.7,17.8,16.5,41.0,6.227777778,4.216944444,,,,,,,,,
2023-05-20 11:00:00,15,0,5.82,45.32,6.45,106.53,1.21,11.42,28.52,7.0,222.0,224.0,3.1,8.1,1027.0,3.6,1035.0,1019.1,0.5,1027.3,324.7256,1027.5,770.9489,0.0,18.0,18.5,17.5,39.0,6.248611111,4.2,,,,,,,,,
2023-05-20 12:00:00,15,0,6.03,45.27,6.46,107.03,1.21,11.26,28.12,7.0,224.0,220.0,3.2,8.0,1105.0,3.5,1153.0,1018.8,0.6,1027.0,354.3793,1027.2,856.6166,0.0,18.1,19.2,18.0,40.0,6.245,4.200277778,,,,,,,,,
2023-05-20 13:00:00,15,1,6.15,45.25,6.48,107.15,1.18,11.24,28.08,7.0,193.0,221.0,2.5,7.7,1212.0,3.3,1202.0,1018.8,0.7,1027.1,376.7183,1027.1,512.7902,0.0,17.2,19.1,17.2,42.0,6.260833333,4.200277778,,,,,,,,,
2023-05-20 14:00:00,15,0,6.26,45.23,6.5,107.27,1.16,11.23,28.03,7.0,232.0,218.0,2.2,7.1,1313.0,2.9,1306.0,1018.5,0.6,1026.8,377.2545,1026.8,296.0933,0.0,17.0,17.4,17.0,44.0,6.214166667,4.201666667,,,,,,,,,
2023-05-20 15:00:00,15,0,6.35,45.25,6.46,107.48,1.2,11.19,27.92,7.0,217.0,240.0,1.8,6.4,1419.0,2.3,1423.0,1018.3,0.5,1026.6,371.9255,1026.6,235.0689,0.0,16.4,17.0,15.8,46.0,6.270555556,4.203333333,,,,,,,,,
2023-05-20 16:00:00,15,0,6.24,45.28,6.46,107.31,1.18,11.22,28.0,7.0,212.0,205.0,2.2,5.4,1553.0,2.3,1554.0,1017.9,0.9,1026.2,359.8655,1026.2,287.0349,0.0,16.3,16.9,15.5,49.0,6.291111111,4.201388889,,,,,,,,,
2023-05-20 17:00:00,15,0,6.29,45.26,6.48,107.46,1.18,11.2,27.95,7.0,213.0,204.0,1.6,5.6,1613.0,2.8,1617.0,1017.4,1.0,1025.7,345.0542,1025.8,271.0201,0.0,14.2,16.6,14.2,57.0,6.299444444,4.2,,,,,,,,,
2023-05-20 18:00:00,15,0,6.41,45.25,6.49,107.69,1.19,11.12,27.76,6.0,75.0,208.0,0.7,4.7,1710.0,2.3,1706.0,1017.4,0.9,1025.8,343.3295,1025.7,128.3441,0.0,12.4,14.2,12.4,64.0,6.3,4.2,,,,,,,,,
2023-05-20 19:00:00,15,0,6.39,45.24,6.46,107.66,1.23,11.14,27.81,6.0,290.0,231.0,0.6,2.5,1849.0,1.2,1830.0,1017.0,0.8,1025.4,328.532,1025.4,54.32749,0.0,12.0,12.5,12.0,64.0,6.3,4.2,,,,,,,,,
2023-05-20 20:00:00,15,0,6.39,45.24,6.46,107.63,1.19,11.17,27.88,7.0,323.0,304.0,0.5,1.5,1908.0,0.8,1950.0,1016.8,0.6,1025.2,320.255,1025.2,15.82944,0.0,11.3,12.0,11.3,69.0,6.3,4.2,,,,,,,,,
2023-05-20 21:00:00,15,0,6.42,45.28,6.46,107.75,1.18,11.13,27.79,7.0,311.0,318.0,0.4,1.6,2016.0,0.9,2021.0,1016.4,1.0,1024.8,331.1679,1024.7,-7.382949,0.0,10.7,11.3,10.7,71.0,6.261388889,4.2,,,,,,,,,
2023-05-20 22:00:00,15,0,6.38,45.28,6.46,107.67,1.21,11.15,27.83,7.0,336.0,13.0,0.4,1.7,2125.0,0.8,2132.0,1015.8,1.3,1024.2,325.5357,1024.2,-11.26996,0.0,10.8,10.8,10.5,70.0,6.278055556,4.2,,,,,,,,,
2023-05-20 23:00:00,15,0,6.13,45.31,6.45,107.37,1.21,11.27,28.13,7.0,223.0,223.0,1.3,3.0,2255.0,1.3,2300.0,1015.2,1.7,1023.6,299.3309,1023.5,-12.18412,0.0,9.8,11.3,9.8,74.0,6.211388889,4.199722222,,,,,,,,,
2023-05-21 00:00:00,15,0,6.12,45.29,6.45,107.35,1.18,11.28,28.16,6.0,266.0,231.0,0.8,1.8,2320.0,1.1,2301.0,1015.0,1.4,1023.5,297.8181,1023.4,-12.22699,0.0,9.1,10.5,9.1,77.0,6.215,4.199166667,,,,,,,,,
2023-05-21 01:00:00,15,1,6.24,45.26,6.46,107.47,1.18,11.26,28.11,6.0,300.0,343.0,0.7,2.2,40.0,0.9,33.0,1015.0,0.9,1023.4,333.3154,1023.3,-10.45706,0.0,10.6,10.9,9.1,68.0,6.216388889,4.2,,,,,,,,,
2023-05-21 02:00:00,15,0,6.35,45.22,6.46,107.59,1.19,11.24,28.06,7.0,32.0,284.0,0.5,2.3,159.0,0.8,125.0,1015.1,0.1,1023.5,346.7324,1023.4,-10.36978,0.0,9.9,11.2,9.9,75.0,6.299166667,4.2,,,,,,,,,
2023-05-21 03:00:00,15,0,6.41,45.2,6.47,107.72,1.18,11.22,28.02,4.0,289.0,269.0,1.4,4.6,251.0,1.9,254.0,1015.0,0.1,1023.4,338.6911,1023.3,-8.273386,0.0,10.3,11.6,9.3,71.0,6.3,4.2,,,,,,,,,
2023-05-21 04:00:00,15,0,6.41,45.22,6.47,107.74,1.18,11.2,27.95,4.0,289.0,271.0,0.8,4.3,313.0,2.1,316.0,1014.9,0.0,1023.3,354.0789,1023.3,0.02889441,0.0,11.0,12.0,10.0,63.0,6.3,4.200277778,,,,,,,,,
2023-05-21 05:00:00,15,0,6.47,45.15,6.48,107.71,1.19,11.11,27.73,4.0,261.0,245.0,1.1,5.9,436.0,1.6,427.0,1015.0,0.0,1023.4,363.4264,1023.4,24.65472,0.0,11.5,12.3,11.0,68.0,6.3,4.200555556,,,,,,,,,
2023-05-21 06:00:00,15,0,6.46,45.22,6.48,107.63,1.17,11.14,27.8,3.0,333.0,251.0,0.6,2.6,540.0,1.1,501.0,1015.3,0.3,1023.7,367.3267,1023.7,42.39826,0.0,11.9,12.2,11.1,69.0,6.3,4.200833333,,,,,,,,,
2023-05-21 07:00:00,15,0,6.46,45.23,6.48,107.63,1.2,11.09,27.67,3.0,269.0,269.0,1.0,3.7,651.0,1.0,700.0,1015.6,0.7,1024.0,371.1364,1024.0,80.4841,0.0,12.8,13.0,11.8,61.0,6.299722222,4.201111111,,,,,,,,,
2023-05-21 08:00:00,15,0,6.18,45.22,6.47,107.15,1.2,11.28,28.17,3.0,44.0,67.0,0.5,2.0,706.0,0.8,710.0,1016.3,1.3,1024.6,374.3763,1024.7,123.9349,0.0,13.6,13.6,12.8,59.0,6.294166667,4.200833333,,,,,,,,,
2023-05-21 09:00:00,15,0,6.32,45.26,6.47,107.51,1.22,11.21,27.99,2.0,67.0,62.0,1.6,2.8,829.0,1.8,855.0,1016.8,1.5,1025.2,371.6172,1025.2,115.1777,0.0,11.8,13.7,11.6,71.0,6.253055556,4.2025,,,,,,,,,
2023-05-21 10:00:00,15,0,6.33,45.25,6.48,107.56,1.23,11.22,28.02,1.0,217.0,66.0,0.7,2.4,901.0,1.6,903.0,1017.2,1.5,1025.6,372.4619,1025.5,136.3502,0.0,11.9,12.6,11.8,70.0,6.272777778,4.216111111,,,,,,,,,
2023-05-21 11:00:00,15,0,6.48,45.24,6.48,107.79,1.21,11.12,27.74,2.0,210.0,213.0,1.4,3.6,1053.0,1.6,1058.0,1017.4,1.1,1025.8,373.4448,1025.8,202.0367,0.0,12.1,12.3,11.8,74.0,6.297222222,4.235833333,,,,,,,,,
2023-05-21 12:00:00,15,0,6.42,45.23,6.49,107.8,1.19,11.19,27.94,3.0,179.0,208.0,0.5,2.2,1111.0,1.3,1102.0,1017.8,0.9,1026.2,374.0528,1026.1,193.9187,0.0,11.7,12.4,11.7,75.0,6.265277778,4.221111111,,,,,,,,,
2023-05-21 13:00:00,15,1,6.43,45.24,6.48,107.82,1.19,11.2,27.94,3.0,162.0,173.0,1.0,1.8,1232.0,1.2,1241.0,1018.2,1.0,1026.6,374.5439,1026.5,273.2275,0.0,12.6,12.8,11.7,71.0,6.258333333,4.283333333,,,,,,,,,
2023-05-21 14:00:00,15,0,6.44,45.24,6.46,107.84,1.19,11.2,27.95,0.0,174.0,206.0,0.7,2.4,1309.0,1.6,1318.0,1018.1,0.7,1026.5,374.2154,1026.5,244.2625,0.0,12.5,12.6,11.9,71.0,6.274444444,4.2975,,,,,,,,,
2023-05-21 15:00:00,15,0,6.74,45.21,6.47,108.42,1.2,11.0,27.45,1.0,199.0,199.0,1.3,2.3,1457.0,1.3,1500.0,1018.4,0.7,1026.8,374.4519,1026.8,189.463,0.0,11.9,12.5,11.9,74.0,6.256388889,4.299722222,,,,,,,,,
2023-05-21 16:00:00,15,0,6.84,45.2,6.49,108.58,1.19,11.01,27.48,3.0,6.0,200.0,0.6,2.9,1541.0,1.5,1513.0,1018.7,0.5,1027.1,370.6555,1027.0,160.9621,0.0,11.4,12.1,11.3,77.0,6.293611111,4.3,,,,,,,,,
2023-05-21 17:00:00,15,0,6.92,45.19,6.5,108.69,1.21,11.01,27.46,0.0,108.0,281.0,0.7,3.7,1620.0,1.4,1627.0,1018.4,0.3,1026.8,367.3276,1026.7,121.8671,0.0,11.1,11.6,10.7,79.0,6.265833333,4.3,,,,,,,,,
2023-05-21 18:00:00,15,0,7.08,45.17,6.51,109.01,1.22,10.97,27.38,8.0,10.0,211.0,0.4,2.3,1703.0,1.2,1711.0,1018.3,0.1,1026.7,358.8901,1026.7,105.803,0.0,10.7,11.1,10.6,78.0,6.220277778,4.300277778,,,,,,,,,
2023-05-21 19:00:00,15,0,7.3,45.13,6.52,109.6,1.19,10.9,27.18,7.0,65.0,43.0,0.5,2.1,1850.0,1.1,1818.0,1018.1,0.6,1026.6,362.3748,1026.5,32.34467,0.0,10.2,10.7,10.2,82.0,6.227222222,4.300277778,,,,,,,,,
2023-05-21 20:00:00,15,0,7.34,45.13,6.53,109.27,1.18,10.88,27.13,7.0,47.0,55.0,0.6,1.8,1954.0,0.8,1958.0,1017.9,0.4,1026.4,356.6825,1026.3,14.36422,0.0,9.9,10.2,9.9,83.0,6.206666667,4.3,,,,,,,,,
2023-05-21 21:00:00,15,0,7.42,45.13,6.53,109.47,1.18,10.87,27.12,7.0,274.0,41.0,0.3,1.3,2007.0,0.6,2001.0,1017.8,0.6,1026.3,338.2521,1026.1,-6.283724,0.0,9.4,9.9,9.2,85.0,6.290833333,4.306111111,,,,,,,,,
2023-05-21 22:00:00,15,0,7.46,45.11,6.54,109.54,1.18,10.86,27.08,7.0,281.0,287.0,0.5,1.4,2147.0,0.6,2156.0,1017.6,0.5,1026.1,326.8344,1025.9,-10.6161,0.0,8.8,9.4,8.7,88.0,6.284722222,4.312222222,,,,,,,,,
2023-05-21 23:00:00,15,0,7.02,45.17,6.52,108.8,1.21,11.11,27.73,7.0,327.0,332.0,0.2,1.0,2235.0,0.6,2241.0,1017.2,0.7,1025.7,320.8246,1025.5,-10.98823,0.0,8.3,8.8,8.3,90.0,6.284444444,4.310277778,,,,,,,,,
2023-05-22 00:00:00,15,0,7.24,45.14,6.53,109.24,1.2,11.0,27.45,7.0,341.0,224.0,0.3,1.3,2327.0,0.5,2345.0,1016.7,1.0,1025.2,326.6289,1025.1,-10.50918,0.0,7.7,8.3,7.7,92.0,6.261388889,4.331388889,,,,,,,,,
2023-05-22 01:00:00,15,1,7.17,45.14,6.52,109.0,1.19,11.02,27.49,7.0,254.0,254.0,0.4,1.0,59.0,0.4,100.0,1016.4,1.2,1024.9,286.7549,1024.7,-12.23187,0.0,7.3,7.8,7.3,94.0,6.238055556,4.348611111,,,,,,,,,
2023-05-22 02:00:00,15,0,7.11,45.15,6.51,108.75,1.19,11.03,27.53,7.0,306.0,247.0,0.3,0.9,142.0,0.5,144.0,1015.9,1.3,1024.4,310.2792,1024.2,-10.36709,0.0,7.0,7.3,6.9,95.0,6.2775,4.336944444,,,,,,,,,
2023-05-22 03:00:00,15,0,7.24,45.15,6.52,108.89,1.16,10.93,27.28,7.0,331.0,319.0,0.4,1.2,242.0,0.6,219.0,1015.4,1.3,1024.0,279.5612,1023.8,-6.075115,0.0,6.4,7.0,6.4,94.0,6.299166667,4.335,,,,,,,,,
2023-05-22 04:00:00,15,0,7.32,45.13,6.53,109.0,1.16,10.89,27.18,7.0,18.0,22.0,0.5,1.3,357.0,0.6,357.0,1015.0,1.3,1023.5,276.5831,1023.4,14.59624,0.0,7.2,7.2,6.2,90.0,6.297777778,4.380277778,,,,,,,,,
2023-05-22 05:00:00,15,0,7.32,45.13,6.53,109.07,1.19,10.93,27.27,7.0,324.0,289.0,0.2,1.1,420.0,0.5,427.0,1014.8,1.1,1023.3,280.4128,1023.2,46.96288,0.0,8.8,8.9,7.1,86.0,6.3,4.406944444,,,,,,,,,
2023-05-22 06:00:00,15,0,7.26,45.13,6.53,108.97,1.17,10.93,27.27,7.0,169.0,162.0,0.5,1.3,530.0,0.6,533.0,1014.5,0.9,1022.9,286.1558,1022.9,233.8655,0.0,9.9,10.1,8.8,81.0,6.3,4.468333333,,,,,,,,,
2023-05-22 07:00:00,15,0,7.2,45.14,6.52,108.9,1.21,10.9,27.2,7.0,170.0,170.0,1.1,2.3,659.0,1.1,700.0,1014.3,0.7,1022.7,292.7665,1022.7,364.5045,0.0,11.6,11.8,9.9,70.0,6.3,4.511944444,,,,,,,,,
2023-05-22 08:00:00,15,0,7.29,45.15,6.53,109.08,1.17,10.92,27.25,7.0,191.0,197.0,2.1,3.6,722.0,2.2,723.0,1013.9,0.9,1022.2,298.7671,1022.3,493.6023,0.0,13.1,13.1,11.6,68.0,6.295,4.601944444,,,,,,,,,
2023-05-22 09:00:00,15,0,7.49,45.1,6.55,109.65,1.21,10.95,27.32,7.0,205.0,205.0,3.0,5.5,859.0,3.0,900.0,1013.6,1.0,1021.9,306.7492,1021.9,604.8488,0.0,13.3,13.8,13.0,69.0,6.3,4.669722222,,,,,,,,,
2023-05-22 10:00:00,15,0,7.1,45.16,6.52,109.09,1.17,11.0,27.45,6.0,202.0,205.0,4.1,7.2,918.0,4.2,926.0,1013.5,0.8,1021.8,308.5121,1021.8,691.4409,0.0,12.9,13.4,12.9,71.0,6.3,4.630833333,,,,,,,,,
2023-05-22 11:00:00,15,0,7.13,45.12,6.54,109.12,1.21,10.97,27.36,7.0,204.0,203.0,3.9,7.2,1005.0,4.5,1020.0,1013.2,0.8,1021.6,317.6784,1021.5,789.0281,0.0,12.3,13.2,12.1,74.0,6.298333333,4.601944444,,,,,,,,,
2023-05-22 12:00:00,15,0,7.48,45.09,6.55,109.47,1.17,10.84,27.03,8.0,208.0,204.0,2.4,6.6,1115.0,4.2,1106.0,1012.7,0.8,1021.1,324.6593,1021.0,551.5273,0.0,11.3,12.5,10.9,78.0,6.237777778,4.616111111,1.0,24.0,0.026,0.31,0.004,0.0012,0.088,0.01,
2023-05-22 13:00:00,15,1,7.54,44.42,6.52,109.42,1.44,10.8,26.94,7.0,201.0,200.0,3.6,6.7,1300.0,3.9,1256.0,1012.4,1.1,1020.7,337.1876,1020.7,681.6878,0.0,12.9,13.7,11.3,73.0,6.2425,4.633055556,,,,,,,,,
2023-05-22 14:00:00,15,0,7.6,43.74,6.49,109.38,1.72,10.76,26.84,5.0,204.0,207.0,3.4,6.4,1339.0,4.0,1347.0,1012.6,0.5,1021.0,312.8282,1020.9,644.368,0.0,11.6,13.5,11.5,77.0,6.208888889,4.629444444,,,,,,,,,
2023-05-22 15:00:00,15,0,7.87,45.11,6.53,109.95,1.16,10.65,26.55,8.0,186.0,202.0,1.5,5.0,1413.0,3.5,1402.0,1012.0,0.7,1020.3,321.6305,1020.3,440.4963,0.0,13.1,13.1,11.1,72.0,6.28,4.630555556,,,,,,,,,
2023-05-22 16:00:00,15,0,8.14,45.07,6.54,110.44,1.14,10.5,26.18,8.0,159.0,160.0,1.3,2.4,1502.0,1.5,1508.0,1011.3,1.0,1019.6,321.4143,1019.7,442.5531,0.0,13.8,14.1,12.9,65.0,6.3,4.606944444,,,,,,,,,
2023-05-22 17:00:00,15,0,8.19,45.12,6.53,110.74,1.12,10.46,26.08,6.0,283.0,222.0,1.2,4.2,1639.0,2.2,1641.0,1011.1,1.5,1019.4,328.2866,1019.4,281.4553,0.0,12.1,14.2,12.1,71.0,6.283333333,4.600833333,,,,,,,,,
2023-05-22 18:00:00,15,0,8.07,45.09,6.54,110.36,1.16,10.55,26.29,5.0,226.0,211.0,1.4,5.0,1707.0,2.6,1724.0,1011.2,0.9,1019.6,330.3326,1019.5,170.7651,0.0,9.2,12.1,9.2,86.0,6.213055556,4.600277778,,,,,,,,,
2023-05-22 19:00:00,15,0,8.16,45.1,6.53,110.51,1.15,10.48,26.12,3.0,207.0,203.0,2.1,4.3,1857.0,2.4,1852.0,1011.6,0.2,1020.1,354.205,1019.9,22.39402,0.0,8.6,9.2,8.6,89.0,6.248055556,4.5975,,,,,,,,,
2023-05-22 20:00:00,15,0,8.11,45.14,6.52,110.71,1.16,10.45,26.03,2.0,229.0,214.0,1.1,5.6,1903.0,2.4,1907.0,1012.0,0.9,1020.5,361.2595,1020.4,-3.074913,0.0,8.2,8.6,8.1,85.0,6.2125,4.554166667,,,,,,,,,
2023-05-22 21:00:00,15,0,8.2,45.1,6.51,110.54,1.15,10.45,26.04,1.0,259.0,221.0,0.6,4.1,2006.0,1.3,2010.0,1012.1,1.0,1020.6,365.4525,1020.4,-8.054487,0.5,7.1,8.2,7.1,90.0,6.220833333,4.510833333,,,,,,,,,
2023-05-22 22:00:00,15,0,7.96,45.11,6.51,110.11,1.16,10.54,26.28,0.0,0.0,0.0,1.1,2.3,2156.0,1.1,2200.0,1011.6,0.1,1020.1,368.5017,1019.9,-8.750076,0.0,6.9,7.1,6.8,92.0,6.200833333,4.5,,,,,,,,,
2023-05-22 23:00:00,15,0,7.54,45.15,6.5,109.54,1.19,10.74,26.79,8.0,298.0,355.0,0.6,2.1,2245.0,1.1,2202.0,1011.5,0.5,1020.0,367.2844,1019.8,-8.562018,0.5,6.6,6.9,6.6,94.0,6.206666667,4.495833333,,,,,,,,,
2023-05-23 00:00:00,15,0,7.29,45.16,6.49,109.13,1.18,10.85,27.06,6.0,325.0,299.0,0.6,1.3,2348.0,0.8,2352.0,1011.5,0.6,1020.0,365.6612,1019.8,-9.016757,0.6,6.3,6.6,6.3,94.0,6.205833333,4.4525,,,,,,,,,
2023-05-23 01:00:00,15,1,7.04,45.19,6.48,108.78,1.17,10.96,27.34,4.0,298.0,312.0,0.5,1.3,33.0,0.6,44.0,1011.6,0.1,1020.1,365.1978,1019.9,-9.708054,0.0,6.2,6.3,6.2,95.0,6.245833333,4.425833333,,,,,,,,,
2023-05-23 02:00:00,15,0,6.8,45.22,6.47,108.43,1.17,11.07,27.63,4.0,302.0,308.0,0.6,1.5,128.0,0.7,139.0,1011.6,0.0,1020.1,364.449,1019.9,-10.89791,0.1,5.9,6.2,5.9,95.0,6.2425,4.406944444,,,,,,,,,
2023-05-23 03:00:00,15,0,6.96,44.28,6.47,108.6,1.69,11.01,27.48,4.0,356.0,300.0,0.0,1.1,201.0,0.6,222.0,1011.5,0.0,1020.0,363.9214,1019.8,-7.891054,0.4,5.9,5.9,5.8,95.0,6.2,4.399722222,,,,,,,,,
2023-05-23 04:00:00,15,0,6.9,45.2,6.49,108.5,1.21,11.04,27.56,7.0,145.0,115.0,0.4,1.2,337.0,0.6,341.0,1011.5,0.1,1020.0,364.9012,1019.8,-2.458477,0.6,6.0,6.1,5.9,96.0,6.2,4.363055556,,,,,,,,,
2023-05-23 05:00:00,15,0,6.69,45.21,6.49,108.19,1.24,11.14,27.82,7.0,3.0,94.0,0.0,1.2,437.0,0.5,445.0,1011.4,0.1,1019.9,367.2821,1019.7,4.393191,0.4,6.3,6.3,6.0,96.0,6.200277778,4.318333333,,,,,,,,,
2023-05-23 06:00:00,15,0,6.72,45.21,6.49,108.22,1.24,11.13,27.78,2.0,138.0,138.0,0.6,1.0,558.0,0.6,600.0,1011.7,0.2,1020.2,369.5149,1020.0,17.76562,0.5,6.5,6.5,6.3,96.0,6.249166667,4.330277778,,,,,,,,,
2023-05-23 07:00:00,15,0,6.58,45.22,6.49,108.01,1.21,11.19,27.94,2.0,161.0,164.0,0.9,1.9,646.0,1.1,652.0,1011.7,0.2,1020.2,378.2918,1020.0,119.9807,0.0,7.5,7.7,6.5,95.0,6.297222222,4.331666667,,,,,,,,,
2023-05-24 21:00:00,16,0,5.61,48.24,6.33,103.64,1.57,7.19,37.04,3.0,251.0,251.0,2.2,10.0,2048.0,3.8,2049.0,1008.9,0.8,1017.4,345.0154,1017.1,-5.267689,1.8,5.4,7.5,5.3,90.0,6.2,4.327222222,,,,,,,,,
2023-05-24 22:00:00,16,0,5.76,48.22,6.36,103.82,1.56,7.14,36.78,3.0,249.0,229.0,2.6,8.9,2145.0,3.0,2124.0,1009.3,1.7,1017.8,350.9391,1017.6,-7.13634,2.3,5.5,5.5,5.1,89.0,6.2,4.320555556,,,,,,,,,
2023-05-24 23:00:00,16,0,5.89,48.21,6.31,104.03,1.52,7.11,36.67,0.0,244.0,224.0,2.4,9.4,2214.0,2.9,2215.0,1009.4,1.2,1017.9,337.6469,1017.6,-8.318263,0.2,5.9,6.0,5.5,88.0,6.233888889,4.329722222,,,,,,,,,
2023-05-25 00:00:00,16,0,5.93,48.2,6.31,104.0,1.54,7.11,36.62,3.0,248.0,227.0,2.8,9.6,2336.0,3.9,2338.0,1010.2,1.4,1018.7,352.4283,1018.5,-9.020905,0.5,6.0,6.1,5.3,87.0,6.234444444,4.310277778,,,,,,,,,
2023-05-25 01:00:00,16,1,5.92,48.2,6.29,103.98,1.54,7.12,36.66,3.0,216.0,216.0,4.1,9.8,55.0,4.1,100.0,1010.8,1.5,1019.3,340.5921,1019.1,-10.18797,0.4,6.0,6.0,5.1,84.0,6.200277778,4.326388889,,,,,,,,,
2023-05-25 02:00:00,16,0,5.92,48.21,6.27,103.97,1.53,7.12,36.69,1.0,235.0,213.0,3.6,10.4,114.0,4.6,106.0,1010.7,1.7,1019.3,341.6943,1019.1,-9.086872,2.6,5.1,6.4,5.1,89.0,6.2,4.311666667,,,,,,,,,
2023-05-25 03:00:00,16,0,5.93,48.2,6.28,104.03,1.53,7.11,36.62,1.0,250.0,234.0,2.3,10.7,233.0,3.5,201.0,1011.2,1.0,1019.7,347.2541,1019.5,-5.210117,0.1,5.8,5.9,4.9,88.0,6.217777778,4.312777778,,,,,,,,,
2023-05-25 04:00:00,16,0,5.81,48.21,6.22,103.84,1.51,7.14,36.82,3.0,255.0,225.0,1.7,7.1,349.0,2.8,336.0,1011.7,0.9,1020.3,343.5364,1020.0,6.407521,0.3,5.5,6.2,5.5,88.0,6.2,4.3,,,,,,,,,
2023-05-25 05:00:00,16,0,5.85,48.21,6.27,103.89,1.53,7.15,36.85,0.0,228.0,214.0,2.9,9.9,450.0,3.9,437.0,1011.9,1.0,1020.4,343.5304,1020.2,50.6649,0.0,6.3,6.4,5.5,83.0,6.200277778,4.299722222,,,,,,,,,
2023-05-25 06:00:00,16,0,5.75,48.22,6.3,103.66,1.52,7.15,36.86,0.0,218.0,211.0,3.4,10.2,540.0,4.5,554.0,1012.2,1.1,1020.7,353.4852,1020.5,93.16164,1.5,6.5,6.7,5.2,79.0,6.216944444,4.3,,,,,,,,,
2023-05-25 07:00:00,16,0,5.81,48.21,6.33,103.77,1.49,7.13,36.75,3.0,213.0,200.0,4.1,10.3,657.0,5.4,613.0,1012.9,1.3,1021.4,349.0176,1021.3,114.2934,1.2,6.6,6.7,5.1,82.0,6.2,4.299166667,,,,,,,,,
2023-05-25 08:00:00,16,0,5.74,48.22,6.32,103.7,1.52,7.16,36.9,1.0,218.0,214.0,3.6,10.2,752.0,5.0,716.0,1013.1,1.3,1021.6,347.1937,1021.4,185.8743,0.2,6.6,7.6,6.0,81.0,6.201388889,4.300555556,,,,,,,,,
2023-05-25 09:00:00,16,0,5.77,48.22,6.29,103.76,1.49,7.14,36.79,1.0,207.0,210.0,4.6,10.6,822.0,5.0,814.0,1013.5,1.2,1022.0,335.7582,1021.8,233.3473,0.0,7.5,7.9,6.6,73.0,6.2,4.310555556,,,,,,,,,
2023-05-25 10:00:00,16,0,5.76,48.22,6.29,103.7,1.51,7.15,36.85,0.0,206.0,203.0,4.8,11.6,914.0,6.2,908.0,1013.1,0.3,1021.6,325.8274,1021.5,418.7012,0.0,8.5,8.9,7.3,62.0,6.2,4.3325,,,,,,,,,
2023-05-25 11:00:00,16,0,5.7,48.23,6.29,103.61,1.5,7.14,36.81,0.0,231.0,202.0,3.5,11.2,1017.0,5.5,1010.0,1013.4,0.3,1021.9,347.2507,1021.8,178.4048,0.1,7.4,9.4,7.4,77.0,6.219166667,4.371111111,,,,,,,,,
2023-05-25 12:00:00,16,0,5.69,48.23,6.3,103.68,1.47,7.14,36.78,5.0,206.0,206.0,4.0,12.0,1200.0,4.0,1200.0,1013.4,0.1,1021.9,359.2362,1021.8,145.6939,0.2,7.3,8.0,7.0,77.0,6.260277778,4.398611111,,,,,,,,,
2023-05-25 13:00:00,16,1,5.7,48.24,6.3,103.68,1.48,7.14,36.8,8.0,215.0,213.0,4.5,9.7,1247.0,4.9,1253.0,1013.1,0.1,1021.6,343.7001,1021.4,206.6622,0.2,8.6,8.6,6.6,71.0,6.208611111,4.423055556,,,,,,,,,
2023-05-25 14:00:00,16,0,5.72,48.24,6.31,103.67,1.5,7.14,36.81,8.0,222.0,222.0,4.3,10.4,1332.0,4.3,1400.0,1012.4,1.1,1020.9,346.2632,1020.7,160.272,0.0,8.5,8.7,8.2,71.0,6.2,4.4325,,,,,,,,,
2023-05-25 15:00:00,16,0,5.74,48.23,6.26,103.72,1.46,7.13,36.73,5.0,232.0,220.0,2.5,10.4,1408.0,4.6,1403.0,1012.3,1.0,1020.8,361.4435,1020.6,65.91862,1.1,7.0,8.5,7.0,85.0,6.2,4.457777778,,,,,,,,,
2023-05-25 16:00:00,16,0,5.72,48.23,6.29,103.66,1.48,7.12,36.71,6.0,232.0,221.0,2.7,12.1,1504.0,4.6,1513.0,1011.7,1.1,1020.2,358.984,1020.0,54.57459,1.5,6.4,7.0,6.4,90.0,6.2,4.476666667,,,,,,,,,
2023-05-25 17:00:00,16,0,5.75,48.23,6.31,103.69,1.46,7.12,36.7,8.0,258.0,232.0,1.5,8.9,1611.0,3.4,1618.0,1011.1,1.2,1019.6,359.1122,1019.5,20.39684,2.7,5.9,6.4,5.7,92.0,6.250833333,4.495,,,,,,,,,
2023-05-25 18:00:00,16,0,5.77,48.22,6.29,103.65,1.45,7.12,36.67,8.0,235.0,232.0,2.2,8.0,1721.0,3.1,1741.0,1010.8,1.5,1019.3,359.3163,1019.1,14.52424,1.0,6.2,6.2,5.9,90.0,6.2,4.490555556,,,,,,,,,
2023-05-25 19:00:00,16,0,5.82,48.21,6.34,103.68,1.45,7.11,36.64,7.0,209.0,207.0,4.7,10.6,1843.0,4.8,1859.0,1010.4,1.4,1018.9,355.835,1018.7,13.07278,0.1,6.7,6.7,6.2,87.0,6.2,4.489166667,,,,,,,,,
2023-05-25 20:00:00,16,0,5.66,48.23,6.31,103.49,1.46,7.16,36.9,5.0,226.0,210.0,2.5,10.4,1919.0,4.7,1901.0,1010.7,0.5,1019.2,356.5041,1019.0,-3.357136,0.6,6.6,7.0,6.5,90.0,6.214166667,4.485,,,,,,,,,
2023-05-25 21:00:00,16,0,5.6,48.25,6.29,103.36,1.47,7.16,36.92,3.0,233.0,208.0,2.2,9.9,2040.0,4.5,2044.0,1012.2,1.4,1020.8,358.5179,1020.5,-4.755888,0.8,5.5,6.6,5.5,88.0,6.206666667,4.49,,,,,,,,,
2023-05-25 22:00:00,16,0,5.72,48.24,6.29,103.49,1.42,7.15,36.86,3.0,248.0,235.0,1.7,5.5,2119.0,2.2,2101.0,1013.3,2.9,1021.9,358.0251,1021.6,-9.89954,0.0,5.6,5.8,5.4,89.0,6.2,4.498888889,,,,,,,,,
2023-05-25 23:00:00,16,0,5.46,48.26,6.31,103.21,1.43,7.22,37.2,1.0,277.0,260.0,1.2,5.2,2220.0,2.3,2223.0,1013.4,2.8,1022.0,332.473,1021.8,-9.557766,0.0,5.6,5.7,5.5,89.0,6.214166667,4.498611111,,,,,,,,,
2023-05-26 00:00:00,16,0,5.54,48.25,6.31,103.25,1.44,7.2,37.11,0.0,240.0,241.0,2.1,6.5,2346.0,2.2,2359.0,1013.5,1.3,1022.0,310.8628,1021.9,-9.450714,0.0,6.3,6.3,5.5,86.0,6.207777778,4.500277778,,,,,,,,,
2023-05-26 01:00:00,16,1,5.58,48.25,6.3,103.3,1.44,7.2,37.12,3.0,268.0,235.0,1.9,6.1,53.0,2.2,19.0,1014.3,1.0,1022.9,314.7953,1022.7,-9.725525,0.0,6.0,6.3,5.8,81.0,6.218888889,4.503333333,,,,,,,,,
2023-05-26 02:00:00,16,0,5.63,48.25,6.29,103.34,1.45,7.2,37.13,3.0,255.0,255.0,2.1,5.2,155.0,2.1,200.0,1014.8,1.3,1023.4,324.5287,1023.1,-9.109335,0.0,5.9,6.1,5.9,77.0,6.201944444,4.507222222,,,,,,,,,
2023-05-26 03:00:00,16,0,5.62,48.25,6.31,103.34,1.41,7.19,37.06,1.0,285.0,266.0,1.8,5.0,219.0,2.0,201.0,1015.1,1.6,1023.7,302.1714,1023.5,-5.308091,0.0,5.5,5.9,5.3,80.0,6.2,4.510555556,,,,,,,,,
2023-05-26 04:00:00,16,0,5.68,48.24,6.34,103.35,1.46,7.16,36.91,2.0,265.0,261.0,1.6,5.4,322.0,2.2,311.0,1015.5,1.2,1024.1,316.2258,1023.9,5.615411,0.0,5.8,5.8,5.4,77.0,6.2,4.5075,,,,,,,,,
2023-05-26 05:00:00,16,0,5.83,48.22,6.35,103.45,1.45,7.12,36.69,2.0,270.0,270.0,1.7,4.5,459.0,1.7,500.0,1016.0,1.2,1024.6,303.8193,1024.4,45.57976,0.0,6.5,6.5,5.6,75.0,6.2,4.504722222,,,,,,,,,
2023-05-26 06:00:00,16,0,5.85,48.21,6.34,103.45,1.43,7.11,36.63,2.0,209.0,209.0,2.5,5.0,506.0,2.5,600.0,1016.4,1.2,1024.9,309.2801,1024.7,209.8252,0.0,8.0,8.1,6.5,66.0,6.2525,4.508333333,,,,,,,,,
2023-05-26 07:00:00,16,0,5.9,48.21,6.35,103.49,1.42,7.08,36.49,2.0,213.0,209.0,3.1,7.2,653.0,3.5,643.0,1016.9,1.3,1025.4,293.8543,1025.2,337.5954,0.0,8.7,8.8,7.9,57.0,6.207222222,4.51,,,,,,,,,
2023-05-26 08:00:00,16,0,5.88,48.2,6.37,103.42,1.44,7.09,36.57,2.0,209.0,209.0,3.4,8.5,739.0,4.3,728.0,1017.3,1.3,1025.8,283.039,1025.7,467.7042,0.0,9.5,9.6,8.7,53.0,6.201388889,4.531111111,,,,,,,,,
2023-05-26 09:00:00,16,0,5.93,48.21,6.36,103.58,1.41,7.04,36.3,2.0,202.0,207.0,2.9,6.7,847.0,4.0,805.0,1017.5,1.1,1026.0,296.0317,1025.8,472.4988,0.1,9.5,9.7,9.3,58.0,6.200833333,4.542777778,,,,,,,,,
2023-05-26 10:00:00,16,0,5.88,48.2,6.34,103.47,1.4,7.08,36.48,2.0,215.0,217.0,2.5,7.1,913.0,3.5,917.0,1017.7,0.9,1026.1,290.2997,1026.1,621.4308,0.0,11.1,11.1,9.4,50.0,6.2,4.544444444,,,,,,,,,
2023-05-26 11:00:00,16,0,6.02,48.21,6.35,103.69,1.37,7.02,36.18,2.0,199.0,199.0,4.0,7.7,1005.0,4.0,1100.0,1017.7,0.3,1026.1,297.2776,1026.0,586.2269,0.1,10.3,11.3,10.0,55.0,6.2,4.536666667,,,,,,,,,
2023-05-26 12:00:00,16,0,6.14,48.19,6.36,103.91,1.4,6.98,35.95,0.0,207.0,201.0,3.4,9.5,1139.0,3.9,1101.0,1017.5,0.2,1025.9,313.1023,1025.9,758.9302,0.1,12.0,12.0,10.1,53.0,6.2,4.544444444,,,,,,,,,
2023-05-26 13:00:00,16,1,6.2,48.18,6.36,104.0,1.36,6.96,35.86,7.0,230.0,221.0,3.2,8.4,1201.0,3.7,1213.0,1017.5,0.2,1025.9,307.5592,1025.9,679.0412,0.1,10.9,12.3,10.7,59.0,6.2,4.545555556,,,,,,,,,
2023-05-26 14:00:00,16,0,6.27,48.17,6.37,104.09,1.33,6.94,35.76,7.0,236.0,233.0,3.0,7.6,1357.0,3.3,1332.0,1017.5,0.2,1026.0,330.571,1025.9,350.0123,0.0,10.2,11.3,10.2,68.0,6.2,4.584722222,,,,,,,,,
2023-05-26 15:00:00,16,0,6.31,48.17,6.36,104.27,1.32,6.91,35.62,4.0,241.0,232.0,2.6,6.6,1405.0,3.2,1411.0,1017.5,0.0,1026.0,354.2827,1025.9,171.3199,0.0,9.7,10.2,9.4,71.0,6.2,4.599444444,,,,,,,,,
2023-05-26 16:00:00,16,0,6.28,48.17,6.35,104.25,1.35,6.92,35.64,4.0,230.0,241.0,2.4,7.2,1520.0,3.2,1522.0,1017.5,0.1,1026.0,349.7153,1025.9,181.5208,0.0,9.9,10.4,9.6,68.0,6.240277778,4.6,,,,,,,,,
2023-05-26 17:00:00,16,0,6.23,48.18,6.37,104.17,1.34,6.95,35.83,4.0,215.0,213.0,3.2,8.4,1621.0,3.3,1659.0,1017.5,0.0,1026.0,351.0588,1025.9,106.1073,0.0,9.1,9.9,9.1,69.0,6.2,4.602222222,,,,,,,,,
2023-05-26 18:00:00,16,0,6.19,48.18,6.35,104.12,1.36,6.97,35.91,7.0,219.0,211.0,2.2,6.8,1725.0,3.1,1722.0,1017.2,0.3,1025.7,341.455,1025.6,71.20443,0.0,9.1,9.1,8.8,66.0,6.2,4.603611111,,,,,,,,,
2023-05-26 19:00:00,16,0,6.18,48.18,6.35,104.06,1.36,6.98,35.97,7.0,223.0,242.0,2.1,7.2,1850.0,2.6,1822.0,1017.1,0.4,1025.6,348.6348,1025.4,36.23132,0.0,8.4,9.1,8.3,72.0,6.200277778,4.606944444,,,,,,,,,
2023-05-26 20:00:00,16,0,6.16,48.19,6.34,104.04,1.3,6.99,36.02,7.0,226.0,222.0,2.3,8.5,1924.0,2.5,1933.0,1017.1,0.5,1025.6,339.6754,1025.4,18.78641,0.0,8.3,8.4,8.3,73.0,6.202222222,4.612777778,,,,,,,,,
2023-05-26 21:00:00,16,0,6.12,48.18,6.36,103.94,1.36,7.0,36.06,8.0,251.0,222.0,1.5,6.9,2002.0,2.4,2003.0,1016.4,0.7,1024.9,347.7615,1024.8,-4.777687,0.0,8.4,8.4,8.3,71.0,6.216111111,4.608055556,,,,,,,,,
2023-05-26 22:00:00,16,0,6.05,48.2,6.34,103.86,1.35,7.01,36.14,8.0,257.0,247.0,1.9,6.6,2155.0,2.4,2125.0,1016.3,0.8,1024.8,352.0061,1024.6,-9.469829,0.0,8.3,8.4,8.2,73.0,6.2,4.625833333,,,,,,,,,
2023-05-26 23:00:00,16,0,6.0,48.2,6.36,103.74,1.37,7.03,36.24,8.0,253.0,249.0,2.5,5.7,2247.0,2.7,2256.0,1015.1,1.9,1023.6,349.6697,1023.4,-10.00428,0.0,8.8,8.8,8.2,67.0,6.2,4.641388889,,,,,,,,,
2023-05-27 00:00:00,16,0,5.96,48.21,6.35,103.71,1.36,7.07,36.42,8.0,239.0,229.0,2.6,9.2,2336.0,3.3,2327.0,1014.3,2.1,1022.8,351.8895,1022.6,-9.740744,0.0,9.2,9.4,8.8,61.0,6.2,4.642222222,,,,,,,,,
2023-05-27 01:00:00,16,1,5.93,48.22,6.34,103.64,1.36,7.08,36.45,7.0,239.0,232.0,2.2,7.3,45.0,3.4,11.0,1013.3,3.0,1021.7,356.4395,1021.7,-9.267592,0.0,9.8,9.9,9.2,61.0,6.2,4.643888889,,,,,,,,,
2023-05-27 02:00:00,16,0,5.91,48.22,6.33,103.57,1.35,7.08,36.48,7.0,241.0,242.0,2.5,7.6,152.0,2.9,156.0,1012.3,2.7,1020.7,359.7535,1020.6,-9.317516,0.0,10.0,10.1,9.7,65.0,6.216944444,4.641111111,,,,,,,,,
2023-05-27 03:00:00,16,0,5.87,48.23,6.33,103.55,1.33,7.08,36.51,7.0,253.0,241.0,2.5,8.2,218.0,3.6,227.0,1011.6,2.7,1020.0,364.0148,1019.9,-5.860544,0.1,10.5,10.5,9.5,62.0,6.218888889,4.643611111,,,,,,,,,
2023-05-27 04:00:00,16,0,5.82,48.23,6.34,103.48,1.35,7.1,36.6,7.0,257.0,261.0,2.4,7.7,357.0,2.6,333.0,1011.1,2.2,1019.5,360.9271,1019.4,1.83575,0.0,10.4,10.6,10.3,64.0,6.2175,4.642777778,,,,,,,,,
2023-05-27 05:00:00,16,0,5.8,48.23,6.34,103.45,1.37,7.11,36.65,7.0,207.0,207.0,3.5,9.4,440.0,4.7,440.0,1010.4,2.0,1018.8,362.0764,1018.7,18.79061,0.0,10.6,10.7,10.3,61.0,6.2,4.643888889,,,,,,,,,
2023-05-27 06:00:00,16,0,5.77,48.23,6.34,103.4,1.36,7.12,36.72,7.0,216.0,216.0,3.7,9.0,540.0,3.7,600.0,1009.8,1.9,1018.2,361.7218,1018.1,102.6562,0.0,11.2,11.5,10.6,61.0,6.2,4.644166667,,,,,,,,,
2023-05-27 07:00:00,16,0,5.69,48.24,6.34,103.28,1.36,7.16,36.88,8.0,236.0,231.0,3.4,9.7,640.0,3.9,640.0,1008.8,2.2,1017.1,365.4257,1017.1,86.69982,0.0,12.0,12.0,11.1,57.0,6.2,4.646944444,,,,,,,,,
2023-05-27 08:00:00,16,0,5.72,48.23,6.34,103.31,1.36,7.14,36.8,6.0,229.0,240.0,4.1,11.3,753.0,4.3,722.0,1008.3,1.9,1016.6,366.724,1016.6,68.68096,0.0,12.1,12.4,12.0,62.0,6.2,4.648611111,,,,,,,,,
2023-05-27 09:00:00,16,0,5.71,48.26,6.33,103.37,1.35,7.14,36.8,6.0,242.0,227.0,2.7,10.0,803.0,4.3,802.0,1007.8,1.9,1016.1,361.5742,1016.1,173.2745,0.0,11.5,12.2,11.5,69.0,6.2,4.648888889,,,,,,,,,
2023-05-27 10:00:00,16,0,5.72,48.24,6.3,103.32,1.32,7.14,36.81,8.0,245.0,248.0,3.1,8.3,940.0,3.4,958.0,1007.0,1.8,1015.3,368.8115,1015.3,162.7495,0.0,12.4,12.7,11.4,61.0,6.203611111,4.671666667,,,,,,,,,
2023-05-27 11:00:00,16,0,5.72,48.23,6.29,103.28,1.34,7.14,36.8,8.0,247.0,254.0,2.9,7.4,1024.0,3.1,1042.0,1005.9,2.4,1014.2,370.9113,1014.2,156.1999,0.0,13.0,13.0,12.2,59.0,6.22,4.695555556,,,,,,,,,
2023-05-27 12:00:00,16,0,5.76,48.23,6.33,103.31,1.3,7.13,36.76,7.0,232.0,232.0,3.3,10.0,1136.0,3.6,1144.0,1004.9,2.9,1013.2,369.2953,1013.2,233.3424,0.0,12.4,13.3,12.4,65.0,6.2,4.705833333,,,,,,,,,
2023-05-27 13:00:00,16,1,5.81,48.22,6.32,103.34,1.31,7.12,36.68,7.0,227.0,241.0,2.1,8.1,1203.0,3.4,1203.0,1003.6,3.4,1011.9,379.2361,1011.9,101.5995,0.1,12.5,12.5,11.9,61.0,6.2,4.7075,,,,,,,,,
2023-05-27 14:00:00,16,0,5.87,48.21,6.31,103.38,1.31,7.1,36.61,6.0,256.0,269.0,3.3,8.8,1346.0,3.6,1338.0,1002.9,2.9,1011.2,381.5262,1011.2,96.35677,0.3,11.2,12.5,11.2,70.0,6.206111111,4.711111111,,,,,,,,,
2023-05-27 15:00:00,16,0,5.89,48.22,6.35,103.46,1.31,7.09,36.55,6.0,243.0,256.0,3.4,9.4,1418.0,3.9,1452.0,1002.4,2.6,1010.7,373.3748,1010.6,126.6422,0.4,10.5,11.6,10.5,74.0,6.200555556,4.713888889,,,,,,,,,
2023-05-27 16:00:00,16,0,5.83,48.22,6.34,103.39,1.32,7.1,36.61,6.0,240.0,240.0,2.7,9.0,1549.0,3.2,1501.0,1001.8,2.0,1010.1,374.1814,1010.0,94.81586,2.1,9.3,10.5,9.3,82.0,6.2,4.706111111,,,,,,,,,
2023-05-27 17:00:00,16,0,5.78,48.22,6.32,103.34,1.31,7.12,36.68,5.0,234.0,234.0,3.2,9.8,1653.0,3.2,1700.0,1002.2,1.0,1010.6,371.7146,1010.5,30.35028,4.6,8.4,9.3,8.4,90.0,6.2,4.697222222,,,,,,,,,
2023-05-27 18:00:00,16,0,5.68,48.24,6.33,103.25,1.34,7.15,36.84,5.0,240.0,218.0,3.2,10.0,1704.0,3.9,1728.0,1002.0,0.4,1010.4,366.8726,1010.2,56.18798,0.9,8.2,8.4,7.9,82.0,6.2,4.686388889,,,,,,,,,
2023-05-27 19:00:00,16,0,5.62,48.24,6.33,103.15,1.3,7.16,36.9,8.0,257.0,253.0,2.9,8.1,1803.0,3.4,1853.0,1001.5,0.3,1009.9,342.2915,1009.7,32.47309,0.0,8.6,8.6,8.2,74.0,6.2,4.690833333,,,,,,,,,
2023-05-27 20:00:00,16,0,5.61,48.23,6.29,103.14,1.32,7.16,36.92,5.0,226.0,225.0,3.3,9.9,1950.0,3.8,1955.0,1001.7,0.3,1010.1,347.2682,1009.9,18.51127,0.3,7.8,9.0,7.8,82.0,6.201111111,4.6925,,,,,,,,,
2023-05-27 21:00:00,16,0,5.56,48.25,6.35,103.1,1.3,7.18,37.01,5.0,242.0,242.0,4.0,9.9,2057.0,4.0,2100.0,1001.7,0.4,1010.1,355.3271,1009.9,-7.110927,0.0,7.7,8.1,7.7,75.0,6.209166667,4.693888889,,,,,,,,,
2023-05-27 22:00:00,16,0,5.5,48.26,6.3,103.0,1.3,7.19,37.07,4.0,211.0,240.0,3.6,9.3,2111.0,4.3,2102.0,1001.4,0.1,1009.8,351.6669,1009.7,-8.495214,0.3,7.3,7.7,6.7,76.0,6.219166667,4.690277778,,,,,,,,,
2023-05-27 23:00:00,16,0,5.47,47.3,6.28,103.02,1.67,7.19,37.07,8.0,229.0,223.0,3.8,10.4,2218.0,4.4,2224.0,1001.3,0.3,1009.7,352.9035,1009.6,-8.269214,0.5,6.7,7.4,6.7,84.0,6.209722222,4.685555556,,,,,,,,,
2023-05-28 00:00:00,16,0,5.43,48.27,6.34,102.92,1.31,7.22,37.22,3.0,224.0,217.0,3.2,15.0,2330.0,5.6,2338.0,1002.2,0.5,1010.7,356.6938,1010.4,-7.124678,1.5,6.0,6.9,6.0,89.0,6.2,4.671111111,,,,,,,,,
2023-05-28 01:00:00,16,1,5.56,48.26,6.31,103.0,1.3,7.2,37.08,3.0,227.0,218.0,3.0,9.8,6.0,4.2,8.0,1002.5,1.0,1011.0,354.0391,1010.7,-9.088109,0.2,5.9,6.2,5.9,88.0,6.208611111,4.647777778,,,,,,,,,
2023-05-28 02:00:00,16,0,5.7,48.24,6.28,103.07,1.29,7.17,36.95,1.0,233.0,233.0,3.7,9.4,109.0,3.7,200.0,1003.1,1.7,1011.6,355.193,1011.3,-6.825191,1.3,5.2,5.9,5.2,90.0,6.2,4.643888889,,,,,,,,,
2023-05-28 03:00:00,16,0,5.64,48.24,6.3,103.01,1.3,7.19,37.04,3.0,234.0,229.0,3.0,11.6,242.0,4.0,246.0,1003.8,1.5,1012.3,347.2536,1012.0,-3.059758,0.4,5.1,5.4,5.0,90.0,6.2,4.646111111,,,,,,,,,
2023-05-28 04:00:00,16,0,5.56,48.25,6.28,102.94,1.3,7.2,37.1,3.0,236.0,227.0,2.6,9.8,306.0,3.8,308.0,1004.7,2.2,1013.2,350.6414,1013.0,1.945565,0.9,4.6,5.2,4.6,91.0,6.2,4.644444444,,,,,,,,,
2023-05-28 05:00:00,16,0,5.53,48.26,6.28,102.86,1.3,7.22,37.2,3.0,226.0,224.0,2.2,8.9,446.0,2.9,454.0,1005.9,2.9,1014.4,351.5224,1014.2,13.41335,0.0,5.2,5.2,4.6,85.0,6.2,4.636666667,,,,,,,,,
2023-05-28 06:00:00,16,0,5.46,47.3,6.28,102.88,1.62,7.22,37.24,2.0,232.0,227.0,2.1,9.5,536.0,3.7,545.0,1007.0,3.2,1015.5,348.7299,1015.3,32.01404,0.6,4.7,5.3,4.3,91.0,6.2,4.626388889,,,,,,,,,
2023-05-28 07:00:00,16,0,5.43,48.27,6.27,102.79,1.3,7.22,37.21,3.0,250.0,231.0,2.0,10.0,610.0,3.6,652.0,1008.6,3.9,1017.2,349.5375,1016.9,73.54379,0.5,4.5,5.1,4.2,91.0,6.2,4.633888889,,,,,,,,,
2023-05-28 08:00:00,16,0,5.44,48.27,6.3,102.8,1.3,7.23,37.25,1.0,221.0,220.0,1.6,7.9,708.0,2.9,713.0,1009.8,3.8,1018.3,355.7364,1018.1,78.42672,0.6,5.4,5.4,4.5,90.0,6.2,4.627222222,,,,,,,,,
2023-05-28 09:00:00,16,0,5.31,48.29,6.29,102.67,1.3,7.25,37.36,1.0,223.0,230.0,2.6,9.4,858.0,3.1,820.0,1010.4,3.4,1018.9,359.4747,1018.7,201.7684,0.0,5.6,6.2,5.4,80.0,6.2,4.639444444,,,,,,,,,
2023-05-28 10:00:00,16,0,5.64,48.29,6.29,103.32,1.28,7.14,36.82,2.0,227.0,228.0,2.4,9.2,946.0,3.3,950.0,1011.4,2.8,1020.0,345.1869,1019.7,179.1187,0.5,5.1,6.3,4.7,89.0,6.2,4.641944444,,,,,,,,,
2023-05-28 11:00:00,16,0,5.9,48.23,6.32,103.29,1.26,7.08,36.47,3.0,217.0,224.0,2.7,8.8,1026.0,3.4,1032.0,1012.4,2.6,1020.9,342.5651,1020.7,219.3131,0.0,6.2,6.3,5.1,77.0,6.2,4.65,,,,,,,,,
2023-05-28 12:00:00,16,0,5.98,48.21,6.33,103.26,1.28,7.05,36.32,2.0,213.0,213.0,3.2,8.0,1144.0,3.2,1200.0,1013.2,2.7,1021.7,334.6969,1021.5,255.8301,0.0,6.9,6.9,6.1,68.0,6.200555556,4.639722222,,,,,,,,,
2023-05-28 13:00:00,16,1,6.0,48.2,6.32,103.26,1.25,7.04,36.3,2.0,208.0,208.0,5.6,10.2,1300.0,5.6,1300.0,1014.1,2.6,1022.6,320.5654,1022.4,395.5419,0.1,7.7,7.8,6.4,58.0,6.2025,4.660277778,,,,,,,,,
2023-05-28 14:00:00,16,0,6.02,48.2,6.31,103.25,1.23,7.04,36.27,2.0,214.0,208.0,3.1,10.7,1329.0,5.5,1301.0,1014.6,2.3,1023.1,313.2615,1023.0,477.6047,0.0,7.3,8.6,7.2,62.0,6.2,4.693333333,,,,,,,,,
2023-05-28 15:00:00,16,0,5.96,48.21,6.33,103.25,1.24,7.04,36.3,2.0,212.0,209.0,3.7,10.4,1450.0,5.0,1434.0,1015.3,2.1,1023.8,299.2546,1023.6,572.1974,0.0,7.8,8.5,7.3,56.0,6.2,4.704722222,,,,,,,,,
2023-05-28 16:00:00,16,0,5.98,48.21,6.3,103.23,1.25,7.03,36.23,2.0,215.0,210.0,4.0,8.1,1555.0,4.2,1555.0,1015.8,1.7,1024.3,300.989,1024.1,354.7125,0.0,7.8,8.1,7.4,58.0,6.2,4.694166667,,,,,,,,,
2023-05-28 17:00:00,16,0,5.91,48.22,6.32,103.22,1.27,7.05,36.33,1.0,208.0,215.0,3.0,7.9,1627.0,3.9,1601.0,1015.8,1.2,1024.3,304.1571,1024.2,266.5718,0.0,7.3,7.8,6.8,61.0,6.205555556,4.696111111,,,,,,,,,
2023-05-28 18:00:00,16,0,5.89,48.22,6.33,103.21,1.22,7.06,36.39,1.0,225.0,210.0,1.9,6.9,1712.0,3.1,1714.0,1015.7,0.6,1024.3,265.7432,1024.1,194.3036,0.0,6.3,7.4,6.3,64.0,6.2,4.693888889,,,,,,,,,
2023-05-28 19:00:00,16,0,5.88,48.22,6.33,103.2,1.24,7.06,36.39,4.0,288.0,226.0,1.3,5.1,1817.0,1.9,1801.0,1015.8,0.0,1024.4,255.6569,1024.1,31.74172,0.0,5.4,6.3,5.4,71.0,6.208888889,4.700277778,,,,,,,,,
2023-05-28 20:00:00,16,0,5.88,48.22,6.34,103.23,1.23,7.06,36.4,4.0,293.0,284.0,1.5,4.5,1923.0,1.6,1939.0,1015.8,0.1,1024.4,257.4738,1024.1,17.30209,0.0,5.1,5.4,5.1,70.0,6.2,4.705,,,,,,,,,
2023-05-28 21:00:00,16,0,5.83,48.23,6.34,103.15,1.21,7.06,36.4,7.0,292.0,281.0,1.4,4.8,2052.0,1.9,2007.0,1015.5,0.2,1024.1,254.4027,1023.9,-3.870523,0.0,4.3,5.2,4.3,72.0,6.2,4.708611111,,,,,,,,,
2023-05-28 22:00:00,16,0,5.88,48.21,6.35,103.17,1.22,7.05,36.34,8.0,275.0,272.0,1.4,5.0,2137.0,2.1,2144.0,1015.1,0.6,1023.7,261.4445,1023.5,-10.49947,0.0,4.5,4.6,4.2,69.0,6.2,4.7075,,,,,,,,,
2023-05-28 23:00:00,16,0,5.9,48.21,6.37,103.16,1.22,7.05,36.31,7.0,218.0,265.0,1.8,4.6,2240.0,2.1,2237.0,1015.0,0.7,1023.6,308.0076,1023.4,-9.898366,0.0,5.4,5.7,4.5,67.0,6.221388889,4.711111111,,,,,,,,,
2023-05-29 00:00:00,16,0,5.92,48.21,6.37,103.12,1.21,7.04,36.28,8.0,261.0,209.0,1.0,4.8,2328.0,1.6,2301.0,1014.3,1.2,1022.9,330.9353,1022.6,-9.561974,0.0,4.9,5.4,4.9,72.0,6.270277778,4.725,,,,,,,,,
2023-05-29 01:00:00,16,1,5.92,48.21,6.36,103.1,1.21,7.05,36.34,8.0,48.0,227.0,0.8,4.7,36.0,1.8,44.0,1013.9,1.2,1022.5,337.1931,1022.2,-9.198213,0.0,5.6,6.3,4.9,69.0,6.206666667,4.741666667,,,,,,,,,
2023-05-29 02:00:00,16,0,5.92,48.21,6.36,103.09,1.21,7.06,36.39,6.0,203.0,248.0,2.0,6.6,147.0,2.5,152.0,1013.0,1.9,1021.5,341.7517,1021.4,-9.017159,0.0,6.4,6.6,5.4,64.0,6.203055556,4.748611111,,,,,,,,,
2023-05-29 03:00:00,16,0,5.96,48.21,6.35,103.1,1.19,7.03,36.25,5.0,219.0,233.0,2.2,8.1,213.0,3.1,240.0,1012.7,1.6,1021.2,345.0051,1021.0,-8.20052,0.0,6.5,6.7,6.4,66.0,6.2,4.763333333,,,,,,,,,
2023-05-29 04:00:00,16,0,6.0,48.2,6.36,103.07,1.2,7.03,36.23,8.0,241.0,241.0,3.5,9.2,342.0,3.5,400.0,1011.9,2.1,1020.5,350.6277,1020.3,6.568828,0.4,5.6,6.5,5.3,78.0,6.2,4.776944444,,,,,,,,,
2023-05-29 05:00:00,16,0,6.07,48.18,6.34,103.03,1.18,7.01,36.11,7.0,236.0,215.0,3.0,10.7,442.0,3.8,423.0,1011.6,1.5,1020.1,353.2642,1019.9,20.72517,0.5,5.7,5.8,5.6,79.0,6.2,4.793055556,,,,,,,,,
2023-05-29 06:00:00,16,0,6.1,48.18,6.37,103.12,1.19,6.99,36.03,6.0,214.0,206.0,3.6,9.3,538.0,4.9,521.0,1011.2,1.5,1019.7,353.4055,1019.5,24.59443,1.2,5.6,5.7,5.5,83.0,6.245555556,4.799444444,,,,,,,,,
2023-05-29 07:00:00,16,0,6.1,48.18,6.36,103.15,1.19,7.0,36.05,5.0,233.0,208.0,2.2,9.7,604.0,4.2,609.0,1011.2,0.8,1019.7,354.7376,1019.5,35.15962,1.3,5.7,5.9,5.6,86.0,6.2,4.805833333,,,,,,,,,
2023-05-29 08:00:00,16,0,6.08,48.18,6.34,103.12,1.21,7.01,36.15,5.0,238.0,240.0,2.8,8.4,726.0,3.4,729.0,1011.1,0.5,1019.6,357.1336,1019.4,65.78265,2.6,6.1,6.1,5.7,83.0,6.2,4.815277778,,,,,,,,,
2023-05-29 09:00:00,16,0,6.09,48.17,6.29,103.1,1.22,7.01,36.12,8.0,215.0,214.0,3.5,9.5,809.0,4.2,832.0,1010.9,0.4,1019.4,359.204,1019.2,112.4959,3.0,6.7,6.7,6.1,83.0,6.2,4.8325,,,,,,,,,
2023-05-29 10:00:00,16,0,6.06,48.17,6.33,103.07,1.2,7.02,36.19,5.0,201.0,206.0,3.9,11.1,941.0,4.5,931.0,1011.0,0.2,1019.5,362.9002,1019.3,150.4337,2.4,6.9,7.0,6.7,84.0,6.2,4.827777778,,,,,,,,,
2023-05-29 11:00:00,16,0,6.05,48.16,6.31,103.07,1.22,7.02,36.18,5.0,197.0,200.0,5.1,12.4,1039.0,6.0,1014.0,1011.1,0.0,1019.6,363.6056,1019.5,152.1477,1.5,7.2,7.3,6.9,85.0,6.2,4.819444444,,,,,,,,,
2023-05-29 12:00:00,16,0,6.05,48.15,6.34,103.09,1.18,7.01,36.12,3.0,205.0,196.0,5.3,11.4,1118.0,5.6,1115.0,1012.0,1.1,1020.5,366.7742,1020.3,204.3226,1.1,7.5,7.5,7.2,88.0,6.215277778,4.820277778,,,,,,,,,
2023-05-29 13:00:00,16,1,6.0,48.14,6.34,103.03,1.19,7.02,36.2,3.0,219.0,204.0,3.0,10.3,1223.0,5.2,1201.0,1012.6,1.5,1021.1,370.8998,1020.9,234.9212,0.5,8.0,8.0,7.5,90.0,6.200277778,4.836944444,,,,,,,,,
2023-05-29 14:00:00,16,0,5.95,48.13,6.33,102.97,1.2,7.04,36.29,2.0,243.0,217.0,1.3,8.4,1313.0,3.2,1301.0,1013.4,2.2,1021.9,372.4518,1021.7,173.5417,2.0,7.9,8.0,7.7,93.0,6.2,4.828055556,,,,,,,,,
2023-05-29 15:00:00,16,0,5.88,48.13,6.35,102.95,1.15,7.05,36.36,2.0,270.0,255.0,1.6,5.0,1423.0,1.9,1446.0,1014.0,2.0,1022.5,373.2692,1022.4,103.9233,4.5,8.1,8.2,7.9,93.0,6.2,4.824166667,,,,,,,,,
2023-05-29 16:00:00,16,0,5.69,48.19,6.33,102.79,1.18,7.09,36.52,2.0,205.0,271.0,1.3,3.5,1558.0,1.5,1503.0,1014.5,2.0,1023.0,375.3357,1022.9,63.32239,3.8,8.5,8.5,8.1,95.0,6.2,4.809166667,,,,,,,,,
2023-05-29 17:00:00,16,0,5.62,48.14,6.33,102.76,1.21,7.13,36.75,2.0,206.0,207.0,1.5,3.9,1631.0,2.2,1618.0,1014.9,1.5,1023.4,375.8266,1023.2,49.20546,0.8,8.5,8.6,8.4,96.0,6.2,4.818611111,,,,,,,,,
2023-05-29 18:00:00,16,0,5.78,48.16,6.35,102.98,1.2,7.08,36.5,2.0,250.0,214.0,0.9,4.0,1719.0,2.0,1722.0,1015.3,1.2,1023.8,376.8692,1023.6,24.43429,0.2,8.6,8.6,8.5,96.0,6.2,4.823888889,,,,,,,,,
2023-05-29 19:00:00,16,0,5.81,48.16,6.35,102.99,1.17,7.08,36.47,2.0,213.0,213.0,1.1,3.1,1847.0,1.3,1854.0,1015.6,1.1,1024.1,376.3932,1024.0,21.15489,1.0,8.5,8.6,8.4,97.0,6.2,4.826944444,,,,,,,,,
2023-05-29 20:00:00,16,0,5.83,48.15,6.36,103.06,1.21,7.08,36.48,2.0,285.0,204.0,0.7,2.4,1903.0,1.1,1907.0,1016.2,1.3,1024.7,377.7559,1024.5,7.171739,0.1,8.5,8.5,8.2,97.0,6.2,4.824166667,,,,,,,,,
2023-05-29 21:00:00,16,0,5.82,48.16,6.37,102.92,1.18,7.09,36.52,2.0,244.0,261.0,0.8,3.6,2003.0,1.2,2032.0,1016.5,1.2,1025.0,377.244,1024.9,-8.437418,0.0,8.4,8.5,8.4,96.0,6.2,4.819444444,,,,,,,,,
2023-05-29 22:00:00,16,0,6.08,48.12,6.38,103.22,1.16,7.01,36.12,2.0,236.0,275.0,1.0,3.7,2109.0,1.4,2117.0,1017.2,1.5,1025.7,377.166,1025.5,-11.95125,0.0,8.3,8.4,8.3,96.0,6.2,4.843055556,,,,,,,,,
2023-05-29 23:00:00,16,0,6.16,48.09,6.39,103.31,1.21,7.01,36.12,2.0,240.0,246.0,1.2,3.8,2220.0,1.4,2239.0,1017.5,1.4,1026.0,369.8806,1025.9,-12.05518,0.0,8.2,8.3,8.2,96.0,6.2,4.814444444,,,,,,,,,
2023-05-30 00:00:00,16,0,6.17,48.09,6.39,103.29,1.19,7.02,36.19,1.0,250.0,250.0,1.2,3.8,2351.0,1.2,0.0,1018.0,1.5,1026.5,366.1071,1026.4,-12.54954,0.0,8.1,8.2,8.1,96.0,6.2,4.780277778,,,,,,,,,
2023-05-30 01:00:00,16,1,6.17,48.11,6.38,103.24,1.19,7.02,36.2,1.0,263.0,274.0,1.0,4.6,8.0,2.0,11.0,1018.3,1.1,1026.8,364.229,1026.6,-13.04391,0.0,7.9,8.1,7.9,95.0,6.2,4.791666667,,,,,,,,,
2023-05-30 02:00:00,16,0,6.18,48.13,6.38,103.19,1.19,7.03,36.22,1.0,259.0,259.0,1.3,3.8,200.0,1.3,200.0,1018.4,0.9,1026.9,363.1924,1026.8,-12.16468,0.0,7.8,7.9,7.8,96.0,6.2,4.792777778,,,,,,,,,
2023-05-30 03:00:00,16,0,6.12,48.15,6.38,103.21,1.2,7.02,36.18,2.0,275.0,252.0,1.6,5.1,213.0,1.8,215.0,1018.6,0.6,1027.1,348.1141,1026.9,-2.674583,0.0,7.8,7.8,7.7,95.0,6.2,4.793333333,,,,,,,,,
2023-05-30 04:00:00,16,0,6.04,48.16,6.38,103.13,1.19,7.05,36.34,2.0,286.0,283.0,1.1,3.5,357.0,1.7,344.0,1018.8,0.6,1027.3,318.4035,1027.2,16.96955,0.0,7.6,7.8,7.6,94.0,6.2,4.776111111,,,,,,,,,
2023-05-30 05:00:00,16,0,6.07,48.14,6.37,103.12,1.18,7.02,36.17,2.0,263.0,265.0,1.7,5.8,424.0,2.0,457.0,1019.1,0.7,1027.6,335.4713,1027.4,39.03361,0.0,7.8,7.9,7.6,92.0,6.2,4.783333333,,,,,,,,,
2023-05-30 06:00:00,16,0,6.13,48.13,6.38,103.15,1.18,7.02,36.17,0.0,225.0,280.0,0.7,4.8,517.0,1.9,518.0,1019.0,0.4,1027.5,339.4637,1027.4,47.34264,0.0,8.1,8.1,7.7,91.0,6.200833333,4.828333333,,,,,,,,,
2023-05-30 07:00:00,16,0,6.15,48.13,6.37,103.15,1.2,7.02,36.17,8.0,251.0,248.0,1.7,6.9,649.0,2.1,634.0,1018.7,0.1,1027.2,321.4387,1027.1,89.59022,0.0,8.7,8.7,8.1,86.0,6.2,4.85,,,,,,,,,
2023-05-30 08:00:00,16,0,6.16,48.12,6.38,103.2,1.17,7.0,36.07,7.0,226.0,213.0,2.8,7.5,740.0,3.3,744.0,1018.8,0.3,1027.2,304.5755,1027.2,399.9533,0.0,12.0,12.0,8.7,74.0,6.2,4.862222222,,,,,,,,,
2023-05-30 09:00:00,16,0,6.22,48.1,6.38,103.21,1.2,6.99,36.02,7.0,218.0,214.0,3.7,7.8,857.0,3.8,821.0,1018.6,0.4,1027.0,332.7966,1026.9,528.9922,0.0,11.7,12.6,11.6,68.0,6.2,4.868333333,,,,,,,,,
2023-05-30 10:00:00,16,0,6.27,48.11,6.35,103.33,1.21,6.94,35.75,7.0,235.0,220.0,2.3,7.9,937.0,3.6,906.0,1018.5,0.2,1026.9,367.7482,1026.9,323.6094,0.0,11.7,12.0,11.6,70.0,6.225,4.879166667,,,,,,,,,
2023-05-30 11:00:00,16,0,6.29,48.11,6.34,103.38,1.16,6.95,35.8,7.0,225.0,225.0,3.8,9.3,1047.0,3.8,1100.0,1018.5,0.2,1026.9,367.8808,1026.9,386.0712,0.0,12.0,12.3,11.7,66.0,6.233055556,4.897222222,,,,,,,,,
2023-05-30 12:00:00,16,0,6.28,48.12,6.35,103.36,1.15,6.95,35.82,4.0,230.0,223.0,2.8,9.7,1130.0,4.3,1103.0,1018.5,0.0,1026.9,368.3298,1026.9,312.9691,0.0,12.1,12.6,12.0,68.0,6.201388889,4.924722222,0.0,46.0,0.005,0.18,0.001,0.0016,0.089,0.082,4.8
2023-05-30 13:00:00,16,1,6.22,48.13,6.32,103.31,1.15,6.98,35.98,7.0,223.0,232.0,3.0,8.1,1242.0,3.3,1247.0,1018.4,0.1,1026.8,368.9236,1026.8,300.3174,0.0,12.3,12.8,11.7,67.0,6.225555556,4.925833333,,,,,,,,,
2023-05-30 14:00:00,16,0,6.15,48.14,6.29,103.26,1.15,7.01,36.14,8.0,218.0,218.0,4.0,10.4,1356.0,4.0,1400.0,1018.1,0.4,1026.5,365.6826,1026.5,315.8442,0.0,12.7,13.0,11.7,66.0,6.2,4.935833333,,,,,,,,,
2023-05-30 15:00:00,16,0,6.16,48.12,6.31,103.29,1.13,7.0,36.08,8.0,229.0,218.0,2.8,10.0,1416.0,4.3,1404.0,1017.4,1.2,1025.8,320.464,1025.7,487.0323,0.0,12.5,13.5,12.4,64.0,6.2,4.93,,,,,,,,,
2023-05-30 16:00:00,16,0,6.16,48.14,6.31,103.32,1.14,6.98,35.97,5.0,231.0,231.0,3.8,9.8,1512.0,3.8,1600.0,1017.4,1.0,1025.8,336.6196,1025.8,268.3919,0.0,11.6,12.5,11.6,69.0,6.2,4.944444444,,,,,,,,,
2023-05-30 17:00:00,16,0,6.16,48.12,6.37,103.33,1.12,7.0,36.08,5.0,231.0,236.0,3.7,10.9,1621.0,4.1,1621.0,1017.6,0.6,1026.0,344.9276,1026.0,219.6091,0.0,11.0,11.8,11.0,69.0,6.194444444,4.925555556,,,,,,,,,
2023-05-30 18:00:00,16,0,5.99,48.15,6.31,103.24,1.18,7.06,36.38,8.0,209.0,209.0,4.9,10.2,1800.0,4.9,1800.0,1016.8,0.5,1025.2,357.6204,1025.2,102.7654,0.0,10.8,11.0,10.6,67.0,6.2,4.924722222,,,,,,,,,
2023-05-30 19:00:00,16,0,5.88,48.17,6.25,103.14,1.15,7.09,36.53,8.0,220.0,208.0,3.9,11.5,1806.0,5.5,1807.0,1016.1,1.3,1024.5,364.9907,1024.5,41.18129,0.0,11.0,11.1,10.8,67.0,6.2,4.929722222,,,,,,,,,
2023-05-30 20:00:00,16,0,5.77,48.19,6.24,103.04,1.13,7.13,36.72,5.0,221.0,214.0,3.8,11.5,1926.0,5.1,1935.0,1016.1,1.5,1024.5,366.3633,1024.4,9.692747,0.0,11.1,11.2,11.0,67.0,6.2,4.939444444,,,,,,,,,
2023-05-30 21:00:00,16,0,5.71,48.2,6.29,102.98,1.14,7.15,36.86,5.0,241.0,257.0,3.3,9.3,2053.0,4.0,2042.0,1016.2,0.7,1024.6,366.5249,1024.6,-3.874624,0.0,10.6,11.1,10.6,72.0,6.2,4.948055556,,,,,,,,,
2023-05-30 22:00:00,16,0,5.64,48.21,6.35,102.9,1.14,7.15,36.86,3.0,239.0,238.0,3.4,9.0,2153.0,3.5,2158.0,1016.2,0.1,1024.7,364.7098,1024.6,-9.126164,0.0,9.5,10.6,9.5,85.0,6.2,4.953055556,,,,,,,,,
2023-05-30 23:00:00,16,0,5.66,48.2,6.31,102.97,1.18,7.17,36.96,3.0,226.0,234.0,2.0,8.7,2229.0,3.5,2202.0,1016.4,0.5,1024.9,369.601,1024.8,-9.242747,0.0,9.1,9.5,9.1,92.0,6.2,4.975277778,,,,,,,,,
2023-05-31 00:00:00,16,0,5.63,48.21,6.31,102.89,1.15,7.17,36.96,2.0,235.0,225.0,2.1,7.0,2326.0,2.9,2331.0,1016.6,0.4,1025.1,374.9171,1025.0,-8.428018,0.8,8.9,9.1,8.9,94.0,6.2,4.985833333,,,,,,,,,
2023-05-31 01:00:00,16,1,5.57,48.22,6.3,102.84,1.15,7.19,37.06,2.0,246.0,246.0,2.6,7.6,56.0,2.8,58.0,1016.7,0.4,1025.2,375.2742,1025.1,-8.56368,1.4,8.8,8.9,8.8,93.0,6.2,4.996111111,,,,,,,,,
2023-05-31 02:00:00,16,0,5.52,48.24,6.28,102.79,1.15,7.21,37.17,2.0,251.0,243.0,1.7,7.6,148.0,2.8,103.0,1016.8,0.4,1025.3,374.8991,1025.2,-8.775965,0.3,8.7,8.9,8.7,93.0,6.2,4.985,,,,,,,,,
2023-05-31 03:00:00,16,0,5.56,48.27,6.33,102.88,1.15,7.2,37.1,2.0,233.0,243.0,2.0,6.9,249.0,2.5,253.0,1016.9,0.3,1025.4,372.62,1025.2,-7.013378,0.3,8.0,8.7,8.0,94.0,6.2,4.959444444,,,,,,,,,
2023-05-31 04:00:00,16,0,5.74,48.24,6.34,102.96,1.17,7.15,36.83,2.0,213.0,221.0,1.2,5.9,321.0,2.5,329.0,1016.9,0.2,1025.4,371.2349,1025.2,8.491614,0.2,7.9,8.0,7.9,95.0,6.2,4.966944444,,,,,,,,,
2023-05-31 05:00:00,16,0,5.77,48.22,6.35,102.92,1.18,7.14,36.82,2.0,228.0,208.0,1.3,5.1,411.0,2.0,420.0,1017.1,0.2,1025.6,373.5024,1025.5,14.96773,0.0,7.9,8.0,7.8,94.0,6.2,4.964166667,,,,,,,,,
2023-05-31 06:00:00,16,0,5.78,48.21,6.35,102.91,1.19,7.14,36.79,2.0,220.0,221.0,1.3,4.6,514.0,1.4,548.0,1017.1,0.2,1025.6,375.9292,1025.4,20.05984,0.0,8.2,8.3,7.9,94.0,6.2,4.975833333,,,,,,,,,
2023-05-31 07:00:00,16,0,5.85,48.18,6.35,102.96,1.17,7.11,36.64,2.0,211.0,221.0,1.6,5.9,624.0,2.1,649.0,1017.2,0.3,1025.7,372.0295,1025.5,42.46976,0.2,8.2,8.2,8.0,93.0,6.2,4.991111111,,,,,,,,,
2023-05-31 08:00:00,16,0,5.99,48.17,6.35,103.14,1.17,7.06,36.39,2.0,223.0,202.0,1.8,5.6,758.0,2.4,726.0,1017.4,0.3,1025.9,364.6336,1025.8,114.0706,0.0,8.2,8.4,8.2,89.0,6.2,4.986388889,,,,,,,,,
2023-05-31 09:00:00,16,0,6.04,48.14,6.35,103.14,1.13,7.06,36.36,2.0,206.0,206.0,2.7,6.1,838.0,2.7,900.0,1017.4,0.3,1025.9,359.1174,1025.8,148.8342,0.0,8.5,8.6,8.2,86.0,6.2,4.994166667,,,,,,,,,
2023-05-31 10:00:00,16,0,6.1,48.14,6.37,103.25,1.14,7.03,36.2,0.0,201.0,204.0,2.2,5.2,910.0,3.2,914.0,1017.2,0.0,1025.7,355.9667,1025.6,213.6933,0.0,9.2,9.2,8.4,83.0,6.2,4.994166667,,,,,,,,,
2023-05-31 11:00:00,16,0,6.16,48.13,6.36,103.26,1.15,7.03,36.22,8.0,215.0,202.0,1.4,3.7,1001.0,2.3,1005.0,1016.9,0.4,1025.4,358.654,1025.3,224.2082,0.0,9.7,9.7,9.1,78.0,6.222777778,4.991111111,,,,,,,,,
2023-05-31 12:00:00,16,0,6.3,48.12,6.38,103.35,1.13,6.98,35.95,5.0,233.0,202.0,1.5,4.5,1150.0,2.1,1113.0,1017.2,0.3,1025.7,360.471,1025.5,234.5716,0.0,9.4,10.2,9.4,80.0,6.511388889,4.993333333,,,,,,,,,
2023-05-31 13:00:00,16,1,6.39,48.12,6.38,103.44,1.14,6.95,35.81,3.0,202.0,208.0,2.9,6.6,1226.0,3.2,1248.0,1017.3,0.2,1025.8,360.49,1025.7,224.635,0.0,8.9,9.4,8.8,81.0,6.273611111,4.998611111,,,,,,,,,
2023-05-31 14:00:00,16,0,6.49,48.12,6.37,103.54,1.15,6.92,35.67,0.0,202.0,205.0,2.7,6.3,1312.0,3.2,1325.0,1017.3,0.3,1025.8,360.2051,1025.7,219.5908,0.0,9.0,9.1,8.7,81.0,6.2,4.996388889,,,,,,,,,
2023-05-31 15:00:00,16,0,6.57,48.09,6.37,103.54,1.14,6.88,35.44,4.0,204.0,203.0,2.6,5.0,1406.0,3.0,1406.0,1017.2,0.1,1025.7,357.656,1025.5,232.6823,0.0,9.0,9.0,8.7,82.0,6.2,4.989444444,,,,,,,,,
2023-05-31 16:00:00,16,0,6.58,47.11,6.37,103.59,1.57,6.88,35.45,7.0,207.0,203.0,1.6,4.2,1508.0,2.5,1529.0,1016.9,0.4,1025.4,367.2153,1025.2,198.2865,0.0,8.9,9.1,8.7,81.0,6.2,4.983055556,,,,,,,,,
2023-05-31 17:00:00,16,0,6.58,48.1,6.38,103.66,1.13,6.86,35.34,7.0,212.0,210.0,1.7,4.8,1609.0,2.1,1617.0,1016.7,0.5,1025.2,358.7319,1025.0,94.63488,0.0,8.5,9.1,8.5,86.0,6.2,4.991666667,,,,,,,,,
2023-05-31 18:00:00,16,0,6.61,48.08,6.4,103.68,1.16,6.88,35.42,7.0,206.0,207.0,1.6,4.4,1745.0,2.1,1748.0,1016.3,0.9,1024.8,367.9696,1024.7,43.27016,0.2,8.0,8.5,7.9,91.0,6.2,4.968333333,,,,,,,,,
2023-05-31 19:00:00,16,0,6.67,48.08,6.39,103.77,1.11,6.85,35.28,7.0,205.0,205.0,1.9,3.8,1858.0,1.9,1900.0,1016.2,0.8,1024.7,373.6103,1024.5,37.50244,0.0,7.8,8.0,7.8,91.0,6.2,4.975555556,,,,,,,,,
2023-05-31 20:00:00,16,0,6.67,48.07,6.39,103.75,1.12,6.88,35.42,6.0,214.0,210.0,1.0,4.8,1916.0,1.9,1922.0,1016.0,0.7,1024.5,371.7471,1024.3,6.817874,0.1,7.5,7.8,7.5,93.0,6.2,4.97,,,,,,,,,
2023-05-31 21:00:00,16,0,6.65,48.08,6.38,103.69,1.12,6.86,35.36,7.0,229.0,224.0,1.2,2.9,2053.0,1.3,2056.0,1016.0,0.4,1024.5,369.2956,1024.3,-4.33747,0.6,7.1,7.5,7.1,94.0,6.2,4.965833333,,,,,,,,,
2023-05-31 22:00:00,16,0,6.63,48.08,6.38,103.67,1.11,6.88,35.45,7.0,250.0,235.0,0.9,4.5,2136.0,1.7,2150.0,1015.8,0.4,1024.4,365.6935,1024.2,-8.029102,1.0,6.4,7.1,6.4,93.0,6.211388889,4.950555556,,,,,,,,,
2023-05-31 23:00:00,16,0,6.54,48.09,6.38,103.59,1.14,6.9,35.57,3.0,333.0,242.0,0.5,4.8,2201.0,1.4,2205.0,1016.2,0.2,1024.8,358.0503,1024.6,-10.75789,0.0,5.7,6.4,5.7,93.0,6.263611111,4.948888889,,,,,,,,,
2023-06-01 00:00:00,16,0,6.56,48.07,6.37,103.48,1.14,6.91,35.58,3.0,307.0,251.0,1.0,3.7,2342.0,1.3,2351.0,1016.7,0.7,1025.3,347.91,1025.0,-10.41589,0.0,5.3,5.7,5.3,90.0,6.259166667,4.953333333,,,,,,,,,
2023-06-01 01:00:00,16,1,6.55,48.08,6.36,103.46,1.13,6.92,35.66,0.0,297.0,303.0,0.4,2.5,23.0,1.0,16.0,1016.8,1.0,1025.4,353.9251,1025.1,-8.473258,0.6,4.9,5.3,4.9,93.0,6.283055556,4.949444444,,,,,,,,,
2023-06-01 02:00:00,16,0,6.54,48.09,6.35,103.43,1.12,6.93,35.73,0.0,320.0,320.0,0.8,1.7,200.0,0.8,200.0,1016.5,0.4,1025.1,355.2666,1024.9,-9.184365,0.0,4.2,4.9,4.2,94.0,6.24,4.949722222,,,,,,,,,
2023-06-01 03:00:00,16,0,6.47,48.09,6.37,103.34,1.13,6.91,35.58,3.0,307.0,305.0,0.8,2.1,220.0,1.1,255.0,1016.9,0.2,1025.6,350.6646,1025.3,-1.767417,0.1,3.6,4.2,3.5,95.0,6.228888889,4.947777778,,,,,,,,,
2023-06-01 04:00:00,16,0,6.41,48.11,6.38,103.37,1.19,6.96,35.88,3.0,302.0,302.0,1.2,2.2,352.0,1.2,400.0,1017.1,0.3,1025.8,312.4238,1025.5,21.6975,0.0,3.4,3.8,3.4,94.0,6.228333333,4.95,,,,,,,,,
2023-06-01 05:00:00,16,0,6.44,48.1,6.39,103.39,1.14,6.94,35.77,3.0,304.0,293.0,0.7,1.8,431.0,1.2,436.0,1017.4,0.8,1026.0,311.6851,1025.7,62.15977,0.0,4.6,4.6,3.4,93.0,6.275833333,4.94,,,,,,,,,
2023-06-01 06:00:00,16,0,6.55,48.08,6.4,103.47,1.11,6.93,35.68,3.0,214.0,214.0,0.8,1.6,503.0,0.8,600.0,1017.5,0.6,1026.1,329.1681,1025.9,108.3306,0.0,5.7,5.7,4.6,85.0,6.298055556,4.948611111,,,,,,,,,
2023-06-01 07:00:00,16,0,6.51,48.08,6.4,103.42,1.13,6.94,35.74,2.0,121.0,121.0,0.8,1.9,638.0,0.8,700.0,1017.6,0.5,1026.2,326.4265,1026.0,154.6208,0.0,6.3,6.3,5.7,76.0,6.275555556,4.954444444,,,,,,,,,
2023-06-01 08:00:00,16,0,6.52,48.08,6.41,103.5,1.09,6.92,35.67,2.0,212.0,206.0,1.9,4.8,739.0,2.5,741.0,1017.9,0.5,1026.5,340.1331,1026.3,191.5289,0.0,6.2,6.6,6.2,76.0,6.278611111,4.950555556,,,,,,,,,
2023-06-01 09:00:00,16,0,6.6,48.08,6.41,103.6,1.17,6.88,35.47,3.0,201.0,210.0,1.9,4.3,811.0,2.3,819.0,1018.5,1.0,1027.1,359.2007,1026.9,209.0989,0.7,6.0,6.4,5.9,84.0,6.298055556,4.95,,,,,,,,,
2023-06-01 10:00:00,16,0,6.76,48.05,6.4,103.77,1.13,6.81,35.07,2.0,167.0,204.0,1.1,2.9,906.0,1.9,903.0,1019.0,1.3,1027.6,376.6475,1027.4,306.4704,0.0,7.1,7.2,6.0,77.0,6.284444444,4.993333333,,,,,,,,,
2023-06-01 11:00:00,16,0,6.68,48.08,6.4,103.77,1.09,6.83,35.2,2.0,105.0,196.0,1.5,5.7,1027.0,2.5,1035.0,1019.4,1.5,1028.0,360.5149,1027.7,297.8901,0.2,7.8,7.8,6.0,78.0,6.299166667,5.006111111,,,,,,,,,
2023-06-01 12:00:00,16,0,6.78,48.05,6.41,103.89,1.13,6.82,35.12,0.0,134.0,143.0,2.1,5.4,1121.0,2.6,1128.0,1019.3,0.8,1027.8,335.6623,1027.7,621.4403,0.0,8.8,9.7,7.8,63.0,6.3,5.026388889,,,,,,,,,
2023-06-01 13:00:00,16,1,6.98,48.04,6.4,103.88,1.13,6.8,35.05,1.0,147.0,152.0,1.9,6.1,1255.0,2.3,1252.0,1019.5,0.5,1028.0,321.4854,1027.9,536.765,0.0,9.6,9.6,8.2,64.0,6.281666667,5.046388889,,,,,,,,,
2023-06-01 14:00:00,16,0,7.18,48.04,6.38,103.87,1.13,6.79,34.98,2.0,104.0,247.0,1.6,7.8,1321.0,3.2,1322.0,1019.7,0.4,1028.2,327.9169,1028.1,567.043,0.0,8.2,10.5,8.2,62.0,6.250833333,5.041388889,,,,,,,,,
2023-06-01 15:00:00,16,0,7.17,48.03,6.39,103.86,1.09,6.79,35.0,2.0,225.0,225.0,1.7,4.3,1449.0,1.7,1500.0,1020.0,0.7,1028.5,340.5851,1028.4,246.4975,0.0,7.8,8.2,7.6,66.0,6.294722222,5.025833333,,,,,,,,,
2023-06-01 16:00:00,16,0,7.21,48.01,6.4,103.99,1.09,6.79,34.99,0.0,199.0,201.0,2.1,4.9,1551.0,2.3,1507.0,1019.9,0.5,1028.5,329.3719,1028.3,266.3687,0.0,7.7,7.9,7.3,70.0,6.3,5.029722222,,,,,,,,,
2023-06-01 17:00:00,16,0,7.16,48.0,6.4,104.03,1.12,6.79,34.97,0.0,159.0,214.0,1.2,4.5,1645.0,2.2,1642.0,1020.0,0.3,1028.5,295.4094,1028.4,362.4503,0.0,7.9,8.9,7.6,64.0,6.293333333,5.091944444,,,,,,,,,
2023-06-01 18:00:00,16,0,7.1,48.03,6.41,104.02,1.09,6.8,35.03,4.0,201.0,201.0,1.7,3.4,1737.0,1.7,1800.0,1020.0,0.0,1028.6,296.9302,1028.4,107.5579,0.0,6.6,7.9,6.6,72.0,6.292777778,5.173888889,,,,,,,,,
2023-06-01 19:00:00,16,0,7.28,48.03,6.41,104.42,1.09,6.73,34.66,2.0,79.0,85.0,1.1,3.1,1850.0,1.7,1843.0,1020.1,0.1,1028.7,307.8494,1028.5,71.34528,0.0,6.3,6.6,6.3,72.0,6.2925,5.240555556,,,,,,,,,
2023-06-01 20:00:00,16,0,7.3,48.0,6.41,104.52,1.08,6.7,34.54,4.0,36.0,202.0,0.3,2.7,1936.0,1.0,1945.0,1020.1,0.1,1028.7,308.4118,1028.5,36.40914,0.0,5.9,6.3,5.9,73.0,6.239166667,5.248611111,,,,,,,,,
2023-06-01 21:00:00,16,0,7.84,47.01,6.39,105.01,1.53,6.48,33.39,2.0,45.0,61.0,1.0,2.8,2047.0,1.2,2014.0,1020.3,0.3,1028.9,332.0571,1028.7,1.033912,0.1,5.2,5.9,5.2,86.0,6.206388889,5.243888889,,,,,,,,,
2023-06-01 22:00:00,16,0,7.41,47.99,6.42,104.72,1.05,6.68,34.39,2.0,315.0,34.0,0.8,1.5,2101.0,1.0,2101.0,1020.5,0.4,1029.2,348.1284,1028.9,-11.52421,0.0,4.0,5.2,4.0,91.0,6.247777778,5.276111111,,,,,,,,,
2023-06-01 23:00:00,16,0,7.64,47.85,6.42,104.95,1.08,6.62,34.12,2.0,315.0,316.0,0.5,1.4,2214.0,0.9,2219.0,1020.5,0.4,1029.2,284.9724,1028.9,-12.10171,0.0,3.4,4.0,3.4,90.0,6.236388889,5.325833333,,,,,,,,,
2023-06-02 00:00:00,16,0,7.64,47.99,6.41,104.93,1.1,6.6,34.0,2.0,311.0,311.0,0.8,1.6,2324.0,0.9,2358.0,1020.5,0.2,1029.2,257.6002,1028.9,-10.90225,0.0,2.8,3.4,2.8,91.0,6.2875,5.356111111,,,,,,,,,
2023-06-02 01:00:00,16,1,7.24,48.02,6.4,104.5,1.11,6.74,34.73,7.0,325.0,313.0,0.5,1.3,1.0,0.9,2.0,1020.3,0.2,1029.0,253.1009,1028.7,-10.79441,0.0,2.5,2.8,2.4,91.0,6.2825,5.368611111,,,,,,,,,
2023-06-02 02:00:00,16,0,6.84,48.05,6.39,104.07,1.12,6.88,35.46,7.0,321.0,312.0,0.5,1.2,150.0,0.7,151.0,1020.2,0.2,1028.9,252.5132,1028.6,-9.316645,0.0,2.3,2.6,2.3,91.0,6.2375,5.375555556,,,,,,,,,
2023-06-02 03:00:00,16,0,6.94,48.02,6.4,104.17,1.11,6.85,35.3,7.0,355.0,355.0,0.6,1.2,201.0,0.6,300.0,1020.0,0.5,1028.7,251.8732,1028.4,-1.332387,0.0,2.1,2.3,2.0,93.0,6.240555556,5.436944444,,,,,,,,,
2023-06-02 04:00:00,16,0,6.91,48.12,6.4,103.59,1.14,6.91,35.61,7.0,286.0,354.0,0.2,1.1,301.0,0.7,305.0,1020.1,0.2,1028.8,293.6853,1028.5,30.8065,0.0,3.1,3.1,2.1,92.0,6.2125,5.447222222,,,,,,,,,
2023-06-02 05:00:00,16,0,7.02,48.08,6.4,103.59,1.11,6.9,35.53,7.0,32.0,40.0,0.2,0.7,454.0,0.3,459.0,1019.9,0.3,1028.6,312.7188,1028.3,60.47108,0.0,4.1,4.1,3.0,93.0,6.201388889,5.452222222,,,,,,,,,
2023-06-02 06:00:00,16,0,7.03,47.11,6.39,103.5,1.52,6.86,35.34,8.0,16.0,118.0,0.1,0.8,531.0,0.4,540.0,1019.6,0.4,1028.2,299.2687,1028.0,105.9694,0.0,5.1,5.1,4.1,89.0,6.208888889,5.484444444,,,,,,,,,
2023-06-02 07:00:00,16,0,6.98,48.09,6.41,103.47,1.12,6.88,35.43,7.0,155.0,146.0,1.0,2.3,636.0,1.2,623.0,1019.6,0.6,1028.2,323.7263,1028.0,343.6731,0.0,6.8,7.1,5.1,71.0,6.221944444,5.522777778,,,,,,,,,
