TIMESTAMP,RECORD,sensorParms(1),sensorParms(2),sensorParms(3),sensorParms(4),sensorParms(5),sensorParms(6),sensorParms(7),sensorParms(8),sensorParms(9),sensorParms(10),sensorParms(11),Latitude,Longitude
2021-11-06T11:56:02,7731,10.16,-0.0,-0.0,-0.0,5.51,97.61,9.59,9.59,-0.204,-0.13,-1.59,62.474464,6.461324
2021-11-06T12:56:02,7732,10.184,-0.0,-0.0,-0.0,5.45,97.48,9.6,9.6,-0.207,-0.15,-1.62,62.474464,6.461324
2021-11-06T13:56:03,7733,10.219,-0.0,-0.01,-0.0,5.45,97.28,9.63,9.63,-0.217,-0.13,-1.59,62.474464,6.461324
2021-11-06T14:56:02,7734,10.238,-0.0,-0.0,-0.0,5.36,97.12,9.61,9.61,-0.227,-0.13,-1.57,62.474464,6.461324
2021-11-06T15:56:02,7735,10.247,-0.0,-0.0,-0.0,5.34,96.94,9.6,9.6,-0.238,-0.13,-1.57,62.474464,6.461324
2021-11-06T16:56:02,7736,10.253,-0.01,-0.01,-0.0,5.3,96.82,9.61,9.61,-0.249,-0.14,-1.59,62.474464,6.461324
2021-11-06T17:56:02,7737,10.256,-0.0,-0.0,-0.0,5.25,96.71,9.6,9.6,-0.263,-0.14,-1.6,62.474464,6.461324
2021-11-06T18:56:02,7738,10.254,-0.0,-0.0,-0.0,5.08,96.5,9.61,9.61,-0.275,-0.13,-1.58,62.474464,6.461324
2021-11-06T19:56:02,7739,10.253,-0.0,-0.0,-0.0,5.15,96.29,9.59,9.59,-0.291,-0.13,-1.59,62.474464,6.461324
2021-11-06T20:56:02,7740,10.258,-0.01,-0.01,-0.0,4.88,96.17,9.62,9.62,-0.303,-0.15,-1.63,62.474464,6.461324
2021-11-06T21:56:02,7741,10.267,-0.0,-0.01,-0.0,4.74,96.02,9.63,9.63,-0.316,-0.13,-1.59,62.474464,6.461324
2021-11-06T22:56:02,7742,10.282,-0.0,-0.01,-0.0,4.68,95.79,9.58,9.58,-0.327,-0.13,-1.57,62.474464,6.461324
2021-11-06T23:56:02,7743,10.316,-0.0,-0.0,-0.0,4.71,95.71,9.62,9.62,-0.335,-0.13,-1.58,62.474464,6.461324
2021-11-07T00:56:02,7744,10.312,-0.0,-0.01,-0.0,4.72,95.48,9.65,9.65,-0.347,-0.13,-1.58,62.474464,6.461324
2021-11-07T01:56:02,7745,10.323,-0.0,-0.0,-0.0,4.67,95.38,9.6,9.6,-0.353,-0.13,-1.58,62.474464,6.461324
2021-11-07T02:56:02,7746,10.334,-0.0,-0.01,-0.0,4.55,95.28,9.57,9.57,-0.362,-0.13,-1.57,62.474464,6.461324
2021-11-07T03:56:02,7747,10.347,-0.0,-0.0,-0.0,4.51,95.19,9.59,9.59,-0.367,-0.13,-1.58,62.474464,6.461324
2021-11-07T04:56:02,7748,10.362,-0.0,-0.01,-0.0,4.54,95.04,9.62,9.62,-0.371,-0.12,-1.56,62.474464,6.461324
2021-11-07T05:56:02,7749,10.375,-0.0,-0.0,-0.0,4.28,95.05,9.58,9.58,-0.367,-0.13,-1.59,62.474464,6.461324
2021-11-07T06:56:02,7750,10.386,-0.0,-0.0,-0.0,4.67,95.0,9.64,9.64,-0.363,-0.13,-1.58,62.474464,6.461324
2021-11-07T07:56:02,7751,10.394,-0.0,-0.0,-0.0,4.53,95.0,9.58,9.58,-0.357,-0.12,-1.56,62.474464,6.461324
2021-11-07T08:56:02,7752,10.401,-0.0,-0.0,-0.0,4.55,95.04,9.59,9.59,-0.346,-0.13,-1.58,62.474464,6.461324
2021-11-07T09:56:02,7753,10.407,-0.0,-0.0,-0.0,4.33,95.18,9.62,9.62,-0.335,-0.13,-1.59,62.474464,6.461324
2021-11-07T10:56:02,7754,10.408,-0.0,-0.0,-0.0,4.19,95.19,9.61,9.61,-0.324,-0.13,-1.58,62.474464,6.461324
2021-11-07T11:56:02,7755,10.389,-0.0,-0.0,-0.0,4.38,95.17,9.6,9.6,-0.312,-0.13,-1.58,62.474464,6.461324
2021-11-07T12:56:02,7756,10.38,-0.0,-0.0,-0.0,4.18,95.31,9.59,9.59,-0.3,-0.14,-1.59,62.474464,6.461324
2021-11-07T13:56:02,7757,10.391,-0.0,-0.0,-0.0,4.15,95.33,9.6,9.6,-0.291,-0.13,-1.57,62.474464,6.461324
2021-11-07T14:56:02,7758,10.399,-0.0,-0.0,-0.0,4.3,95.39,9.59,9.59,-0.281,-0.14,-1.61,62.474464,6.461324
2021-11-07T15:56:02,7759,10.404,-0.0,-0.0,-0.0,4.04,95.48,9.6,9.6,-0.267,-0.13,-1.59,62.474464,6.461324
2021-11-07T16:56:02,7760,10.41,-0.0,-0.01,-0.0,4.22,95.57,9.64,9.64,-0.254,-0.12,-1.55,62.474464,6.461324
2021-11-07T17:56:02,7761,10.411,-0.0,-0.0,-0.0,4.08,95.68,9.6,9.6,-0.242,-0.13,-1.56,62.474464,6.461324
2021-11-07T18:56:02,7762,10.407,-0.0,-0.0,-0.0,4.2,95.7,9.6,9.6,-0.235,-0.13,-1.57,62.474464,6.461324
2021-11-07T19:56:02,7763,10.401,-0.0,-0.0,-0.0,4.23,95.7,9.59,9.59,-0.225,-0.13,-1.58,62.474464,6.461324
2021-11-07T20:56:02,7764,10.398,-0.0,-0.0,-0.0,3.82,95.8,9.58,9.58,-0.21,-0.14,-1.6,62.474464,6.461324
2021-11-07T21:56:02,7765,10.397,-0.0,-0.0,-0.0,3.89,95.93,9.56,9.56,-0.199,-0.13,-1.57,62.474464,6.461324
2021-11-07T22:56:02,7766,10.401,-0.0,-0.0,-0.0,3.31,95.99,9.61,9.61,-0.188,-0.14,-1.6,62.474464,6.461324
2021-11-07T23:56:02,7767,10.423,-0.0,-0.0,-0.0,3.57,96.08,9.6,9.6,-0.177,-0.14,-1.6,62.474464,6.461324
2021-11-08T00:56:02,7768,10.408,-0.0,-0.0,-0.0,3.94,96.06,9.62,9.62,-0.171,-0.13,-1.57,62.474464,6.461324
2021-11-08T01:56:02,7769,10.398,-0.0,-0.0,-0.0,3.43,96.07,9.59,9.59,-0.17,-0.13,-1.58,62.474464,6.461324
2021-11-08T02:56:02,7770,10.393,-0.0,-0.0,-0.0,3.39,95.95,9.63,9.63,-0.17,-0.12,-1.56,62.474464,6.461324
2021-11-08T03:56:02,7771,10.393,-0.0,-0.0,-0.0,3.32,96.02,9.59,9.59,-0.161,-0.13,-1.58,62.474464,6.461324
2021-11-08T04:56:02,7772,10.391,-0.0,-0.0,-0.0,3.04,96.1,9.56,9.56,-0.155,-0.13,-1.57,62.474464,6.461324
2021-11-08T05:56:02,7773,10.384,-0.0,-0.0,-0.0,3.16,96.04,9.6,9.6,-0.151,-0.13,-1.58,62.474464,6.461324
2021-11-08T06:56:02,7774,10.377,-0.0,-0.0,-0.0,3.1,96.13,9.61,9.61,-0.146,-0.14,-1.6,62.474464,6.461324
2021-11-08T07:56:02,7775,10.367,-0.0,-0.0,-0.0,2.7,96.12,9.58,9.58,-0.139,-0.13,-1.59,62.474464,6.461324
2021-11-08T08:56:02,7776,10.352,-0.0,-0.0,-0.0,2.95,96.12,9.59,9.59,-0.14,-0.13,-1.59,62.474464,6.461324
2021-11-08T09:56:02,7777,10.335,-0.0,-0.01,-0.0,3.15,96.04,9.58,9.58,-0.138,-0.13,-1.57,62.474464,6.461324
2021-11-08T10:56:02,7778,10.321,-0.0,-0.0,-0.0,2.7,96.1,9.58,9.58,-0.134,-0.14,-1.61,62.474464,6.461324
2021-11-08T11:56:02,7779,10.312,-0.0,-0.0,-0.0,4.09,96.06,9.62,9.62,-0.131,-0.13,-1.59,62.474464,6.461324
2021-11-08T12:56:02,7780,10.307,-0.0,-0.0,-0.0,3.08,96.0,9.59,9.59,-0.13,-0.13,-1.59,62.474464,6.461324
2021-11-08T13:56:02,7781,10.311,-0.0,-0.01,-0.0,2.99,95.94,9.58,9.58,-0.137,-0.14,-1.6,62.474464,6.461324
2021-11-08T14:56:02,7782,10.317,-0.0,-0.01,-0.0,3.48,95.85,9.58,9.58,-0.144,-0.13,-1.57,62.474464,6.461324
2021-11-08T15:56:02,7783,10.322,-0.0,-0.0,-0.0,2.93,95.72,9.61,9.61,-0.141,-0.13,-1.58,62.474464,6.461324
2021-11-08T16:56:02,7784,10.326,-0.0,-0.0,-0.0,2.97,95.69,9.6,9.6,-0.15,-0.13,-1.58,62.474464,6.461324
2021-11-08T17:56:02,7785,10.326,-0.0,-0.0,-0.0,3.23,95.59,9.6,9.6,-0.15,-0.12,-1.56,62.474464,6.461324
2021-11-08T18:56:02,7786,10.324,-0.0,-0.0,-0.0,2.91,95.53,9.61,9.61,-0.16,-0.13,-1.57,62.474464,6.461324
2021-11-08T19:56:02,7787,10.33,-0.0,-0.0,-0.0,2.7,95.44,9.59,9.59,-0.167,-0.14,-1.61,62.474464,6.461324
2021-11-08T20:56:02,7788,10.341,-0.0,-0.0,-0.0,5.22,95.29,9.61,9.61,-0.172,-0.13,-1.58,62.474464,6.461324
2021-11-08T21:56:02,7789,10.352,-0.0,-0.0,-0.0,2.69,95.2,9.62,9.62,-0.185,-0.12,-1.55,62.474464,6.461324
2021-11-08T22:56:02,7790,10.364,-0.0,-0.0,-0.0,4.07,94.96,9.62,9.62,-0.205,-0.13,-1.58,62.474464,6.461324
2021-11-08T23:56:02,7791,10.402,-0.0,-0.0,-0.0,3.35,94.8,9.62,9.62,-0.225,-0.14,-1.61,62.474464,6.461324
2021-11-09T00:56:02,7792,10.4,-0.0,-0.0,-0.0,3.7,94.53,9.58,9.58,-0.24,-0.13,-1.58,62.474464,6.461324
2021-11-09T01:56:02,7793,10.411,-0.0,-0.0,-0.0,3.84,94.43,9.62,9.62,-0.248,-0.13,-1.59,62.474464,6.461324
2021-11-09T02:56:02,7794,10.421,-0.0,-0.01,-0.0,3.74,94.34,9.6,9.6,-0.258,-0.13,-1.58,62.474464,6.461324
2021-11-09T03:56:02,7795,10.437,-0.0,-0.01,-0.0,3.79,94.28,9.6,9.6,-0.267,-0.13,-1.59,62.474464,6.461324
2021-11-09T04:56:02,7796,10.453,-0.0,-0.0,-0.0,3.68,94.26,9.57,9.57,-0.267,-0.13,-1.57,62.474464,6.461324
2021-11-09T05:56:02,7797,10.468,-0.0,-0.0,-0.0,4.04,94.11,9.55,9.55,-0.271,-0.14,-1.61,62.474464,6.461324
2021-11-09T06:56:02,7798,10.48,-0.0,-0.01,-0.0,3.88,94.11,9.6,9.6,-0.27,-0.13,-1.59,62.474464,6.461324
2021-11-09T07:56:02,7799,10.499,-0.0,-0.0,-0.0,3.92,94.19,9.56,9.56,-0.266,-0.13,-1.59,62.474464,6.461324
2021-11-09T08:56:02,7800,10.523,-0.0,-0.0,-0.0,4.14,94.25,9.56,9.56,-0.251,-0.14,-1.61,62.474464,6.461324
2021-11-09T09:56:02,7801,10.54,-0.0,-0.0,-0.0,3.88,94.27,9.58,9.58,-0.241,-0.14,-1.59,62.474464,6.461324
2021-11-09T10:56:02,7802,10.539,-0.0,-0.0,-0.0,4.15,94.27,9.59,9.59,-0.236,-0.14,-1.6,62.474464,6.461324
2021-11-09T11:56:02,7803,10.527,-0.0,-0.0,-0.0,5.3,94.35,9.58,9.58,-0.234,-0.13,-1.58,62.474464,6.461324
2021-11-09T12:56:02,7804,10.526,-0.0,-0.0,-0.0,4.43,94.35,9.58,9.58,-0.231,-0.14,-1.6,62.474464,6.461324
2021-11-09T13:56:02,7805,10.527,-0.0,-0.0,-0.0,4.42,94.26,9.53,9.53,-0.235,-0.13,-1.58,62.474464,6.461324
2021-11-09T14:56:02,7806,10.651,-0.0,-0.01,-0.0,4.24,94.25,9.59,9.59,-0.24,-0.14,-1.61,62.474464,6.461324
2021-11-09T15:56:02,7807,10.799,-0.0,-0.0,-0.0,3.79,94.26,9.57,9.57,-0.243,-0.14,-1.61,62.474464,6.461324
2021-11-09T16:56:02,7808,10.856,-0.0,-0.0,-0.0,3.68,94.24,9.51,9.51,-0.246,-0.13,-1.59,62.474464,6.461324
2021-11-09T17:56:02,7809,10.889,-0.0,-0.0,-0.0,3.84,94.23,9.56,9.56,-0.245,-0.13,-1.57,62.474464,6.461324
2021-11-09T18:56:02,7810,10.913,-0.0,-0.0,-0.0,2.56,94.19,9.56,9.56,-0.253,-0.14,-1.61,62.474464,6.461324
2021-11-09T19:56:02,7811,10.938,-0.0,-0.0,-0.0,1.59,94.25,9.52,9.52,-0.243,-0.14,-1.6,62.474464,6.461324
2021-11-09T20:56:02,7812,10.964,-0.0,-0.0,-0.0,2.49,94.15,9.53,9.53,-0.243,-0.13,-1.59,62.474464,6.461324
2021-11-09T21:56:02,7813,10.983,-0.0,-0.0,-0.0,3.11,94.18,9.55,9.55,-0.234,-0.13,-1.59,62.474464,6.461324
2021-11-09T22:56:02,7814,10.991,-0.0,-0.01,-0.0,3.4,94.14,9.54,9.54,-0.235,-0.13,-1.59,62.474464,6.461324
2021-11-09T23:56:02,7815,11.021,-0.0,-0.0,-0.0,3.42,94.12,9.55,9.55,-0.233,-0.13,-1.59,62.474464,6.461324
2021-11-10T00:56:02,7816,11.013,-0.0,-0.0,-0.0,3.43,94.13,9.55,9.55,-0.235,-0.14,-1.6,62.474464,6.461324
2021-11-10T01:56:02,7817,11.013,-0.0,-0.0,-0.0,3.43,94.03,9.51,9.51,-0.238,-0.13,-1.58,62.474464,6.461324
2021-11-10T02:56:02,7818,11.012,-0.0,-0.01,-0.0,5.21,93.94,9.56,9.56,-0.248,-0.14,-1.61,62.474464,6.461324
2021-11-10T03:56:02,7819,11.021,-0.0,-0.0,-0.0,4.05,93.84,9.5,9.5,-0.257,-0.14,-1.59,62.474464,6.461324
2021-11-10T04:56:02,7820,11.032,-0.0,-0.0,-0.0,3.63,93.77,9.53,9.53,-0.262,-0.14,-1.6,62.474464,6.461324
2021-11-10T05:56:02,7821,11.048,-0.0,-0.0,-0.0,3.47,93.8,9.56,9.56,-0.26,-0.13,-1.58,62.474464,6.461324
2021-11-10T06:56:02,7822,11.064,-0.0,-0.0,-0.0,3.07,93.88,9.51,9.51,-0.248,-0.14,-1.61,62.474464,6.461324
2021-11-10T07:56:02,7823,11.067,-0.0,-0.0,-0.0,2.95,93.92,9.54,9.54,-0.242,-0.14,-1.62,62.474464,6.461324
2021-11-10T08:56:02,7824,11.069,-0.0,-0.0,-0.0,2.93,93.94,9.54,9.54,-0.238,-0.14,-1.59,62.474464,6.461324
2021-11-10T09:56:02,7825,11.071,-0.0,-0.0,-0.0,2.57,93.99,9.53,9.53,-0.234,-0.14,-1.6,62.474464,6.461324
2021-11-10T10:56:02,7826,11.07,-0.0,-0.0,-0.0,2.52,93.98,9.52,9.52,-0.232,-0.14,-1.62,62.474464,6.461324
2021-11-10T11:56:02,7827,11.073,-0.0,-0.0,-0.0,2.65,94.02,9.52,9.52,-0.225,-0.14,-1.62,62.474464,6.461324
2021-11-10T12:56:02,7828,11.078,-0.0,-0.0,-0.0,1.98,94.07,9.53,9.53,-0.218,-0.13,-1.58,62.474464,6.461324
2021-11-10T13:56:02,7829,11.081,-0.0,-0.0,-0.0,2.32,94.08,9.54,9.54,-0.217,-0.13,-1.59,62.474464,6.461324
2021-11-10T14:56:02,7830,11.084,-0.0,-0.0,-0.0,0.94,94.18,9.49,9.49,-0.204,-0.14,-1.6,62.474464,6.461324
2021-11-10T15:56:02,7831,11.084,-0.0,-0.0,-0.0,-0.05,94.21,9.51,9.51,-0.199,-0.14,-1.6,62.474464,6.461324
2021-11-10T16:56:02,7832,11.085,-0.0,-0.0,-0.0,0.92,94.2,9.52,9.52,-0.198,-0.14,-1.6,62.474464,6.461324
2021-11-10T17:56:02,7833,11.087,-0.0,-0.01,-0.0,0.79,94.2,9.53,9.53,-0.192,-0.14,-1.6,62.474464,6.461324
2021-11-10T18:56:02,7834,11.093,-0.0,-0.0,-0.0,0.35,94.18,9.52,9.52,-0.192,-0.14,-1.61,62.474464,6.461324
2021-11-10T19:56:02,7835,11.104,-0.0,-0.0,-0.0,-0.11,94.19,9.54,9.54,-0.189,-0.14,-1.6,62.474464,6.461324
2021-11-10T20:56:02,7836,11.115,-0.0,-0.0,-0.0,0.92,94.13,9.54,9.54,-0.192,-0.15,-1.63,62.474464,6.461324
2021-11-10T21:56:03,7837,11.125,-0.0,-0.0,-0.0,0.76,94.09,9.54,9.54,-0.194,-0.14,-1.6,62.474464,6.461324
2021-11-10T22:56:02,7838,11.136,-0.0,-0.0,-0.0,0.93,93.96,9.51,9.51,-0.204,-0.14,-1.61,62.474464,6.461324
2021-11-10T23:56:02,7839,11.164,-0.0,-0.0,-0.0,-0.33,93.93,9.49,9.49,-0.207,-0.14,-1.61,62.474464,6.461324
2021-11-11T00:56:02,7840,11.156,-0.0,-0.0,-0.0,0.25,93.79,9.52,9.52,-0.221,-0.14,-1.59,62.474464,6.461324
2021-11-11T01:56:02,7841,11.159,-0.0,-0.0,-0.0,-2.63,93.72,9.5,9.5,-0.229,-0.13,-1.58,62.474464,6.461324
2021-11-11T02:56:02,7842,11.164,-0.0,-0.0,-0.0,-0.42,93.56,9.53,9.53,-0.245,-0.14,-1.61,62.474464,6.461324
2021-11-11T03:56:02,7843,11.165,-0.0,-0.0,-0.0,-4.18,93.39,9.51,9.51,-0.263,-0.15,-1.63,62.474464,6.461324
2021-11-11T04:56:02,7844,11.165,-0.0,-0.0,-0.0,-2.64,93.21,9.51,9.51,-0.283,-0.14,-1.6,62.474464,6.461324
2021-11-11T05:56:02,7845,11.166,-0.0,-0.01,-0.0,-1.59,92.97,9.52,9.52,-0.304,-0.14,-1.61,62.474464,6.461324
2021-11-11T06:56:02,7846,11.177,-0.0,-0.0,-0.0,-4.18,92.98,9.53,9.53,-0.301,-0.13,-1.59,62.474464,6.461324
2021-11-11T07:56:02,7847,11.189,-0.0,-0.0,-0.0,-2.73,92.95,9.49,9.49,-0.299,-0.14,-1.6,62.474464,6.461324
2021-11-11T08:56:02,7848,11.187,-0.0,-0.0,-0.0,-1.31,92.96,9.51,9.51,-0.293,-0.14,-1.6,62.474464,6.461324
2021-11-11T09:56:02,7849,11.182,-0.0,-0.0,-0.0,-2.5,93.11,9.47,9.47,-0.271,-0.13,-1.57,62.474464,6.461324
2021-11-11T10:56:02,7850,11.176,-0.0,-0.01,-0.0,-0.29,93.21,9.49,9.49,-0.256,-0.14,-1.6,62.474464,6.461324
2021-11-11T11:56:02,7851,11.17,-0.0,-0.0,-0.0,-1.48,93.34,9.51,9.51,-0.24,-0.14,-1.6,62.474464,6.461324
2021-11-11T12:56:02,7852,11.167,-0.0,-0.0,-0.0,-2.69,93.45,9.53,9.53,-0.23,-0.13,-1.57,62.474464,6.461324
2021-11-11T13:56:02,7853,11.168,-0.0,-0.0,-0.0,-3.42,93.43,9.52,9.52,-0.228,-0.13,-1.58,62.474464,6.461324
2021-11-11T14:56:02,7854,11.17,-0.0,-0.0,-0.0,-1.33,93.5,9.52,9.52,-0.216,-0.13,-1.58,62.474464,6.461324
2021-11-11T15:56:02,7855,11.177,-0.0,-0.0,-0.0,-1.24,93.61,9.51,9.51,-0.199,-0.13,-1.59,62.474464,6.461324
2021-11-11T16:56:02,7856,11.183,-0.0,-0.0,-0.0,1.29,93.72,9.49,9.49,-0.186,-0.14,-1.6,62.474464,6.461324
2021-11-11T17:56:02,7857,11.188,-0.0,-0.01,-0.0,-0.21,93.81,9.5,9.5,-0.174,-0.15,-1.63,62.474464,6.461324
2021-11-11T18:56:02,7858,11.192,0.0,0.0,-0.0,-1.24,93.93,9.5,9.5,-0.161,-0.14,-1.61,62.474464,6.461324
2021-11-11T19:56:02,7859,11.193,-0.0,-0.0,-0.0,-2.45,93.99,9.48,9.48,-0.15,-0.14,-1.6,62.474464,6.461324
2021-11-11T20:56:02,7860,11.198,-0.0,-0.0,-0.0,-1.15,94.02,9.55,9.55,-0.146,-0.14,-1.62,62.474464,6.461324
2021-11-11T21:56:02,7861,11.204,-0.0,-0.0,-0.0,-1.84,94.03,9.49,9.49,-0.139,-0.13,-1.58,62.474464,6.461324
2021-11-11T22:56:02,7862,11.211,-0.0,-0.0,-0.0,-1.12,94.07,9.52,9.52,-0.133,-0.14,-1.59,62.474464,6.461324
2021-11-11T23:56:02,7863,11.241,-0.0,-0.0,-0.0,1.31,94.1,9.51,9.51,-0.129,-0.14,-1.62,62.474464,6.461324
2021-11-12T00:56:02,7864,11.232,-0.0,-0.0,-0.0,-0.89,94.13,9.48,9.48,-0.125,-0.15,-1.64,62.474464,6.461324
2021-11-12T01:56:02,7865,11.23,-0.0,-0.0,-0.0,2.28,94.12,9.48,9.48,-0.123,-0.15,-1.62,62.474464,6.461324
2021-11-12T02:56:02,7866,11.229,-0.0,-0.0,-0.0,-2.59,94.12,9.52,9.52,-0.122,-0.13,-1.59,62.474464,6.461324
2021-11-12T03:56:02,7867,11.221,-0.0,-0.0,-0.0,5.07,94.12,9.49,9.49,-0.122,-0.13,-1.57,62.474464,6.461324
2021-11-12T04:56:02,7868,11.223,-0.0,-0.01,-0.0,-0.34,94.11,9.53,9.53,-0.122,-0.14,-1.59,62.474464,6.461324
2021-11-12T05:56:02,7869,11.223,-0.0,-0.0,-0.0,-2.88,94.09,9.5,9.5,-0.121,-0.14,-1.61,62.474464,6.461324
2021-11-12T06:56:02,7870,11.22,-0.0,-0.0,-0.0,-1.71,94.09,9.49,9.49,-0.121,-0.14,-1.61,62.474464,6.461324
2021-11-12T07:56:02,7871,11.213,-0.0,-0.0,-0.0,-4.18,94.03,9.52,9.52,-0.125,-0.13,-1.59,62.474464,6.461324
2021-11-12T08:56:02,7872,11.203,-0.0,-0.0,-0.0,-1.94,94.01,9.53,9.53,-0.127,-0.14,-1.59,62.474464,6.461324
2021-11-12T09:56:02,7873,11.188,-0.01,-0.01,-0.0,-3.34,94.0,9.51,9.51,-0.129,-0.14,-1.6,62.474464,6.461324
2021-11-12T10:56:02,7874,11.266,-0.0,-0.0,-0.0,-2.8,93.96,9.48,9.48,-0.131,-0.13,-1.59,62.474464,6.461324
2022-03-26T11:56:02,7875,2.831,27.39,47.5,0.02,7.25,94.01,1.93,1.93,3.188,8.08,24.14,62.474464,6.461324
2022-03-26T14:56:02,7876,2.865,27.42,47.51,0.02,6.61,93.43,1.95,1.95,2.939,8.06,24.08,62.474464,6.461324
2022-03-26T15:56:02,7877,2.847,27.44,47.57,0.02,6.63,93.38,1.95,1.95,2.937,8.1,24.2,62.474464,6.461324
2022-03-26T16:56:02,7878,2.862,27.41,47.5,0.02,6.64,93.52,1.94,1.94,2.931,8.07,24.11,62.474464,6.461324
2022-03-26T17:56:02,7879,2.856,27.4,47.48,0.02,6.64,93.53,1.95,1.95,2.926,8.09,24.17,62.474464,6.461324
2022-03-26T18:56:02,7880,2.834,27.38,47.49,0.02,6.64,93.57,1.94,1.94,2.923,8.12,24.27,62.474464,6.461324
2022-03-26T19:56:02,7881,2.849,27.42,47.54,0.02,6.65,93.61,1.95,1.95,2.917,8.04,24.03,62.474464,6.461324
2022-03-26T20:56:02,7882,2.845,27.4,47.51,0.02,6.64,93.7,1.93,1.93,2.916,8.11,24.23,62.474464,6.461324
2022-03-26T21:56:03,7883,2.85,27.42,47.52,0.02,6.65,93.75,1.99,1.99,2.913,8.1,24.2,62.474464,6.461324
2022-03-26T22:56:02,7884,2.841,27.4,47.5,0.02,6.65,93.78,1.97,1.97,2.907,8.11,24.23,62.474464,6.461324
2022-03-26T23:56:02,7885,2.816,27.37,47.49,0.02,6.64,93.7,1.94,1.94,2.899,8.12,24.27,62.474464,6.461324
2022-03-27T02:56:02,7886,2.825,27.38,47.49,0.02,6.61,93.94,1.94,1.94,2.97,8.14,24.32,62.474464,6.461324
2022-03-27T03:56:02,7887,2.825,27.38,47.5,0.02,6.62,93.96,1.97,1.97,2.957,8.13,24.28,62.474464,6.461324
2022-03-27T04:56:02,7888,2.824,27.38,47.5,0.02,6.62,93.98,1.94,1.94,2.949,8.13,24.3,62.474464,6.461324
2022-03-27T05:56:02,7889,2.828,27.38,47.5,0.02,6.62,94.06,1.94,1.94,2.95,8.13,24.29,62.474464,6.461324
2022-03-27T06:56:02,7890,2.834,27.38,47.49,0.02,6.61,94.13,1.96,1.96,2.944,8.12,24.27,62.474464,6.461324
2022-03-27T07:56:02,7891,2.836,27.39,47.49,0.02,6.62,94.16,1.93,1.93,2.937,8.13,24.28,62.474464,6.461324
2022-03-27T08:56:02,7892,2.836,27.39,47.49,0.02,6.62,94.21,1.96,1.96,2.921,8.13,24.28,62.474464,6.461324
2022-03-27T09:56:02,7893,2.844,27.4,47.5,0.02,6.6,94.28,1.91,1.91,2.944,8.13,24.29,62.474464,6.461324
2022-03-27T10:56:02,7894,2.838,27.39,47.49,0.02,6.61,94.32,1.91,1.91,2.897,8.13,24.29,62.474464,6.461324
2022-03-27T11:56:02,7895,2.855,27.41,47.5,0.02,6.6,94.41,1.93,1.93,2.908,8.1,24.22,62.474464,6.461324
2022-03-27T13:56:02,7896,2.889,27.43,47.49,0.02,6.57,94.6,1.91,1.91,2.914,8.09,24.18,62.474464,6.461324
2022-03-27T14:56:01,7897,2.883,27.43,47.49,0.02,6.59,94.62,1.86,1.86,0.559,8.09,24.18,62.474464,6.461324
2022-03-27T15:56:01,7898,2.888,27.43,47.49,0.02,6.56,94.67,1.85,1.85,3.02,8.1,24.19,62.474464,6.461324
2022-03-27T16:56:02,7899,2.869,27.42,47.49,0.02,6.59,94.64,1.84,1.84,0.519,8.11,24.24,62.474464,6.461324
2022-03-27T17:56:02,7900,2.888,27.43,47.48,0.02,6.57,94.73,1.87,1.87,3.01,8.11,24.23,62.474464,6.461324
2022-03-27T18:56:01,7901,2.884,27.43,47.49,0.02,6.57,94.76,1.82,1.82,3.064,8.1,24.22,62.474464,6.461324
2022-03-27T19:56:02,7902,2.881,27.42,47.48,0.02,6.58,94.8,1.84,1.84,2.994,8.11,24.23,62.474464,6.461324
2022-03-27T20:56:02,7903,2.88,27.42,47.49,0.02,6.58,94.85,1.86,1.86,2.94,8.11,24.24,62.474464,6.461324
2022-03-27T21:56:02,7904,2.89,27.43,47.49,0.02,6.58,94.92,1.85,1.85,3.031,8.11,24.25,62.474464,6.461324
2022-03-27T22:56:02,7905,2.892,27.43,47.48,0.02,6.61,94.96,1.87,1.87,0.534,8.11,24.24,62.474464,6.461324
2022-03-27T23:56:02,7906,2.903,27.44,47.49,0.02,6.57,95.03,1.85,1.85,3.111,8.11,24.23,62.474464,6.461324
2022-03-28T01:56:02,7907,3.198,51.77,88.71,0.04,6.68,8.42,279.17,279.17,70.21,0.1,0.45,62.474464,6.461324
2022-03-28T02:56:02,7908,3.591,44.88,75.94,0.04,6.48,5.19,147.42,147.42,70.165,-0.07,-0.06,62.474464,6.461324
2022-03-28T03:56:02,7909,3.684,43.21,72.88,0.03,6.44,4.86,150.69,150.69,70.143,-0.07,-0.05,62.474464,6.461324
2022-03-28T04:56:02,7910,3.725,42.49,71.58,0.03,6.43,4.36,307.89,307.89,70.141,-0.08,-0.08,62.474464,6.461324
2022-03-28T05:56:02,7911,3.747,43.82,73.77,0.03,6.38,4.29,109.95,109.95,70.131,-0.08,-0.09,62.474464,6.461324
2022-03-28T06:56:02,7912,3.761,43.17,72.63,0.03,6.39,4.24,102.94,102.94,70.128,-0.08,-0.09,62.474464,6.461324
2022-03-28T07:56:02,7913,3.771,43.01,72.34,0.03,6.38,4.2,112.38,112.38,70.117,-0.08,-0.08,62.474464,6.461324
2022-03-28T08:56:02,7914,3.778,42.94,72.2,0.03,6.37,4.17,109.99,109.99,70.125,-0.09,-0.1,62.474464,6.461324
2022-03-28T09:56:02,7915,3.784,43.11,72.48,0.03,6.36,4.14,117.26,117.26,70.135,-0.09,-0.11,62.474464,6.461324
2022-03-28T10:56:02,7916,3.788,43.4,72.95,0.03,6.35,4.12,103.05,103.05,70.134,-0.08,-0.07,62.474464,6.461324
2022-03-28T11:56:02,7917,3.791,43.57,73.24,0.03,6.35,4.11,103.31,103.31,70.149,-0.09,-0.1,62.474464,6.461324
2022-03-28T12:56:02,7918,3.791,43.22,72.65,0.03,6.37,4.1,433.67,433.67,70.141,-0.05,-0.01,62.474464,6.461324
2022-03-28T13:56:02,7919,3.796,44.08,74.08,0.03,6.33,4.08,105.85,105.85,70.153,-0.09,-0.1,62.474464,6.461324
2022-03-28T14:56:02,7920,3.799,44.52,74.81,0.03,6.33,4.07,119.97,119.97,70.146,-0.08,-0.08,62.474464,6.461324
2022-03-28T15:56:02,7921,3.801,45.05,75.71,0.03,6.33,4.05,102.47,102.47,70.151,-0.05,0.0,62.474464,6.461324
2022-03-28T16:56:02,7922,3.803,45.06,75.71,0.03,6.33,4.06,160.61,160.61,70.154,-0.07,-0.06,62.474464,6.461324
2022-03-28T17:56:02,7923,3.804,45.75,76.87,0.04,6.32,4.04,148.67,148.67,70.142,0.03,0.24,62.474464,6.461324
2022-03-28T18:56:02,7924,3.806,46.24,77.69,0.04,6.32,4.03,123.43,123.43,70.142,-0.05,0.0,62.474464,6.461324
2022-03-28T19:56:02,7925,3.806,46.7,78.46,0.04,6.32,4.04,127.95,127.95,70.136,0.15,0.61,62.474464,6.461324
2022-03-28T20:56:02,7926,3.807,46.72,78.5,0.04,6.31,4.02,104.71,104.71,70.135,-0.07,-0.07,62.474464,6.461324
2022-03-28T21:56:02,7927,3.808,46.59,78.28,0.04,6.3,4.02,104.0,104.0,70.129,-0.09,-0.1,62.474464,6.461324
2022-03-28T22:56:02,7928,3.808,47.07,79.08,0.04,6.29,4.01,120.12,120.12,70.13,-0.08,-0.09,62.474464,6.461324
2022-03-28T23:56:02,7929,3.813,47.1,79.12,0.04,6.29,4.01,119.74,119.74,70.12,-0.09,-0.11,62.474464,6.461324
2022-03-29T00:56:02,7930,3.811,47.33,79.5,0.04,6.29,4.01,100.33,100.33,70.118,-0.09,-0.1,62.474464,6.461324
2022-03-29T01:56:02,7931,3.811,47.73,80.19,0.04,6.28,4.0,127.45,127.45,70.111,0.01,0.17,62.474464,6.461324
2022-03-29T02:56:02,7932,3.811,47.96,80.56,0.04,6.29,4.0,137.81,137.81,70.106,-0.06,-0.01,62.474464,6.461324
2022-03-29T03:56:02,7933,3.812,47.57,79.91,0.04,6.28,3.99,107.65,107.65,70.098,-0.07,-0.07,62.474464,6.461324
2022-03-29T04:56:02,7934,3.812,47.98,80.6,0.04,6.27,3.98,113.15,113.15,70.093,-0.08,-0.08,62.474464,6.461324
2022-03-29T05:56:02,7935,3.812,48.4,81.3,0.04,6.28,3.98,100.7,100.7,70.091,-0.05,0.01,62.474464,6.461324
2022-03-29T06:56:02,7936,3.813,48.78,81.94,0.04,6.26,3.97,125.71,125.71,70.092,-0.07,-0.05,62.474464,6.461324
2022-03-29T07:56:02,7937,3.813,48.95,82.22,0.04,6.27,3.97,118.21,118.21,70.091,-0.06,-0.02,62.474464,6.461324
2022-03-31T10:56:02,0,3.916,55.1,92.25,0.04,6.25,3.89,187.34,187.34,70.12,-0.06,-0.03,62.474464,6.461324
2022-03-31T11:56:02,1,3.894,57.82,96.87,0.05,6.28,3.89,249.38,249.38,70.123,-0.06,-0.03,62.474464,6.461324
2022-03-31T12:56:02,2,3.882,57.6,96.54,0.04,6.28,3.89,141.14,141.14,70.124,-0.07,-0.05,62.474464,6.461324
2022-03-31T13:56:02,3,3.875,58.27,97.69,0.05,6.29,3.89,107.12,107.12,70.124,-0.07,-0.05,62.474464,6.461324
2022-03-31T14:56:02,4,3.869,58.29,97.73,0.05,6.29,3.9,100.88,100.88,70.124,-0.06,-0.03,62.474464,6.461324
2022-03-31T15:56:02,5,3.865,58.81,98.62,0.05,6.29,3.88,101.66,101.66,70.123,-0.02,0.1,62.474464,6.461324
2022-03-31T16:56:02,6,3.86,58.25,97.69,0.05,6.28,3.89,97.94,97.94,70.126,-0.05,0.01,62.474464,6.461324
2022-03-31T17:56:02,7,3.858,58.12,97.48,0.05,6.29,3.89,105.5,105.5,70.123,-0.07,-0.06,62.474464,6.461324
2022-03-31T18:56:02,8,3.855,59.01,98.99,0.05,6.29,3.88,99.42,99.42,70.124,-0.01,0.12,62.474464,6.461324
2022-03-31T19:56:02,9,3.852,59.32,99.52,0.05,6.29,3.89,150.77,150.77,70.128,-0.08,-0.1,62.474464,6.461324
2022-03-31T20:56:02,10,3.85,58.93,98.87,0.05,6.29,3.88,116.21,116.21,70.134,0.18,0.69,62.474464,6.461324
2022-03-31T21:56:02,11,3.848,58.98,98.97,0.05,6.29,3.88,98.33,98.33,70.133,-0.08,-0.08,62.474464,6.461324
2022-03-31T22:56:02,12,3.846,59.55,99.92,0.05,6.28,3.89,114.96,114.96,70.138,-0.08,-0.09,62.474464,6.461324
2022-03-31T23:56:02,13,3.849,59.56,99.94,0.05,6.29,3.87,103.82,103.82,70.138,-0.08,-0.09,62.474464,6.461324
2022-04-01T00:56:02,14,3.844,59.49,99.83,0.05,6.29,3.88,109.99,109.99,70.141,-0.07,-0.05,62.474464,6.461324
2022-04-01T01:56:02,15,3.843,59.89,100.5,0.05,6.29,3.87,94.92,94.92,70.142,-0.0,0.15,62.474464,6.461324
2022-04-01T02:56:02,16,3.841,59.91,100.55,0.05,6.28,3.88,121.11,121.11,70.142,-0.06,-0.03,62.474464,6.461324
2022-04-01T03:56:02,17,3.84,60.73,101.93,0.05,6.29,3.89,107.61,107.61,70.144,-0.08,-0.08,62.474464,6.461324
2022-04-01T04:56:02,18,3.839,60.72,101.91,0.05,6.28,3.88,101.91,101.91,70.141,-0.06,-0.02,62.474464,6.461324
2022-04-01T05:56:02,19,3.838,60.52,101.58,0.05,6.28,3.88,98.65,98.65,70.145,-0.09,-0.11,62.474464,6.461324
2022-04-01T06:56:02,20,3.837,60.53,101.59,0.05,6.28,3.88,94.69,94.69,70.144,-0.08,-0.07,62.474464,6.461324
2022-04-01T07:56:02,21,3.836,60.83,102.1,0.05,6.28,3.88,99.43,99.43,70.149,-0.08,-0.08,62.474464,6.461324
2022-04-01T08:56:02,22,3.836,61.4,103.06,0.05,6.28,3.88,93.5,93.5,70.147,-0.07,-0.05,62.474464,6.461324
2022-04-01T11:56:02,0,3.882,61.82,103.62,0.05,6.27,3.87,86.81,86.81,70.154,-0.06,-0.04,62.474464,6.461324
2022-04-01T12:56:02,1,3.861,61.75,103.56,0.05,6.27,3.87,91.94,91.94,70.154,-0.06,-0.02,62.474464,6.461324
2022-04-01T13:56:02,2,3.86,62.35,104.58,0.05,6.28,3.88,90.36,90.36,70.158,-0.07,-0.06,62.474464,6.461324
2022-04-01T14:56:02,3,3.85,62.11,104.2,0.05,6.28,3.86,89.87,89.87,70.16,-0.07,-0.06,62.474464,6.461324
2022-04-01T15:56:02,4,3.846,62.4,104.7,0.05,6.27,3.87,88.99,88.99,70.157,-0.07,-0.06,62.474464,6.461324
2022-04-01T16:56:02,5,3.843,62.3,104.55,0.05,6.27,3.87,86.09,86.09,70.156,-0.08,-0.08,62.474464,6.461324
2022-04-01T17:56:02,6,3.84,62.37,104.67,0.05,6.26,3.86,88.08,88.08,70.148,-0.07,-0.05,62.474464,6.461324
2022-04-01T18:56:02,7,3.839,62.72,105.26,0.05,6.26,3.87,87.15,87.15,70.154,-0.06,-0.04,62.474464,6.461324
2022-04-01T19:56:02,8,3.836,63.18,106.05,0.05,6.26,3.87,85.35,85.35,70.152,-0.07,-0.06,62.474464,6.461324
2022-04-01T20:56:02,9,3.834,62.82,105.44,0.05,6.26,3.86,101.19,101.19,70.161,-0.08,-0.09,62.474464,6.461324
2022-04-01T21:56:02,10,3.834,63.41,106.45,0.05,6.27,3.87,92.1,92.1,70.157,-0.07,-0.05,62.474464,6.461324
2022-04-01T22:56:02,11,3.834,63.32,106.29,0.05,6.27,3.86,92.46,92.46,70.159,-0.08,-0.08,62.474464,6.461324
2022-04-01T23:56:02,12,3.836,63.45,106.5,0.05,6.27,3.87,91.04,91.04,70.156,-0.07,-0.06,62.474464,6.461324
2022-04-02T00:56:02,13,3.833,63.71,106.94,0.05,6.27,3.87,90.57,90.57,70.161,-0.08,-0.07,62.474464,6.461324
2022-04-02T01:56:02,14,3.832,63.91,107.29,0.05,6.26,3.87,87.93,87.93,70.156,-0.07,-0.06,62.474464,6.461324
2022-04-02T02:56:02,15,3.831,64.0,107.45,0.05,6.26,3.86,89.26,89.26,70.157,-0.06,-0.04,62.474464,6.461324
2022-04-02T03:56:02,16,3.83,64.15,107.7,0.05,6.26,3.86,89.56,89.56,70.157,-0.08,-0.07,62.474464,6.461324
2022-04-02T04:56:02,17,3.83,64.03,107.49,0.05,6.26,3.87,90.23,90.23,70.154,-0.07,-0.05,62.474464,6.461324
2022-04-02T05:56:02,18,3.829,64.25,107.87,0.05,6.26,3.86,88.02,88.02,70.152,-0.08,-0.09,62.474464,6.461324
2022-04-02T06:56:02,19,3.828,64.43,108.17,0.05,6.26,3.86,83.84,83.84,70.15,-0.07,-0.07,62.474464,6.461324
2022-04-02T07:56:02,20,3.827,64.6,108.46,0.05,6.27,3.86,87.68,87.68,70.153,-0.07,-0.04,62.474464,6.461324
2022-04-02T08:56:02,21,3.827,64.63,108.51,0.05,6.27,3.86,87.98,87.98,70.156,-0.08,-0.08,62.474464,6.461324
2022-04-02T09:56:02,22,3.827,64.83,108.85,0.05,6.26,3.86,88.37,88.37,70.16,-0.08,-0.08,62.474464,6.461324
2022-04-02T10:56:02,23,3.826,65.24,109.55,0.05,6.27,3.86,88.47,88.47,70.163,-0.07,-0.07,62.474464,6.461324
2022-04-02T11:56:02,24,3.826,65.17,109.42,0.05,6.27,3.86,90.56,90.56,70.161,-0.07,-0.07,62.474464,6.461324
2022-04-02T12:56:02,25,3.825,65.53,110.04,0.05,6.28,3.86,87.67,87.67,70.161,-0.06,-0.03,62.474464,6.461324
2022-04-02T13:56:02,26,3.825,65.58,110.11,0.05,6.26,3.86,85.52,85.52,70.161,-0.07,-0.07,62.474464,6.461324
2022-04-02T14:56:02,27,3.825,65.37,109.77,0.05,6.27,3.86,87.73,87.73,70.158,-0.08,-0.08,62.474464,6.461324
2022-04-02T15:56:02,28,3.825,65.68,110.29,0.05,6.27,3.86,87.01,87.01,70.155,-0.08,-0.09,62.474464,6.461324
2022-04-02T16:56:02,29,3.824,65.61,110.16,0.05,6.27,3.86,89.45,89.45,70.149,-0.08,-0.08,62.474464,6.461324
2022-04-02T17:56:02,30,3.824,66.38,111.46,0.05,6.27,3.85,87.49,87.49,70.151,-0.08,-0.09,62.474464,6.461324
2022-04-02T18:56:02,31,3.824,66.11,111.01,0.05,6.28,3.86,90.04,90.04,70.145,-0.08,-0.08,62.474464,6.461324
2022-04-02T19:56:02,32,3.823,66.34,111.39,0.05,6.28,3.85,85.4,85.4,70.145,-0.08,-0.08,62.474464,6.461324
2022-04-02T20:56:02,33,3.823,66.54,111.74,0.05,6.28,3.86,88.31,88.31,70.137,-0.08,-0.09,62.474464,6.461324
2022-04-02T21:56:02,34,3.823,66.7,112.01,0.05,6.28,3.85,84.98,84.98,70.134,-0.07,-0.06,62.474464,6.461324
2022-04-02T22:56:02,35,3.823,66.93,112.39,0.05,6.28,3.86,84.44,84.44,70.127,-0.08,-0.07,62.474464,6.461324
2022-04-02T23:56:02,36,3.826,67.14,112.72,0.05,6.28,3.85,87.93,87.93,70.129,-0.08,-0.07,62.474464,6.461324
2022-04-03T00:56:02,37,3.823,67.32,113.04,0.05,6.28,3.85,85.92,85.92,70.122,-0.08,-0.08,62.474464,6.461324
2022-04-03T01:56:02,38,3.823,67.26,112.95,0.05,6.27,3.84,85.89,85.89,70.116,-0.08,-0.07,62.474464,6.461324
2022-04-03T02:56:02,39,3.822,67.49,113.34,0.05,6.28,3.85,83.9,83.9,70.109,-0.06,-0.03,62.474464,6.461324
2022-04-03T03:56:02,40,3.821,67.56,113.46,0.05,6.27,3.85,86.98,86.98,70.1,-0.06,-0.04,62.474464,6.461324
2022-04-03T04:56:02,41,3.821,67.78,113.82,0.05,6.28,3.85,85.23,85.23,70.089,-0.07,-0.07,62.474464,6.461324
2022-04-03T05:56:02,42,3.82,67.47,113.3,0.05,6.28,3.85,104.27,104.27,70.077,-0.08,-0.08,62.474464,6.461324
2022-04-03T06:56:02,43,3.821,67.4,113.19,0.05,6.28,3.85,90.17,90.17,70.067,-0.07,-0.07,62.474464,6.461324
2022-04-03T07:56:02,44,3.821,67.46,113.29,0.05,6.28,3.85,88.54,88.54,70.055,-0.07,-0.04,62.474464,6.461324
2022-04-03T08:56:02,45,3.821,67.61,113.53,0.05,6.28,3.85,89.42,89.42,70.047,-0.04,0.05,62.474464,6.461324
2022-04-03T09:56:02,46,3.82,67.85,113.94,0.05,6.28,3.85,88.95,88.95,70.045,-0.09,-0.1,62.474464,6.461324
2022-04-03T10:56:02,47,3.82,68.07,114.31,0.05,6.29,3.85,88.92,88.92,70.037,-0.08,-0.07,62.474464,6.461324
2022-04-03T11:56:02,48,3.82,68.34,114.77,0.05,6.28,3.85,88.21,88.21,70.036,-0.07,-0.07,62.474464,6.461324
2022-04-03T12:56:02,49,3.819,68.52,115.08,0.05,6.28,3.85,84.86,84.86,70.036,-0.06,-0.04,62.474464,6.461324
2022-04-03T13:56:02,50,3.819,68.75,115.46,0.05,6.28,3.85,85.38,85.38,70.03,-0.07,-0.06,62.474464,6.461324
2022-04-03T14:56:02,51,3.819,68.71,115.4,0.05,6.28,3.85,87.5,87.5,70.021,-0.08,-0.09,62.474464,6.461324
2022-04-03T15:56:02,52,3.819,68.62,115.24,0.05,6.28,3.85,85.4,85.4,70.016,-0.08,-0.08,62.474464,6.461324
2022-04-03T16:56:02,53,3.819,68.66,115.32,0.05,6.29,3.85,88.21,88.21,70.011,-0.07,-0.06,62.474464,6.461324
2022-04-03T17:56:02,54,3.819,68.95,115.79,0.05,6.29,3.85,85.28,85.28,70.002,-0.07,-0.07,62.474464,6.461324
2022-04-03T18:56:02,55,3.819,69.06,115.99,0.05,6.29,3.84,83.03,83.03,69.995,-0.08,-0.09,62.474464,6.461324
2022-04-03T19:56:02,56,3.818,69.54,116.78,0.05,6.28,3.85,87.95,87.95,69.981,-0.07,-0.05,62.474464,6.461324
2022-04-03T20:56:02,57,3.819,69.51,116.74,0.05,6.28,3.84,82.3,82.3,69.973,-0.08,-0.07,62.474464,6.461324
2022-04-03T21:56:02,58,3.819,69.83,117.27,0.05,6.28,3.84,85.47,85.47,69.959,-0.07,-0.07,62.474464,6.461324
2022-04-03T22:56:02,59,3.818,69.76,117.17,0.05,6.28,3.84,86.17,86.17,69.953,-0.07,-0.07,62.474464,6.461324
2022-04-03T23:56:02,60,3.821,69.95,117.46,0.05,6.28,3.85,85.53,85.53,69.939,-0.07,-0.06,62.474464,6.461324
2022-04-04T00:56:02,61,3.819,69.87,117.34,0.05,6.28,3.85,87.67,87.67,69.93,-0.07,-0.05,62.474464,6.461324
2022-04-04T01:56:02,62,3.819,70.1,117.73,0.06,6.29,3.84,89.88,89.88,69.917,-0.07,-0.05,62.474464,6.461324
2022-04-04T02:56:03,63,3.818,70.35,118.15,0.06,6.29,3.84,85.85,85.85,69.904,-0.08,-0.07,62.474464,6.461324
2022-04-04T03:56:02,64,3.818,70.29,118.05,0.06,6.28,3.84,88.15,88.15,69.894,-0.07,-0.05,62.474464,6.461324
2022-04-04T04:56:02,65,3.817,70.67,118.69,0.06,6.28,3.84,85.78,85.78,69.885,-0.08,-0.08,62.474464,6.461324
2022-04-04T05:56:02,66,3.817,70.62,118.61,0.06,6.28,3.84,88.34,88.34,69.878,-0.08,-0.08,62.474464,6.461324
2022-04-04T06:56:02,67,3.817,70.54,118.48,0.06,6.29,3.84,85.5,85.5,69.872,-0.08,-0.09,62.474464,6.461324
2022-04-04T07:56:02,68,3.817,70.51,118.42,0.06,6.29,3.83,88.66,88.66,69.874,-0.07,-0.07,62.474464,6.461324
2022-04-04T08:56:02,69,3.817,70.78,118.88,0.06,6.29,3.83,86.46,86.46,69.873,-0.07,-0.05,62.474464,6.461324
2022-04-04T09:56:02,70,3.817,70.97,119.2,0.06,6.29,3.83,88.16,88.16,69.876,-0.08,-0.08,62.474464,6.461324
2022-04-04T10:56:02,71,3.817,71.25,119.67,0.06,6.29,3.84,86.95,86.95,69.875,-0.08,-0.09,62.474464,6.461324
2022-04-04T11:56:02,72,3.816,71.56,120.18,0.06,6.29,3.84,83.2,83.2,69.883,-0.08,-0.07,62.474464,6.461324
2022-04-04T12:56:02,73,3.817,71.2,119.58,0.06,6.29,3.84,84.86,84.86,69.88,-0.07,-0.06,62.474464,6.461324
2022-04-04T13:56:02,74,3.816,71.67,120.38,0.06,6.29,3.83,87.17,87.17,69.885,-0.08,-0.07,62.474464,6.461324
2022-04-04T14:56:02,75,3.816,71.72,120.46,0.06,6.29,3.83,83.56,83.56,69.889,-0.07,-0.05,62.474464,6.461324
2022-04-04T15:56:02,76,3.816,71.68,120.39,0.06,6.3,3.84,94.23,94.23,69.889,-0.08,-0.09,62.474464,6.461324
2022-04-04T16:56:02,77,3.816,71.84,120.67,0.06,6.3,3.84,86.03,86.03,69.887,-0.06,-0.03,62.474464,6.461324
2022-04-04T17:56:02,78,3.816,71.63,120.31,0.06,6.3,3.83,90.34,90.34,69.892,-0.07,-0.05,62.474464,6.461324
2022-04-04T18:56:02,79,3.816,71.78,120.55,0.06,6.3,3.83,87.65,87.65,69.886,-0.08,-0.08,62.474464,6.461324
2022-04-04T19:56:02,80,3.816,72.01,120.94,0.06,6.3,3.84,88.14,88.14,69.887,-0.08,-0.09,62.474464,6.461324
2022-04-04T20:56:02,81,3.816,72.47,121.71,0.06,6.3,3.83,85.12,85.12,69.889,-0.09,-0.11,62.474464,6.461324
2022-04-04T21:56:02,82,3.816,72.6,121.94,0.06,6.3,3.83,86.97,86.97,69.885,-0.07,-0.06,62.474464,6.461324
2022-04-04T22:56:02,83,3.816,72.87,122.4,0.06,6.3,3.83,87.16,87.16,69.892,-0.08,-0.08,62.474464,6.461324
2022-04-04T23:56:02,84,3.819,72.94,122.49,0.06,6.3,3.83,87.8,87.8,69.89,-0.07,-0.07,62.474464,6.461324
2022-04-05T00:56:02,85,3.816,73.09,122.76,0.06,6.3,3.83,85.26,85.26,69.891,-0.07,-0.07,62.474464,6.461324
2022-04-05T01:56:02,86,3.816,73.2,122.94,0.06,6.3,3.84,87.48,87.48,69.893,-0.07,-0.07,62.474464,6.461324
2022-04-05T02:56:02,87,3.815,73.48,123.43,0.06,6.3,3.83,86.26,86.26,69.899,-0.08,-0.1,62.474464,6.461324
2022-04-05T03:56:02,88,3.816,73.2,122.95,0.06,6.3,3.83,86.86,86.86,69.904,-0.08,-0.08,62.474464,6.461324
2022-04-05T04:56:02,89,3.815,73.52,123.49,0.06,6.3,3.83,88.03,88.03,69.907,-0.08,-0.07,62.474464,6.461324
2022-04-05T05:56:02,90,3.815,73.74,123.85,0.06,6.31,3.83,87.39,87.39,69.918,-0.06,-0.04,62.474464,6.461324
2022-04-05T06:56:02,91,3.816,73.89,124.11,0.06,6.31,3.84,87.55,87.55,69.914,-0.08,-0.07,62.474464,6.461324
2022-04-05T07:56:02,92,3.815,74.13,124.51,0.06,6.31,3.83,86.8,86.8,69.917,-0.08,-0.08,62.474464,6.461324
2022-04-05T08:56:02,93,3.814,74.17,124.58,0.06,6.31,3.83,87.67,87.67,69.924,-0.06,-0.03,62.474464,6.461324
2022-04-05T09:56:02,94,3.814,74.08,124.43,0.06,6.31,3.83,84.48,84.48,69.932,-0.08,-0.08,62.474464,6.461324
2022-04-05T10:56:02,95,3.815,73.9,124.13,0.06,6.32,3.83,87.31,87.31,69.93,-0.08,-0.1,62.474464,6.461324
2022-04-05T11:56:02,96,3.815,74.14,124.52,0.06,6.31,3.82,89.04,89.04,69.933,-0.08,-0.08,62.474464,6.461324
2022-04-05T12:56:02,97,3.815,74.24,124.7,0.06,6.31,3.83,87.44,87.44,69.934,-0.08,-0.09,62.474464,6.461324
2022-04-05T13:56:02,98,3.815,74.34,124.87,0.06,6.31,3.83,87.43,87.43,69.932,-0.07,-0.05,62.474464,6.461324
2022-04-05T14:56:02,99,3.815,74.61,125.31,0.06,6.31,3.83,88.2,88.2,69.937,-0.08,-0.09,62.474464,6.461324
2022-04-05T15:56:02,100,3.815,74.82,125.68,0.06,6.31,3.82,87.08,87.08,69.938,-0.08,-0.08,62.474464,6.461324
2022-04-05T16:56:02,101,3.815,74.88,125.78,0.06,6.31,3.83,85.73,85.73,69.938,-0.08,-0.08,62.474464,6.461324
2022-04-05T17:56:02,102,3.814,75.21,126.33,0.06,6.31,3.83,85.43,85.43,69.938,-0.08,-0.1,62.474464,6.461324
2022-04-05T18:56:02,103,3.814,75.23,126.36,0.06,6.31,3.82,85.96,85.96,69.935,-0.07,-0.04,62.474464,6.461324
2022-04-05T19:56:02,104,3.813,75.08,126.12,0.06,6.31,3.83,84.72,84.72,69.933,-0.07,-0.05,62.474464,6.461324
2022-04-05T20:56:02,105,3.814,74.81,125.66,0.06,6.31,3.83,87.17,87.17,69.929,-0.07,-0.06,62.474464,6.461324
2022-04-05T21:56:02,106,3.814,74.95,125.9,0.06,6.31,3.83,86.99,86.99,69.931,-0.07,-0.06,62.474464,6.461324
2022-04-05T22:56:02,107,3.815,75.41,126.65,0.06,6.31,3.82,85.08,85.08,69.924,-0.07,-0.07,62.474464,6.461324
2022-04-05T23:56:02,108,3.818,75.74,127.2,0.06,6.31,3.83,88.34,88.34,69.921,-0.08,-0.08,62.474464,6.461324
2022-04-06T00:56:02,109,3.816,75.7,127.14,0.06,6.31,3.82,85.81,85.81,69.915,-0.08,-0.08,62.474464,6.461324
2022-04-06T01:56:02,110,3.815,76.0,127.65,0.06,6.31,3.83,83.8,83.8,69.92,-0.07,-0.05,62.474464,6.461324
2022-04-06T02:56:02,111,3.815,76.02,127.68,0.06,6.31,3.82,86.45,86.45,69.915,-0.07,-0.07,62.474464,6.461324
2022-04-06T03:56:02,112,3.815,76.37,128.28,0.06,6.31,3.83,85.7,85.7,69.915,-0.08,-0.08,62.474464,6.461324
2022-04-06T04:56:02,113,3.815,76.5,128.5,0.06,6.32,3.82,86.31,86.31,69.907,-0.08,-0.08,62.474464,6.461324
2022-04-06T05:56:02,114,3.814,76.55,128.58,0.06,6.32,3.82,86.43,86.43,69.902,-0.05,0.02,62.474464,6.461324
2022-04-06T06:56:02,115,3.814,76.78,128.96,0.06,6.32,3.83,86.53,86.53,69.899,-0.07,-0.05,62.474464,6.461324
2022-04-06T07:56:02,116,3.814,76.87,129.12,0.06,6.32,3.83,86.12,86.12,69.893,-0.08,-0.07,62.474464,6.461324
2022-04-06T08:56:02,117,3.814,77.09,129.49,0.06,6.32,3.82,86.18,86.18,69.892,-0.08,-0.09,62.474464,6.461324
2022-04-06T09:56:02,118,3.814,76.79,128.99,0.06,6.32,3.83,89.65,89.65,69.884,-0.08,-0.09,62.474464,6.461324
2022-04-06T10:56:02,119,3.814,77.04,129.41,0.06,6.32,3.82,85.01,85.01,69.883,-0.08,-0.08,62.474464,6.461324
2022-04-06T11:56:02,120,3.814,77.1,129.51,0.06,6.32,3.82,84.76,84.76,69.88,-0.07,-0.06,62.474464,6.461324
2022-04-06T12:56:02,121,3.814,77.25,129.75,0.06,6.32,3.82,85.52,85.52,69.875,-0.07,-0.05,62.474464,6.461324
2022-04-06T13:56:02,122,3.814,77.58,130.3,0.06,6.32,3.82,86.25,86.25,69.871,-0.08,-0.09,62.474464,6.461324
2022-04-06T14:56:02,123,3.814,77.65,130.43,0.06,6.32,3.83,84.3,84.3,69.866,-0.08,-0.08,62.474464,6.461324
2022-04-06T15:56:02,124,3.814,77.64,130.42,0.06,6.32,3.82,84.67,84.67,69.861,-0.09,-0.11,62.474464,6.461324
2022-04-06T16:56:02,125,3.814,78.0,131.01,0.06,6.31,3.83,85.49,85.49,69.854,-0.08,-0.07,62.474464,6.461324
2022-04-06T17:56:02,126,3.813,77.74,130.59,0.06,6.32,3.82,84.49,84.49,69.848,-0.07,-0.05,62.474464,6.461324
2022-04-06T18:56:02,127,3.813,77.64,130.42,0.06,6.32,3.82,86.13,86.13,69.841,-0.08,-0.08,62.474464,6.461324
2022-04-06T19:56:02,128,3.813,77.72,130.54,0.06,6.32,3.82,85.55,85.55,69.839,-0.08,-0.08,62.474464,6.461324
2022-04-06T20:56:02,129,3.814,77.52,130.21,0.06,6.32,3.82,87.26,87.26,69.836,-0.07,-0.06,62.474464,6.461324
2022-04-06T21:56:02,130,3.814,77.84,130.75,0.06,6.32,3.82,86.69,86.69,69.834,-0.07,-0.06,62.474464,6.461324
2022-04-06T22:56:02,131,3.813,78.17,131.3,0.06,6.32,3.81,84.23,84.23,69.829,-0.07,-0.06,62.474464,6.461324
2022-04-06T23:56:02,132,3.817,78.2,131.35,0.06,6.32,3.82,86.76,86.76,69.827,-0.07,-0.05,62.474464,6.461324
2022-04-07T00:56:02,133,3.814,78.09,131.17,0.06,6.32,3.82,86.25,86.25,69.824,-0.07,-0.07,62.474464,6.461324
2022-04-07T01:56:02,134,3.814,78.29,131.5,0.06,6.32,3.82,85.19,85.19,69.819,-0.07,-0.05,62.474464,6.461324
2022-04-07T02:56:02,135,3.814,78.12,131.22,0.06,6.32,3.82,85.93,85.93,69.82,-0.08,-0.08,62.474464,6.461324
2022-04-07T03:56:02,136,3.814,78.35,131.6,0.06,6.32,3.82,85.26,85.26,69.813,-0.07,-0.07,62.474464,6.461324
2022-04-07T04:56:02,137,3.814,78.53,131.91,0.06,6.32,3.82,84.75,84.75,69.81,-0.08,-0.08,62.474464,6.461324
2022-04-07T05:56:02,138,3.814,78.63,132.07,0.06,6.32,3.82,85.59,85.59,69.806,-0.08,-0.07,62.474464,6.461324
2022-04-07T06:56:03,139,3.813,78.83,132.41,0.06,6.32,3.82,82.72,82.72,69.804,-0.07,-0.04,62.474464,6.461324
2022-04-07T07:56:02,140,3.84,79.1,132.75,0.06,6.32,3.81,83.34,83.34,69.802,-0.08,-0.09,62.474464,6.461324
2022-04-07T08:56:02,141,3.822,79.02,132.69,0.06,6.32,3.82,84.76,84.76,69.798,-0.08,-0.08,62.474464,6.461324
2022-04-07T09:56:02,142,3.819,78.81,132.36,0.06,6.33,3.81,84.41,84.41,69.795,-0.07,-0.06,62.474464,6.461324
2022-04-22T13:56:04,0,3.674,28.05,47.33,0.02,6.79,100.88,0.31,0.31,7.834,7.16,20.34,62.474464,6.461324
2022-04-22T14:56:02,1,3.665,28.06,47.35,0.02,6.6,100.62,0.29,0.29,2.878,7.92,22.49,62.474464,6.461324
2022-04-22T15:56:02,2,3.722,28.11,47.36,0.02,6.49,100.77,0.28,0.28,2.876,7.91,22.46,62.474464,6.461324
2022-04-22T16:56:02,3,3.733,28.13,47.37,0.02,6.46,100.86,0.28,0.28,2.869,7.91,22.48,62.474464,6.461324
2022-04-22T17:56:02,4,3.697,28.09,47.37,0.02,6.44,100.81,0.27,0.27,2.867,7.95,22.59,62.474464,6.461324
2022-04-22T18:56:02,5,3.734,28.13,47.37,0.02,6.43,100.99,0.27,0.27,2.862,7.92,22.5,62.474464,6.461324
2022-04-22T19:56:02,6,3.705,28.1,47.36,0.02,6.42,100.93,0.27,0.27,2.864,7.95,22.59,62.474464,6.461324
2022-04-22T20:56:03,7,3.703,28.1,47.37,0.02,6.4,100.88,0.27,0.27,2.861,7.95,22.57,62.474464,6.461324
2022-04-22T21:56:02,8,3.707,28.1,47.37,0.02,6.4,100.93,0.27,0.27,2.864,7.94,22.56,62.474464,6.461324
2022-04-22T22:56:02,9,3.735,28.11,47.33,0.02,6.39,101.0,0.27,0.27,2.862,7.95,22.57,62.474464,6.461324
2022-04-22T23:56:02,10,3.783,28.16,47.34,0.02,6.39,101.17,0.27,0.27,2.862,7.94,22.54,62.474464,6.461324
2022-04-23T01:56:02,11,3.753,28.14,47.35,0.02,6.39,101.14,0.27,0.27,3.024,7.96,22.61,62.474464,6.461324
2022-04-23T02:56:03,12,3.718,28.08,47.31,0.02,6.4,101.14,0.27,0.27,3.02,8.0,22.71,62.474464,6.461324
2022-04-23T03:56:02,13,3.648,28.04,47.36,0.02,6.4,100.99,0.26,0.26,3.019,7.98,22.67,62.474464,6.461324
2022-04-23T04:56:02,14,3.688,28.09,47.38,0.02,6.39,101.07,0.27,0.27,3.017,7.96,22.6,62.474464,6.461324
2022-04-23T05:56:02,15,3.636,28.03,47.36,0.02,6.39,100.96,0.27,0.27,3.015,7.99,22.71,62.474464,6.461324
2022-04-23T06:56:02,16,3.633,28.04,47.38,0.02,6.39,100.9,0.27,0.27,3.014,7.98,22.67,62.474464,6.461324
2022-04-23T07:56:02,17,3.625,28.03,47.36,0.02,6.38,100.9,0.27,0.27,3.014,8.01,22.75,62.474464,6.461324
2022-04-23T08:56:02,18,3.642,28.04,47.35,0.02,6.39,100.89,0.27,0.27,3.014,7.99,22.7,62.474464,6.461324
2022-04-23T09:56:02,19,3.687,28.05,47.31,0.02,6.4,101.01,0.26,0.26,3.011,7.96,22.61,62.474464,6.461324
2022-04-23T10:56:02,20,3.632,28.04,47.37,0.02,6.39,100.92,0.26,0.26,3.009,7.99,22.69,62.474464,6.461324
2022-04-23T11:56:02,21,3.837,28.18,47.3,0.02,6.38,101.39,0.25,0.25,3.005,7.86,22.33,62.474464,6.461324
2022-04-23T13:56:02,22,3.832,28.19,47.32,0.02,6.39,101.5,0.25,0.25,2.95,7.89,22.42,62.474464,6.461324
2022-04-23T14:56:02,23,3.681,28.07,47.35,0.02,6.4,101.18,0.26,0.26,2.947,7.98,22.68,62.474464,6.461324
2022-04-23T15:56:02,24,3.83,28.23,47.39,0.02,6.39,101.58,0.25,0.25,2.941,7.87,22.36,62.474464,6.461324
2022-04-23T16:56:02,25,3.647,28.07,47.4,0.02,6.39,101.07,0.26,0.26,2.94,7.99,22.69,62.474464,6.461324
2022-04-23T17:56:02,26,3.674,28.08,47.37,0.02,6.39,101.12,0.26,0.26,2.937,7.98,22.66,62.474464,6.461324
2022-04-23T18:56:02,27,3.721,28.12,47.38,0.02,6.39,101.26,0.25,0.25,2.933,7.95,22.57,62.474464,6.461324
2022-04-23T19:56:02,28,3.634,28.05,47.39,0.02,6.39,100.93,0.25,0.25,2.935,8.01,22.74,62.474464,6.461324
2022-04-23T20:56:03,29,3.696,28.09,47.37,0.02,6.39,101.18,0.25,0.25,2.932,7.97,22.64,62.474464,6.461324
2022-04-23T21:56:02,30,3.686,28.09,47.38,0.02,6.39,101.17,0.25,0.25,2.934,7.99,22.7,62.474464,6.461324
2022-04-23T22:56:02,31,3.708,28.1,47.36,0.02,6.39,101.23,0.26,0.26,2.936,7.97,22.65,62.474464,6.461324
2022-04-23T23:56:02,32,3.685,28.09,47.37,0.02,6.39,101.2,0.26,0.26,2.934,7.98,22.68,62.474464,6.461324
2022-04-24T01:56:02,33,3.686,28.07,47.35,0.02,6.39,101.25,0.25,0.25,2.907,8.0,22.72,62.474464,6.461324
2022-04-24T02:56:02,34,3.702,28.11,47.38,0.02,6.39,101.33,0.25,0.25,2.907,7.98,22.67,62.474464,6.461324
2022-04-24T03:56:02,35,3.716,28.11,47.37,0.02,6.39,101.34,0.25,0.25,2.906,7.98,22.67,62.474464,6.461324
2022-04-24T04:56:02,36,3.724,28.12,47.36,0.02,6.4,101.38,0.25,0.25,2.907,7.98,22.66,62.474464,6.461324
2022-04-24T05:56:02,37,3.73,28.12,47.37,0.02,6.39,101.36,0.25,0.25,2.905,7.97,22.63,62.474464,6.461324
2022-04-24T06:56:02,38,3.736,28.13,47.37,0.02,6.38,101.42,0.25,0.25,2.906,7.97,22.63,62.474464,6.461324
2022-04-24T07:56:02,39,3.748,28.15,47.38,0.02,6.38,101.45,0.25,0.25,2.906,7.96,22.6,62.474464,6.461324
2022-04-24T08:56:02,40,3.725,28.13,47.38,0.02,6.39,101.36,0.25,0.25,2.909,7.97,22.65,62.474464,6.461324
2022-04-24T09:56:02,41,3.761,28.16,47.38,0.02,6.39,101.47,0.25,0.25,2.904,7.9,22.44,62.474464,6.461324
2022-04-24T10:56:02,42,3.78,28.18,47.39,0.02,6.39,101.54,0.25,0.25,2.903,7.91,22.47,62.474464,6.461324
2022-04-24T11:56:02,43,3.771,28.16,47.37,0.02,6.39,101.47,0.25,0.25,2.902,7.91,22.46,62.474464,6.461324
2022-04-24T13:56:02,44,4.031,28.38,47.35,0.02,6.39,102.17,0.24,0.24,2.976,7.79,22.12,62.474464,6.461324
2022-04-24T14:56:02,45,3.824,28.19,47.34,0.02,6.4,101.51,0.24,0.24,2.975,7.95,22.57,62.474464,6.461324
2022-04-24T15:56:02,46,3.873,28.25,47.36,0.02,6.39,101.73,0.24,0.24,2.974,7.89,22.42,62.474464,6.461324
2022-04-24T16:56:02,47,3.859,28.24,47.37,0.02,6.4,101.76,0.24,0.24,2.968,7.89,22.41,62.474464,6.461324
2022-04-24T17:56:02,48,3.813,28.19,47.36,0.02,6.39,101.62,0.24,0.24,2.967,7.93,22.52,62.474464,6.461324
2022-04-24T18:56:02,49,3.885,28.26,47.37,0.02,6.37,101.74,0.24,0.24,2.965,7.88,22.37,62.474464,6.461324
2022-04-24T19:56:02,50,3.802,28.19,47.38,0.02,6.39,101.5,0.25,0.25,2.965,7.92,22.51,62.474464,6.461324
2022-04-24T20:56:02,51,3.884,28.26,47.35,0.02,6.4,101.71,0.24,0.24,2.97,7.89,22.4,62.474464,6.461324
2022-04-24T21:56:02,52,3.92,28.29,47.36,0.02,6.39,101.86,0.24,0.24,2.97,7.9,22.43,62.474464,6.461324
2022-04-24T22:56:02,53,3.93,28.29,47.34,0.02,6.4,101.87,0.24,0.24,2.973,7.87,22.37,62.474464,6.461324
2022-04-24T23:56:02,54,3.892,28.26,47.36,0.02,6.38,101.82,0.24,0.24,2.978,7.9,22.43,62.474464,6.461324
2022-04-25T01:56:02,55,3.845,28.23,47.37,0.02,6.39,101.8,0.24,0.24,2.921,7.94,22.55,62.474464,6.461324
2022-04-25T02:56:02,56,3.807,28.2,47.37,0.02,6.39,101.63,0.24,0.24,2.924,7.94,22.55,62.474464,6.461324
2022-04-25T03:56:02,57,3.819,28.21,47.37,0.02,6.39,101.67,0.24,0.24,2.924,7.94,22.54,62.474464,6.461324
2022-04-25T04:56:02,58,3.821,28.2,47.36,0.02,6.45,101.68,0.23,0.23,2.922,7.94,22.55,62.474464,6.461324
2022-04-25T05:56:02,59,3.826,28.23,47.39,0.02,6.39,101.64,0.24,0.24,2.92,7.91,22.47,62.474464,6.461324
2022-04-25T06:56:02,60,3.825,28.21,47.37,0.02,6.39,101.65,0.24,0.24,2.918,7.89,22.41,62.474464,6.461324
2022-04-25T07:56:02,61,3.814,28.21,47.38,0.02,6.39,101.63,0.24,0.24,2.921,7.9,22.43,62.474464,6.461324
2022-04-25T08:56:02,62,3.808,28.2,47.38,0.02,6.39,101.6,0.23,0.23,2.921,7.91,22.46,62.474464,6.461324
2022-04-25T09:56:02,63,3.799,28.19,47.37,0.02,6.39,101.62,0.24,0.24,2.921,7.93,22.54,62.474464,6.461324
2022-04-25T10:56:02,64,3.829,28.22,47.37,0.02,6.39,101.7,0.24,0.24,2.922,7.88,22.39,62.474464,6.461324
2022-04-25T11:56:02,65,3.826,28.21,47.37,0.02,6.39,101.65,0.23,0.23,2.926,7.92,22.5,62.474464,6.461324
2022-04-25T13:56:02,66,3.854,28.23,47.36,0.02,6.39,101.79,0.23,0.23,2.989,7.94,22.54,62.474464,6.461324
2022-04-25T14:56:02,67,3.875,28.25,47.35,0.02,6.38,101.76,0.24,0.24,2.994,7.91,22.46,62.474464,6.461324
2022-04-25T15:56:02,68,3.928,28.3,47.37,0.02,6.4,101.93,0.24,0.24,2.99,7.84,22.28,62.474464,6.461324
2022-04-25T16:56:02,69,3.9,28.28,47.38,0.02,6.39,101.95,0.24,0.24,2.989,7.88,22.38,62.474464,6.461324
2022-04-25T17:56:02,70,3.911,28.27,47.34,0.02,6.39,101.85,0.23,0.23,2.987,7.9,22.45,62.474464,6.461324
2022-04-25T18:56:03,71,3.962,28.32,47.35,0.02,6.4,102.05,0.23,0.23,2.985,7.86,22.32,62.474464,6.461324
2022-04-25T19:56:02,72,3.87,28.25,47.36,0.02,6.4,101.83,0.24,0.24,2.986,7.91,22.47,62.474464,6.461324
2022-04-25T20:56:03,73,3.917,28.29,47.36,0.02,6.4,101.93,0.23,0.23,2.991,7.89,22.4,62.474464,6.461324
2022-04-25T21:56:02,74,3.96,28.32,47.35,0.02,6.38,102.02,0.23,0.23,2.994,7.88,22.38,62.474464,6.461324
2022-04-25T22:56:03,75,4.078,28.42,47.34,0.02,6.4,102.34,0.23,0.23,2.995,7.84,22.27,62.474464,6.461324
2022-04-25T23:56:02,76,4.117,28.46,47.34,0.02,6.4,102.48,0.23,0.23,2.997,7.84,22.27,62.474464,6.461324
2022-04-26T01:56:02,77,4.329,28.61,47.28,0.02,6.4,102.88,0.23,0.23,2.922,7.8,22.15,62.474464,6.461324
2022-04-26T02:56:02,78,4.287,28.57,47.27,0.02,6.4,102.8,0.23,0.23,2.923,7.8,22.17,62.474464,6.461324
2022-04-26T03:56:02,79,4.342,28.6,47.24,0.02,6.4,102.96,0.23,0.23,2.927,7.78,22.1,62.474464,6.461324
2022-04-26T04:56:02,80,4.388,28.65,47.25,0.02,6.4,103.08,0.22,0.22,2.882,7.75,22.02,62.474464,6.461324
2022-04-26T05:56:02,81,4.327,28.59,47.24,0.02,6.4,102.9,0.22,0.22,2.882,7.79,22.14,62.474464,6.461324
2022-04-26T06:56:02,82,4.304,28.58,47.26,0.02,6.41,102.89,0.23,0.23,2.885,7.8,22.15,62.474464,6.461324
2022-04-26T07:56:02,83,4.222,28.52,47.28,0.02,6.4,102.71,0.22,0.22,2.892,7.81,22.19,62.474464,6.461324
2022-04-26T08:56:02,84,4.14,28.46,47.31,0.02,6.4,102.48,0.23,0.23,3.009,7.82,22.21,62.474464,6.461324
2022-05-08T22:56:02,361,5.202,29.38,47.25,0.02,6.46,105.07,0.14,0.14,2.81,7.44,21.12,62.474464,6.461324
2022-05-08T23:56:02,362,5.201,29.37,47.23,0.02,6.46,105.05,0.13,0.13,2.805,7.44,21.12,62.474464,6.461324
2022-05-09T01:56:02,363,5.153,29.32,47.22,0.02,6.47,104.89,0.13,0.13,2.919,7.49,21.27,62.474464,6.461324
2022-05-09T02:56:03,364,5.101,29.29,47.24,0.02,6.46,104.76,0.13,0.13,2.915,7.49,21.28,62.474464,6.461324
2022-05-09T03:56:02,365,5.158,29.34,47.24,0.02,6.47,104.87,0.14,0.14,2.907,7.47,21.21,62.474464,6.461324
2022-05-09T04:56:02,366,5.166,29.35,47.24,0.02,6.46,104.87,0.13,0.13,2.903,7.44,21.14,62.474464,6.461324
2022-05-09T05:56:02,367,5.166,29.35,47.25,0.02,6.47,104.84,0.14,0.14,2.9,7.42,21.08,62.474464,6.461324
2022-05-09T06:56:02,368,5.152,29.34,47.25,0.02,6.47,104.86,0.13,0.13,2.897,7.42,21.07,62.474464,6.461324
2022-05-09T07:56:02,369,5.101,29.3,47.26,0.02,6.47,104.75,0.14,0.14,2.891,7.47,21.22,62.474464,6.461324
2022-05-09T08:56:02,370,5.086,29.27,47.24,0.02,6.46,104.8,0.13,0.13,2.886,7.53,21.37,62.474464,6.461324
2022-05-09T09:56:02,371,5.074,29.27,47.25,0.02,6.46,104.75,0.14,0.14,2.88,7.54,21.41,62.474464,6.461324
2022-05-09T10:56:02,372,5.033,29.24,47.27,0.02,6.45,104.67,0.13,0.13,2.877,7.54,21.42,62.474464,6.461324
2022-05-09T11:56:02,373,5.009,29.22,47.26,0.02,6.46,104.62,0.14,0.14,2.869,7.54,21.41,62.474464,6.461324
2022-05-09T13:56:02,374,5.254,29.42,47.24,0.02,6.47,105.21,0.13,0.13,2.889,7.44,21.13,62.474464,6.461324
2022-05-09T14:56:02,375,5.158,29.34,47.25,0.02,6.47,105.05,0.14,0.14,2.879,7.47,21.22,62.474464,6.461324
2022-05-09T15:56:02,376,5.19,29.37,47.25,0.02,6.48,105.14,0.13,0.13,2.869,7.47,21.22,62.474464,6.461324
2022-05-09T16:56:02,377,5.085,29.28,47.25,0.02,6.47,104.85,0.13,0.13,2.86,7.51,21.32,62.474464,6.461324
2022-05-09T17:56:02,378,5.004,29.21,47.26,0.02,6.47,104.66,0.13,0.13,2.849,7.55,21.45,62.474464,6.461324
2022-05-09T18:56:02,379,5.12,29.32,47.27,0.02,6.48,104.95,0.14,0.14,2.837,7.51,21.34,62.474464,6.461324
2022-05-09T19:56:02,380,5.138,29.33,47.26,0.02,6.47,104.9,0.14,0.14,2.827,7.49,21.28,62.474464,6.461324
2022-05-09T20:56:02,381,5.176,29.36,47.26,0.02,6.47,104.95,0.14,0.14,2.82,7.47,21.21,62.474464,6.461324
2022-05-09T21:56:02,382,5.165,29.36,47.27,0.02,6.47,104.94,0.14,0.14,2.816,7.43,21.1,62.474464,6.461324
2022-05-09T22:56:02,383,5.187,29.37,47.25,0.02,6.47,104.97,0.13,0.13,2.804,7.48,21.23,62.474464,6.461324
2022-05-09T23:56:02,384,5.184,29.37,47.25,0.02,6.47,104.91,0.13,0.13,2.788,7.5,21.29,62.474464,6.461324
2022-05-10T01:56:02,385,5.201,29.39,47.26,0.02,6.47,104.9,0.14,0.14,2.919,7.5,21.3,62.474464,6.461324
2022-05-10T02:56:02,386,5.184,29.37,47.26,0.02,6.47,104.85,0.13,0.13,2.905,7.49,21.27,62.474464,6.461324
2022-05-10T03:56:02,387,5.086,29.29,47.27,0.02,6.48,104.62,0.13,0.13,2.893,7.52,21.36,62.474464,6.461324
2022-05-10T04:56:02,388,5.063,29.27,47.27,0.02,6.47,104.54,0.14,0.14,2.88,7.56,21.47,62.474464,6.461324
2022-05-10T05:56:02,389,5.015,29.23,47.27,0.02,6.47,104.38,0.13,0.13,2.871,7.57,21.5,62.474464,6.461324
2022-05-10T06:56:02,390,4.994,29.22,47.28,0.02,6.46,104.4,0.14,0.14,2.858,7.58,21.52,62.474464,6.461324
2022-05-10T07:56:02,391,4.968,29.19,47.28,0.02,6.47,104.37,0.14,0.14,2.845,7.59,21.56,62.474464,6.461324
2022-05-10T08:56:02,392,4.949,29.18,47.29,0.02,6.47,104.38,0.14,0.14,2.839,7.59,21.54,62.474464,6.461324
2022-05-10T09:56:02,393,4.991,29.21,47.28,0.02,6.47,104.42,0.14,0.14,2.844,7.57,21.49,62.474464,6.461324
2022-05-10T10:56:02,394,5.013,29.21,47.24,0.02,6.47,104.35,0.13,0.13,2.84,7.55,21.45,62.474464,6.461324
2022-05-10T11:56:02,395,4.959,29.16,47.25,0.02,6.47,104.25,0.14,0.14,2.837,7.58,21.53,62.474464,6.461324
2022-05-10T13:56:02,396,4.922,29.16,47.29,0.02,6.46,104.36,0.14,0.14,2.931,7.61,21.61,62.474464,6.461324
2022-05-10T14:56:02,397,5.037,29.23,47.25,0.02,6.47,104.53,0.13,0.13,2.931,7.55,21.45,62.474464,6.461324
2022-05-10T15:56:02,398,5.073,29.27,47.25,0.02,6.46,104.54,0.13,0.13,2.932,7.54,21.41,62.474464,6.461324
2022-05-10T16:56:02,399,5.022,29.23,47.26,0.02,6.46,104.42,0.13,0.13,2.932,7.54,21.42,62.474464,6.461324
2022-05-10T17:56:02,400,4.949,29.16,47.27,0.02,6.45,104.21,0.14,0.14,2.928,7.58,21.52,62.474464,6.461324
2022-05-10T18:56:03,401,4.92,29.13,47.26,0.02,6.46,104.16,0.14,0.14,2.923,7.6,21.58,62.474464,6.461324
2022-05-10T19:56:02,402,4.902,29.13,47.28,0.02,6.46,104.11,0.14,0.14,2.919,7.6,21.59,62.474464,6.461324
2022-05-10T20:56:02,403,4.828,29.07,47.29,0.02,6.45,103.92,0.13,0.13,2.923,7.63,21.68,62.474464,6.461324
2022-05-10T21:56:02,404,4.814,29.05,47.28,0.02,6.46,103.93,0.13,0.13,2.927,7.64,21.69,62.474464,6.461324
2022-05-10T22:56:02,405,4.814,29.05,47.28,0.02,6.48,103.89,0.13,0.13,2.933,7.65,21.72,62.474464,6.461324
2022-05-10T23:56:02,406,4.834,29.07,47.28,0.02,6.45,103.85,0.13,0.13,2.933,7.63,21.67,62.474464,6.461324
2022-05-11T01:56:02,407,5.124,29.32,47.26,0.02,6.48,104.6,0.14,0.14,2.962,7.54,21.41,62.474464,6.461324
2022-05-11T02:56:02,408,5.125,29.31,47.24,0.02,6.47,104.63,0.14,0.14,2.961,7.53,21.37,62.474464,6.461324
2022-05-11T03:56:02,409,5.121,29.31,47.25,0.02,6.46,104.62,0.13,0.13,2.956,7.53,21.38,62.474464,6.461324
2022-05-11T04:56:02,410,5.058,29.26,47.26,0.02,6.46,104.48,0.13,0.13,2.949,7.55,21.43,62.474464,6.461324
2022-05-11T05:56:02,411,5.043,29.25,47.26,0.02,6.46,104.5,0.14,0.14,2.943,7.55,21.45,62.474464,6.461324
2022-05-11T06:56:02,412,5.025,29.23,47.26,0.02,6.46,104.47,0.13,0.13,2.94,7.56,21.47,62.474464,6.461324
2022-05-11T07:56:02,413,5.019,29.22,47.25,0.02,6.45,104.37,0.13,0.13,2.935,7.55,21.43,62.474464,6.461324
2022-05-11T08:56:02,414,4.959,29.16,47.25,0.02,6.51,104.23,0.14,0.14,2.931,7.57,21.49,62.474464,6.461324
2022-05-11T09:56:02,415,4.93,29.15,47.26,0.02,6.45,104.2,0.13,0.13,2.925,7.61,21.62,62.474464,6.461324
2022-05-11T10:56:02,416,4.926,29.13,47.25,0.02,6.46,104.17,0.14,0.14,2.919,7.61,21.61,62.474464,6.461324
2022-05-11T11:56:02,417,4.906,29.12,47.26,0.02,6.46,104.2,0.14,0.14,2.914,7.59,21.57,62.474464,6.461324
2022-05-11T13:56:02,418,5.142,29.31,47.22,0.02,6.47,104.73,0.13,0.13,2.89,7.52,21.35,62.474464,6.461324
2022-05-11T14:56:02,419,5.138,29.3,47.21,0.02,6.45,104.8,0.13,0.13,2.895,7.51,21.33,62.474464,6.461324
2022-05-11T15:56:02,420,5.173,29.28,47.13,0.02,6.47,104.86,0.13,0.13,2.89,7.52,21.35,62.474464,6.461324
2022-05-11T16:56:02,421,5.137,29.29,47.2,0.02,6.53,104.72,0.14,0.14,2.885,7.5,21.29,62.474464,6.461324
2022-05-11T17:56:02,422,5.016,29.22,47.25,0.02,6.47,104.55,0.13,0.13,2.879,7.55,21.43,62.474464,6.461324
2022-05-11T18:56:03,423,5.009,29.19,47.23,0.02,6.47,104.48,0.13,0.13,2.877,7.56,21.47,62.474464,6.461324
2022-05-11T19:56:02,424,5.021,29.22,47.24,0.02,6.45,104.5,0.13,0.13,2.878,7.56,21.47,62.474464,6.461324
2022-05-11T20:56:02,425,5.097,29.27,47.23,0.02,6.45,104.62,0.13,0.13,2.887,7.5,21.31,62.474464,6.461324
2022-05-11T21:56:02,426,4.98,29.17,47.24,0.02,6.43,104.29,0.14,0.14,2.897,7.57,21.49,62.474464,6.461324
2022-05-11T22:56:02,427,4.911,29.12,47.24,0.02,6.45,104.05,0.14,0.14,2.897,7.6,21.6,62.474464,6.461324
2022-05-11T23:56:02,428,4.891,29.11,47.25,0.02,6.46,104.02,0.14,0.14,2.894,7.61,21.62,62.474464,6.461324
2022-05-12T01:56:02,429,5.006,29.19,47.23,0.02,6.46,104.17,0.13,0.13,2.967,7.58,21.54,62.474464,6.461324
2022-05-12T02:56:02,430,4.985,29.18,47.23,0.02,6.46,104.1,0.13,0.13,2.976,7.59,21.56,62.474464,6.461324
2022-05-12T03:56:02,431,4.97,29.16,47.24,0.02,6.44,104.02,0.13,0.13,2.98,7.59,21.56,62.474464,6.461324
2022-05-12T04:56:02,432,4.973,29.17,47.23,0.02,6.46,104.03,0.13,0.13,2.987,7.59,21.56,62.474464,6.461324
2022-05-12T05:56:02,433,4.991,29.17,47.22,0.02,6.45,104.05,0.14,0.14,2.982,7.58,21.54,62.474464,6.461324
2022-05-12T06:56:02,434,4.973,29.17,47.24,0.02,6.46,104.01,0.13,0.13,2.986,7.6,21.58,62.474464,6.461324
2022-05-12T07:56:02,435,5.026,29.22,47.24,0.02,6.46,104.09,0.14,0.14,2.993,7.58,21.53,62.474464,6.461324
2022-05-12T08:56:02,436,5.01,29.2,47.24,0.02,6.42,104.07,0.14,0.14,3.002,7.59,21.57,62.474464,6.461324
2022-05-12T09:56:02,437,4.991,29.18,47.23,0.02,6.46,104.03,0.14,0.14,3.01,7.59,21.55,62.474464,6.461324
2022-05-12T10:56:02,438,4.965,29.17,47.25,0.02,6.42,103.96,0.14,0.14,3.035,7.6,21.58,62.474464,6.461324
2022-05-12T11:56:02,439,4.932,29.14,47.25,0.02,6.41,103.94,0.13,0.13,3.025,7.62,21.64,62.474464,6.461324
2022-05-12T13:56:02,440,4.901,29.12,47.26,0.02,6.44,103.87,0.14,0.14,2.941,7.62,21.65,62.474464,6.461324
2022-05-12T14:56:02,441,4.897,29.11,47.26,0.02,6.4,103.89,0.13,0.13,2.89,7.61,21.62,62.474464,6.461324
2022-05-12T15:56:02,442,4.853,29.08,47.27,0.02,6.43,103.8,0.13,0.13,2.949,7.62,21.63,62.474464,6.461324
2022-05-12T16:56:02,443,4.876,29.1,47.27,0.02,6.38,103.85,0.13,0.13,2.94,7.61,21.61,62.474464,6.461324
2022-05-12T17:56:02,444,4.829,29.06,47.27,0.02,6.44,103.76,0.13,0.13,2.943,7.64,21.69,62.474464,6.461324
2022-05-12T18:56:02,445,4.848,29.07,47.26,0.02,6.46,103.8,0.13,0.13,2.947,7.62,21.63,62.474464,6.461324
2022-05-12T19:56:02,446,4.817,29.05,47.27,0.02,6.45,103.76,0.13,0.13,2.948,7.64,21.71,62.474464,6.461324
2022-05-12T20:56:02,447,4.803,29.04,47.27,0.02,6.47,103.72,0.13,0.13,2.942,7.66,21.75,62.474464,6.461324
2022-05-12T21:56:02,448,4.784,29.02,47.28,0.02,6.46,103.66,0.13,0.13,2.938,7.66,21.75,62.474464,6.461324
2022-05-12T22:56:02,449,4.842,29.08,47.28,0.02,6.46,103.76,0.14,0.14,2.935,7.64,21.69,62.474464,6.461324
2022-05-12T23:56:02,450,4.955,29.18,47.28,0.02,6.45,103.93,0.13,0.13,2.931,7.6,21.57,62.474464,6.461324
2022-05-13T01:56:02,451,4.923,29.15,47.28,0.02,6.46,103.93,0.14,0.14,2.935,7.64,21.69,62.474464,6.461324
2022-05-13T02:56:02,452,5.027,29.23,47.25,0.02,6.47,104.04,0.13,0.13,2.931,7.57,21.51,62.474464,6.461324
2022-05-13T03:56:02,453,5.108,29.28,47.23,0.02,6.47,104.1,0.13,0.13,2.924,7.55,21.45,62.474464,6.461324
2022-05-13T04:56:02,454,5.148,29.31,47.22,0.02,6.47,104.1,0.13,0.13,2.923,7.52,21.37,62.474464,6.461324
2022-05-13T05:56:02,455,5.089,29.27,47.23,0.02,6.47,104.04,0.13,0.13,2.914,7.53,21.39,62.474464,6.461324
2022-05-13T06:56:02,456,5.152,29.32,47.22,0.02,6.47,104.15,0.13,0.13,2.911,7.53,21.4,62.474464,6.461324
2022-05-13T07:56:02,457,5.172,29.33,47.21,0.02,6.47,104.17,0.13,0.13,2.906,7.5,21.3,62.474464,6.461324
2022-05-13T08:56:02,458,5.177,29.34,47.21,0.02,6.46,104.19,0.13,0.13,2.909,7.52,21.35,62.474464,6.461324
2022-05-13T09:56:02,459,5.262,29.4,47.19,0.02,6.47,104.28,0.13,0.13,2.904,7.47,21.2,62.474464,6.461324
2022-05-13T10:56:02,460,5.252,29.38,47.18,0.02,6.47,104.26,0.13,0.13,2.908,7.5,21.31,62.474464,6.461324
2022-05-13T11:56:02,461,5.373,29.49,47.18,0.02,6.46,104.51,0.14,0.14,2.911,7.44,21.12,62.474464,6.461324
2022-05-13T13:56:03,462,5.384,29.49,47.16,0.02,6.47,104.55,0.14,0.14,2.904,7.46,21.18,62.474464,6.461324
2022-05-13T14:56:02,463,5.362,29.47,47.17,0.02,6.43,104.48,0.13,0.13,2.918,7.45,21.15,62.474464,6.461324
2022-05-13T15:56:02,464,5.324,29.43,47.15,0.02,6.43,104.37,0.14,0.14,2.904,7.46,21.2,62.474464,6.461324
2022-05-13T16:56:02,465,5.292,29.42,47.17,0.02,6.46,104.37,0.13,0.13,2.916,7.49,21.27,62.474464,6.461324
2022-05-13T17:56:02,466,5.26,29.39,47.17,0.02,6.47,104.34,0.13,0.13,2.924,7.5,21.31,62.474464,6.461324
2022-05-13T18:56:02,467,5.237,29.37,47.18,0.02,6.47,104.25,0.13,0.13,2.924,7.5,21.31,62.474464,6.461324
2022-05-13T19:56:02,468,5.217,29.35,47.18,0.02,6.47,104.25,0.14,0.14,2.925,7.49,21.28,62.474464,6.461324
2022-05-13T20:56:02,469,5.19,29.33,47.19,0.02,6.47,104.23,0.14,0.14,2.924,7.53,21.37,62.474464,6.461324
2022-05-13T21:56:02,470,5.164,29.31,47.18,0.02,6.47,104.21,0.13,0.13,2.927,7.54,21.41,62.474464,6.461324
2022-05-13T22:56:02,471,5.152,29.3,47.18,0.02,6.47,104.17,0.14,0.14,2.934,7.53,21.38,62.474464,6.461324
2022-05-13T23:56:02,472,5.237,29.37,47.19,0.02,6.47,104.31,0.13,0.13,2.939,7.51,21.32,62.474464,6.461324
2022-05-14T01:56:02,473,5.216,29.35,47.18,0.02,6.46,104.17,0.13,0.13,2.969,7.53,21.38,62.474464,6.461324
2022-05-14T02:56:02,474,5.191,29.33,47.18,0.02,6.42,104.1,0.14,0.14,2.98,7.53,21.39,62.474464,6.461324
2022-05-14T03:56:02,475,5.147,29.3,47.19,0.02,6.44,104.06,0.14,0.14,2.976,7.55,21.45,62.474464,6.461324
2022-05-14T04:56:02,476,5.074,29.25,47.22,0.02,6.44,103.97,0.13,0.13,3.002,7.58,21.53,62.474464,6.461324
2022-05-14T05:56:02,477,5.013,29.2,47.24,0.02,6.46,103.91,0.13,0.13,2.997,7.6,21.58,62.474464,6.461324
2022-05-14T06:56:03,478,4.966,29.17,47.24,0.02,6.4,103.81,0.14,0.14,3.025,7.61,21.6,62.474464,6.461324
2022-05-14T07:56:03,479,4.934,29.14,47.25,0.02,6.45,103.84,0.14,0.14,3.028,7.63,21.68,62.474464,6.461324
2022-05-14T08:56:02,480,4.916,29.13,47.25,0.02,6.39,103.81,0.14,0.14,3.03,7.63,21.67,62.474464,6.461324
2022-05-14T09:56:02,481,4.916,29.13,47.26,0.02,6.41,103.79,0.14,0.14,3.02,7.63,21.68,62.474464,6.461324
2022-05-14T10:56:02,482,4.901,29.13,47.27,0.02,6.42,103.79,0.14,0.14,3.058,7.64,21.71,62.474464,6.461324
2022-05-14T11:56:02,483,4.895,29.12,47.28,0.02,6.42,103.8,0.13,0.13,3.039,7.62,21.64,62.474464,6.461324
2022-05-14T13:56:02,484,4.886,29.12,47.28,0.02,6.43,103.81,0.14,0.14,2.936,7.64,21.69,62.474464,6.461324
2022-05-14T14:56:03,485,4.889,29.12,47.28,0.02,6.44,103.82,0.14,0.14,2.928,7.63,21.67,62.474464,6.461324
2022-05-14T15:56:02,486,4.888,29.12,47.28,0.02,6.44,103.82,0.14,0.14,2.964,7.64,21.7,62.474464,6.461324
2022-05-14T16:56:02,487,4.897,29.13,47.28,0.02,6.44,103.82,0.14,0.14,2.962,7.61,21.63,62.474464,6.461324
2022-05-14T17:56:02,488,4.91,29.14,47.28,0.02,6.44,103.83,0.13,0.13,2.966,7.62,21.63,62.474464,6.461324
2022-05-14T18:56:02,489,4.894,29.13,47.28,0.02,6.45,103.83,0.14,0.14,2.962,7.62,21.65,62.474464,6.461324
2022-05-14T19:56:02,490,4.923,29.14,47.27,0.02,6.46,103.85,0.14,0.14,2.969,7.62,21.64,62.474464,6.461324
2022-05-14T20:56:02,491,5.124,29.29,47.21,0.02,6.47,103.99,0.13,0.13,2.965,7.54,21.41,62.474464,6.461324
2022-05-14T21:56:02,492,5.16,29.31,47.19,0.02,6.48,104.0,0.14,0.14,2.976,7.55,21.44,62.474464,6.461324
2022-05-14T22:56:02,493,5.215,29.35,47.18,0.02,6.47,104.02,0.14,0.14,2.98,7.52,21.35,62.474464,6.461324
2022-05-14T23:56:02,494,5.225,29.35,47.17,0.02,6.48,104.02,0.14,0.14,2.987,7.5,21.29,62.474464,6.461324
2022-05-15T01:56:02,495,5.227,29.35,47.17,0.02,6.47,104.0,0.13,0.13,2.959,7.53,21.39,62.474464,6.461324
2022-05-15T02:56:02,496,5.225,29.35,47.17,0.02,6.47,103.99,0.14,0.14,2.963,7.53,21.37,62.474464,6.461324
2022-05-15T03:56:02,497,5.228,29.35,47.17,0.02,6.48,103.99,0.14,0.14,2.97,7.52,21.35,62.474464,6.461324
2022-05-15T04:56:02,498,5.232,29.35,47.16,0.02,6.48,103.98,0.14,0.14,2.975,7.52,21.36,62.474464,6.461324
2022-05-15T05:56:02,499,5.242,29.36,47.16,0.02,6.48,103.98,0.13,0.13,2.98,7.52,21.35,62.474464,6.461324
2022-05-15T06:56:02,500,5.245,29.36,47.15,0.02,6.48,103.97,0.14,0.14,2.987,7.51,21.32,62.474464,6.461324
2022-05-15T07:56:02,501,5.246,29.36,47.15,0.02,6.48,103.98,0.13,0.13,2.995,7.51,21.34,62.474464,6.461324
2022-05-15T08:56:02,502,5.247,29.36,47.15,0.02,6.48,104.01,0.14,0.14,2.999,7.51,21.33,62.474464,6.461324
2022-05-15T09:56:02,503,5.259,29.37,47.15,0.02,6.48,104.05,0.14,0.14,3.007,7.46,21.19,62.474464,6.461324
2022-05-15T10:56:02,504,5.266,29.37,47.14,0.02,6.48,104.06,0.13,0.13,3.014,7.44,21.14,62.474464,6.461324
2022-05-15T11:56:02,505,5.277,29.38,47.13,0.02,6.49,104.15,0.13,0.13,3.022,7.49,21.26,62.474464,6.461324
2022-05-15T13:56:02,506,5.283,29.39,47.15,0.02,6.48,104.25,0.13,0.13,2.907,7.49,21.28,62.474464,6.461324
2022-05-15T14:56:02,507,5.319,29.41,47.12,0.02,6.48,104.41,0.13,0.13,2.909,7.5,21.3,62.474464,6.461324
2022-05-15T15:56:02,508,5.341,29.43,47.12,0.02,6.49,104.5,0.13,0.13,2.914,7.5,21.3,62.474464,6.461324
2022-05-15T16:56:02,509,5.303,29.4,47.14,0.02,6.49,104.36,0.13,0.13,2.917,7.51,21.34,62.474464,6.461324
2022-05-15T17:56:02,510,5.327,29.43,47.14,0.02,6.48,104.41,0.13,0.13,2.92,7.49,21.27,62.474464,6.461324
2022-05-15T18:56:02,511,5.429,29.51,47.13,0.02,6.49,104.71,0.13,0.13,2.919,7.43,21.1,62.474464,6.461324
2022-05-15T19:56:02,512,5.557,29.61,47.11,0.02,6.47,104.88,0.13,0.13,2.922,7.38,20.96,62.474464,6.461324
2022-05-15T20:56:02,513,5.462,29.54,47.13,0.02,6.48,104.66,0.13,0.13,2.925,7.43,21.1,62.474464,6.461324
2022-05-15T21:56:02,514,5.482,29.57,47.14,0.02,6.49,104.72,0.13,0.13,2.932,7.42,21.06,62.474464,6.461324
2022-05-15T22:56:02,515,5.494,29.58,47.15,0.02,6.48,104.77,0.13,0.13,2.935,7.39,20.99,62.474464,6.461324
2022-05-15T23:56:03,516,5.572,29.64,47.12,0.02,6.49,104.93,0.13,0.13,2.939,7.38,20.95,62.474464,6.461324
2022-05-16T01:56:02,517,5.595,29.63,47.07,0.02,6.49,105.04,0.13,0.13,2.977,7.38,20.95,62.474464,6.461324
2022-05-16T02:56:02,518,5.51,29.58,47.12,0.02,6.49,104.84,0.13,0.13,2.979,7.41,21.05,62.474464,6.461324
2022-05-16T03:56:02,519,5.541,29.56,47.04,0.02,6.49,104.81,0.14,0.14,2.978,7.41,21.05,62.474464,6.461324
2022-05-16T04:56:02,520,5.414,29.51,47.15,0.02,6.48,104.51,0.13,0.13,2.978,7.47,21.21,62.474464,6.461324
2022-05-16T05:56:02,521,5.426,29.52,47.14,0.02,6.49,104.55,0.12,0.12,2.978,7.41,21.05,62.474464,6.461324
2022-05-16T06:56:02,522,5.414,29.51,47.14,0.02,6.48,104.54,0.13,0.13,2.978,7.41,21.04,62.474464,6.461324
2022-05-16T07:56:02,523,5.42,29.52,47.15,0.02,6.48,104.56,0.13,0.13,2.977,7.39,21.0,62.474464,6.461324
2022-05-16T08:56:02,524,5.443,29.53,47.14,0.02,6.48,104.63,0.13,0.13,2.969,7.39,20.98,62.474464,6.461324
2022-05-16T09:56:02,525,5.386,29.48,47.14,0.02,6.45,104.52,0.13,0.13,2.977,7.42,21.08,62.474464,6.461324
2022-05-16T10:56:02,526,5.306,29.43,47.17,0.02,6.46,104.44,0.13,0.13,2.973,7.47,21.21,62.474464,6.461324
2022-05-16T11:56:02,527,5.122,29.28,47.2,0.02,6.47,104.08,0.14,0.14,2.977,7.57,21.49,62.474464,6.461324
2022-05-16T13:56:02,528,5.201,29.34,47.19,0.02,6.46,104.43,0.13,0.13,2.906,7.51,21.32,62.474464,6.461324
2022-05-16T14:56:02,529,5.217,29.36,47.19,0.02,6.46,104.42,0.13,0.13,3.053,7.49,21.27,62.474464,6.461324
2022-05-16T15:56:02,530,5.271,29.4,47.18,0.02,6.45,104.61,0.12,0.12,3.051,7.46,21.2,62.474464,6.461324
2022-05-16T16:56:02,531,5.314,29.43,47.17,0.02,6.45,104.63,0.12,0.12,3.041,7.47,21.22,62.474464,6.461324
2022-05-16T17:56:02,532,5.313,29.44,47.18,0.02,6.46,104.67,0.13,0.13,3.041,7.47,21.2,62.474464,6.461324
2022-05-16T18:56:02,533,5.285,29.41,47.18,0.02,6.46,104.56,0.13,0.13,2.991,7.49,21.27,62.474464,6.461324
2022-05-16T19:56:02,534,5.281,29.41,47.17,0.02,6.45,104.56,0.13,0.13,2.99,7.49,21.28,62.474464,6.461324
2022-05-16T20:56:03,535,5.242,29.38,47.19,0.02,6.47,104.52,0.13,0.13,2.992,7.48,21.25,62.474464,6.461324
2022-05-16T21:56:02,536,5.194,29.34,47.19,0.02,6.47,104.39,0.13,0.13,2.99,7.52,21.36,62.474464,6.461324
2022-05-16T22:56:03,537,5.143,29.31,47.21,0.02,6.47,104.27,0.13,0.13,2.988,7.52,21.36,62.474464,6.461324
2022-05-16T23:56:02,538,5.108,29.27,47.21,0.02,6.46,104.18,0.12,0.12,2.986,7.54,21.41,62.474464,6.461324
2022-05-17T01:56:02,539,5.097,29.27,47.21,0.02,6.47,104.09,0.13,0.13,2.993,7.58,21.54,62.474464,6.461324
2022-05-17T02:56:02,540,5.119,29.28,47.21,0.02,6.51,104.08,0.14,0.14,2.992,7.55,21.45,62.474464,6.461324
2022-05-17T03:56:02,541,5.122,29.29,47.21,0.02,6.47,104.17,0.13,0.13,2.99,7.55,21.45,62.474464,6.461324
2022-05-17T04:56:02,542,5.121,29.29,47.22,0.02,6.47,104.18,0.13,0.13,2.948,7.54,21.41,62.474464,6.461324
2022-05-17T05:56:03,543,5.134,29.3,47.21,0.02,6.47,104.23,0.13,0.13,2.898,7.55,21.45,62.474464,6.461324
2022-05-17T06:56:02,544,5.162,29.33,47.22,0.02,6.46,104.31,0.13,0.13,2.899,7.55,21.44,62.474464,6.461324
2022-05-17T07:56:03,545,5.261,29.4,47.2,0.02,6.47,104.47,0.13,0.13,2.899,7.47,21.2,62.474464,6.461324
2022-05-17T08:56:02,546,5.247,29.39,47.19,0.02,6.47,104.39,0.13,0.13,2.898,7.51,21.34,62.474464,6.461324
2022-05-17T09:56:02,547,5.223,29.37,47.2,0.02,6.47,104.39,0.12,0.12,2.9,7.52,21.37,62.474464,6.461324
2022-05-17T10:56:02,548,5.288,29.44,47.21,0.02,6.47,104.53,0.13,0.13,2.901,7.49,21.28,62.474464,6.461324
2022-05-17T11:56:02,549,5.344,29.48,47.2,0.02,6.48,104.71,0.13,0.13,3.059,7.45,21.16,62.474464,6.461324
2022-05-17T13:56:02,550,5.572,29.69,47.21,0.02,6.46,105.27,0.12,0.12,2.892,7.35,20.88,62.474464,6.461324
2022-05-17T14:56:03,551,5.688,29.77,47.17,0.02,6.47,105.58,0.13,0.13,2.891,7.31,20.77,62.474464,6.461324
2022-05-17T15:56:03,552,5.813,29.87,47.15,0.02,6.47,105.94,0.13,0.13,3.077,7.28,20.67,62.474464,6.461324
2022-05-17T16:56:02,553,5.607,29.77,47.29,0.02,6.49,105.58,0.12,0.12,3.023,7.39,20.98,62.474464,6.461324
2022-05-17T17:56:02,554,6.206,30.24,47.17,0.02,6.45,106.51,0.12,0.12,3.023,7.19,20.41,62.474464,6.461324
2022-05-17T18:56:02,555,6.493,30.4,47.02,0.02,6.48,106.71,0.11,0.11,2.978,7.11,20.17,62.474464,6.461324
2022-05-17T19:56:02,556,6.891,30.83,47.13,0.02,6.49,107.49,0.12,0.12,2.975,7.04,19.99,62.474464,6.461324
2022-05-17T20:56:02,557,6.762,30.73,47.16,0.02,6.49,107.26,0.12,0.12,2.92,7.06,20.05,62.474464,6.461324
2022-05-17T21:56:02,558,6.716,30.7,47.17,0.02,6.49,107.18,0.12,0.12,2.917,7.09,20.12,62.474464,6.461324
2022-05-17T22:56:03,559,6.726,30.7,47.16,0.02,6.5,107.16,0.11,0.11,3.036,7.08,20.1,62.474464,6.461324
2022-05-17T23:56:03,560,6.663,30.64,47.16,0.02,6.5,107.19,0.13,0.13,3.029,7.11,20.2,62.474464,6.461324
2022-05-18T01:56:02,561,6.639,30.64,47.19,0.02,6.46,107.27,0.12,0.12,2.944,7.14,20.27,62.474464,6.461324
2022-05-18T02:56:02,562,6.751,30.74,47.19,0.02,6.48,107.27,0.12,0.12,2.899,7.1,20.17,62.474464,6.461324
2022-05-18T03:56:02,563,6.693,30.69,47.19,0.02,6.48,107.17,0.12,0.12,2.894,7.12,20.22,62.474464,6.461324
2022-05-18T04:56:02,564,6.781,30.79,47.22,0.02,6.48,107.33,0.13,0.13,2.889,7.08,20.09,62.474464,6.461324
2022-05-18T05:56:02,565,6.469,30.46,47.15,0.02,6.47,106.82,0.12,0.12,2.881,7.18,20.39,62.474464,6.461324
2022-05-18T06:56:02,566,6.215,30.24,47.16,0.02,6.48,106.37,0.13,0.13,2.875,7.26,20.61,62.474464,6.461324
2022-05-18T07:56:03,567,5.821,29.9,47.19,0.02,6.45,105.55,0.13,0.13,2.87,7.4,21.01,62.474464,6.461324
2022-05-18T08:56:02,568,5.768,29.85,47.18,0.02,6.47,105.45,0.13,0.13,2.865,7.42,21.06,62.474464,6.461324
2022-05-18T09:56:02,569,5.746,29.83,47.18,0.02,6.48,105.52,0.13,0.13,2.854,7.4,21.01,62.474464,6.461324
2022-05-18T10:56:02,570,5.736,29.81,47.17,0.02,6.48,105.53,0.13,0.13,2.845,7.4,21.02,62.474464,6.461324
2022-05-18T11:56:02,571,5.698,29.79,47.18,0.02,6.49,105.51,0.12,0.12,2.84,7.44,21.13,62.474464,6.461324
2022-05-18T13:56:02,572,6.388,30.34,47.08,0.02,6.47,106.9,0.12,0.12,2.896,7.19,20.43,62.474464,6.461324
2022-05-18T14:56:02,573,6.483,30.44,47.1,0.02,6.49,107.12,0.13,0.13,2.905,7.13,20.24,62.474464,6.461324
2022-05-18T15:56:02,574,6.063,30.11,47.17,0.02,6.49,106.2,0.12,0.12,2.898,7.35,20.87,62.474464,6.461324
2022-05-18T16:56:02,575,6.215,30.24,47.16,0.02,6.5,106.46,0.12,0.12,2.904,7.3,20.74,62.474464,6.461324
2022-05-18T17:56:02,576,6.651,30.63,47.16,0.02,6.49,107.15,0.12,0.12,2.909,7.15,20.29,62.474464,6.461324
2022-05-18T18:56:02,577,6.266,30.3,47.18,0.02,6.49,106.5,0.12,0.12,2.911,7.25,20.59,62.474464,6.461324
2022-05-18T19:56:02,578,6.048,30.1,47.18,0.02,6.49,106.18,0.12,0.12,2.916,7.36,20.89,62.474464,6.461324
2022-05-18T20:56:02,579,5.788,29.86,47.17,0.02,6.5,105.85,0.12,0.12,2.915,7.43,21.09,62.474464,6.461324
2022-05-18T21:56:02,580,5.806,29.87,47.16,0.02,6.51,105.98,0.13,0.13,2.917,7.4,21.0,62.474464,6.461324
2022-05-18T22:56:02,581,6.814,30.76,47.14,0.02,6.5,107.46,0.12,0.12,2.923,7.09,20.13,62.474464,6.461324
2022-05-18T23:56:02,582,6.705,30.68,47.16,0.02,6.49,107.44,0.12,0.12,2.929,7.12,20.21,62.474464,6.461324
2022-05-19T01:56:02,583,6.394,30.37,47.11,0.02,6.48,106.82,0.12,0.12,2.947,7.22,20.49,62.474464,6.461324
2022-05-19T02:56:02,584,6.593,30.56,47.14,0.02,6.49,107.12,0.13,0.13,2.945,7.16,20.32,62.474464,6.461324
2022-05-19T03:56:02,585,6.737,30.68,47.12,0.02,6.49,107.34,0.12,0.12,2.944,7.12,20.21,62.474464,6.461324
2022-05-19T04:56:02,586,6.691,30.65,47.13,0.02,6.49,107.13,0.13,0.13,2.941,7.11,20.2,62.474464,6.461324
2022-05-19T05:56:02,587,6.474,30.47,47.16,0.02,6.49,106.82,0.12,0.12,2.931,7.2,20.44,62.474464,6.461324
2022-05-19T06:56:02,588,6.561,30.52,47.12,0.02,6.48,107.02,0.13,0.13,2.926,7.13,20.25,62.474464,6.461324
2022-05-19T07:56:02,589,6.467,30.45,47.14,0.02,6.48,106.82,0.12,0.12,2.918,7.21,20.47,62.474464,6.461324
2022-05-19T08:56:02,590,6.631,30.58,47.1,0.02,6.48,107.14,0.12,0.12,2.912,7.1,20.16,62.474464,6.461324
2022-05-19T09:56:02,591,6.852,30.78,47.11,0.02,6.49,107.52,0.12,0.12,2.921,7.04,19.98,62.474464,6.461324
2022-05-19T10:56:03,592,6.733,30.69,47.13,0.02,6.5,107.27,0.13,0.13,2.914,7.08,20.1,62.474464,6.461324
2022-05-19T11:56:02,593,6.671,30.64,47.14,0.02,6.49,107.21,0.12,0.12,2.91,7.0,19.89,62.474464,6.461324
2022-05-19T13:56:02,594,6.413,30.41,47.15,0.02,6.45,106.79,0.12,0.12,2.985,7.21,20.48,62.474464,6.461324
2022-05-19T14:56:02,595,6.418,30.4,47.12,0.02,6.47,106.78,0.12,0.12,2.982,7.22,20.49,62.474464,6.461324
2022-05-19T15:56:02,596,6.425,30.4,47.12,0.02,6.48,106.77,0.12,0.12,2.984,7.22,20.51,62.474464,6.461324
2022-05-19T16:56:02,597,6.465,30.43,47.11,0.02,6.48,106.94,0.12,0.12,2.989,7.17,20.37,62.474464,6.461324
2022-05-19T17:56:02,598,6.847,30.76,47.08,0.02,6.49,107.68,0.12,0.12,2.999,7.05,20.02,62.474464,6.461324
2022-05-19T18:56:02,599,6.78,30.7,47.09,0.02,6.49,107.61,0.12,0.12,2.996,7.09,20.14,62.474464,6.461324
2022-05-19T19:56:02,600,6.763,30.69,47.1,0.02,6.49,107.52,0.11,0.11,3.001,7.12,20.21,62.474464,6.461324
2022-05-19T20:56:02,601,6.88,30.81,47.11,0.02,6.49,107.65,0.12,0.12,3.007,7.03,19.96,62.474464,6.461324
2022-05-19T21:56:03,602,6.96,30.87,47.1,0.02,6.5,107.76,0.12,0.12,3.01,7.03,19.97,62.474464,6.461324
2022-05-19T22:56:02,603,7.088,30.99,47.11,0.02,6.51,108.06,0.12,0.12,3.011,7.0,19.88,62.474464,6.461324
2022-05-19T23:56:02,604,7.123,31.01,47.09,0.02,6.5,107.97,0.13,0.13,3.013,6.97,19.8,62.474464,6.461324
2022-05-20T01:56:02,605,7.084,31.0,47.12,0.02,6.47,107.94,0.12,0.12,2.958,7.01,19.9,62.474464,6.461324
2022-05-20T02:56:02,606,7.137,31.05,47.13,0.02,6.48,107.96,0.12,0.12,2.96,6.99,19.85,62.474464,6.461324
2022-05-20T03:56:02,607,7.212,31.12,47.14,0.02,6.49,108.01,0.12,0.12,2.96,6.96,19.76,62.474464,6.461324
2022-05-20T04:56:02,608,7.213,31.12,47.14,0.02,6.49,108.04,0.12,0.12,2.96,6.96,19.76,62.474464,6.461324
2022-05-20T05:56:02,609,7.223,31.12,47.12,0.02,6.49,108.1,0.12,0.12,2.959,6.96,19.76,62.474464,6.461324
2022-05-20T06:56:02,610,7.238,31.15,47.14,0.02,6.49,108.16,0.13,0.13,2.959,6.98,19.82,62.474464,6.461324
2022-05-20T07:56:02,611,7.147,31.06,47.14,0.02,6.49,108.05,0.12,0.12,2.959,7.01,19.91,62.474464,6.461324
2022-05-20T08:56:02,612,7.158,31.07,47.13,0.02,6.49,108.13,0.12,0.12,2.955,7.02,19.92,62.474464,6.461324
2022-05-20T09:56:02,613,7.246,31.15,47.13,0.02,6.5,108.31,0.12,0.12,2.951,6.96,19.76,62.474464,6.461324
2022-05-20T10:56:02,614,7.146,31.05,47.12,0.02,6.5,108.19,0.12,0.12,2.944,7.04,19.99,62.474464,6.461324
2022-05-20T11:56:02,615,7.243,31.14,47.12,0.02,6.5,108.4,0.12,0.12,2.941,7.02,19.93,62.474464,6.461324
2022-05-20T13:56:02,616,7.446,31.33,47.13,0.02,6.48,108.88,0.12,0.12,2.941,6.96,19.77,62.474464,6.461324
2022-05-20T14:56:02,617,7.502,31.29,47.0,0.02,6.5,108.57,0.11,0.11,2.939,6.96,19.76,62.474464,6.461324
2022-05-20T15:56:02,618,7.609,31.48,47.14,0.02,6.49,109.17,0.11,0.11,2.937,6.87,19.51,62.474464,6.461324
2022-05-20T16:56:02,619,7.454,31.35,47.15,0.02,6.49,108.76,0.12,0.12,2.927,6.91,19.63,62.474464,6.461324
2022-05-20T17:56:02,620,7.322,31.23,47.16,0.02,6.49,108.64,0.12,0.12,2.925,6.95,19.74,62.474464,6.461324
2022-05-20T18:56:02,621,7.289,31.2,47.14,0.02,6.5,108.56,0.12,0.12,2.92,6.97,19.8,62.474464,6.461324
2022-05-20T19:56:02,622,7.407,31.31,47.15,0.02,6.51,108.77,0.11,0.11,2.912,6.94,19.71,62.474464,6.461324
2022-05-20T20:56:02,623,7.284,31.19,47.14,0.02,6.5,108.54,0.12,0.12,2.906,6.99,19.84,62.474464,6.461324
2022-05-20T21:56:02,624,7.234,31.13,47.12,0.02,6.5,108.47,0.12,0.12,2.903,7.0,19.89,62.474464,6.461324
2022-05-20T22:56:02,625,7.022,30.96,47.16,0.02,6.5,108.22,0.12,0.12,2.9,7.07,20.07,62.474464,6.461324
2022-05-20T23:56:02,626,7.066,31.17,47.41,0.02,6.5,108.13,0.12,0.12,2.897,7.04,19.98,62.474464,6.461324
2022-05-21T01:56:02,627,6.885,30.84,47.16,0.02,6.47,107.81,0.12,0.12,2.931,7.1,20.15,62.474464,6.461324
2022-05-21T02:56:02,628,6.851,30.82,47.17,0.02,6.48,107.75,0.12,0.12,2.928,7.09,20.13,62.474464,6.461324
2022-05-21T03:56:02,629,7.033,30.96,47.14,0.02,6.49,107.92,0.12,0.12,2.928,7.08,20.11,62.474464,6.461324
2022-05-21T04:56:02,630,7.332,31.23,47.13,0.02,6.5,108.6,0.12,0.12,2.927,6.99,19.86,62.474464,6.461324
2022-05-21T05:56:02,631,7.202,31.11,47.13,0.02,6.49,108.39,0.12,0.12,2.928,7.03,19.97,62.474464,6.461324
2022-05-21T06:56:02,632,7.237,31.15,47.14,0.02,6.5,108.49,0.12,0.12,2.927,7.04,19.98,62.474464,6.461324
2022-05-21T07:56:03,633,7.058,30.99,47.14,0.02,6.49,108.15,0.13,0.13,2.93,7.1,20.15,62.474464,6.461324
2022-05-21T08:56:02,634,7.136,31.08,47.18,0.02,6.51,108.34,0.12,0.12,2.929,7.0,19.89,62.474464,6.461324
2022-05-21T09:56:02,635,7.055,30.98,47.14,0.02,6.5,108.21,0.12,0.12,2.932,7.09,20.13,62.474464,6.461324
2022-05-21T10:56:02,636,7.073,31.01,47.16,0.02,6.5,108.21,0.11,0.11,2.937,7.0,19.88,62.474464,6.461324
2022-05-21T11:56:02,637,7.215,31.13,47.14,0.02,6.5,108.59,0.12,0.12,2.938,6.99,19.86,62.474464,6.461324
2022-05-21T13:56:02,638,7.064,30.99,47.14,0.02,6.48,108.33,0.12,0.12,2.915,7.07,20.09,62.474464,6.461324
2022-05-21T14:56:02,639,7.008,30.95,47.15,0.02,6.49,108.17,0.12,0.12,2.92,7.11,20.18,62.474464,6.461324
2022-05-21T15:56:02,640,7.376,31.25,47.11,0.02,6.51,108.91,0.12,0.12,2.924,6.95,19.74,62.474464,6.461324
2022-05-21T16:56:02,641,7.681,31.53,47.12,0.02,6.52,109.51,0.12,0.12,2.926,6.88,19.54,62.474464,6.461324
2022-05-21T17:56:02,642,7.403,31.29,47.12,0.02,6.51,109.17,0.12,0.12,2.926,6.97,19.8,62.474464,6.461324
2022-05-21T18:56:02,643,7.636,31.49,47.11,0.02,6.52,109.31,0.12,0.12,2.924,6.89,19.57,62.474464,6.461324
2022-05-21T19:56:02,644,7.663,31.51,47.1,0.02,6.52,109.36,0.12,0.12,2.924,6.93,19.66,62.474464,6.461324
2022-05-21T20:56:02,645,7.745,31.55,47.05,0.02,6.51,109.26,0.12,0.12,2.924,6.92,19.64,62.474464,6.461324
2022-05-21T21:56:02,646,7.908,31.7,47.06,0.02,6.51,109.61,0.11,0.11,2.926,6.86,19.47,62.474464,6.461324
2022-05-21T22:56:02,647,7.728,31.56,47.1,0.02,6.51,109.33,0.12,0.12,2.928,6.91,19.63,62.474464,6.461324
2022-05-21T23:56:02,648,7.867,31.67,47.07,0.02,6.51,109.56,0.12,0.12,2.927,6.86,19.47,62.474464,6.461324
2022-05-22T01:56:02,649,7.754,31.58,47.09,0.02,6.49,109.36,0.12,0.12,2.972,6.91,19.62,62.474464,6.461324
2022-05-22T02:56:02,650,7.886,31.68,47.06,0.02,6.51,109.42,0.12,0.12,2.972,6.86,19.48,62.474464,6.461324
2022-05-22T03:56:02,651,7.906,31.69,47.06,0.02,6.51,109.56,0.12,0.12,2.972,6.85,19.44,62.474464,6.461324
2022-05-22T04:56:02,652,7.912,31.69,47.05,0.02,6.5,109.57,0.12,0.12,2.97,6.86,19.48,62.474464,6.461324
2022-05-22T05:56:02,653,7.807,31.61,47.07,0.02,6.5,109.33,0.12,0.12,2.97,6.89,19.57,62.474464,6.461324
2022-05-22T06:56:02,654,7.864,31.64,47.03,0.02,6.5,109.36,0.12,0.12,2.972,6.86,19.47,62.474464,6.461324
2022-05-22T07:56:02,655,7.99,31.75,47.03,0.02,6.5,109.44,0.12,0.12,2.971,6.83,19.4,62.474464,6.461324
2022-05-22T08:56:02,656,7.808,31.6,47.05,0.02,6.5,109.49,0.11,0.11,2.969,6.9,19.59,62.474464,6.461324
2022-05-22T09:56:02,657,7.272,31.13,47.06,0.02,6.5,108.89,0.12,0.12,2.965,7.05,20.03,62.474464,6.461324
2022-05-22T10:56:02,658,7.199,31.06,47.06,0.02,6.5,108.67,0.12,0.12,2.964,7.08,20.1,62.474464,6.461324
2022-05-22T11:56:02,659,7.24,31.1,47.07,0.02,6.5,108.73,0.12,0.12,2.957,7.05,20.03,62.474464,6.461324
2022-05-22T13:56:02,660,7.631,31.44,47.05,0.02,6.49,109.4,0.12,0.12,2.938,6.9,19.6,62.474464,6.461324
2022-05-22T14:56:02,661,7.768,31.56,47.04,0.02,6.5,109.41,0.12,0.12,2.934,6.91,19.63,62.474464,6.461324
2022-05-22T15:56:02,662,7.821,31.61,47.04,0.02,6.5,109.8,0.11,0.11,2.931,6.9,19.6,62.474464,6.461324
2022-05-22T16:56:02,663,7.87,31.63,47.02,0.02,6.5,109.89,0.12,0.12,2.928,6.89,19.56,62.474464,6.461324
2022-05-22T17:56:02,664,7.654,31.46,47.04,0.02,6.5,109.48,0.12,0.12,2.925,6.95,19.73,62.474464,6.461324
2022-05-22T18:56:02,665,8.792,32.51,47.09,0.02,6.49,111.3,0.11,0.11,2.923,6.61,18.77,62.474464,6.461324
2022-05-22T19:56:02,666,9.019,32.64,46.99,0.02,6.52,111.29,0.11,0.11,2.92,6.57,18.64,62.474464,6.461324
2022-05-22T20:56:02,667,9.173,32.77,46.97,0.02,6.52,111.47,0.11,0.11,2.917,6.51,18.48,62.474464,6.461324
2022-05-22T21:56:02,668,9.288,32.88,46.98,0.02,6.52,111.64,0.11,0.11,2.915,6.46,18.34,62.474464,6.461324
2022-05-22T22:56:02,669,8.801,32.47,47.01,0.02,6.51,110.94,0.11,0.11,2.912,6.61,18.75,62.474464,6.461324
2022-05-22T23:56:02,670,8.105,31.86,47.04,0.02,6.51,110.17,0.12,0.12,2.906,6.82,19.37,62.474464,6.461324
2022-05-23T01:56:02,671,7.489,31.31,47.05,0.02,6.48,109.16,0.12,0.12,2.933,7.02,19.92,62.474464,6.461324
2022-05-23T02:56:02,672,7.374,31.23,47.07,0.02,6.5,109.03,0.12,0.12,2.927,7.06,20.05,62.474464,6.461324
2022-05-23T03:56:02,673,7.365,31.21,47.07,0.02,6.51,109.12,0.13,0.13,2.923,7.04,19.98,62.474464,6.461324
2022-05-23T04:56:02,674,8.038,32.06,47.42,0.02,6.51,110.65,0.11,0.11,2.918,6.77,19.22,62.474464,6.461324
2022-05-23T05:56:02,675,7.629,31.39,46.98,0.02,6.52,109.34,0.12,0.12,2.908,6.98,19.81,62.474464,6.461324
2022-05-23T06:56:02,676,7.38,31.21,47.04,0.02,6.51,109.08,0.13,0.13,2.9,7.05,20.03,62.474464,6.461324
2022-05-23T07:56:02,677,8.104,31.62,46.69,0.02,6.5,109.08,0.12,0.12,2.894,6.95,19.72,62.474464,6.461324
2022-05-23T08:56:02,678,7.605,31.42,47.05,0.02,6.5,109.41,0.12,0.12,2.888,7.0,19.87,62.474464,6.461324
2022-05-23T09:56:02,679,7.342,31.21,47.09,0.02,6.51,109.05,0.12,0.12,2.886,7.06,20.05,62.474464,6.461324
2022-05-23T10:56:02,680,7.161,31.05,47.1,0.02,6.51,108.76,0.13,0.13,2.883,7.11,20.18,62.474464,6.461324
2022-05-23T11:56:02,681,7.451,31.28,47.05,0.02,6.51,109.18,0.12,0.12,2.879,7.06,20.04,62.474464,6.461324
2022-05-23T13:56:02,682,7.28,31.16,47.1,0.02,6.49,109.09,0.12,0.12,2.9,7.1,20.16,62.474464,6.461324
2022-05-23T14:56:02,683,7.241,31.12,47.1,0.02,6.5,108.93,0.12,0.12,2.904,7.09,20.14,62.474464,6.461324
2022-05-23T15:56:02,684,7.213,31.1,47.1,0.02,6.51,108.98,0.12,0.12,2.901,7.09,20.12,62.474464,6.461324
2022-05-23T16:56:02,685,7.231,31.12,47.11,0.02,6.51,109.09,0.12,0.12,2.902,7.08,20.11,62.474464,6.461324
2022-05-23T17:56:02,686,7.175,31.06,47.09,0.02,6.52,109.06,0.13,0.13,2.903,7.1,20.15,62.474464,6.461324
2022-05-23T18:56:02,687,7.536,31.36,47.06,0.02,6.53,109.82,0.12,0.12,2.904,7.03,19.95,62.474464,6.461324
2022-05-23T19:56:02,688,8.983,32.61,46.98,0.02,6.52,110.84,0.11,0.11,2.91,6.6,18.74,62.474464,6.461324
2022-05-23T20:56:02,689,9.159,32.77,46.98,0.02,6.53,110.61,0.12,0.12,2.911,6.56,18.61,62.474464,6.461324
2022-05-23T21:56:02,690,9.029,32.67,47.01,0.02,6.52,110.5,0.12,0.12,2.914,6.6,18.75,62.474464,6.461324
2022-05-23T22:56:02,691,9.201,32.81,46.99,0.02,6.53,110.36,0.12,0.12,2.911,6.57,18.64,62.474464,6.461324
2022-05-23T23:56:02,692,9.052,32.5,46.73,0.02,6.53,110.13,0.12,0.12,2.909,6.65,18.88,62.474464,6.461324
2022-05-24T01:56:02,693,8.754,32.46,47.06,0.02,6.49,110.2,0.12,0.12,2.942,6.67,18.94,62.474464,6.461324
2022-05-24T02:56:02,694,9.224,32.81,46.96,0.02,6.52,110.39,0.11,0.11,2.945,6.52,18.51,62.474464,6.461324
2022-05-24T03:56:02,695,8.395,32.16,47.1,0.02,6.51,110.12,0.12,0.12,2.942,6.71,19.05,62.474464,6.461324
2022-05-24T04:56:02,696,7.821,31.58,47.01,0.02,6.52,109.56,0.11,0.11,2.937,7.04,20.0,62.474464,6.461324
2022-05-24T05:56:02,697,8.324,32.2,47.25,0.02,6.52,110.15,0.12,0.12,2.934,6.8,19.3,62.474464,6.461324
2022-05-24T06:56:02,698,7.303,31.11,46.99,0.02,6.51,108.97,0.13,0.13,2.93,7.1,20.17,62.474464,6.461324
2022-05-24T07:56:02,699,9.049,32.69,47.01,0.02,6.52,110.36,0.12,0.12,2.929,6.6,18.73,62.474464,6.461324
2022-05-24T08:56:02,700,8.864,32.32,46.72,0.02,6.51,110.42,0.12,0.12,2.927,6.67,18.92,62.474464,6.461324
2022-05-24T21:56:02,712,8.419,32.11,46.99,0.02,6.52,110.21,0.12,0.12,2.839,6.84,19.41,62.474464,6.461324
2022-05-24T22:56:02,713,9.375,32.93,46.94,0.02,6.53,110.78,0.11,0.11,2.835,6.56,18.61,62.474464,6.461324
2022-05-24T23:56:02,714,8.82,32.48,47.0,0.02,6.52,110.51,0.12,0.12,2.835,6.71,19.05,62.474464,6.461324
2022-05-25T01:56:02,715,8.855,32.55,47.06,0.02,6.5,110.16,0.12,0.12,2.936,6.73,19.12,62.474464,6.461324
2022-05-25T02:56:02,716,8.692,32.39,47.04,0.02,6.51,110.28,0.12,0.12,2.936,6.78,19.24,62.474464,6.461324
2022-05-25T03:56:02,717,9.27,32.88,47.01,0.02,6.53,110.88,0.11,0.11,2.935,6.63,18.83,62.474464,6.461324
2022-05-25T04:56:02,718,9.114,32.79,47.07,0.02,6.52,110.41,0.11,0.11,2.931,6.68,18.97,62.474464,6.461324
2022-05-25T05:56:02,719,9.603,33.13,46.93,0.02,6.51,110.62,0.11,0.11,2.926,6.51,18.49,62.474464,6.461324
2022-05-25T06:56:02,720,9.712,33.19,46.88,0.02,6.52,110.29,0.11,0.11,2.931,6.45,18.32,62.474464,6.461324
2022-05-25T07:56:02,721,9.041,32.7,47.03,0.02,6.46,110.3,0.12,0.12,2.946,6.64,18.86,62.474464,6.461324
2022-05-25T08:56:02,722,8.38,32.07,46.98,0.02,6.45,109.17,0.12,0.12,2.951,6.84,19.4,62.474464,6.461324
2022-05-25T09:56:02,723,8.407,32.11,47.01,0.02,6.45,109.07,0.12,0.12,2.945,6.81,19.33,62.474464,6.461324
2022-05-25T10:56:02,724,8.493,32.18,47.0,0.02,6.47,109.13,0.12,0.12,3.0,6.77,19.22,62.474464,6.461324
2022-05-25T11:56:02,725,8.469,32.15,46.99,0.02,6.45,109.07,0.11,0.11,2.974,6.78,19.26,62.474464,6.461324
2022-05-25T13:56:02,726,7.939,31.71,47.04,0.02,6.47,108.36,0.13,0.13,2.903,6.89,19.55,62.474464,6.461324
2022-05-25T14:56:02,727,7.71,31.51,47.05,0.02,6.48,107.89,0.12,0.12,2.914,6.93,19.68,62.474464,6.461324
2022-05-25T15:56:02,728,7.979,31.75,47.04,0.02,6.5,108.75,0.12,0.12,2.913,6.88,19.53,62.474464,6.461324
2022-05-25T16:56:02,729,7.687,31.49,47.04,0.02,6.49,108.29,0.12,0.12,2.908,6.95,19.73,62.474464,6.461324
2022-05-25T17:56:02,730,7.451,31.3,47.08,0.02,6.49,108.0,0.12,0.12,2.903,7.01,19.9,62.474464,6.461324
2022-05-25T18:56:02,731,7.248,31.12,47.08,0.02,6.5,107.69,0.12,0.12,2.9,7.04,20.0,62.474464,6.461324
2022-05-25T19:56:02,732,7.075,30.97,47.09,0.02,6.49,107.42,0.13,0.13,2.898,7.1,20.15,62.474464,6.461324
2022-05-25T20:56:02,733,7.131,31.01,47.07,0.02,6.48,107.61,0.12,0.12,2.899,7.08,20.11,62.474464,6.461324
2022-05-25T21:56:02,734,7.136,31.01,47.08,0.02,6.49,107.63,0.12,0.12,2.895,7.08,20.11,62.474464,6.461324
2022-05-25T22:56:02,735,7.793,31.58,47.04,0.02,6.5,108.34,0.14,0.14,2.896,6.93,19.69,62.474464,6.461324
2022-05-25T23:56:02,736,7.534,31.37,47.07,0.02,6.48,107.98,0.13,0.13,2.893,7.02,19.94,62.474464,6.461324
2022-05-26T01:56:02,737,6.84,30.76,47.1,0.02,6.47,106.69,0.13,0.13,2.917,7.19,20.42,62.474464,6.461324
2022-05-26T02:56:02,738,6.992,30.87,47.06,0.02,6.48,106.82,0.12,0.12,2.911,7.15,20.29,62.474464,6.461324
2022-05-26T03:56:02,739,6.7,30.64,47.11,0.02,6.48,106.45,0.13,0.13,2.907,7.22,20.51,62.474464,6.461324
2022-05-26T04:56:02,740,6.936,30.85,47.1,0.02,6.49,106.94,0.13,0.13,2.907,7.17,20.37,62.474464,6.461324
2022-05-26T05:56:02,741,7.329,31.18,47.06,0.02,6.5,107.57,0.12,0.12,2.907,7.09,20.14,62.474464,6.461324
2022-05-26T06:56:02,742,7.527,31.35,47.05,0.02,6.5,107.81,0.13,0.13,2.909,7.03,19.97,62.474464,6.461324
2022-05-26T07:56:02,743,7.622,31.43,47.04,0.02,6.5,107.88,0.13,0.13,2.913,7.0,19.88,62.474464,6.461324
2022-05-26T08:56:02,744,7.756,31.55,47.04,0.02,6.5,108.08,0.12,0.12,2.922,6.97,19.78,62.474464,6.461324
2022-05-26T09:56:02,745,7.946,31.71,47.02,0.02,6.5,108.39,0.12,0.12,2.926,6.93,19.68,62.474464,6.461324
2022-05-26T10:56:02,746,7.682,31.46,47.01,0.02,6.45,107.67,0.12,0.12,2.919,6.99,19.85,62.474464,6.461324
2022-05-26T11:56:02,747,7.629,31.43,47.04,0.02,6.48,107.66,0.13,0.13,2.964,6.99,19.84,62.474464,6.461324
2022-05-26T13:56:02,748,7.524,31.34,47.04,0.02,6.46,107.49,0.13,0.13,2.923,7.0,19.88,62.474464,6.461324
2022-05-26T14:56:02,749,7.276,31.12,47.05,0.02,6.48,107.12,0.12,0.12,2.932,7.07,20.07,62.474464,6.461324
2022-05-26T15:56:02,750,7.145,31.01,47.05,0.02,6.48,107.03,0.13,0.13,2.935,7.1,20.17,62.474464,6.461324
2022-05-26T16:56:02,751,7.136,30.99,47.04,0.02,6.48,106.97,0.13,0.13,2.933,7.08,20.12,62.474464,6.461324
2022-05-26T17:56:02,752,7.135,30.99,47.04,0.02,6.49,106.93,0.13,0.13,2.932,7.08,20.09,62.474464,6.461324
2022-05-26T18:56:02,753,7.099,30.96,47.04,0.02,6.49,106.88,0.13,0.13,2.934,7.1,20.15,62.474464,6.461324
2022-05-26T19:56:02,754,7.093,30.95,47.03,0.02,6.49,106.84,0.12,0.12,2.933,7.07,20.07,62.474464,6.461324
2022-05-26T20:56:02,755,7.089,30.95,47.04,0.02,6.49,106.8,0.12,0.12,2.933,7.03,19.97,62.474464,6.461324
2022-05-26T21:56:02,756,7.092,30.95,47.04,0.02,6.5,106.79,0.13,0.13,2.935,7.08,20.1,62.474464,6.461324
2022-05-26T22:56:02,757,7.086,30.94,47.03,0.02,6.5,106.72,0.13,0.13,2.935,7.08,20.11,62.474464,6.461324
2022-05-26T23:56:02,758,7.077,30.93,47.03,0.02,6.5,106.69,0.13,0.13,2.936,7.07,20.09,62.474464,6.461324
2022-05-27T01:56:02,759,6.988,30.88,47.07,0.02,6.45,106.61,0.13,0.13,2.92,7.1,20.17,62.474464,6.461324
2022-05-27T02:56:02,760,6.999,30.87,47.05,0.02,6.48,106.61,0.13,0.13,2.918,7.1,20.15,62.474464,6.461324
2022-05-27T03:56:02,761,7.005,30.88,47.04,0.02,6.49,106.63,0.13,0.13,2.917,7.08,20.11,62.474464,6.461324
2022-05-27T04:56:02,762,6.988,30.86,47.05,0.02,6.5,106.52,0.13,0.13,2.918,7.09,20.14,62.474464,6.461324
2022-05-27T05:56:02,763,6.971,30.85,47.05,0.02,6.5,106.43,0.13,0.13,2.92,7.08,20.09,62.474464,6.461324
2022-05-27T06:56:02,764,6.983,30.85,47.04,0.02,6.49,106.46,0.13,0.13,2.922,7.06,20.06,62.474464,6.461324
2022-05-27T07:56:02,765,6.972,30.85,47.05,0.02,6.49,106.49,0.13,0.13,2.927,7.1,20.15,62.474464,6.461324
2022-05-27T08:56:02,766,7.037,30.9,47.04,0.02,6.49,106.53,0.13,0.13,2.931,7.07,20.08,62.474464,6.461324
2022-05-27T09:56:02,767,7.127,30.97,47.02,0.02,6.49,106.77,0.12,0.12,2.935,7.07,20.07,62.474464,6.461324
2022-05-27T10:56:02,768,7.179,31.03,47.05,0.02,6.49,106.9,0.12,0.12,2.941,7.1,20.15,62.474464,6.461324
2022-05-27T11:56:02,769,7.3,31.13,47.03,0.02,6.49,107.03,0.12,0.12,2.947,7.08,20.12,62.474464,6.461324
2022-05-27T13:56:02,770,7.831,31.59,47.0,0.02,6.48,107.66,0.13,0.13,2.899,6.88,19.52,62.474464,6.461324
2022-05-27T14:56:02,771,7.843,31.59,46.99,0.02,6.49,107.69,0.12,0.12,2.895,6.89,19.55,62.474464,6.461324
2022-05-27T15:56:02,772,7.904,31.65,47.0,0.02,6.5,107.79,0.12,0.12,2.904,6.87,19.51,62.474464,6.461324
2022-05-27T16:56:02,773,7.927,31.67,47.0,0.02,6.5,107.85,0.12,0.12,2.911,6.85,19.45,62.474464,6.461324
2022-05-27T17:56:02,774,7.966,31.71,47.0,0.02,6.51,107.86,0.12,0.12,2.913,6.85,19.44,62.474464,6.461324
2022-05-27T18:56:02,775,8.005,31.73,46.98,0.02,6.52,107.89,0.12,0.12,2.92,6.83,19.39,62.474464,6.461324
2022-05-27T19:56:02,776,8.005,31.73,46.98,0.02,6.51,107.85,0.12,0.12,2.925,6.8,19.31,62.474464,6.461324
2022-05-27T20:56:02,777,7.995,31.71,46.97,0.02,6.51,107.82,0.11,0.11,2.931,6.83,19.39,62.474464,6.461324
2022-05-27T21:56:02,778,7.981,31.7,46.97,0.02,6.51,107.71,0.12,0.12,2.932,6.84,19.42,62.474464,6.461324
2022-05-27T22:56:02,779,7.958,31.68,46.96,0.02,6.5,107.57,0.13,0.13,2.937,6.85,19.45,62.474464,6.461324
2022-05-27T23:56:02,780,7.866,31.59,46.96,0.02,6.49,107.41,0.12,0.12,2.94,6.86,19.48,62.474464,6.461324
2022-05-28T01:56:02,781,7.577,31.34,46.98,0.02,6.49,107.04,0.12,0.12,2.944,6.95,19.72,62.474464,6.461324
2022-05-28T02:56:02,782,7.458,31.24,46.97,0.02,6.49,106.96,0.13,0.13,2.952,6.98,19.81,62.474464,6.461324
2022-05-28T03:56:02,783,7.407,31.18,46.97,0.02,6.5,106.73,0.12,0.12,2.958,6.99,19.85,62.474464,6.461324
2022-05-28T04:56:02,784,7.381,31.16,46.96,0.02,6.5,106.72,0.12,0.12,2.965,7.0,19.87,62.474464,6.461324
2022-05-28T05:56:02,785,7.402,31.19,46.99,0.02,6.49,106.98,0.13,0.13,2.973,6.99,19.86,62.474464,6.461324
2022-05-28T06:56:02,786,7.435,31.23,46.99,0.02,6.49,106.88,0.12,0.12,2.979,6.96,19.77,62.474464,6.461324
2022-05-28T07:56:02,787,7.395,31.19,46.99,0.02,6.49,106.9,0.12,0.12,2.982,6.95,19.74,62.474464,6.461324
2022-05-28T08:56:02,788,7.345,31.14,46.99,0.02,6.49,106.77,0.12,0.12,2.988,6.97,19.8,62.474464,6.461324
2022-05-28T09:56:02,789,7.366,31.15,46.97,0.02,6.49,106.71,0.12,0.12,2.992,6.96,19.76,62.474464,6.461324
2022-05-28T10:56:02,790,7.345,31.13,46.97,0.02,6.49,106.63,0.13,0.13,2.996,6.96,19.75,62.474464,6.461324
2022-05-28T11:56:02,791,7.335,31.12,46.97,0.02,6.48,106.59,0.13,0.13,2.995,6.97,19.79,62.474464,6.461324
2022-05-28T13:56:02,792,7.342,31.13,46.98,0.02,6.42,106.77,0.13,0.13,2.874,6.97,19.78,62.474464,6.461324
2022-05-28T14:56:02,793,7.443,31.23,46.98,0.02,6.48,106.74,0.13,0.13,2.878,6.94,19.72,62.474464,6.461324
2022-05-28T15:56:02,794,7.586,31.34,46.96,0.02,6.48,106.88,0.12,0.12,2.877,6.92,19.64,62.474464,6.461324
2022-05-28T16:56:02,795,7.491,31.26,46.97,0.02,6.48,106.73,0.13,0.13,2.876,6.95,19.73,62.474464,6.461324
2022-05-28T17:56:02,796,7.437,31.22,46.97,0.02,6.48,106.76,0.12,0.12,2.876,6.97,19.8,62.474464,6.461324
2022-05-28T18:56:02,797,7.354,31.16,47.0,0.02,6.49,106.68,0.13,0.13,2.877,6.99,19.84,62.474464,6.461324
2022-05-28T19:56:02,798,6.945,30.82,47.04,0.02,6.49,106.23,0.12,0.12,2.872,7.1,20.17,62.474464,6.461324
2022-05-28T20:56:02,799,6.974,30.83,47.02,0.02,6.49,106.13,0.13,0.13,2.871,7.09,20.14,62.474464,6.461324
2022-05-28T21:56:02,800,7.177,31.0,47.0,0.02,6.49,106.39,0.13,0.13,2.871,7.03,19.97,62.474464,6.461324
2022-05-28T22:56:02,801,7.104,30.94,47.01,0.02,6.49,106.37,0.13,0.13,2.87,7.05,20.01,62.474464,6.461324
2022-05-28T23:56:02,802,7.089,30.92,47.0,0.02,6.48,106.31,0.13,0.13,2.861,7.05,20.02,62.474464,6.461324
2022-05-29T01:56:02,803,6.913,30.78,47.02,0.02,6.45,105.97,0.12,0.12,2.955,7.12,20.23,62.474464,6.461324
2022-05-29T02:56:02,804,6.85,30.72,47.03,0.02,6.46,105.88,0.13,0.13,2.947,7.13,20.25,62.474464,6.461324
2022-05-29T03:56:02,805,6.762,30.65,47.03,0.02,6.48,105.78,0.13,0.13,2.94,7.17,20.36,62.474464,6.461324
2022-05-29T04:56:02,806,6.927,30.76,46.98,0.02,6.48,105.82,0.13,0.13,2.944,7.15,20.29,62.474464,6.461324
2022-05-29T05:56:02,807,7.105,30.9,46.94,0.02,6.46,105.71,0.13,0.13,2.933,7.09,20.14,62.474464,6.461324
2022-05-29T06:56:02,808,7.099,30.88,46.93,0.02,6.49,105.62,0.13,0.13,2.919,7.09,20.14,62.474464,6.461324
2022-05-29T07:56:02,809,7.061,30.84,46.91,0.02,6.48,105.59,0.13,0.13,2.918,7.1,20.15,62.474464,6.461324
2022-05-29T08:56:02,810,7.147,30.92,46.91,0.02,6.48,105.62,0.12,0.12,2.916,7.07,20.09,62.474464,6.461324
2022-05-29T09:56:02,811,7.139,30.91,46.91,0.02,6.49,105.62,0.13,0.13,2.91,7.06,20.06,62.474464,6.461324
2022-05-29T10:56:02,812,6.806,30.61,46.92,0.02,6.48,105.66,0.13,0.13,2.908,7.19,20.42,62.474464,6.461324
2022-05-29T11:56:02,813,6.782,30.57,46.89,0.02,6.48,105.6,0.13,0.13,2.911,7.19,20.43,62.474464,6.461324
2022-05-29T13:56:02,814,6.895,30.66,46.86,0.02,6.46,105.79,0.14,0.14,2.916,7.19,20.42,62.474464,6.461324
2022-05-29T14:56:02,815,7.102,30.86,46.89,0.02,6.48,105.84,0.13,0.13,2.913,7.06,20.06,62.474464,6.461324
2022-05-29T15:56:02,816,7.151,30.9,46.89,0.02,6.48,105.96,0.13,0.13,2.913,7.07,20.07,62.474464,6.461324
2022-05-29T16:56:02,817,7.292,31.01,46.85,0.02,6.5,105.99,0.13,0.13,2.914,6.98,19.82,62.474464,6.461324
2022-05-29T17:56:02,818,7.233,30.95,46.85,0.02,6.5,105.94,0.13,0.13,2.916,7.0,19.88,62.474464,6.461324
2022-05-29T18:56:02,819,7.249,30.97,46.86,0.02,6.5,106.04,0.12,0.12,2.913,7.03,19.95,62.474464,6.461324
2022-05-29T19:56:02,820,7.305,31.01,46.84,0.02,6.5,106.06,0.13,0.13,2.913,7.0,19.87,62.474464,6.461324
2022-05-29T20:56:02,821,7.294,31.01,46.86,0.02,6.5,106.18,0.13,0.13,2.915,7.01,19.91,62.474464,6.461324
2022-05-29T21:56:02,822,7.353,31.03,46.81,0.02,6.5,106.08,0.13,0.13,2.915,7.08,20.11,62.474464,6.461324
2022-05-29T22:56:02,823,7.364,31.03,46.8,0.02,6.5,106.11,0.13,0.13,2.919,7.13,20.25,62.474464,6.461324
2022-05-29T23:56:02,824,7.169,30.91,46.88,0.02,6.5,105.73,0.13,0.13,2.873,7.08,20.09,62.474464,6.461324
2022-05-30T01:56:02,825,6.881,30.71,46.96,0.02,6.45,105.76,0.13,0.13,2.939,7.18,20.37,62.474464,6.461324
2022-05-30T02:56:02,826,6.903,30.73,46.96,0.02,6.47,105.91,0.13,0.13,2.939,7.17,20.35,62.474464,6.461324
2022-05-30T03:56:02,827,6.957,30.74,46.9,0.02,6.49,105.73,0.13,0.13,2.938,7.14,20.27,62.474464,6.461324
2022-05-30T04:56:02,828,7.094,30.86,46.9,0.02,6.49,105.68,0.12,0.12,2.935,7.1,20.16,62.474464,6.461324
2022-05-30T05:56:02,829,7.252,30.98,46.87,0.02,6.5,105.81,0.13,0.13,2.938,7.07,20.08,62.474464,6.461324
2022-05-30T06:56:02,830,7.467,31.14,46.83,0.02,6.5,105.95,0.13,0.13,2.942,7.01,19.91,62.474464,6.461324
2022-05-30T07:56:02,831,7.447,31.13,46.83,0.02,6.5,106.08,0.12,0.12,2.944,7.01,19.92,62.474464,6.461324
2022-05-30T08:56:02,832,7.599,31.25,46.81,0.02,6.51,106.22,0.13,0.13,2.947,6.98,19.81,62.474464,6.461324
2022-05-30T09:56:02,833,7.693,31.34,46.81,0.02,6.51,106.31,0.12,0.12,2.95,6.95,19.74,62.474464,6.461324
2022-05-30T10:56:02,834,7.767,31.4,46.81,0.02,6.51,106.42,0.12,0.12,2.952,6.92,19.66,62.474464,6.461324
2022-05-30T11:56:02,835,7.833,31.47,46.82,0.02,6.51,106.54,0.12,0.12,2.954,6.92,19.65,62.474464,6.461324
2022-05-30T13:56:02,836,7.943,31.58,46.84,0.02,6.46,106.59,0.12,0.12,2.995,6.92,19.66,62.474464,6.461324
2022-05-30T14:56:02,837,7.957,31.61,46.86,0.02,6.5,106.5,0.12,0.12,2.999,6.98,19.83,62.474464,6.461324
2022-05-30T15:56:02,838,7.96,31.66,46.93,0.02,6.51,106.56,0.12,0.12,3.002,6.97,19.79,62.474464,6.461324
2022-05-30T16:56:02,839,8.018,31.67,46.88,0.02,6.52,106.51,0.12,0.12,3.007,6.94,19.69,62.474464,6.461324
2022-05-30T17:56:02,840,8.168,31.84,46.93,0.02,6.53,106.89,0.12,0.12,3.011,6.9,19.59,62.474464,6.461324
2022-05-30T18:56:02,841,8.2,32.02,47.15,0.02,6.53,106.9,0.12,0.12,3.013,7.05,20.02,62.474464,6.461324
2022-05-30T19:56:02,842,8.27,32.22,47.36,0.02,6.52,107.05,0.12,0.12,3.015,7.17,20.36,62.474464,6.461324
2022-05-30T20:56:02,843,8.293,32.27,47.39,0.02,6.53,107.01,0.11,0.11,3.022,7.21,20.46,62.474464,6.461324
2022-05-30T21:56:02,844,8.99,32.57,46.91,0.02,6.53,108.06,0.12,0.12,3.027,6.77,19.23,62.474464,6.461324
2022-05-30T22:56:02,845,7.865,31.66,47.06,0.02,6.51,106.47,0.12,0.12,3.029,7.06,20.04,62.474464,6.461324
2022-05-30T23:56:02,846,8.171,32.27,47.56,0.02,6.52,106.82,0.12,0.12,3.034,7.25,20.58,62.474464,6.461324
2022-05-31T01:56:02,847,8.281,32.04,47.07,0.02,6.49,107.09,0.13,0.13,2.98,7.02,19.94,62.474464,6.461324
2022-05-31T02:56:02,848,8.452,32.05,46.86,0.02,6.52,107.35,0.12,0.12,2.982,6.89,19.56,62.474464,6.461324
2022-05-31T03:56:02,849,8.447,32.08,46.91,0.02,6.53,107.29,0.11,0.11,2.983,6.92,19.65,62.474464,6.461324
2022-05-31T04:56:02,850,8.501,32.09,46.86,0.02,6.53,107.36,0.12,0.12,2.986,6.9,19.58,62.474464,6.461324
2022-05-31T05:56:02,851,8.587,32.18,46.87,0.02,6.53,107.47,0.12,0.12,2.989,6.87,19.5,62.474464,6.461324
2022-05-31T06:56:02,852,8.335,31.94,46.86,0.02,6.52,107.2,0.12,0.12,2.992,6.91,19.63,62.474464,6.461324
2022-05-31T07:56:02,853,8.141,31.81,46.91,0.02,6.52,106.91,0.12,0.12,2.991,6.98,19.82,62.474464,6.461324
2022-05-31T08:56:02,854,8.244,32.0,47.06,0.02,6.52,107.1,0.12,0.12,2.99,7.07,20.06,62.474464,6.461324
2022-05-31T09:56:02,855,8.453,32.04,46.84,0.02,6.53,107.56,0.12,0.12,2.99,6.91,19.63,62.474464,6.461324
2022-05-31T10:56:02,856,8.911,32.44,46.84,0.02,6.52,107.94,0.11,0.11,2.986,6.77,19.22,62.474464,6.461324
2022-05-31T11:56:03,857,8.965,32.48,46.82,0.02,6.52,108.08,0.12,0.12,2.984,6.73,19.11,62.474464,6.461324
2022-05-31T13:56:02,858,8.933,32.48,46.86,0.02,6.53,108.21,0.11,0.11,2.932,6.76,19.18,62.474464,6.461324
2022-05-31T14:56:02,859,9.493,32.96,46.83,0.02,6.5,109.76,0.11,0.11,2.928,6.66,18.92,62.474464,6.461324
2022-05-31T15:56:02,860,9.102,32.71,46.97,0.02,6.52,109.48,0.11,0.11,2.925,6.81,19.35,62.474464,6.461324
2022-05-31T16:56:02,861,9.602,33.02,46.78,0.02,6.5,110.15,0.1,0.1,2.921,6.64,18.85,62.474464,6.461324
2022-05-31T17:56:02,862,10.293,33.65,46.79,0.02,6.52,110.55,0.1,0.1,2.92,6.43,18.24,62.474464,6.461324
2022-05-31T18:56:02,863,9.04,32.64,46.95,0.02,6.5,109.61,0.11,0.11,2.918,6.77,19.22,62.474464,6.461324
2022-05-31T19:56:02,864,9.009,32.49,46.78,0.02,6.51,109.33,0.11,0.11,2.915,6.82,19.35,62.474464,6.461324
2022-05-31T20:56:02,865,9.292,32.6,46.58,0.02,6.51,109.48,0.11,0.11,2.914,6.76,19.19,62.474464,6.461324
2022-05-31T21:56:02,866,9.058,32.58,46.84,0.02,6.51,109.45,0.11,0.11,2.915,6.77,19.22,62.474464,6.461324
2022-05-31T22:56:02,867,9.775,33.34,47.02,0.02,6.52,110.56,0.11,0.11,2.911,6.5,18.44,62.474464,6.461324
2022-05-31T23:56:02,868,10.134,33.56,46.87,0.02,6.53,110.46,0.11,0.11,2.909,6.47,18.37,62.474464,6.461324
2022-06-01T01:56:02,869,9.289,32.74,46.78,0.02,6.5,110.15,0.1,0.1,2.937,6.69,18.98,62.474464,6.461324
2022-06-01T02:56:02,870,8.875,32.4,46.82,0.02,6.51,109.21,0.11,0.11,2.935,6.83,19.4,62.474464,6.461324
2022-06-01T03:56:02,871,8.427,31.99,46.8,0.02,6.51,108.36,0.12,0.12,2.928,6.95,19.72,62.474464,6.461324
2022-06-01T04:56:02,872,8.681,32.21,46.8,0.02,6.51,108.87,0.12,0.12,2.925,6.9,19.59,62.474464,6.461324
2022-06-01T05:56:02,873,8.535,32.07,46.79,0.02,6.51,108.69,0.11,0.11,2.921,6.97,19.78,62.474464,6.461324
2022-06-01T06:56:02,874,8.501,32.04,46.79,0.02,6.51,108.39,0.11,0.11,2.92,7.04,19.99,62.474464,6.461324
2022-06-01T07:56:02,875,8.452,32.03,46.83,0.02,6.51,107.83,0.11,0.11,2.915,6.94,19.69,62.474464,6.461324
2022-06-01T08:56:02,876,8.254,31.83,46.8,0.02,6.51,107.29,0.12,0.12,2.915,6.95,19.73,62.474464,6.461324
2022-06-01T09:56:02,877,8.299,31.91,46.85,0.02,6.5,107.79,0.11,0.11,2.909,6.97,19.8,62.474464,6.461324
2022-06-01T10:56:02,878,9.801,33.19,46.76,0.02,6.51,109.96,0.11,0.11,2.906,6.61,18.76,62.474464,6.461324
2022-06-01T11:56:02,879,10.344,33.72,46.83,0.02,6.52,110.49,0.12,0.12,2.904,6.4,18.16,62.474464,6.461324
2022-06-12T18:56:03,1127,12.393,35.52,46.79,0.02,6.57,107.33,0.09,0.09,2.911,6.04,17.13,62.474464,6.461324
2022-06-12T19:56:02,1128,12.435,35.57,46.8,0.02,6.57,107.37,0.09,0.09,2.919,6.03,17.1,62.474464,6.461324
2022-06-12T20:56:03,1129,12.341,35.49,46.8,0.02,6.57,106.84,0.09,0.09,2.904,6.02,17.07,62.474464,6.461324
2022-06-12T21:56:02,1130,12.13,35.29,46.8,0.02,6.57,107.06,0.09,0.09,2.913,6.1,17.3,62.474464,6.461324
2022-06-12T22:56:02,1131,11.948,35.13,46.8,0.02,6.58,107.08,0.1,0.1,2.915,6.13,17.39,62.474464,6.461324
2022-06-12T23:56:02,1132,11.781,34.97,46.78,0.02,6.56,106.97,0.09,0.09,2.913,6.19,17.56,62.474464,6.461324
2022-06-13T01:56:02,1133,11.562,34.78,46.79,0.02,6.56,107.12,0.09,0.09,2.93,6.25,17.73,62.474464,6.461324
2022-06-13T02:56:02,1134,11.32,34.56,46.78,0.02,6.56,106.94,0.09,0.09,2.928,6.33,17.95,62.474464,6.461324
2022-06-13T03:56:02,1135,11.207,34.46,46.79,0.02,6.58,106.97,0.09,0.09,2.924,6.35,18.01,62.474464,6.461324
2022-06-13T04:56:02,1136,11.076,34.34,46.79,0.02,6.56,106.93,0.09,0.09,2.926,6.38,18.11,62.474464,6.461324
2022-06-13T05:56:02,1137,11.182,34.47,46.83,0.02,6.54,106.87,0.09,0.09,2.929,6.38,18.1,62.474464,6.461324
2022-06-13T06:56:02,1138,11.182,34.46,46.82,0.02,6.56,106.71,0.1,0.1,2.935,6.38,18.1,62.474464,6.461324
2022-06-13T07:56:02,1139,11.193,34.47,46.81,0.02,6.55,106.69,0.09,0.09,2.933,6.37,18.08,62.474464,6.461324
2022-06-13T08:56:02,1140,11.611,34.85,46.82,0.02,6.56,106.74,0.09,0.09,2.938,6.26,17.78,62.474464,6.461324
2022-06-13T09:56:02,1141,11.521,34.76,46.81,0.02,6.56,106.92,0.09,0.09,2.947,6.3,17.88,62.474464,6.461324
2022-06-13T10:56:02,1142,11.868,35.06,46.79,0.02,6.56,106.61,0.09,0.09,2.952,6.19,17.57,62.474464,6.461324
2022-06-13T11:56:02,1143,11.844,35.04,46.79,0.02,6.56,106.58,0.09,0.09,2.958,6.19,17.56,62.474464,6.461324
2022-06-13T13:56:02,1144,11.871,35.06,46.79,0.02,6.56,106.57,0.09,0.09,2.927,6.19,17.57,62.474464,6.461324
2022-06-13T14:56:02,1145,11.942,35.1,46.76,0.02,6.58,106.39,0.09,0.09,2.931,6.18,17.53,62.474464,6.461324
2022-06-13T15:56:02,1146,12.032,35.16,46.74,0.02,6.57,106.14,0.08,0.08,2.932,6.13,17.39,62.474464,6.461324
2022-06-13T16:56:02,1147,11.951,35.1,46.75,0.02,6.57,106.05,0.09,0.09,2.946,6.16,17.47,62.474464,6.461324
2022-06-13T17:56:02,1148,11.966,35.11,46.75,0.02,6.56,105.99,0.1,0.1,2.944,6.16,17.47,62.474464,6.461324
2022-06-13T18:56:02,1149,12.015,35.16,46.76,0.02,6.59,105.98,0.09,0.09,2.944,6.13,17.41,62.474464,6.461324
2022-06-13T19:56:02,1150,12.03,35.18,46.77,0.02,6.58,106.0,0.1,0.1,2.947,6.14,17.41,62.474464,6.461324
2022-06-13T20:56:02,1151,11.953,35.11,46.77,0.02,6.58,106.09,0.09,0.09,2.948,6.16,17.49,62.474464,6.461324
2022-06-13T21:56:02,1152,11.906,35.06,46.75,0.02,6.57,106.08,0.09,0.09,2.953,6.19,17.55,62.474464,6.461324
2022-06-13T22:56:02,1153,11.849,34.99,46.73,0.02,6.57,106.08,0.09,0.09,2.955,6.21,17.63,62.474464,6.461324
2022-06-13T23:56:02,1154,11.634,34.81,46.75,0.02,6.56,106.31,0.09,0.09,2.958,6.28,17.81,62.474464,6.461324
2022-06-14T01:56:02,1155,11.612,34.79,46.74,0.02,6.56,106.12,0.09,0.09,2.945,6.29,17.84,62.474464,6.461324
2022-06-14T02:56:02,1156,11.637,34.81,46.74,0.02,6.58,105.98,0.1,0.1,2.948,6.27,17.8,62.474464,6.461324
2022-06-14T03:56:02,1157,11.759,34.93,46.76,0.02,6.57,105.88,0.09,0.09,2.95,6.23,17.67,62.474464,6.461324
2022-06-14T04:56:02,1158,11.787,34.95,46.75,0.02,6.58,105.64,0.09,0.09,2.95,6.22,17.64,62.474464,6.461324
2022-06-14T05:56:02,1159,11.773,34.94,46.75,0.02,6.58,105.67,0.1,0.1,2.952,6.23,17.69,62.474464,6.461324
2022-06-14T06:56:02,1160,11.827,34.98,46.74,0.02,6.58,105.49,0.09,0.09,2.955,6.2,17.59,62.474464,6.461324
2022-06-14T07:56:02,1161,11.793,34.95,46.75,0.02,6.58,105.44,0.09,0.09,2.954,6.2,17.6,62.474464,6.461324
2022-06-14T08:56:02,1162,11.766,34.93,46.74,0.02,6.57,105.59,0.12,0.12,2.955,6.23,17.67,62.474464,6.461324
2022-06-14T09:56:02,1163,11.758,34.92,46.74,0.02,6.58,105.71,0.09,0.09,2.959,6.21,17.63,62.474464,6.461324
2022-06-14T10:56:02,1164,11.728,34.9,46.75,0.02,6.58,105.78,0.1,0.1,2.963,6.23,17.69,62.474464,6.461324
2022-06-14T11:56:02,1165,11.708,34.89,46.77,0.02,6.56,105.81,0.08,0.08,2.969,6.25,17.74,62.474464,6.461324
2022-06-14T13:56:02,1166,11.836,34.94,46.68,0.02,6.56,105.59,0.13,0.13,2.93,6.17,17.5,62.474464,6.461324
2022-06-14T14:56:02,1167,11.89,35.02,46.72,0.02,6.57,105.63,0.09,0.09,2.931,6.15,17.45,62.474464,6.461324
2022-06-14T15:56:02,1168,11.964,35.09,46.72,0.02,6.59,105.7,0.09,0.09,2.932,6.12,17.36,62.474464,6.461324
2022-06-14T16:56:02,1169,12.004,35.13,46.72,0.02,6.59,105.77,0.09,0.09,2.934,6.12,17.38,62.474464,6.461324
2022-06-14T17:56:02,1170,12.009,35.13,46.72,0.02,6.6,105.85,0.1,0.1,2.931,6.12,17.36,62.474464,6.461324
2022-06-14T18:56:02,1171,12.011,35.12,46.71,0.02,6.61,105.9,0.09,0.09,2.932,6.08,17.26,62.474464,6.461324
2022-06-14T19:56:02,1172,11.979,35.09,46.7,0.02,6.6,105.89,0.09,0.09,2.934,6.12,17.35,62.474464,6.461324
2022-06-14T20:56:02,1173,11.938,35.03,46.68,0.02,6.61,106.13,0.09,0.09,2.936,6.07,17.24,62.474464,6.461324
2022-06-14T21:56:02,1174,11.902,35.0,46.68,0.02,6.6,106.18,0.1,0.1,2.935,6.11,17.33,62.474464,6.461324
2022-06-14T22:56:02,1175,11.878,34.97,46.66,0.02,6.6,106.18,0.09,0.09,2.936,6.13,17.39,62.474464,6.461324
2022-06-14T23:56:02,1176,11.858,34.96,46.68,0.02,6.6,106.09,0.09,0.09,2.937,6.16,17.47,62.474464,6.461324
2022-06-15T01:56:02,1177,11.846,34.95,46.68,0.02,6.57,106.23,0.09,0.09,2.92,6.16,17.48,62.474464,6.461324
2022-06-15T02:56:02,1178,11.852,34.97,46.69,0.02,6.6,106.09,0.09,0.09,2.921,6.15,17.45,62.474464,6.461324
2022-06-15T03:56:02,1179,11.92,35.03,46.7,0.02,6.6,106.0,0.09,0.09,2.922,6.15,17.46,62.474464,6.461324
2022-06-15T04:56:02,1180,11.976,35.08,46.69,0.02,6.6,105.79,0.09,0.09,2.924,6.14,17.44,62.474464,6.461324
2022-06-15T05:56:02,1181,11.95,35.03,46.66,0.02,6.59,105.87,0.09,0.09,2.923,6.18,17.54,62.474464,6.461324
2022-06-15T06:56:02,1182,11.974,35.05,46.66,0.02,6.59,105.91,0.09,0.09,2.925,6.18,17.52,62.474464,6.461324
2022-06-15T07:56:02,1183,11.993,35.07,46.66,0.02,6.59,105.84,0.1,0.1,2.926,6.17,17.5,62.474464,6.461324
2022-06-15T08:56:02,1184,11.99,35.08,46.67,0.02,6.59,105.88,0.09,0.09,2.927,6.16,17.49,62.474464,6.461324
2022-06-15T09:56:02,1185,12.078,35.16,46.68,0.02,6.58,105.82,0.09,0.09,2.926,6.11,17.33,62.474464,6.461324
2022-06-15T10:56:02,1186,12.134,35.22,46.69,0.02,6.59,105.95,0.09,0.09,2.927,6.09,17.28,62.474464,6.461324
2022-06-15T11:56:02,1187,12.172,35.25,46.7,0.02,6.6,106.06,0.08,0.08,2.926,6.09,17.29,62.474464,6.461324
2022-06-15T13:56:02,1188,12.081,35.17,46.69,0.02,6.58,106.1,0.09,0.09,2.91,6.11,17.34,62.474464,6.461324
2022-06-15T14:56:02,1189,12.157,35.23,46.68,0.02,6.61,106.15,0.08,0.08,2.907,6.09,17.27,62.474464,6.461324
2022-06-15T15:56:02,1190,12.21,35.28,46.69,0.02,6.62,106.2,0.09,0.09,2.907,6.09,17.28,62.474464,6.461324
2022-06-15T16:56:02,1191,12.243,35.32,46.69,0.02,6.63,106.3,0.08,0.08,2.907,6.06,17.19,62.474464,6.461324
2022-06-15T17:56:02,1192,12.256,35.32,46.68,0.02,6.62,106.36,0.08,0.08,2.905,6.08,17.24,62.474464,6.461324
2022-06-15T18:56:02,1193,12.279,35.35,46.69,0.02,6.62,106.48,0.09,0.09,2.905,6.03,17.1,62.474464,6.461324
2022-06-15T19:56:02,1194,12.1,35.18,46.68,0.02,6.6,106.53,0.09,0.09,2.905,6.14,17.44,62.474464,6.461324
2022-06-15T20:56:02,1195,12.059,35.08,46.6,0.02,6.6,106.65,0.09,0.09,2.905,6.25,17.75,62.474464,6.461324
2022-06-15T21:56:02,1196,12.175,35.19,46.61,0.02,6.6,106.81,0.09,0.09,2.908,6.17,17.51,62.474464,6.461324
2022-06-15T22:56:02,1197,12.036,35.1,46.65,0.02,6.61,106.59,0.09,0.09,2.907,6.19,17.55,62.474464,6.461324
2022-06-15T23:56:02,1198,12.052,35.1,46.63,0.02,6.61,106.42,0.09,0.09,2.907,6.21,17.64,62.474464,6.461324
2022-06-16T01:56:03,1199,12.058,35.12,46.65,0.02,6.59,106.4,0.12,0.12,2.921,6.17,17.52,62.474464,6.461324
2022-06-16T02:56:02,1200,12.047,35.12,46.66,0.02,6.62,106.25,0.09,0.09,2.922,6.17,17.49,62.474464,6.461324
2022-06-16T03:56:02,1201,12.015,35.08,46.64,0.02,6.62,106.27,0.08,0.08,2.921,6.22,17.64,62.474464,6.461324
2022-06-16T04:56:02,1202,12.02,35.08,46.64,0.02,6.62,106.26,0.08,0.08,2.92,6.22,17.65,62.474464,6.461324
2022-06-16T05:56:02,1203,12.049,35.1,46.64,0.02,6.62,106.29,0.1,0.1,2.918,6.23,17.67,62.474464,6.461324
2022-06-16T06:56:02,1204,12.038,35.1,46.65,0.02,6.61,106.34,0.09,0.09,2.917,6.21,17.61,62.474464,6.461324
2022-06-16T07:56:02,1205,11.99,35.06,46.66,0.02,6.61,106.39,0.08,0.08,2.916,6.25,17.74,62.474464,6.461324
2022-06-16T08:56:02,1206,12.059,35.11,46.64,0.02,6.6,106.39,0.09,0.09,2.914,6.21,17.62,62.474464,6.461324
2022-06-16T09:56:02,1207,11.919,35.02,46.68,0.02,6.6,106.49,0.08,0.08,2.913,6.23,17.68,62.474464,6.461324
2022-06-16T10:56:02,1208,11.883,34.96,46.64,0.02,6.6,106.4,0.09,0.09,2.917,6.32,17.92,62.474464,6.461324
2022-06-16T11:56:02,1209,12.031,35.02,46.56,0.02,6.6,106.65,0.08,0.08,2.92,6.32,17.95,62.474464,6.461324
2022-06-16T13:56:02,1210,12.224,35.3,46.69,0.02,6.59,106.88,0.09,0.09,2.895,6.16,17.48,62.474464,6.461324
2022-06-16T14:56:02,1211,12.278,35.37,46.72,0.02,6.62,106.77,0.09,0.09,2.9,6.15,17.45,62.474464,6.461324
2022-06-16T15:56:02,1212,12.173,35.25,46.69,0.02,6.62,106.85,0.09,0.09,2.898,6.19,17.57,62.474464,6.461324
2022-06-16T16:56:02,1213,12.414,35.46,46.68,0.02,6.62,107.2,0.09,0.09,2.898,6.13,17.4,62.474464,6.461324
2022-06-16T17:56:02,1214,12.914,35.72,46.44,0.02,6.62,107.6,0.08,0.08,2.901,6.06,17.19,62.474464,6.461324
2022-06-16T18:56:02,1215,12.649,35.6,46.6,0.02,6.62,107.79,0.08,0.08,2.903,6.09,17.28,62.474464,6.461324
2022-06-16T19:56:02,1216,12.828,35.74,46.56,0.02,6.63,107.53,0.08,0.08,2.903,5.98,16.96,62.474464,6.461324
2022-06-16T20:56:02,1217,13.002,35.89,46.56,0.02,6.63,107.5,0.07,0.07,2.903,5.9,16.73,62.474464,6.461324
2022-06-16T21:56:02,1218,12.815,35.74,46.59,0.02,6.63,107.31,0.08,0.08,2.901,5.95,16.89,62.474464,6.461324
2022-06-16T22:56:02,1219,12.955,35.86,46.58,0.02,6.63,107.36,0.08,0.08,2.9,5.89,16.7,62.474464,6.461324
2022-06-16T23:56:02,1220,12.985,35.89,46.58,0.02,6.63,107.3,0.08,0.08,2.903,5.87,16.67,62.474464,6.461324
2022-06-17T01:56:02,1221,12.251,35.3,46.66,0.02,6.62,107.15,0.08,0.08,2.918,6.16,17.47,62.474464,6.461324
2022-06-17T02:56:02,1222,12.5,35.47,46.6,0.02,6.63,107.21,0.08,0.08,2.913,6.1,17.31,62.474464,6.461324
2022-06-17T03:56:02,1223,12.157,35.21,46.65,0.02,6.63,106.81,0.09,0.09,2.907,6.21,17.64,62.474464,6.461324
2022-06-17T04:56:02,1224,12.156,35.21,46.65,0.02,6.63,107.1,0.09,0.09,2.902,6.22,17.65,62.474464,6.461324
2022-06-17T05:56:02,1225,12.253,35.32,46.69,0.02,6.64,107.12,0.09,0.09,2.896,6.14,17.43,62.474464,6.461324
2022-06-17T06:56:02,1226,12.104,35.2,46.7,0.02,6.62,106.99,0.08,0.08,2.889,6.2,17.59,62.474464,6.461324
2022-06-17T07:56:02,1227,12.167,35.26,46.7,0.02,6.6,107.21,0.08,0.08,2.884,6.18,17.54,62.474464,6.461324
2022-06-17T08:56:02,1228,12.08,35.17,46.69,0.02,6.61,107.05,0.09,0.09,2.874,6.2,17.6,62.474464,6.461324
2022-06-17T09:56:02,1229,11.982,35.0,46.58,0.02,6.61,107.0,0.08,0.08,2.864,6.38,18.1,62.474464,6.461324
2022-06-17T10:56:02,1230,12.064,35.12,46.64,0.02,6.6,106.91,0.08,0.08,2.853,6.29,17.86,62.474464,6.461324
2022-06-17T11:56:02,1231,12.29,35.28,46.59,0.02,6.61,107.37,0.08,0.08,2.842,6.27,17.81,62.474464,6.461324
2022-06-17T13:56:02,1232,12.641,35.72,46.76,0.02,6.62,107.35,0.09,0.09,2.918,6.11,17.34,62.474464,6.461324
2022-06-17T14:56:02,1233,12.405,35.45,46.68,0.02,6.63,106.88,0.09,0.09,2.9,6.15,17.44,62.474464,6.461324
2022-06-17T15:56:02,1234,12.14,35.17,46.62,0.02,6.62,107.14,0.08,0.08,2.878,6.29,17.86,62.474464,6.461324
2022-06-17T16:56:02,1235,12.377,35.44,46.69,0.02,6.65,106.97,0.08,0.08,2.873,6.15,17.44,62.474464,6.461324
2022-06-17T17:56:02,1236,12.895,35.91,46.71,0.02,6.65,107.75,0.08,0.08,2.865,6.12,17.37,62.474464,6.461324
2022-06-17T18:56:02,1237,12.691,35.72,46.69,0.02,6.63,107.4,0.08,0.08,2.868,6.13,17.4,62.474464,6.461324
2022-06-17T19:56:02,1238,12.355,35.33,46.58,0.02,6.64,107.26,0.08,0.08,2.864,6.23,17.69,62.474464,6.461324
2022-06-17T20:56:02,1239,12.563,35.52,46.59,0.02,6.64,107.45,0.09,0.09,2.861,6.18,17.54,62.474464,6.461324
2022-06-17T21:56:02,1240,12.601,35.61,46.67,0.02,6.64,107.79,0.09,0.09,2.858,6.18,17.52,62.474464,6.461324
2022-06-17T22:56:02,1241,13.202,36.23,46.77,0.02,6.63,107.81,0.08,0.08,2.861,6.0,17.03,62.474464,6.461324
2022-06-17T23:56:02,1242,13.436,36.36,46.67,0.02,6.57,107.19,0.08,0.08,2.876,5.87,16.64,62.474464,6.461324
2022-06-18T01:56:02,1243,12.932,35.99,46.77,0.02,6.58,107.17,0.08,0.08,2.929,5.97,16.93,62.474464,6.461324
2022-06-18T02:56:02,1244,12.414,35.42,46.63,0.02,6.6,106.31,0.09,0.09,2.936,6.12,17.35,62.474464,6.461324
2022-06-18T03:56:02,1245,12.325,35.34,46.63,0.02,6.61,106.2,0.09,0.09,2.934,6.08,17.26,62.474464,6.461324
2022-06-18T04:56:02,1246,12.366,35.39,46.65,0.02,6.6,106.21,0.09,0.09,2.937,6.07,17.23,62.474464,6.461324
2022-06-18T05:56:02,1247,12.297,35.29,46.6,0.02,6.6,105.92,0.09,0.09,2.935,6.09,17.28,62.474464,6.461324
2022-06-18T06:56:02,1248,12.311,35.31,46.6,0.02,6.57,105.84,0.08,0.08,2.935,6.08,17.25,62.474464,6.461324
2022-06-18T07:56:02,1249,12.651,35.62,46.61,0.02,6.58,106.02,0.08,0.08,2.941,5.98,16.96,62.474464,6.461324
2022-06-18T08:56:02,1250,12.171,35.28,46.72,0.02,6.59,106.66,0.09,0.09,2.942,6.14,17.41,62.474464,6.461324
2022-06-18T09:56:02,1251,11.991,35.04,46.63,0.02,6.57,106.0,0.09,0.09,2.944,6.2,17.59,62.474464,6.461324
2022-06-18T10:56:02,1252,11.626,34.67,46.56,0.02,6.57,105.74,0.08,0.08,2.94,6.32,17.93,62.474464,6.461324
2022-06-18T11:56:02,1253,10.977,34.16,46.66,0.02,6.53,105.98,0.09,0.09,2.94,6.5,18.46,62.474464,6.461324
2022-06-18T13:56:02,1254,11.963,35.04,46.66,0.02,6.55,106.18,0.09,0.09,2.868,6.22,17.64,62.474464,6.461324
2022-06-18T14:56:02,1255,11.575,34.71,46.68,0.02,6.56,106.13,0.09,0.09,2.865,6.36,18.04,62.474464,6.461324
2022-06-18T15:56:02,1256,11.946,35.04,46.68,0.02,6.59,106.25,0.09,0.09,2.86,6.22,17.65,62.474464,6.461324
2022-06-18T16:56:02,1257,12.099,35.17,46.66,0.02,6.57,106.13,0.09,0.09,2.858,6.18,17.54,62.474464,6.461324
2022-06-18T17:56:02,1258,12.13,35.17,46.63,0.02,6.54,105.96,0.09,0.09,2.861,6.17,17.52,62.474464,6.461324
2022-06-18T18:56:02,1259,12.035,35.12,46.67,0.02,6.58,106.14,0.09,0.09,2.862,6.16,17.48,62.474464,6.461324
2022-06-18T19:56:02,1260,12.191,35.24,46.66,0.02,6.61,106.1,0.08,0.08,2.854,6.12,17.37,62.474464,6.461324
2022-06-18T20:56:02,1261,12.195,35.25,46.66,0.02,6.61,106.1,0.09,0.09,2.854,6.12,17.35,62.474464,6.461324
2022-06-18T21:56:02,1262,12.179,35.24,46.67,0.02,6.61,106.08,0.09,0.09,2.855,6.13,17.4,62.474464,6.461324
2022-06-18T22:56:02,1263,12.219,35.28,46.67,0.02,6.61,105.96,0.09,0.09,2.853,6.12,17.36,62.474464,6.461324
2022-06-18T23:56:02,1264,12.272,35.33,46.67,0.02,6.6,106.05,0.08,0.08,2.853,6.12,17.37,62.474464,6.461324
2022-06-19T01:56:02,1265,12.128,35.21,46.69,0.02,6.59,105.94,0.09,0.09,2.901,6.14,17.43,62.474464,6.461324
2022-06-19T02:56:02,1266,11.993,35.09,46.69,0.02,6.59,105.94,0.09,0.09,2.899,6.18,17.54,62.474464,6.461324
2022-06-19T03:56:02,1267,11.805,34.92,46.69,0.02,6.6,105.97,0.09,0.09,2.896,6.24,17.71,62.474464,6.461324
2022-06-19T04:56:02,1268,11.906,35.01,46.68,0.02,6.6,105.73,0.09,0.09,2.896,6.19,17.58,62.474464,6.461324
2022-06-19T05:56:02,1269,11.899,35.0,46.68,0.02,6.6,105.64,0.09,0.09,2.901,6.21,17.62,62.474464,6.461324
2022-06-19T06:56:02,1270,11.845,34.95,46.68,0.02,6.6,105.62,0.08,0.08,2.903,6.2,17.59,62.474464,6.461324
2022-06-19T07:56:02,1271,11.855,34.97,46.7,0.02,6.6,105.57,0.09,0.09,2.908,6.2,17.59,62.474464,6.461324
2022-06-19T08:56:02,1272,11.822,34.93,46.68,0.02,6.59,105.67,0.09,0.09,2.915,6.21,17.63,62.474464,6.461324
2022-06-19T09:56:02,1273,11.808,34.93,46.7,0.02,6.59,105.76,0.08,0.08,2.923,6.22,17.65,62.474464,6.461324
2022-06-19T10:56:02,1274,11.788,34.92,46.71,0.02,6.58,105.88,0.09,0.09,2.929,6.24,17.72,62.474464,6.461324
2022-06-19T11:56:02,1275,11.767,34.91,46.72,0.02,6.58,105.9,0.08,0.08,2.935,6.21,17.61,62.474464,6.461324
2022-06-19T13:56:02,1276,11.884,35.01,46.71,0.02,6.59,105.84,0.09,0.09,2.992,6.2,17.58,62.474464,6.461324
2022-06-19T14:56:02,1277,11.931,35.05,46.7,0.02,6.6,105.88,0.08,0.08,2.998,6.2,17.6,62.474464,6.461324
2022-06-19T15:56:03,1278,11.993,35.1,46.71,0.02,6.62,106.01,0.08,0.08,3.003,6.19,17.57,62.474464,6.461324
2022-06-19T16:56:02,1279,12.386,35.46,46.72,0.02,6.61,106.8,0.07,0.07,3.011,6.07,17.22,62.474464,6.461324
2022-06-19T17:56:03,1280,12.832,35.86,46.72,0.02,6.6,107.15,0.08,0.08,3.02,5.93,16.81,62.474464,6.461324
2022-06-19T18:56:02,1281,12.969,35.98,46.71,0.02,6.63,107.35,0.07,0.07,3.024,5.89,16.72,62.474464,6.461324
2022-06-19T19:56:02,1282,13.321,36.32,46.75,0.02,6.62,107.7,0.07,0.07,3.03,5.8,16.46,62.474464,6.461324
2022-06-19T20:56:02,1283,11.839,34.96,46.7,0.02,6.6,106.92,0.08,0.08,3.039,6.23,17.68,62.474464,6.461324
2022-06-19T21:56:02,1284,12.035,35.15,46.72,0.02,6.64,106.91,0.08,0.08,3.041,6.17,17.49,62.474464,6.461324
2022-06-19T22:56:02,1285,12.177,35.28,46.73,0.02,6.62,106.65,0.08,0.08,3.045,6.15,17.44,62.474464,6.461324
2022-06-19T23:56:02,1286,11.865,34.99,46.71,0.02,6.61,106.45,0.08,0.08,3.045,6.26,17.76,62.474464,6.461324
2022-06-20T01:56:02,1287,11.814,34.94,46.71,0.02,6.61,106.47,0.09,0.09,2.956,6.28,17.81,62.474464,6.461324
2022-06-20T02:56:02,1288,11.58,34.73,46.7,0.02,6.6,106.1,0.09,0.09,2.956,6.32,17.93,62.474464,6.461324
2022-06-20T03:56:02,1289,11.679,34.83,46.72,0.02,6.61,106.15,0.09,0.09,2.953,6.3,17.88,62.474464,6.461324
2022-06-20T04:56:02,1290,11.788,34.92,46.7,0.02,6.62,106.14,0.09,0.09,2.949,6.28,17.82,62.474464,6.461324
2022-06-20T05:56:03,1291,11.872,34.99,46.7,0.02,6.62,106.15,0.09,0.09,2.947,6.25,17.73,62.474464,6.461324
2022-06-20T06:56:02,1292,11.912,35.02,46.69,0.02,6.62,106.09,0.09,0.09,2.946,6.25,17.73,62.474464,6.461324
2022-06-20T07:56:02,1293,12.008,35.12,46.71,0.02,6.62,106.54,0.09,0.09,2.943,6.22,17.64,62.474464,6.461324
2022-06-20T08:56:02,1294,12.248,35.32,46.69,0.02,6.63,106.71,0.08,0.08,2.939,6.16,17.48,62.474464,6.461324
2022-07-31T20:56:02,2204,15.393,37.91,46.42,0.02,6.59,104.84,1.05,1.05,2.912,6.78,18.0,62.474464,6.461324
2022-07-31T21:56:02,2205,15.439,37.95,46.43,0.02,6.59,104.86,1.09,1.09,2.914,6.78,17.98,62.474464,6.461324
2022-07-31T22:56:02,2206,15.537,38.05,46.44,0.02,6.58,104.9,1.06,1.06,2.912,6.8,18.04,62.474464,6.461324
2022-07-31T23:56:02,2207,15.661,38.16,46.45,0.02,6.56,104.93,1.07,1.07,2.916,6.72,17.82,62.474464,6.461324
2022-08-01T01:56:02,2208,15.592,38.09,46.44,0.02,6.55,104.77,1.07,1.07,2.939,6.74,17.88,62.474464,6.461324
2022-08-01T02:56:02,2209,15.588,38.12,46.47,0.02,6.58,104.72,1.05,1.05,2.937,6.71,17.8,62.474464,6.461324
2022-08-01T03:56:02,2210,15.518,38.02,46.43,0.02,6.59,104.61,1.05,1.05,2.936,6.76,17.94,62.474464,6.461324
2022-08-01T04:56:02,2211,15.467,37.98,46.43,0.02,6.59,104.52,1.02,1.02,2.936,6.77,17.96,62.474464,6.461324
2022-08-01T05:56:02,2212,15.404,37.92,46.44,0.02,6.58,104.45,1.05,1.05,2.936,6.79,18.02,62.474464,6.461324
2022-08-01T06:56:02,2213,15.386,37.9,46.43,0.02,6.58,104.48,1.03,1.03,2.936,6.82,18.1,62.474464,6.461324
2022-08-01T07:56:02,2214,15.361,37.89,46.44,0.02,6.56,104.36,1.04,1.04,2.936,6.8,18.04,62.474464,6.461324
2022-08-01T08:56:02,2215,15.422,37.94,46.43,0.02,6.57,104.47,1.04,1.04,2.941,6.8,18.05,62.474464,6.461324
2022-08-01T09:56:02,2216,15.429,37.94,46.43,0.02,6.58,104.51,1.02,1.02,2.94,6.77,17.97,62.474464,6.461324
2022-08-01T10:56:02,2217,15.484,37.99,46.43,0.02,6.58,104.54,1.03,1.03,2.943,6.77,17.97,62.474464,6.461324
2022-08-01T11:56:02,2218,15.507,38.01,46.43,0.02,6.58,104.68,1.04,1.04,2.943,6.78,17.99,62.474464,6.461324
2022-08-01T13:56:02,2219,15.751,38.21,46.41,0.02,6.53,104.73,1.01,1.01,2.899,6.62,17.55,62.474464,6.461324
2022-08-01T14:56:02,2220,15.749,38.22,46.42,0.02,6.58,104.88,1.03,1.03,2.897,6.65,17.64,62.474464,6.461324
2022-08-01T15:56:02,2221,15.748,38.22,46.43,0.02,6.59,105.04,0.99,0.99,2.899,6.65,17.63,62.474464,6.461324
2022-08-01T16:56:02,2222,15.793,38.27,46.44,0.02,6.61,105.08,1.0,1.0,2.896,6.6,17.51,62.474464,6.461324
2022-08-01T17:56:02,2223,15.85,38.31,46.43,0.02,6.61,105.16,1.02,1.02,2.894,6.61,17.52,62.474464,6.461324
2022-08-01T18:56:02,2224,15.885,38.35,46.43,0.02,6.6,105.29,1.03,1.03,2.892,6.56,17.41,62.474464,6.461324
2022-08-01T19:56:02,2225,15.947,38.4,46.43,0.02,6.6,105.31,1.0,1.0,2.892,6.54,17.34,62.474464,6.461324
2022-08-01T20:56:02,2226,15.959,38.42,46.43,0.02,6.6,105.3,1.02,1.02,2.891,6.54,17.33,62.474464,6.461324
2022-08-01T21:56:02,2227,15.933,38.4,46.44,0.02,6.6,105.22,0.98,0.98,2.889,6.53,17.32,62.474464,6.461324
2022-08-01T22:56:02,2228,15.883,38.35,46.44,0.02,6.6,105.19,1.01,1.01,2.888,6.55,17.36,62.474464,6.461324
2022-08-01T23:56:02,2229,15.864,38.33,46.43,0.02,6.6,105.04,1.03,1.03,2.886,6.54,17.34,62.474464,6.461324
2022-08-02T01:56:02,2230,16.004,38.46,46.44,0.02,6.56,104.84,1.01,1.01,2.911,6.5,17.23,62.474464,6.461324
2022-08-02T02:56:02,2231,15.962,38.42,46.44,0.02,6.59,104.79,1.03,1.03,2.908,6.47,17.15,62.474464,6.461324
2022-08-02T03:56:02,2232,15.905,38.39,46.46,0.02,6.6,104.78,1.02,1.02,2.899,6.51,17.25,62.474464,6.461324
2022-08-02T04:56:02,2233,15.9,38.36,46.43,0.02,6.6,104.7,1.01,1.01,2.892,6.54,17.35,62.474464,6.461324
2022-08-02T05:56:02,2234,15.885,38.34,46.43,0.02,6.58,104.62,1.0,1.0,2.883,6.56,17.4,62.474464,6.461324
2022-08-02T06:56:02,2235,15.848,38.31,46.43,0.02,6.57,104.51,1.03,1.03,2.87,6.58,17.45,62.474464,6.461324
2022-08-02T07:56:02,2236,15.762,38.24,46.43,0.02,6.57,104.38,1.03,1.03,2.863,6.61,17.54,62.474464,6.461324
2022-08-02T08:56:03,2237,15.631,38.09,46.39,0.02,6.57,104.23,1.02,1.02,2.859,6.75,17.9,62.474464,6.461324
2022-08-02T09:56:02,2238,15.668,38.15,46.43,0.02,6.57,104.23,1.01,1.01,2.85,6.66,17.65,62.474464,6.461324
2022-08-02T10:56:02,2239,15.632,38.12,46.43,0.02,6.56,104.27,1.02,1.02,2.839,6.68,17.71,62.474464,6.461324
2022-08-02T11:56:02,2240,15.517,38.03,46.44,0.02,6.56,104.28,1.02,1.02,2.828,6.74,17.89,62.474464,6.461324
2022-08-02T13:56:02,2241,14.975,37.54,46.43,0.02,6.54,103.86,1.08,1.08,2.922,7.01,18.61,62.474464,6.461324
2022-08-02T14:56:02,2242,14.853,37.42,46.42,0.02,6.54,103.64,1.06,1.06,2.907,7.04,18.69,62.474464,6.461324
2022-08-02T15:56:02,2243,14.584,37.21,46.45,0.02,6.53,103.5,1.06,1.06,2.888,7.14,18.96,62.474464,6.461324
2022-08-02T16:56:02,2244,14.363,37.0,46.43,0.02,6.54,103.36,1.08,1.08,2.883,7.22,19.19,62.474464,6.461324
2022-08-02T17:56:02,2245,14.314,36.98,46.46,0.02,6.53,103.3,1.09,1.09,2.877,7.22,19.17,62.474464,6.461324
2022-08-02T18:56:02,2246,14.257,36.91,46.44,0.02,6.56,103.21,1.09,1.09,2.873,7.23,19.21,62.474464,6.461324
2022-08-02T19:56:03,2247,14.519,37.08,46.36,0.02,6.56,103.37,1.07,1.07,2.868,7.12,18.92,62.474464,6.461324
2022-08-02T20:56:02,2248,14.537,37.16,46.44,0.02,6.57,103.25,1.08,1.08,2.868,7.1,18.85,62.474464,6.461324
2022-08-02T21:56:02,2249,15.287,37.79,46.4,0.02,6.59,103.44,1.04,1.04,2.868,6.83,18.13,62.474464,6.461324
2022-08-02T22:56:02,2250,15.082,37.62,46.41,0.02,6.58,103.42,1.04,1.04,2.872,6.94,18.41,62.474464,6.461324
2022-08-02T23:56:02,2251,15.011,37.55,46.4,0.02,6.58,103.49,1.05,1.05,2.883,6.95,18.46,62.474464,6.461324
2022-08-03T01:56:02,2252,15.023,37.56,46.41,0.02,6.55,103.48,1.06,1.06,2.889,6.95,18.45,62.474464,6.461324
2022-08-03T02:56:02,2253,15.032,37.56,46.4,0.02,6.57,103.36,1.04,1.04,2.88,6.95,18.45,62.474464,6.461324
2022-08-03T03:56:02,2254,15.055,37.58,46.39,0.02,6.59,103.29,1.05,1.05,2.882,6.95,18.46,62.474464,6.461324
2022-08-03T04:56:02,2255,14.799,37.37,46.41,0.02,6.56,103.26,1.07,1.07,2.891,7.07,18.79,62.474464,6.461324
2022-08-03T05:56:02,2256,14.96,37.49,46.38,0.02,6.58,103.16,1.05,1.05,2.889,7.0,18.58,62.474464,6.461324
2022-08-03T06:56:02,2257,14.905,37.45,46.39,0.02,6.56,103.07,1.07,1.07,2.886,7.03,18.68,62.474464,6.461324
2022-08-03T07:56:02,2258,15.015,37.52,46.36,0.02,6.56,103.11,1.07,1.07,2.883,6.96,18.48,62.474464,6.461324
2022-08-03T08:56:02,2259,15.028,37.51,46.34,0.02,6.56,103.04,1.06,1.06,2.878,6.94,18.43,62.474464,6.461324
2022-08-03T09:56:02,2260,14.919,37.46,46.4,0.02,6.57,103.09,1.05,1.05,2.881,7.04,18.68,62.474464,6.461324
2022-08-03T10:56:02,2261,14.974,37.51,46.39,0.02,6.57,103.12,1.04,1.04,2.887,6.96,18.49,62.474464,6.461324
2022-08-03T11:56:02,2262,14.973,37.49,46.37,0.02,6.56,103.26,1.03,1.03,2.896,7.0,18.59,62.474464,6.461324
2022-08-03T13:56:02,2263,14.993,37.45,46.3,0.02,6.54,103.31,1.02,1.02,2.971,6.96,18.49,62.474464,6.461324
2022-08-03T14:56:02,2264,15.0,37.49,46.35,0.02,6.58,103.34,1.07,1.07,2.975,6.95,18.47,62.474464,6.461324
2022-08-03T15:56:02,2265,14.99,37.45,46.31,0.02,6.58,103.32,1.04,1.04,2.974,6.95,18.46,62.474464,6.461324
2022-08-03T16:56:02,2266,15.016,37.51,46.35,0.02,6.59,103.46,1.05,1.05,2.976,6.96,18.49,62.474464,6.461324
2022-08-03T17:56:02,2267,15.225,37.56,46.18,0.02,6.59,103.45,1.03,1.03,2.983,6.8,18.05,62.474464,6.461324
2022-08-03T18:56:02,2268,15.316,37.67,46.22,0.02,6.58,103.54,1.06,1.06,2.986,6.74,17.88,62.474464,6.461324
2022-08-03T19:56:02,2269,15.18,37.57,46.25,0.02,6.58,103.42,1.05,1.05,2.994,6.93,18.4,62.474464,6.461324
2022-08-03T20:56:02,2270,15.235,37.67,46.3,0.02,6.58,103.42,1.04,1.04,3.002,6.84,18.15,62.474464,6.461324
2022-08-03T21:56:02,2271,15.237,37.65,46.28,0.02,6.58,103.45,1.02,1.02,3.007,6.83,18.14,62.474464,6.461324
2022-08-03T22:56:02,2272,15.228,37.6,46.23,0.02,6.58,103.33,1.04,1.04,3.011,6.85,18.19,62.474464,6.461324
2022-08-03T23:56:02,2273,15.25,37.62,46.22,0.02,6.58,103.35,1.0,1.0,3.014,6.83,18.14,62.474464,6.461324
2022-08-04T01:56:02,2274,15.146,37.4,46.07,0.02,6.55,103.14,1.04,1.04,2.989,7.21,19.16,62.474464,6.461324
2022-08-04T02:56:02,2275,15.124,37.42,46.12,0.02,6.57,103.05,1.01,1.01,2.998,7.17,19.04,62.474464,6.461324
2022-08-04T03:56:02,2276,15.029,37.32,46.1,0.02,6.57,102.92,1.06,1.06,2.999,7.26,19.29,62.474464,6.461324
2022-08-04T04:56:02,2277,14.907,37.27,46.17,0.02,6.56,102.87,1.04,1.04,3.003,7.27,19.33,62.474464,6.461324
2022-08-04T05:56:02,2278,14.888,37.28,46.2,0.02,6.57,102.79,1.07,1.07,3.004,7.27,19.32,62.474464,6.461324
2022-08-04T06:56:02,2279,14.939,37.37,46.26,0.02,6.56,102.79,1.04,1.04,3.009,7.06,18.76,62.474464,6.461324
2022-08-04T07:56:02,2280,14.856,37.32,46.29,0.02,6.56,102.63,1.06,1.06,3.01,7.13,18.95,62.474464,6.461324
2022-08-04T08:56:02,2281,14.949,37.38,46.27,0.02,6.57,102.57,1.07,1.07,3.016,7.01,18.62,62.474464,6.461324
2022-08-04T09:56:02,2282,14.912,37.36,46.27,0.02,6.57,102.7,1.06,1.06,3.019,7.06,18.74,62.474464,6.461324
2022-08-04T10:56:02,2283,15.059,37.37,46.12,0.02,6.57,102.82,1.03,1.03,3.017,7.09,18.83,62.474464,6.461324
2022-08-04T11:56:02,2284,14.848,37.29,46.26,0.02,6.57,102.77,1.06,1.06,3.019,7.15,18.99,62.474464,6.461324
2022-08-04T13:56:02,2285,14.832,37.31,46.3,0.02,6.54,102.87,1.05,1.05,2.99,7.13,18.94,62.474464,6.461324
2022-08-04T14:56:02,2286,14.957,37.32,46.18,0.02,6.58,102.96,1.06,1.06,2.994,7.2,19.14,62.474464,6.461324
2022-08-04T15:56:02,2287,14.964,37.3,46.15,0.02,6.58,103.01,1.05,1.05,2.996,7.25,19.27,62.474464,6.461324
2022-08-04T16:56:02,2288,14.967,37.32,46.17,0.02,6.58,103.06,1.05,1.05,2.998,7.23,19.21,62.474464,6.461324
2022-08-04T17:56:02,2289,14.98,37.32,46.15,0.02,6.58,103.09,1.08,1.08,2.997,7.24,19.25,62.474464,6.461324
2022-08-04T18:56:02,2290,15.004,37.29,46.09,0.02,6.57,103.08,1.03,1.03,3.003,7.22,19.19,62.474464,6.461324
2022-08-04T19:56:03,2291,14.973,37.26,46.08,0.02,6.57,102.96,1.01,1.01,3.005,7.22,19.2,62.474464,6.461324
2022-08-04T20:56:02,2292,14.952,37.23,46.07,0.02,6.57,102.88,1.03,1.03,3.006,7.17,19.05,62.474464,6.461324
2022-08-04T21:56:02,2293,14.943,37.23,46.09,0.02,6.57,102.82,1.06,1.06,3.011,7.16,19.03,62.474464,6.461324
2022-08-04T22:56:02,2294,14.92,37.22,46.1,0.02,6.56,102.71,1.05,1.05,3.019,7.16,19.01,62.474464,6.461324
2022-08-04T23:56:02,2295,14.868,37.19,46.11,0.02,6.55,102.71,1.06,1.06,3.02,7.25,19.28,62.474464,6.461324
2022-08-05T01:56:02,2296,14.839,37.14,46.08,0.02,6.57,102.48,1.05,1.05,2.919,7.25,19.26,62.474464,6.461324
2022-08-05T02:56:02,2297,14.837,37.12,46.06,0.02,6.58,102.43,1.04,1.04,2.92,7.27,19.32,62.474464,6.461324
2022-08-05T03:56:02,2298,14.822,37.11,46.07,0.02,6.58,102.43,1.09,1.09,2.922,7.21,19.17,62.474464,6.461324
2022-08-05T04:56:02,2299,14.802,37.04,46.0,0.02,6.55,102.32,1.02,1.02,2.915,7.32,19.46,62.474464,6.461324
2022-08-05T05:56:02,2300,14.798,37.03,46.0,0.02,6.56,102.34,1.07,1.07,2.921,7.33,19.5,62.474464,6.461324
2022-08-05T06:56:02,2301,14.822,37.03,45.97,0.02,6.56,102.37,1.08,1.08,2.922,7.35,19.55,62.474464,6.461324
2022-08-05T07:56:02,2302,14.823,37.03,45.97,0.02,6.56,102.39,1.05,1.05,2.924,7.33,19.49,62.474464,6.461324
2022-08-05T08:56:02,2303,14.828,37.03,45.96,0.02,6.54,102.39,1.04,1.04,2.928,7.35,19.55,62.474464,6.461324
2022-08-05T09:56:02,2304,14.835,37.05,45.97,0.02,6.55,102.38,1.0,1.0,2.926,7.29,19.37,62.474464,6.461324
2022-08-05T10:56:02,2305,14.848,37.05,45.96,0.02,6.54,102.43,1.07,1.07,2.922,7.3,19.41,62.474464,6.461324
2022-08-05T11:56:02,2306,14.823,37.04,45.97,0.02,6.54,102.37,1.07,1.07,2.928,7.29,19.36,62.474464,6.461324
2022-08-05T13:56:02,2307,14.806,37.13,46.11,0.02,6.51,102.46,1.01,1.01,2.903,7.18,19.07,62.474464,6.461324
2022-08-05T14:56:02,2308,14.848,37.05,45.96,0.02,6.54,102.46,1.04,1.04,2.904,7.27,19.32,62.474464,6.461324
2022-08-05T15:56:02,2309,14.782,37.18,46.19,0.02,6.55,102.61,1.08,1.08,2.909,7.19,19.11,62.474464,6.461324
2022-08-05T16:56:02,2310,14.744,37.2,46.26,0.02,6.54,102.68,1.06,1.06,2.91,7.19,19.1,62.474464,6.461324
2022-08-05T17:56:02,2311,14.688,37.1,46.2,0.02,6.53,102.62,1.07,1.07,2.888,7.28,19.34,62.474464,6.461324
2022-08-05T18:56:02,2312,14.64,37.14,46.3,0.02,6.54,102.62,1.02,1.02,2.914,7.25,19.28,62.474464,6.461324
2022-08-05T19:56:02,2313,14.485,37.06,46.38,0.02,6.52,102.65,1.08,1.08,2.906,7.34,19.51,62.474464,6.461324
2022-08-05T20:56:02,2314,14.405,36.99,46.37,0.02,6.52,102.38,1.07,1.07,2.905,7.46,19.83,62.474464,6.461324
2022-08-05T21:56:02,2315,14.571,36.99,46.2,0.02,6.54,102.36,1.06,1.06,2.907,7.39,19.65,62.474464,6.461324
2022-08-05T22:56:02,2316,14.524,36.96,46.21,0.02,6.54,102.24,1.08,1.08,2.906,7.43,19.76,62.474464,6.461324
2022-08-05T23:56:02,2317,14.627,36.94,46.06,0.02,6.55,102.22,1.1,1.1,2.907,7.36,19.58,62.474464,6.461324
2022-08-06T01:56:02,2318,14.629,36.97,46.1,0.02,6.51,102.07,1.09,1.09,3.017,7.33,19.48,62.474464,6.461324
2022-08-06T02:56:02,2319,14.58,36.94,46.12,0.02,6.55,101.99,1.06,1.06,3.014,7.31,19.44,62.474464,6.461324
2022-08-06T03:56:02,2320,14.518,36.91,46.15,0.02,6.54,102.1,1.06,1.06,3.016,7.34,19.52,62.474464,6.461324
2022-08-06T04:56:02,2321,14.439,36.85,46.16,0.02,6.53,101.98,1.04,1.04,3.019,7.36,19.58,62.474464,6.461324
2022-08-06T05:56:02,2322,14.435,36.84,46.15,0.02,6.53,101.95,1.04,1.04,3.024,7.37,19.58,62.474464,6.461324
2022-08-06T06:56:02,2323,14.417,36.79,46.11,0.02,6.53,101.85,1.07,1.07,3.024,7.37,19.58,62.474464,6.461324
2022-08-06T07:56:02,2324,14.43,36.78,46.08,0.02,6.53,101.81,1.06,1.06,3.027,7.36,19.56,62.474464,6.461324
2022-08-06T08:56:02,2325,14.341,36.74,46.13,0.02,6.5,101.85,1.09,1.09,3.036,7.39,19.64,62.474464,6.461324
2022-08-06T09:56:02,2326,14.24,36.7,46.2,0.02,6.5,101.85,1.07,1.07,3.041,7.44,19.78,62.474464,6.461324
2022-08-06T10:56:02,2327,14.29,36.71,46.15,0.02,6.5,101.82,1.1,1.1,3.055,7.39,19.65,62.474464,6.461324
2022-08-06T11:56:02,2328,14.261,36.7,46.17,0.02,6.51,101.8,1.07,1.07,3.059,7.42,19.71,62.474464,6.461324
2022-08-06T13:56:02,2329,14.269,36.69,46.15,0.02,6.52,101.78,1.07,1.07,2.963,7.39,19.65,62.474464,6.461324
2022-08-06T14:56:02,2330,14.198,36.65,46.18,0.02,6.53,101.81,1.06,1.06,2.971,7.45,19.82,62.474464,6.461324
2022-08-06T15:56:02,2331,14.115,36.6,46.21,0.02,6.52,101.83,1.06,1.06,2.98,7.48,19.9,62.474464,6.461324
2022-08-06T16:56:02,2332,14.064,36.56,46.22,0.02,6.51,101.81,1.04,1.04,2.977,7.51,19.97,62.474464,6.461324
2022-08-06T17:56:02,2333,13.986,36.5,46.23,0.02,6.52,101.88,1.1,1.1,2.982,7.55,20.08,62.474464,6.461324
2022-08-06T18:56:02,2334,14.007,36.51,46.21,0.02,6.53,101.83,1.09,1.09,2.986,7.52,20.0,62.474464,6.461324
2022-08-06T19:56:02,2335,13.988,36.49,46.21,0.02,6.52,101.83,1.08,1.08,2.985,7.54,20.05,62.474464,6.461324
2022-08-06T20:56:02,2336,14.179,36.45,45.94,0.02,6.53,101.82,1.07,1.07,2.983,7.71,20.51,62.474464,6.461324
2022-08-06T21:56:02,2337,14.157,36.6,46.15,0.02,6.54,101.69,1.05,1.05,2.982,7.46,19.84,62.474464,6.461324
2022-08-06T22:56:02,2338,14.033,36.52,46.2,0.02,6.53,101.75,1.09,1.09,2.98,7.52,19.99,62.474464,6.461324
2022-08-06T23:56:02,2339,14.034,36.53,46.21,0.02,6.52,101.8,1.09,1.09,2.979,7.51,19.98,62.474464,6.461324
2022-08-07T01:56:02,2340,14.075,36.54,46.18,0.02,6.51,101.59,1.08,1.08,2.948,7.52,19.99,62.474464,6.461324
2022-08-07T02:56:02,2341,14.064,36.53,46.17,0.02,6.53,101.57,1.08,1.08,2.944,7.52,19.99,62.474464,6.461324
2022-08-07T03:56:02,2342,14.053,36.52,46.17,0.02,6.54,101.54,1.09,1.09,2.941,7.51,19.97,62.474464,6.461324
2022-08-07T04:56:02,2343,14.053,36.52,46.17,0.02,6.54,101.53,1.1,1.1,2.938,7.51,19.98,62.474464,6.461324
2022-08-07T05:56:02,2344,14.048,36.52,46.18,0.02,6.54,101.49,1.1,1.1,2.936,7.5,19.95,62.474464,6.461324
2022-08-07T06:56:02,2345,14.055,36.53,46.18,0.02,6.54,101.48,1.13,1.13,2.934,7.53,20.01,62.474464,6.461324
2022-08-07T07:56:02,2346,14.052,36.52,46.18,0.02,6.53,101.5,1.09,1.09,2.931,7.54,20.04,62.474464,6.461324
2022-08-07T08:56:02,2347,14.063,36.53,46.17,0.02,6.51,101.49,1.08,1.08,2.931,7.51,19.97,62.474464,6.461324
2022-08-07T09:56:02,2348,14.099,36.56,46.17,0.02,6.51,101.6,1.09,1.09,2.929,7.49,19.93,62.474464,6.461324
2022-08-07T10:56:02,2349,14.152,36.6,46.17,0.02,6.52,101.69,1.05,1.05,2.923,7.46,19.83,62.474464,6.461324
2022-08-07T11:56:02,2350,14.14,36.6,46.17,0.02,6.53,101.74,1.09,1.09,2.923,7.49,19.93,62.474464,6.461324
2022-08-07T13:56:02,2351,14.071,36.53,46.16,0.02,6.52,101.68,1.1,1.1,2.957,7.53,20.03,62.474464,6.461324
2022-08-07T14:56:02,2352,14.003,36.51,46.21,0.02,6.53,101.66,1.04,1.04,2.959,7.58,20.15,62.474464,6.461324
2022-08-07T15:56:02,2353,14.018,36.51,46.2,0.02,6.53,101.75,1.08,1.08,2.962,7.57,20.13,62.474464,6.461324
2022-08-07T16:56:02,2354,14.016,36.51,46.21,0.02,6.55,101.76,1.1,1.1,2.966,7.56,20.12,62.474464,6.461324
2022-08-07T17:56:02,2355,14.027,36.5,46.18,0.02,6.56,101.82,1.03,1.03,2.969,7.57,20.13,62.474464,6.461324
2022-08-07T18:56:02,2356,14.242,36.68,46.17,0.02,6.56,102.21,1.1,1.1,2.971,7.46,19.83,62.474464,6.461324
2022-08-07T19:56:02,2357,14.287,36.72,46.17,0.02,6.56,102.28,1.06,1.06,2.972,7.44,19.79,62.474464,6.461324
2022-08-07T20:56:02,2358,14.337,36.77,46.17,0.02,6.56,102.33,1.05,1.05,2.976,7.41,19.71,62.474464,6.461324
2022-08-07T21:56:02,2359,14.449,36.87,46.17,0.02,6.56,102.45,1.05,1.05,2.982,7.38,19.61,62.474464,6.461324
2022-08-07T22:56:02,2360,14.42,36.84,46.17,0.02,6.56,102.46,1.06,1.06,2.988,7.36,19.58,62.474464,6.461324
2022-08-07T23:56:02,2361,14.376,36.78,46.15,0.02,6.55,102.31,1.06,1.06,2.994,7.47,19.85,62.474464,6.461324
2022-08-08T01:56:02,2362,14.284,36.72,46.17,0.02,6.53,102.11,1.05,1.05,2.904,7.49,19.93,62.474464,6.461324
2022-08-08T02:56:02,2363,14.58,36.94,46.12,0.02,6.57,102.22,1.04,1.04,2.908,7.38,19.62,62.474464,6.461324
2022-08-08T03:56:02,2364,14.573,36.93,46.12,0.02,6.56,102.23,1.03,1.03,2.913,7.39,19.65,62.474464,6.461324
2022-08-08T04:56:02,2365,14.568,36.92,46.11,0.02,6.57,102.21,1.06,1.06,2.918,7.37,19.58,62.474464,6.461324
2022-08-08T05:56:02,2366,14.483,36.85,46.12,0.02,6.56,102.19,1.07,1.07,2.923,7.46,19.83,62.474464,6.461324
2022-08-08T06:56:02,2367,14.414,36.81,46.14,0.02,6.55,102.11,1.03,1.03,2.924,7.5,19.93,62.474464,6.461324
2022-08-08T07:56:02,2368,14.297,36.72,46.16,0.02,6.54,102.1,1.1,1.1,2.927,7.56,20.11,62.474464,6.461324
2022-08-08T08:56:02,2369,14.525,36.89,46.12,0.02,6.56,102.25,1.07,1.07,2.93,7.43,19.76,62.474464,6.461324
2022-08-08T09:56:02,2370,14.555,36.91,46.11,0.02,6.57,102.36,1.01,1.01,2.931,7.43,19.75,62.474464,6.461324
2022-08-08T10:56:02,2371,14.545,36.9,46.11,0.02,6.56,102.36,1.04,1.04,2.934,7.43,19.76,62.474464,6.461324
2022-08-08T11:56:02,2372,14.557,36.9,46.09,0.02,6.56,102.41,1.05,1.05,2.932,7.45,19.8,62.474464,6.461324
2022-08-08T13:56:03,2373,14.544,36.89,46.09,0.02,6.5,102.54,1.05,1.05,2.933,7.5,19.94,62.474464,6.461324
2022-08-08T14:56:02,2374,14.972,37.27,46.1,0.02,6.54,103.23,1.03,1.03,3.12,7.27,19.33,62.474464,6.461324
2022-08-08T15:56:02,2375,15.084,37.4,46.13,0.02,6.56,103.46,1.02,1.02,3.122,7.22,19.18,62.474464,6.461324
2022-08-08T16:56:02,2376,15.119,37.44,46.15,0.02,6.56,103.54,1.05,1.05,3.126,7.17,19.06,62.474464,6.461324
2022-08-08T17:56:02,2377,15.104,37.43,46.16,0.02,6.56,103.58,1.0,1.0,3.127,7.17,19.06,62.474464,6.461324
2022-08-08T18:56:02,2378,15.073,37.41,46.17,0.02,6.56,103.56,1.02,1.02,3.128,7.19,19.11,62.474464,6.461324
2022-08-08T19:56:02,2379,15.038,37.4,46.18,0.02,6.56,103.5,1.04,1.04,2.99,7.19,19.09,62.474464,6.461324
2022-08-08T20:56:02,2380,15.004,37.37,46.19,0.02,6.56,103.44,1.02,1.02,2.992,7.18,19.08,62.474464,6.461324
2022-08-08T21:56:02,2381,14.924,37.31,46.2,0.02,6.54,103.33,1.04,1.04,2.992,7.2,19.12,62.474464,6.461324
2022-08-08T22:56:02,2382,14.755,37.15,46.18,0.02,6.56,103.12,1.03,1.03,2.997,7.3,19.4,62.474464,6.461324
2022-08-08T23:56:02,2383,14.527,36.95,46.19,0.02,6.56,102.97,1.03,1.03,2.998,7.46,19.85,62.474464,6.461324
2022-08-09T01:56:02,2384,14.672,37.06,46.17,0.02,6.52,103.0,1.04,1.04,2.918,7.38,19.63,62.474464,6.461324
2022-08-09T02:56:03,2385,14.555,36.99,46.21,0.02,6.56,102.8,1.05,1.05,2.867,7.45,19.8,62.474464,6.461324
2022-08-11T18:56:02,2444,14.112,36.49,46.07,0.02,6.54,102.3,1.07,1.07,2.897,7.57,20.15,62.474464,6.461324
2022-08-11T19:56:02,2445,14.117,36.53,46.11,0.02,6.54,102.25,1.09,1.09,2.892,7.59,20.19,62.474464,6.461324
2022-08-11T20:56:03,2446,14.119,36.51,46.09,0.02,6.53,102.26,1.07,1.07,2.896,7.61,20.24,62.474464,6.461324
2022-08-11T21:56:02,2447,14.103,36.52,46.12,0.02,6.53,102.14,1.07,1.07,2.899,7.61,20.25,62.474464,6.461324
2022-08-11T22:56:02,2448,14.106,36.52,46.11,0.02,6.52,102.19,1.06,1.06,2.901,7.62,20.28,62.474464,6.461324
2022-08-11T23:56:02,2449,14.097,36.49,46.09,0.02,6.52,102.18,1.09,1.09,2.903,7.62,20.28,62.474464,6.461324
2022-08-12T01:56:02,2450,14.131,36.49,46.05,0.02,6.48,102.04,1.06,1.06,2.95,7.61,20.25,62.474464,6.461324
2022-08-12T02:56:02,2451,14.142,36.5,46.05,0.02,6.53,102.05,1.12,1.12,2.954,7.65,20.35,62.474464,6.461324
2022-08-12T03:56:02,2452,14.169,36.51,46.03,0.02,6.54,102.0,1.06,1.06,2.957,7.62,20.28,62.474464,6.461324
2022-08-12T04:56:02,2453,14.165,36.5,46.02,0.02,6.53,102.02,1.05,1.05,2.958,7.65,20.36,62.474464,6.461324
2022-08-12T05:56:02,2454,14.19,36.5,45.99,0.02,6.53,102.0,1.12,1.12,2.959,7.64,20.31,62.474464,6.461324
2022-08-12T06:56:02,2455,14.217,36.48,45.95,0.02,6.53,102.05,1.04,1.04,2.959,7.61,20.24,62.474464,6.461324
2022-08-12T07:56:02,2456,14.247,36.54,45.99,0.02,6.53,102.02,1.06,1.06,2.961,7.62,20.26,62.474464,6.461324
2022-08-12T08:56:02,2457,14.213,36.51,45.99,0.02,6.53,102.0,1.06,1.06,2.962,7.63,20.29,62.474464,6.461324
2022-08-12T09:56:02,2458,14.211,36.51,45.99,0.02,6.53,101.99,1.05,1.05,2.966,7.59,20.2,62.474464,6.461324
2022-08-12T10:56:02,2459,14.2,36.5,45.99,0.02,6.53,102.08,1.06,1.06,2.967,7.62,20.26,62.474464,6.461324
2022-08-12T11:56:02,2460,14.218,36.52,46.0,0.02,6.53,102.18,1.02,1.02,2.967,7.62,20.26,62.474464,6.461324
2022-08-12T13:56:02,2461,14.249,36.55,45.99,0.02,6.48,102.36,1.08,1.08,2.949,7.6,20.22,62.474464,6.461324
2022-08-12T14:56:02,2462,14.286,36.58,45.99,0.02,6.56,102.47,1.05,1.05,2.955,7.6,20.22,62.474464,6.461324
2022-08-12T15:56:02,2463,14.504,36.75,45.96,0.02,6.55,102.72,1.06,1.06,2.955,7.54,20.06,62.474464,6.461324
2022-08-12T16:56:02,2464,14.523,36.77,45.96,0.02,6.56,102.75,1.05,1.05,2.953,7.54,20.05,62.474464,6.461324
2022-08-12T17:56:02,2465,14.613,36.86,45.98,0.02,6.56,103.03,1.05,1.05,2.95,7.49,19.93,62.474464,6.461324
2022-08-12T18:56:02,2466,14.622,36.86,45.97,0.02,6.55,102.93,1.05,1.05,2.946,7.51,19.98,62.474464,6.461324
2022-08-12T19:56:02,2467,14.651,36.87,45.96,0.02,6.55,103.02,1.06,1.06,2.942,7.52,19.99,62.474464,6.461324
2022-08-12T20:56:02,2468,14.647,36.85,45.93,0.02,6.55,102.98,1.0,1.0,2.938,7.52,20.0,62.474464,6.461324
2022-08-12T21:56:02,2469,14.703,36.9,45.94,0.02,6.56,103.05,1.02,1.02,2.934,7.49,19.92,62.474464,6.461324
2022-08-12T22:56:02,2470,14.654,36.87,45.95,0.02,6.56,102.94,1.02,1.02,2.936,7.51,19.96,62.474464,6.461324
2022-08-12T23:56:02,2471,14.612,36.84,45.96,0.02,6.55,102.87,1.03,1.03,2.93,7.55,20.07,62.474464,6.461324
2022-08-13T01:56:02,2472,14.563,36.81,45.97,0.02,6.5,102.76,1.04,1.04,2.909,7.57,20.14,62.474464,6.461324
2022-08-13T02:56:02,2473,14.639,36.86,45.95,0.02,6.54,102.8,1.04,1.04,2.905,7.55,20.09,62.474464,6.461324
2022-08-13T03:56:02,2474,14.661,36.88,45.96,0.02,6.55,102.78,1.01,1.01,2.906,7.56,20.12,62.474464,6.461324
2022-08-13T04:56:02,2475,14.644,36.85,45.94,0.02,6.56,102.75,1.02,1.02,2.905,7.59,20.19,62.474464,6.461324
2022-08-13T05:56:02,2476,14.637,36.83,45.92,0.02,6.55,102.75,1.05,1.05,2.903,7.55,20.09,62.474464,6.461324
2022-08-13T06:56:02,2477,14.645,36.85,45.94,0.02,6.54,102.76,1.04,1.04,2.904,7.57,20.14,62.474464,6.461324
2022-08-13T07:56:02,2478,14.685,36.89,45.94,0.02,6.54,102.75,1.06,1.06,2.904,7.65,20.34,62.474464,6.461324
2022-08-13T08:56:02,2479,14.707,36.9,45.93,0.02,6.54,102.68,1.05,1.05,2.904,7.66,20.37,62.474464,6.461324
2022-08-13T09:56:02,2480,14.647,36.81,45.88,0.02,6.53,102.77,1.03,1.03,2.907,7.67,20.4,62.474464,6.461324
2022-08-13T10:56:03,2481,14.668,36.85,45.91,0.02,6.54,102.79,1.01,1.01,2.909,7.63,20.28,62.474464,6.461324
2022-08-13T11:56:02,2482,14.644,36.79,45.86,0.02,6.53,102.78,1.03,1.03,2.911,7.66,20.39,62.474464,6.461324
2022-08-13T13:56:02,2483,14.67,36.86,45.92,0.02,6.51,102.99,1.04,1.04,2.917,7.61,20.24,62.474464,6.461324
2022-08-13T14:56:02,2484,14.648,36.77,45.83,0.02,6.54,102.94,1.03,1.03,2.918,7.72,20.53,62.474464,6.461324
2022-08-13T15:56:02,2485,14.642,36.74,45.8,0.02,6.56,102.99,1.03,1.03,2.916,7.76,20.65,62.474464,6.461324
2022-08-13T16:56:02,2486,14.641,36.67,45.71,0.02,6.55,103.08,1.04,1.04,2.912,7.86,20.93,62.474464,6.461324
2022-08-13T17:56:02,2487,14.651,36.66,45.7,0.02,6.56,103.14,1.05,1.05,2.908,7.87,20.95,62.474464,6.461324
2022-08-13T18:56:02,2488,14.652,36.64,45.67,0.02,6.55,103.24,1.07,1.07,2.904,7.92,21.07,62.474464,6.461324
2022-08-13T19:56:02,2489,14.65,36.64,45.66,0.02,6.55,103.21,1.06,1.06,2.898,7.93,21.11,62.474464,6.461324
2022-08-13T20:56:02,2490,14.652,36.64,45.67,0.02,6.55,103.26,1.04,1.04,2.898,7.91,21.05,62.474464,6.461324
2022-08-13T21:56:02,2491,14.645,36.66,45.69,0.02,6.55,103.2,1.06,1.06,2.896,7.91,21.05,62.474464,6.461324
2022-08-13T22:56:02,2492,14.641,36.7,45.75,0.02,6.54,103.12,1.06,1.06,2.89,7.86,20.92,62.474464,6.461324
2022-08-13T23:56:02,2493,14.609,36.77,45.87,0.02,6.54,102.91,1.1,1.1,2.886,7.72,20.54,62.474464,6.461324
2022-08-14T01:56:02,2494,14.766,36.95,45.92,0.02,6.5,103.01,1.05,1.05,2.92,7.67,20.41,62.474464,6.461324
2022-08-14T02:56:02,2495,14.558,36.77,45.93,0.02,6.53,102.55,1.07,1.07,2.914,7.86,20.93,62.474464,6.461324
2022-08-14T03:56:02,2496,14.636,36.85,45.95,0.02,6.55,102.66,1.06,1.06,2.906,7.74,20.59,62.474464,6.461324
2022-08-14T04:56:02,2497,14.621,36.83,45.93,0.02,6.54,102.61,1.04,1.04,2.901,7.77,20.68,62.474464,6.461324
2022-08-14T05:56:02,2498,14.627,36.85,45.95,0.02,6.54,102.68,1.09,1.09,2.899,7.75,20.63,62.474464,6.461324
2022-08-14T06:56:02,2499,14.568,36.77,45.92,0.02,6.55,102.66,1.03,1.03,2.894,7.72,20.54,62.474464,6.461324
2022-08-14T07:56:02,2500,14.543,36.8,45.98,0.02,6.54,102.78,1.03,1.03,2.889,7.63,20.3,62.474464,6.461324
2022-08-14T08:56:02,2501,14.504,36.76,45.97,0.02,6.59,102.69,1.03,1.03,2.885,7.66,20.38,62.474464,6.461324
2022-08-14T09:56:02,2502,14.476,36.76,46.0,0.02,6.55,102.72,1.04,1.04,2.882,7.64,20.32,62.474464,6.461324
2022-08-14T10:56:02,2503,14.377,36.65,45.98,0.02,6.53,102.51,1.05,1.05,2.881,7.7,20.49,62.474464,6.461324
2022-08-14T11:56:02,2504,14.442,36.7,45.97,0.02,6.53,102.68,1.07,1.07,2.878,7.71,20.5,62.474464,6.461324
2022-08-14T13:56:02,2505,14.508,36.56,45.73,0.02,6.49,103.02,1.0,1.0,2.939,7.99,21.26,62.474464,6.461324
2022-08-14T14:56:02,2506,14.412,35.54,44.55,0.02,6.52,102.91,1.04,1.04,2.937,9.08,24.24,62.474464,6.461324
2022-08-14T15:56:02,2507,14.679,36.76,45.79,0.02,6.56,103.5,1.04,1.04,2.874,7.86,20.93,62.474464,6.461324
2022-08-14T16:56:02,2508,14.81,36.83,45.73,0.02,6.56,103.86,1.05,1.05,2.871,7.86,20.93,62.474464,6.461324
2022-08-14T17:56:02,2509,14.667,36.55,45.54,0.02,6.55,103.69,1.05,1.05,2.87,8.21,21.86,62.474464,6.461324
2022-08-14T18:56:02,2510,14.717,36.67,45.63,0.02,6.56,103.84,1.04,1.04,2.865,8.04,21.42,62.474464,6.461324
2022-08-14T19:56:02,2511,14.689,36.64,45.62,0.02,6.57,103.77,1.03,1.03,2.861,8.1,21.58,62.474464,6.461324
2022-08-14T20:56:02,2512,14.679,36.63,45.62,0.02,6.57,103.77,1.01,1.01,2.86,8.08,21.51,62.474464,6.461324
2022-08-14T21:56:02,2513,14.653,36.65,45.67,0.02,6.57,103.79,1.03,1.03,2.858,8.04,21.41,62.474464,6.461324
2022-08-14T22:56:02,2514,14.66,36.51,45.5,0.02,6.55,103.59,1.04,1.04,2.856,8.19,21.82,62.474464,6.461324
2022-08-14T23:56:02,2515,14.702,36.71,45.7,0.02,6.56,103.72,1.05,1.05,2.851,7.98,21.24,62.474464,6.461324
2022-08-15T01:56:02,2516,14.77,36.76,45.69,0.02,6.53,103.78,1.04,1.04,2.992,7.97,21.22,62.474464,6.461324
2022-08-15T02:56:02,2517,14.787,36.78,45.7,0.02,6.57,103.77,1.02,1.02,2.989,7.96,21.19,62.474464,6.461324
2022-08-15T03:56:02,2518,14.796,36.81,45.72,0.02,6.57,103.78,1.01,1.01,2.985,7.92,21.07,62.474464,6.461324
2022-08-15T04:56:02,2519,14.798,36.83,45.74,0.02,6.58,103.77,1.04,1.04,2.978,7.88,20.97,62.474464,6.461324
2022-08-15T05:56:02,2520,14.724,36.55,45.47,0.02,6.56,103.64,1.02,1.02,2.975,8.25,21.97,62.474464,6.461324
2022-08-15T06:56:02,2521,14.594,36.58,45.65,0.02,6.57,103.54,1.04,1.04,2.973,8.12,21.62,62.474464,6.461324
2022-08-15T07:56:02,2522,14.586,36.55,45.63,0.02,6.56,103.6,1.02,1.02,2.969,8.19,21.83,62.474464,6.461324
2022-08-15T08:56:02,2523,14.557,36.54,45.64,0.02,6.55,103.56,1.03,1.03,2.965,8.23,21.93,62.474464,6.461324
2022-08-15T09:56:02,2524,14.587,36.58,45.66,0.02,6.55,103.71,1.03,1.03,2.964,8.19,21.81,62.474464,6.461324
2022-08-15T10:56:02,2525,14.613,36.58,45.63,0.02,6.55,103.78,1.02,1.02,2.965,8.15,21.72,62.474464,6.461324
2022-08-15T11:56:02,2526,14.728,36.52,45.44,0.02,6.54,103.75,1.04,1.04,2.96,8.31,22.14,62.474464,6.461324
2022-08-15T13:56:02,2527,14.735,36.57,45.48,0.02,6.51,103.94,1.03,1.03,2.918,8.38,22.34,62.474464,6.461324
2022-08-15T14:56:02,2528,14.635,36.68,45.73,0.02,6.54,104.03,1.06,1.06,2.915,8.03,21.39,62.474464,6.461324
2022-08-15T15:56:02,2529,14.605,36.65,45.73,0.02,6.58,103.91,1.04,1.04,2.915,7.98,21.25,62.474464,6.461324
2022-08-15T16:56:02,2530,14.519,36.62,45.78,0.02,6.58,103.84,1.03,1.03,2.909,7.99,21.26,62.474464,6.461324
2022-08-15T17:56:02,2531,14.506,36.63,45.82,0.02,6.57,103.78,1.02,1.02,2.905,7.91,21.04,62.474464,6.461324
2022-08-15T18:56:02,2532,14.584,36.65,45.75,0.02,6.59,103.81,1.04,1.04,2.899,7.97,21.23,62.474464,6.461324
2022-08-15T19:56:02,2533,14.64,36.67,45.71,0.02,6.59,103.92,1.06,1.06,2.899,8.0,21.29,62.474464,6.461324
2022-08-15T20:56:02,2534,14.651,36.7,45.74,0.02,6.59,104.11,1.04,1.04,2.9,8.0,21.3,62.474464,6.461324
2022-08-15T21:56:02,2535,14.667,36.7,45.73,0.02,6.57,104.25,1.05,1.05,2.906,8.05,21.44,62.474464,6.461324
2022-08-15T22:56:02,2536,14.66,36.7,45.73,0.02,6.57,104.19,1.02,1.02,2.91,8.0,21.29,62.474464,6.461324
2022-08-15T23:56:02,2537,14.576,36.65,45.76,0.02,6.57,104.01,1.03,1.03,2.906,7.96,21.18,62.474464,6.461324
2022-08-16T01:56:02,2538,14.556,36.84,46.02,0.02,6.54,103.32,1.02,1.02,2.917,8.13,21.65,62.474464,6.461324
2022-08-16T02:56:02,2539,14.555,36.81,45.98,0.02,6.56,103.31,1.08,1.08,2.917,7.98,21.24,62.474464,6.461324
2022-08-16T03:56:02,2540,14.644,36.93,46.03,0.02,6.57,103.46,1.07,1.07,2.864,7.99,21.27,62.474464,6.461324
2022-08-16T04:56:02,2541,14.679,36.93,46.0,0.02,6.57,103.42,1.02,1.02,2.862,7.9,21.03,62.474464,6.461324
2022-08-16T05:56:02,2542,14.726,36.93,45.94,0.02,6.58,103.54,1.03,1.03,2.866,7.85,20.89,62.474464,6.461324
2022-08-16T06:56:02,2543,14.756,36.8,45.76,0.02,6.58,103.63,1.06,1.06,2.868,7.92,21.1,62.474464,6.461324
2022-08-16T07:56:02,2544,14.707,36.95,46.0,0.02,6.57,103.38,1.03,1.03,2.869,7.83,20.85,62.474464,6.461324
2022-08-16T08:56:02,2545,14.807,36.75,45.64,0.02,6.57,103.98,1.02,1.02,2.868,8.08,21.53,62.474464,6.461324
2022-08-16T09:56:02,2546,14.864,36.8,45.64,0.02,6.57,104.13,1.06,1.06,2.865,8.12,21.63,62.474464,6.461324
2022-08-16T10:56:02,2547,14.86,36.91,45.78,0.02,6.57,103.92,1.04,1.04,2.869,7.93,21.11,62.474464,6.461324
2022-08-16T11:56:02,2548,14.865,37.05,45.94,0.02,6.56,103.39,1.06,1.06,2.866,7.85,20.89,62.474464,6.461324
2022-08-16T13:56:02,2549,14.741,36.95,45.96,0.02,6.53,103.28,1.05,1.05,2.972,7.82,20.8,62.474464,6.461324
2022-08-16T14:56:02,2550,14.782,37.01,45.98,0.02,6.56,103.29,1.02,1.02,2.973,7.85,20.9,62.474464,6.461324
2022-08-16T15:56:02,2551,14.762,36.98,45.97,0.02,6.58,103.29,1.02,1.02,2.968,7.83,20.85,62.474464,6.461324
2022-08-16T16:56:02,2552,14.827,37.03,45.96,0.02,6.56,103.45,1.05,1.05,2.969,7.85,20.9,62.474464,6.461324
2022-08-16T17:56:02,2553,14.934,37.1,45.93,0.02,6.55,103.67,1.04,1.04,2.969,7.89,21.0,62.474464,6.461324
2022-08-16T18:56:02,2554,14.851,36.93,45.81,0.02,6.58,103.71,1.05,1.05,2.966,7.78,20.71,62.474464,6.461324
2022-08-16T19:56:02,2555,14.884,37.0,45.86,0.02,6.58,103.7,1.05,1.05,2.967,7.79,20.74,62.474464,6.461324
2022-08-16T20:56:02,2556,14.785,36.96,45.92,0.02,6.55,103.53,1.04,1.04,2.871,7.74,20.6,62.474464,6.461324
2022-08-16T21:56:02,2557,14.703,36.92,45.96,0.02,6.55,103.29,1.04,1.04,2.882,7.78,20.69,62.474464,6.461324
2022-08-16T22:56:02,2558,14.758,36.96,45.95,0.02,6.59,103.37,1.05,1.05,3.081,7.78,20.7,62.474464,6.461324
2022-08-16T23:56:02,2559,14.816,37.0,45.93,0.02,6.53,103.29,1.02,1.02,3.085,7.86,20.91,62.474464,6.461324
2022-08-17T01:56:02,2560,14.808,36.98,45.92,0.02,6.53,103.34,1.05,1.05,2.916,7.77,20.67,62.474464,6.461324
2022-08-17T02:56:02,2561,14.777,36.97,45.94,0.02,6.54,103.39,1.06,1.06,2.926,7.75,20.62,62.474464,6.461324
2022-08-17T03:56:02,2562,15.763,37.61,45.67,0.02,6.58,102.84,1.0,1.0,2.938,7.84,20.87,62.474464,6.461324
2022-08-17T04:56:02,2563,15.69,37.55,45.67,0.02,6.58,102.76,1.0,1.0,2.944,7.83,20.85,62.474464,6.461324
2022-08-17T05:56:02,2564,15.016,37.16,45.92,0.02,6.57,103.75,1.04,1.04,2.945,7.82,20.81,62.474464,6.461324
2022-08-17T06:56:02,2565,14.788,36.93,45.88,0.02,6.57,103.91,1.04,1.04,2.949,7.74,20.6,62.474464,6.461324
2022-08-17T07:56:02,2566,14.815,36.97,45.89,0.02,6.58,103.84,1.04,1.04,2.956,7.8,20.75,62.474464,6.461324
2022-08-17T08:56:02,2567,14.751,36.91,45.89,0.02,6.57,104.05,1.05,1.05,2.962,7.74,20.58,62.474464,6.461324
2022-08-17T09:56:02,2568,14.713,36.88,45.9,0.02,6.57,104.02,1.04,1.04,2.966,7.77,20.67,62.474464,6.461324
2022-08-17T10:56:02,2569,14.717,36.88,45.9,0.02,6.56,104.0,1.03,1.03,2.971,7.78,20.69,62.474464,6.461324
2022-08-17T11:56:02,2570,14.895,37.04,45.89,0.02,6.57,104.1,1.01,1.01,2.973,7.76,20.64,62.474464,6.461324
2022-08-17T13:56:02,2571,15.231,37.14,45.66,0.02,6.52,103.09,1.02,1.02,2.919,7.82,20.8,62.474464,6.461324
2022-08-17T14:56:02,2572,15.147,37.1,45.7,0.02,6.56,103.05,1.02,1.02,2.923,7.8,20.77,62.474464,6.461324
2022-08-17T15:56:02,2573,15.21,37.1,45.63,0.02,6.58,103.05,0.97,0.97,2.923,7.78,20.69,62.474464,6.461324
2022-08-17T16:56:02,2574,15.174,37.07,45.64,0.02,6.57,102.93,1.02,1.02,2.923,7.76,20.65,62.474464,6.461324
2022-08-17T17:56:02,2575,15.168,37.04,45.61,0.02,6.58,102.84,0.98,0.98,2.926,7.74,20.59,62.474464,6.461324
2022-08-17T18:56:02,2576,15.12,37.01,45.62,0.02,6.57,102.96,1.0,1.0,2.927,7.77,20.67,62.474464,6.461324
2022-08-17T19:56:02,2577,15.042,36.97,45.65,0.02,6.58,102.98,1.05,1.05,2.927,7.81,20.79,62.474464,6.461324
2022-08-17T20:56:02,2578,14.999,36.93,45.65,0.02,6.58,102.99,1.05,1.05,2.928,7.87,20.93,62.474464,6.461324
2022-08-17T21:56:02,2579,14.995,36.91,45.63,0.02,6.57,102.9,1.02,1.02,2.926,7.92,21.09,62.474464,6.461324
2022-08-17T22:56:02,2580,14.9,36.84,45.65,0.02,6.59,102.83,1.07,1.07,2.924,7.98,21.25,62.474464,6.461324
2022-08-17T23:56:02,2581,14.849,36.78,45.63,0.02,6.56,102.73,0.98,0.98,2.92,8.06,21.46,62.474464,6.461324
2022-08-18T01:56:02,2582,14.848,36.78,45.62,0.02,6.52,102.69,1.05,1.05,2.944,8.08,21.51,62.474464,6.461324
2022-08-18T02:56:02,2583,14.796,36.73,45.62,0.02,6.55,102.61,1.04,1.04,2.94,8.12,21.63,62.474464,6.461324
2022-08-18T03:56:02,2584,14.743,36.69,45.62,0.02,6.55,102.51,1.04,1.04,2.937,8.16,21.72,62.474464,6.461324
2022-08-18T04:56:02,2585,14.692,36.65,45.64,0.02,6.56,102.49,1.05,1.05,2.933,8.21,21.85,62.474464,6.461324
2022-08-18T05:56:02,2586,14.674,36.62,45.62,0.02,6.55,102.38,1.03,1.03,2.929,8.23,21.93,62.474464,6.461324
2022-08-18T06:56:02,2587,14.643,36.6,45.63,0.02,6.55,102.3,1.05,1.05,2.922,8.21,21.85,62.474464,6.461324
2022-08-18T07:56:02,2588,14.656,36.65,45.67,0.02,6.55,102.4,1.05,1.05,2.922,8.22,21.9,62.474464,6.461324
2022-08-18T08:56:02,2589,14.606,36.6,45.67,0.02,6.55,102.5,1.02,1.02,2.917,8.22,21.9,62.474464,6.461324
2022-08-18T09:56:02,2590,14.593,36.6,45.68,0.02,6.55,102.52,1.06,1.06,2.914,8.22,21.9,62.474464,6.461324
2022-08-18T10:56:02,2591,14.634,36.63,45.67,0.02,6.55,102.63,1.06,1.06,2.909,8.21,21.86,62.474464,6.461324
2022-08-18T11:56:02,2592,14.665,36.65,45.66,0.02,6.55,102.65,1.06,1.06,2.909,8.15,21.7,62.474464,6.461324
2022-08-18T13:56:02,2593,14.685,36.66,45.66,0.02,6.52,102.93,1.07,1.07,3.0,8.09,21.53,62.474464,6.461324
2022-08-18T14:56:02,2594,14.996,36.94,45.67,0.02,6.58,103.12,1.0,1.0,2.997,7.95,21.17,62.474464,6.461324
2022-08-18T15:56:02,2595,15.215,37.1,45.63,0.02,6.6,103.14,1.0,1.0,2.992,7.89,21.0,62.474464,6.461324
2022-08-18T16:56:02,2596,15.279,37.15,45.62,0.02,6.58,103.14,1.0,1.0,2.99,7.86,20.92,62.474464,6.461324
2022-08-18T17:56:02,2597,15.541,37.38,45.63,0.02,6.59,103.22,1.01,1.01,2.989,7.74,20.59,62.474464,6.461324
2022-08-18T18:56:02,2598,15.54,37.39,45.63,0.02,6.59,103.14,1.02,1.02,2.987,7.7,20.49,62.474464,6.461324
2022-08-18T19:56:02,2599,15.512,37.37,45.64,0.02,6.59,103.09,0.99,0.99,2.988,7.72,20.54,62.474464,6.461324
2022-08-18T20:56:02,2600,15.377,37.23,45.62,0.02,6.6,102.94,0.99,0.99,2.987,7.79,20.74,62.474464,6.461324
2022-08-18T21:56:02,2601,15.362,37.2,45.6,0.02,6.6,102.91,0.99,0.99,2.99,7.81,20.8,62.474464,6.461324
2022-08-18T22:56:02,2602,15.311,37.17,45.61,0.02,6.6,102.79,1.01,1.01,2.986,7.85,20.9,62.474464,6.461324
2022-08-18T23:56:02,2603,15.251,37.11,45.6,0.02,6.59,102.71,1.03,1.03,2.985,7.88,20.97,62.474464,6.461324
2022-08-19T01:56:02,2604,15.069,36.96,45.62,0.02,6.55,102.75,1.01,1.01,2.918,8.01,21.32,62.474464,6.461324
2022-08-19T02:56:02,2605,15.086,36.98,45.62,0.02,6.59,102.7,1.06,1.06,2.915,8.0,21.29,62.474464,6.461324
2022-08-19T03:56:02,2606,15.006,36.93,45.64,0.02,6.59,102.99,1.03,1.03,2.91,8.04,21.4,62.474464,6.461324
2022-08-19T04:56:02,2607,15.036,36.94,45.62,0.02,6.58,102.88,1.02,1.02,2.904,8.04,21.4,62.474464,6.461324
2022-08-19T05:56:02,2608,14.788,36.75,45.65,0.02,6.57,103.07,1.03,1.03,2.9,8.14,21.67,62.474464,6.461324
2022-08-19T06:56:02,2609,15.147,37.03,45.61,0.02,6.58,102.67,1.02,1.02,2.895,7.98,21.25,62.474464,6.461324
2022-08-19T07:56:02,2610,14.9,36.86,45.67,0.02,6.55,102.8,1.04,1.04,2.895,8.2,21.83,62.474464,6.461324
2022-08-19T08:56:02,2611,14.923,36.86,45.65,0.02,6.55,102.86,1.05,1.05,2.884,8.17,21.75,62.474464,6.461324
2022-08-19T09:56:02,2612,14.911,36.87,45.67,0.02,6.55,103.02,1.03,1.03,2.882,8.17,21.76,62.474464,6.461324
2022-08-23T21:56:02,2711,14.863,36.92,45.78,0.02,6.57,102.01,1.0,1.0,2.868,7.99,21.26,62.474464,6.461324
2022-08-23T22:56:02,2712,14.815,36.89,45.8,0.02,6.57,102.01,1.0,1.0,2.867,8.01,21.32,62.474464,6.461324
2022-08-23T23:56:02,2713,14.857,36.92,45.79,0.02,6.57,101.96,1.01,1.01,2.868,8.0,21.29,62.474464,6.461324
2022-08-24T01:56:02,2714,14.801,36.89,45.81,0.02,6.53,102.1,1.02,1.02,2.941,8.04,21.4,62.474464,6.461324
2022-08-24T02:56:02,2715,14.873,36.92,45.77,0.02,6.57,101.96,0.96,0.96,2.939,7.97,21.21,62.474464,6.461324
2022-08-24T03:56:02,2716,14.858,36.92,45.79,0.02,6.58,102.0,1.02,1.02,2.939,7.96,21.19,62.474464,6.461324
2022-08-24T04:56:02,2717,14.849,36.91,45.79,0.02,6.57,102.01,1.0,1.0,2.938,7.99,21.28,62.474464,6.461324
2022-08-24T05:56:02,2718,14.847,36.9,45.77,0.02,6.57,101.82,1.0,1.0,2.937,8.0,21.31,62.474464,6.461324
2022-08-24T06:56:02,2719,14.739,36.86,45.85,0.02,6.55,102.17,1.05,1.05,2.94,8.03,21.38,62.474464,6.461324
2022-08-24T07:56:02,2720,14.752,36.82,45.79,0.02,6.56,101.84,0.99,0.99,2.939,7.98,21.25,62.474464,6.461324
2022-08-24T08:56:02,2721,14.794,36.86,45.78,0.02,6.55,101.84,1.02,1.02,2.94,8.02,21.35,62.474464,6.461324
2022-08-24T09:56:02,2722,14.884,36.92,45.76,0.02,6.55,101.94,1.0,1.0,2.941,8.02,21.35,62.474464,6.461324
2022-08-24T10:56:02,2723,14.744,36.83,45.8,0.02,6.54,101.96,1.02,1.02,2.938,7.95,21.18,62.474464,6.461324
2022-08-24T11:56:02,2724,14.715,36.83,45.84,0.02,6.54,102.1,1.0,1.0,2.935,8.01,21.33,62.474464,6.461324
2022-08-24T13:56:02,2725,14.724,36.85,45.85,0.02,6.52,102.16,1.0,1.0,2.963,8.05,21.42,62.474464,6.461324
2022-08-24T14:56:02,2726,14.708,36.83,45.85,0.02,6.56,102.18,1.02,1.02,2.964,8.04,21.42,62.474464,6.461324
2022-08-24T15:56:02,2727,14.711,36.83,45.84,0.02,6.57,102.27,1.01,1.01,2.962,7.99,21.28,62.474464,6.461324
2022-08-24T16:56:02,2728,14.759,36.87,45.84,0.02,6.59,102.46,1.04,1.04,2.955,7.94,21.14,62.474464,6.461324
2022-08-24T17:56:02,2729,14.737,36.86,45.84,0.02,6.58,102.36,1.0,1.0,2.954,7.92,21.09,62.474464,6.461324
2022-08-24T18:56:02,2730,14.804,36.88,45.8,0.02,6.58,102.29,1.01,1.01,2.951,8.0,21.29,62.474464,6.461324
2022-08-24T19:56:02,2731,14.848,36.92,45.8,0.02,6.58,102.47,1.0,1.0,2.949,8.0,21.3,62.474464,6.461324
2022-08-24T20:56:02,2732,14.765,36.88,45.85,0.02,6.57,102.27,0.99,0.99,2.951,7.95,21.18,62.474464,6.461324
2022-08-24T21:56:02,2733,14.784,36.9,45.85,0.02,6.56,102.27,1.01,1.01,2.947,7.97,21.21,62.474464,6.461324
2022-08-24T22:56:02,2734,14.807,36.9,45.82,0.02,6.56,102.03,0.98,0.98,2.945,8.01,21.32,62.474464,6.461324
2022-08-24T23:56:02,2735,14.848,36.92,45.8,0.02,6.56,102.03,1.02,1.02,2.945,7.99,21.27,62.474464,6.461324
2022-08-25T01:56:02,2736,14.941,37.02,45.82,0.02,6.54,102.06,1.0,1.0,2.91,7.94,21.15,62.474464,6.461324
2022-08-25T02:56:02,2737,14.953,37.05,45.85,0.02,6.57,102.06,1.02,1.02,2.91,7.91,21.05,62.474464,6.461324
2022-08-25T03:56:02,2738,14.978,37.03,45.79,0.02,6.58,102.15,1.04,1.04,2.909,7.95,21.17,62.474464,6.461324
2022-08-25T04:56:02,2739,14.914,36.96,45.78,0.02,6.58,102.24,1.01,1.01,2.911,8.0,21.31,62.474464,6.461324
2022-08-25T05:56:02,2740,14.953,37.0,45.78,0.02,6.56,102.2,1.01,1.01,2.916,8.0,21.31,62.474464,6.461324
2022-08-25T06:56:02,2741,14.904,37.02,45.87,0.02,6.56,102.53,0.99,0.99,2.923,7.87,20.93,62.474464,6.461324
2022-08-25T07:56:02,2742,14.914,36.98,45.81,0.02,6.57,102.26,1.02,1.02,2.931,7.95,21.17,62.474464,6.461324
2022-08-25T08:56:02,2743,14.997,37.04,45.78,0.02,6.58,102.27,1.02,1.02,2.931,7.97,21.22,62.474464,6.461324
2022-08-25T09:56:02,2744,15.003,37.04,45.78,0.02,6.57,102.32,1.0,1.0,2.935,7.98,21.24,62.474464,6.461324
2022-08-25T10:56:02,2745,15.111,37.16,45.81,0.02,6.57,102.55,0.96,0.96,2.939,7.9,21.03,62.474464,6.461324
2022-08-25T11:56:02,2746,15.024,37.06,45.78,0.02,6.57,102.43,0.98,0.98,2.934,7.98,21.23,62.474464,6.461324
2022-08-25T13:56:02,2747,15.091,37.15,45.82,0.02,6.53,102.58,1.03,1.03,2.954,7.85,20.9,62.474464,6.461324
2022-08-25T14:56:02,2748,15.088,37.15,45.83,0.02,6.57,102.54,1.02,1.02,2.952,7.84,20.87,62.474464,6.461324
2022-08-25T15:56:02,2749,15.051,37.14,45.85,0.02,6.58,102.51,0.99,0.99,2.95,7.83,20.85,62.474464,6.461324
2022-08-25T16:56:02,2750,15.061,37.12,45.82,0.02,6.58,102.6,0.97,0.97,2.943,7.87,20.95,62.474464,6.461324
2022-08-25T17:56:02,2751,15.08,37.15,45.83,0.02,6.59,102.75,0.97,0.97,2.936,7.88,20.96,62.474464,6.461324
2022-08-25T18:56:02,2752,15.084,37.14,45.82,0.02,6.57,102.77,0.98,0.98,2.938,7.87,20.95,62.474464,6.461324
2022-08-25T19:56:02,2753,15.057,37.14,45.84,0.02,6.57,102.64,0.99,0.99,2.941,7.86,20.93,62.474464,6.461324
2022-08-25T20:56:02,2754,15.05,37.12,45.83,0.02,6.58,102.66,0.97,0.97,2.94,7.89,21.0,62.474464,6.461324
2022-08-25T21:56:02,2755,14.981,37.06,45.83,0.02,6.57,102.45,1.0,1.0,2.932,7.94,21.13,62.474464,6.461324
2022-08-25T22:56:03,2756,14.905,37.01,45.85,0.02,6.56,102.22,1.03,1.03,2.922,7.93,21.12,62.474464,6.461324
2022-08-25T23:56:02,2757,14.922,37.0,45.83,0.02,6.57,102.3,0.97,0.97,2.912,8.0,21.29,62.474464,6.461324
2022-08-26T01:56:02,2758,14.866,36.97,45.85,0.02,6.52,102.16,1.04,1.04,2.886,7.98,21.25,62.474464,6.461324
2022-08-26T02:56:02,2759,14.945,37.03,45.84,0.02,6.58,102.5,1.03,1.03,2.88,7.93,21.11,62.474464,6.461324
2022-08-26T03:56:02,2760,15.065,37.15,45.85,0.02,6.56,102.62,1.0,1.0,2.893,7.92,21.08,62.474464,6.461324
2022-08-26T04:56:02,2761,14.852,36.96,45.85,0.02,6.51,102.12,1.01,1.01,2.896,7.96,21.18,62.474464,6.461324
2022-08-26T05:56:02,2762,14.895,37.0,45.85,0.02,6.52,102.13,0.99,0.99,2.915,7.95,21.15,62.474464,6.461324
2022-08-26T06:56:02,2763,14.966,37.05,45.83,0.02,6.5,102.16,0.97,0.97,2.918,7.91,21.07,62.474464,6.461324
2022-08-26T07:56:02,2764,15.002,37.08,45.83,0.02,6.54,102.22,1.04,1.04,2.915,7.88,20.98,62.474464,6.461324
2022-08-26T08:56:03,2765,14.943,37.03,45.83,0.02,6.55,102.24,1.01,1.01,2.917,7.89,20.99,62.474464,6.461324
2022-08-26T09:56:02,2766,14.922,37.02,45.84,0.02,6.55,102.21,0.99,0.99,2.921,7.9,21.04,62.474464,6.461324
2022-08-26T10:56:02,2767,14.927,37.0,45.81,0.02,6.54,102.19,0.97,0.97,2.924,7.87,20.96,62.474464,6.461324
2022-08-26T11:56:02,2768,14.919,37.01,45.84,0.02,6.55,102.22,1.0,1.0,2.925,7.88,20.97,62.474464,6.461324
2022-08-26T13:56:02,2769,14.839,36.95,45.85,0.02,6.51,102.17,0.99,0.99,2.917,7.93,21.12,62.474464,6.461324
2022-08-26T14:56:02,2770,14.836,36.96,45.86,0.02,6.55,102.23,1.0,1.0,2.915,7.92,21.1,62.474464,6.461324
2022-08-26T15:56:02,2771,14.858,36.99,45.88,0.02,6.56,102.29,0.99,0.99,2.916,7.89,21.0,62.474464,6.461324
2022-08-26T16:56:02,2772,14.949,37.02,45.81,0.02,6.57,102.49,1.03,1.03,2.914,7.85,20.89,62.474464,6.461324
2022-08-26T17:56:02,2773,14.957,37.03,45.82,0.02,6.57,102.47,0.99,0.99,2.914,7.86,20.92,62.474464,6.461324
2022-08-26T18:56:02,2774,15.029,37.08,45.81,0.02,6.58,102.56,1.01,1.01,2.911,7.77,20.68,62.474464,6.461324
2022-08-26T19:56:02,2775,15.037,37.08,45.8,0.02,6.58,102.62,0.99,0.99,2.911,7.76,20.66,62.474464,6.461324
2022-08-26T20:56:02,2776,14.909,36.98,45.8,0.02,6.57,102.29,1.02,1.02,2.912,7.9,21.03,62.474464,6.461324
2022-08-26T21:56:02,2777,14.91,36.98,45.81,0.02,6.56,102.2,1.05,1.05,2.912,7.93,21.11,62.474464,6.461324
2022-08-26T22:56:02,2778,14.901,36.98,45.82,0.02,6.56,102.12,1.01,1.01,2.913,7.93,21.11,62.474464,6.461324
2022-08-26T23:56:02,2779,14.875,36.97,45.83,0.02,6.54,102.17,1.02,1.02,2.913,7.93,21.12,62.474464,6.461324
2022-08-27T01:56:02,2780,14.918,36.98,45.8,0.02,6.51,102.12,1.01,1.01,2.929,7.87,20.94,62.474464,6.461324
2022-08-27T02:56:02,2781,14.917,36.98,45.8,0.02,6.56,102.14,0.99,0.99,2.929,7.84,20.87,62.474464,6.461324
2022-08-27T03:56:02,2782,14.903,36.96,45.79,0.02,6.56,102.1,0.97,0.97,2.932,7.82,20.81,62.474464,6.461324
2022-08-27T04:56:02,2783,14.862,36.92,45.79,0.02,6.56,102.02,0.98,0.98,2.928,7.86,20.91,62.474464,6.461324
2022-08-27T05:56:02,2784,14.871,36.93,45.79,0.02,6.56,102.04,0.98,0.98,2.93,7.86,20.93,62.474464,6.461324
2022-08-27T06:56:02,2785,14.842,36.9,45.78,0.02,6.55,101.97,1.02,1.02,2.929,7.87,20.95,62.474464,6.461324
2022-08-27T07:56:02,2786,14.821,36.88,45.78,0.02,6.55,101.93,0.98,0.98,2.932,7.9,21.04,62.474464,6.461324
2022-08-27T08:56:02,2787,14.815,36.89,45.79,0.02,6.58,101.97,0.99,0.99,2.935,7.92,21.07,62.474464,6.461324
2022-08-27T09:56:02,2788,14.792,36.88,45.82,0.02,6.53,101.93,0.99,0.99,2.938,7.89,21.0,62.474464,6.461324
2022-08-27T10:56:02,2789,14.786,36.87,45.8,0.02,6.54,101.95,0.97,0.97,2.943,7.89,20.99,62.474464,6.461324
2022-08-27T11:56:02,2790,14.77,36.86,45.81,0.02,6.54,101.99,0.98,0.98,2.95,7.9,21.02,62.474464,6.461324
2022-08-27T13:56:02,2791,14.736,36.85,45.84,0.02,6.51,101.93,0.98,0.98,2.929,7.89,21.01,62.474464,6.461324
2022-08-27T14:56:02,2792,14.76,36.85,45.81,0.02,6.55,101.96,0.98,0.98,2.93,7.86,20.91,62.474464,6.461324
2022-08-27T15:56:02,2793,14.792,36.86,45.79,0.02,6.54,101.99,0.97,0.97,2.936,7.83,20.83,62.474464,6.461324
2022-08-27T16:56:02,2794,14.788,36.85,45.79,0.02,6.56,101.99,0.99,0.99,2.935,7.82,20.82,62.474464,6.461324
2022-08-27T17:56:02,2795,14.777,36.88,45.82,0.02,6.56,102.08,1.0,1.0,2.937,7.81,20.77,62.474464,6.461324
2022-08-27T18:56:02,2796,14.768,36.86,45.82,0.02,6.56,102.0,1.01,1.01,2.939,7.85,20.9,62.474464,6.461324
2022-08-27T19:56:02,2797,14.809,36.87,45.78,0.02,6.56,102.01,1.02,1.02,2.944,7.83,20.83,62.474464,6.461324
2022-08-27T20:56:02,2798,14.802,36.88,45.8,0.02,6.56,101.97,1.0,1.0,2.948,7.83,20.85,62.474464,6.461324
2022-08-27T21:56:02,2799,14.777,36.86,45.81,0.02,6.56,101.96,1.03,1.03,2.951,7.81,20.8,62.474464,6.461324
2022-08-27T22:56:02,2800,14.786,36.85,45.78,0.02,6.57,101.92,1.01,1.01,2.953,7.83,20.82,62.474464,6.461324
2022-08-27T23:56:02,2801,14.777,36.85,45.79,0.02,6.57,101.88,0.97,0.97,2.954,7.84,20.86,62.474464,6.461324
2022-08-28T01:56:02,2802,14.758,36.83,45.79,0.02,6.53,101.8,1.0,1.0,2.902,7.85,20.9,62.474464,6.461324
2022-08-28T02:56:02,2803,14.751,36.82,45.78,0.02,6.6,101.8,1.0,1.0,2.902,7.86,20.92,62.474464,6.461324
2022-08-28T03:56:02,2804,14.734,36.8,45.78,0.02,6.57,101.74,1.0,1.0,2.904,7.85,20.9,62.474464,6.461324
2022-08-28T04:56:02,2805,14.714,36.79,45.78,0.02,6.58,101.76,1.01,1.01,2.904,7.87,20.94,62.474464,6.461324
2022-08-28T05:56:02,2806,14.674,36.77,45.8,0.02,6.56,101.73,1.01,1.01,2.906,7.91,21.06,62.474464,6.461324
2022-08-28T06:56:02,2807,14.675,36.77,45.8,0.02,6.56,101.72,0.98,0.98,2.906,7.91,21.06,62.474464,6.461324
2022-08-28T07:56:02,2808,14.665,36.75,45.79,0.02,6.56,101.72,1.01,1.01,2.91,7.93,21.1,62.474464,6.461324
2022-08-28T08:56:02,2809,14.66,36.75,45.79,0.02,6.55,101.7,0.99,0.99,2.911,7.91,21.06,62.474464,6.461324
2022-08-28T09:56:02,2810,14.652,36.75,45.8,0.02,6.55,101.74,1.01,1.01,2.914,7.9,21.04,62.474464,6.461324
2022-08-28T10:56:02,2811,14.661,36.76,45.81,0.02,6.54,101.83,0.97,0.97,2.914,7.89,20.99,62.474464,6.461324
2022-08-28T11:56:02,2812,14.658,36.76,45.8,0.02,6.54,101.83,0.99,0.99,2.915,7.9,21.03,62.474464,6.461324
2022-08-28T13:56:02,2813,14.68,36.79,45.82,0.02,6.51,102.02,1.0,1.0,2.98,7.88,20.97,62.474464,6.461324
2022-08-28T14:56:02,2814,14.676,36.78,45.82,0.02,6.56,102.09,1.01,1.01,2.984,7.89,20.99,62.474464,6.461324
2022-08-28T15:56:02,2815,14.701,36.79,45.8,0.02,6.58,102.13,0.99,0.99,2.985,7.87,20.93,62.474464,6.461324
2022-08-28T16:56:02,2816,14.754,36.85,45.82,0.02,6.57,102.26,1.0,1.0,2.985,7.78,20.69,62.474464,6.461324
2022-08-28T17:56:02,2817,14.718,36.83,45.83,0.02,6.57,102.18,0.96,0.96,2.987,7.81,20.78,62.474464,6.461324
2022-08-28T18:56:02,2818,14.714,36.83,45.84,0.02,6.57,102.14,1.02,1.02,2.988,7.81,20.78,62.474464,6.461324
2022-08-28T19:56:02,2819,14.743,36.85,45.83,0.02,6.58,102.25,1.01,1.01,2.988,7.78,20.71,62.474464,6.461324
2022-08-28T20:56:02,2820,14.736,36.84,45.83,0.02,6.58,102.32,0.98,0.98,2.988,7.74,20.59,62.474464,6.461324
2022-08-28T21:56:02,2821,14.698,36.81,45.83,0.02,6.57,102.23,0.98,0.98,2.99,7.79,20.74,62.474464,6.461324
2022-08-28T22:56:02,2822,14.669,36.78,45.83,0.02,6.57,102.09,1.0,1.0,2.992,7.83,20.85,62.474464,6.461324
2022-08-28T23:56:02,2823,14.634,36.76,45.84,0.02,6.56,102.0,1.01,1.01,2.996,7.88,20.98,62.474464,6.461324
2022-08-29T01:56:02,2824,14.578,36.73,45.86,0.02,6.53,101.74,0.98,0.98,2.925,7.92,21.07,62.474464,6.461324
2022-08-29T02:56:02,2825,14.555,36.71,45.86,0.02,6.56,101.67,0.98,0.98,2.926,7.92,21.09,62.474464,6.461324
2022-08-29T03:56:02,2826,14.532,36.68,45.85,0.02,6.57,101.64,1.01,1.01,2.927,7.95,21.15,62.474464,6.461324
2022-08-29T04:56:02,2827,14.511,36.67,45.86,0.02,6.56,101.58,1.04,1.04,2.928,7.93,21.11,62.474464,6.461324
2022-08-29T05:56:02,2828,14.502,36.66,45.85,0.02,6.56,101.54,0.99,0.99,2.928,7.92,21.08,62.474464,6.461324
2022-08-29T06:56:02,2829,14.485,36.65,45.86,0.02,6.57,101.57,0.99,0.99,2.929,7.9,21.03,62.474464,6.461324
2022-08-29T07:56:02,2830,14.476,36.64,45.85,0.02,6.55,101.57,0.99,0.99,2.931,7.93,21.1,62.474464,6.461324
2022-08-29T08:56:02,2831,14.477,36.64,45.85,0.02,6.55,101.64,0.98,0.98,2.933,7.89,20.99,62.474464,6.461324
2022-08-29T09:56:02,2832,14.493,36.65,45.85,0.02,6.53,101.72,1.01,1.01,2.935,7.89,21.01,62.474464,6.461324
2022-08-29T10:56:02,2833,14.515,36.67,45.85,0.02,6.55,101.81,0.99,0.99,2.936,7.89,20.99,62.474464,6.461324
2022-08-29T11:56:02,2834,14.534,36.69,45.85,0.02,6.56,101.95,1.01,1.01,2.936,7.87,20.96,62.474464,6.461324
2022-08-29T13:56:02,2835,14.552,36.71,45.86,0.02,6.52,102.04,1.0,1.0,2.944,7.88,20.98,62.474464,6.461324
2022-08-29T14:56:02,2836,14.571,36.71,45.85,0.02,6.58,102.15,1.0,1.0,2.946,7.88,20.98,62.474464,6.461324
2022-08-29T15:56:02,2837,14.544,36.7,45.86,0.02,6.59,102.07,1.0,1.0,2.947,7.92,21.09,62.474464,6.461324
2022-08-29T16:56:02,2838,14.569,36.72,45.86,0.02,6.59,102.21,0.99,0.99,2.945,7.92,21.09,62.474464,6.461324
2022-08-29T17:56:02,2839,14.696,36.82,45.84,0.02,6.59,102.56,0.99,0.99,2.944,7.87,20.94,62.474464,6.461324
2022-08-29T18:56:02,2840,15.01,37.19,45.97,0.02,6.58,103.31,0.95,0.95,2.946,7.67,20.39,62.474464,6.461324
2022-08-29T19:56:02,2841,14.632,36.78,45.86,0.02,6.58,102.44,0.98,0.98,2.945,7.92,21.07,62.474464,6.461324
2022-08-29T20:56:02,2842,14.727,36.85,45.85,0.02,6.59,102.54,0.97,0.97,2.95,7.88,20.97,62.474464,6.461324
2022-08-29T21:56:02,2843,14.659,36.79,45.85,0.02,6.58,102.53,0.91,0.91,2.955,7.91,21.05,62.474464,6.461324
2022-08-29T22:56:02,2844,14.585,36.73,45.85,0.02,6.59,102.26,1.0,1.0,2.958,7.93,21.12,62.474464,6.461324
2022-08-29T23:56:02,2845,14.558,36.71,45.85,0.02,6.58,102.21,0.99,0.99,2.961,7.92,21.08,62.474464,6.461324
2022-08-30T01:56:02,2846,14.579,36.73,45.86,0.02,6.54,102.2,1.0,1.0,2.916,7.93,21.1,62.474464,6.461324
2022-08-30T02:56:02,2847,14.592,36.74,45.85,0.02,6.6,102.23,0.97,0.97,2.918,7.88,20.97,62.474464,6.461324
2022-08-30T03:56:02,2848,14.574,36.73,45.86,0.02,6.57,102.09,0.98,0.98,2.92,7.89,21.0,62.474464,6.461324
2022-08-30T04:56:02,2849,14.532,36.7,45.87,0.02,6.57,102.02,0.97,0.97,2.92,7.82,20.82,62.474464,6.461324
2022-08-30T05:56:02,2850,14.53,36.7,45.87,0.02,6.57,101.95,1.0,1.0,2.92,7.79,20.72,62.474464,6.461324
2022-08-30T06:56:02,2851,14.486,36.66,45.87,0.02,6.55,101.92,0.96,0.96,2.924,7.92,21.08,62.474464,6.461324
2022-08-30T07:56:02,2852,14.511,36.68,45.87,0.02,6.56,101.96,0.97,0.97,2.925,7.94,21.13,62.474464,6.461324
2022-08-30T08:56:02,2853,14.533,36.7,45.87,0.02,6.56,102.04,1.0,1.0,2.93,7.83,20.83,62.474464,6.461324
2022-08-30T09:56:02,2854,14.561,36.73,45.87,0.02,6.56,102.03,1.01,1.01,2.928,7.85,20.88,62.474464,6.461324
2022-08-30T10:56:02,2855,14.602,36.76,45.87,0.02,6.55,102.14,0.97,0.97,2.931,7.79,20.74,62.474464,6.461324
2022-08-30T11:56:02,2856,14.619,36.78,45.88,0.02,6.55,102.21,0.99,0.99,2.931,7.77,20.67,62.474464,6.461324
2022-08-30T13:56:02,2857,14.595,36.78,45.9,0.02,6.52,102.17,0.98,0.98,2.916,7.81,20.77,62.474464,6.461324
2022-08-30T14:56:02,2858,14.59,36.78,45.91,0.02,6.55,102.3,0.95,0.95,2.915,7.8,20.75,62.474464,6.461324
2022-08-30T15:56:02,2859,14.643,36.83,45.92,0.02,6.55,102.51,0.97,0.97,2.912,7.77,20.68,62.474464,6.461324
2022-08-30T16:56:02,2860,14.698,36.89,45.92,0.02,6.55,102.66,0.97,0.97,2.911,7.75,20.61,62.474464,6.461324
2022-08-30T17:56:02,2861,14.712,36.9,45.92,0.02,6.56,102.74,0.99,0.99,2.91,7.72,20.54,62.474464,6.461324
2022-08-30T18:56:02,2862,14.711,36.89,45.91,0.02,6.56,102.77,0.97,0.97,2.91,7.71,20.52,62.474464,6.461324
2022-08-30T19:56:02,2863,14.66,36.84,45.91,0.02,6.57,102.65,0.97,0.97,2.911,7.74,20.59,62.474464,6.461324
2022-08-30T20:56:02,2864,14.622,36.81,45.91,0.02,6.58,102.52,1.01,1.01,2.914,7.76,20.66,62.474464,6.461324
2022-08-30T21:56:02,2865,14.577,36.77,45.91,0.02,6.57,102.4,0.98,0.98,2.916,7.79,20.72,62.474464,6.461324
2022-08-30T22:56:02,2866,14.55,36.75,45.91,0.02,6.57,102.33,0.99,0.99,2.919,7.79,20.73,62.474464,6.461324
2022-08-30T23:56:02,2867,14.517,36.72,45.91,0.02,6.57,102.22,0.98,0.98,2.92,7.79,20.74,62.474464,6.461324
2022-08-31T01:56:02,2868,14.509,36.72,45.92,0.02,6.53,102.15,0.99,0.99,2.9,7.79,20.74,62.474464,6.461324
2022-08-31T02:56:02,2869,14.496,36.7,45.91,0.02,6.56,102.09,0.95,0.95,2.899,7.81,20.78,62.474464,6.461324
2022-08-31T03:56:02,2870,14.491,36.69,45.9,0.02,6.57,102.02,1.18,1.18,2.901,7.81,20.77,62.474464,6.461324
2022-08-31T04:56:02,2871,14.463,36.67,45.91,0.02,6.57,101.99,1.03,1.03,2.901,7.79,20.74,62.474464,6.461324
2022-08-31T05:56:02,2872,14.48,36.69,45.91,0.02,6.56,101.96,0.97,0.97,2.901,7.81,20.8,62.474464,6.461324
2022-08-31T06:56:02,2873,14.468,36.68,45.92,0.02,6.56,102.03,1.02,1.02,2.904,7.79,20.72,62.474464,6.461324
2022-08-31T07:56:02,2874,14.479,36.68,45.91,0.02,6.56,102.07,0.96,0.96,2.908,7.79,20.72,62.474464,6.461324
2022-08-31T08:56:02,2875,14.467,36.67,45.9,0.02,6.56,102.07,0.97,0.97,2.909,7.8,20.75,62.474464,6.461324
2022-08-31T09:56:02,2876,14.463,36.67,45.91,0.02,6.58,102.12,0.96,0.96,2.909,7.8,20.76,62.474464,6.461324
2022-08-31T10:56:02,2877,14.478,36.69,45.91,0.02,6.58,102.22,1.0,1.0,2.909,7.78,20.71,62.474464,6.461324
2022-08-31T11:56:02,2878,14.513,36.71,45.91,0.02,6.58,102.25,0.97,0.97,2.908,7.75,20.63,62.474464,6.461324
2022-08-31T13:56:02,2879,14.585,36.79,45.93,0.02,6.53,102.58,0.98,0.98,2.856,7.76,20.65,62.474464,6.461324
2022-08-31T14:56:02,2880,14.617,36.8,45.91,0.02,6.58,102.67,0.97,0.97,2.855,7.75,20.63,62.474464,6.461324
2022-08-31T15:56:02,2881,15.048,37.2,45.93,0.02,6.59,103.38,0.94,0.94,2.854,7.48,19.89,62.474464,6.461324
2022-08-31T16:56:02,2882,14.981,37.13,45.92,0.02,6.59,103.31,0.95,0.95,2.851,7.56,20.11,62.474464,6.461324
2022-08-31T17:56:02,2883,15.292,37.42,45.94,0.02,6.6,103.84,0.93,0.93,2.849,7.39,19.64,62.474464,6.461324
2022-08-31T18:56:02,2884,15.247,37.36,45.91,0.02,6.6,103.75,0.91,0.91,2.849,7.45,19.8,62.474464,6.461324
2022-08-31T19:56:02,2885,15.124,37.35,46.03,0.02,6.6,104.07,0.93,0.93,2.848,7.46,19.84,62.474464,6.461324
2022-08-31T20:56:02,2886,15.206,37.35,45.95,0.02,6.6,103.67,0.99,0.99,2.846,7.47,19.87,62.474464,6.461324
2022-08-31T21:56:02,2887,15.26,37.41,45.96,0.02,6.61,103.52,0.95,0.95,2.845,7.33,19.48,62.474464,6.461324
2022-08-31T22:56:02,2888,14.896,37.05,45.91,0.02,6.6,103.26,0.94,0.94,2.843,7.67,20.4,62.474464,6.461324
2022-08-31T23:56:02,2889,14.805,36.98,45.92,0.02,6.6,102.94,0.96,0.96,2.842,7.69,20.47,62.474464,6.461324
2022-09-01T01:56:02,2890,14.902,37.07,45.93,0.02,6.56,103.05,0.99,0.99,2.94,7.57,20.13,62.474464,6.461324
2022-09-01T02:56:02,2891,14.964,37.13,45.93,0.02,6.6,103.11,0.94,0.94,2.937,7.57,20.14,62.474464,6.461324
2022-09-01T03:56:02,2892,14.987,37.15,45.94,0.02,6.6,103.13,0.94,0.94,2.935,7.57,20.14,62.474464,6.461324
2022-09-01T04:56:02,2893,15.016,37.16,45.92,0.02,6.6,102.95,0.94,0.94,2.931,7.47,19.86,62.474464,6.461324
2022-09-01T05:56:02,2894,14.985,37.16,45.94,0.02,6.6,102.87,0.93,0.93,2.926,7.41,19.7,62.474464,6.461324
2022-09-01T06:56:02,2895,14.939,37.12,45.95,0.02,6.6,102.76,0.96,0.96,2.926,7.41,19.71,62.474464,6.461324
2022-09-01T07:56:02,2896,14.776,36.96,45.92,0.02,6.6,102.72,1.05,1.05,2.925,7.66,20.39,62.474464,6.461324
2022-09-01T08:56:02,2897,14.686,36.89,45.94,0.02,6.59,102.51,0.96,0.96,2.924,7.64,20.33,62.474464,6.461324
2022-09-01T09:56:02,2898,14.712,36.91,45.93,0.02,6.59,102.59,0.96,0.96,2.923,7.56,20.12,62.474464,6.461324
2022-09-01T10:56:02,2899,14.733,36.93,45.94,0.02,6.59,102.69,0.95,0.95,2.921,7.55,20.08,62.474464,6.461324
2022-09-01T11:56:02,2900,14.794,36.97,45.92,0.02,6.59,102.86,0.97,0.97,2.917,7.52,19.99,62.474464,6.461324
2022-09-01T13:56:02,2901,14.931,37.11,45.94,0.02,6.54,103.13,0.95,0.95,2.958,7.42,19.73,62.474464,6.461324
2022-09-01T14:56:02,2902,15.262,37.4,45.95,0.02,6.58,103.77,0.94,0.94,2.953,7.3,19.4,62.474464,6.461324
2022-09-01T15:56:02,2903,15.035,37.19,45.93,0.02,6.58,103.48,0.95,0.95,2.955,7.46,19.83,62.474464,6.461324
2022-09-01T16:56:02,2904,14.929,37.09,45.93,0.02,6.6,103.3,0.92,0.92,2.952,7.52,19.99,62.474464,6.461324
2022-09-01T17:56:02,2905,14.936,37.1,45.93,0.02,6.6,103.24,0.92,0.92,2.953,7.54,20.06,62.474464,6.461324
2022-09-01T18:56:02,2906,14.951,37.11,45.93,0.02,6.61,103.27,0.95,0.95,2.951,7.5,19.95,62.474464,6.461324
2022-09-01T19:56:02,2907,15.003,37.16,45.94,0.02,6.6,103.32,0.97,0.97,2.949,7.51,19.98,62.474464,6.461324
2022-09-01T20:56:02,2908,14.98,37.11,45.9,0.02,6.61,103.16,0.96,0.96,2.949,7.57,20.14,62.474464,6.461324
2022-09-01T21:56:02,2909,14.905,37.07,45.93,0.02,6.6,103.11,0.99,0.99,2.948,7.55,20.08,62.474464,6.461324
2022-09-01T22:56:02,2910,14.927,37.09,45.92,0.02,6.6,103.14,0.97,0.97,2.944,7.56,20.1,62.474464,6.461324
2022-09-01T23:56:02,2911,14.94,37.1,45.92,0.02,6.6,103.16,0.97,0.97,2.943,7.55,20.08,62.474464,6.461324
2022-09-02T01:56:02,2912,15.022,37.18,45.94,0.02,6.56,103.19,0.95,0.95,2.896,7.52,20.0,62.474464,6.461324
2022-09-02T02:56:02,2913,15.042,37.19,45.93,0.02,6.6,103.19,0.95,0.95,2.893,7.52,20.0,62.474464,6.461324
2022-09-02T03:56:02,2914,15.031,37.19,45.93,0.02,6.61,103.16,0.98,0.98,2.891,7.55,20.07,62.474464,6.461324
2022-09-02T04:56:02,2915,15.012,37.16,45.92,0.02,6.61,103.14,0.94,0.94,2.888,7.56,20.1,62.474464,6.461324
2022-09-02T05:56:02,2916,14.968,37.13,45.93,0.02,6.6,102.99,0.92,0.92,2.887,7.59,20.19,62.474464,6.461324
2022-09-02T06:56:02,2917,14.938,37.12,45.95,0.02,6.6,102.99,0.95,0.95,2.887,7.55,20.07,62.474464,6.461324
2022-09-02T07:56:02,2918,14.936,37.11,45.94,0.02,6.6,102.96,0.96,0.96,2.887,7.6,20.2,62.474464,6.461324
2022-09-02T08:56:02,2919,14.925,37.09,45.93,0.02,6.59,103.04,0.95,0.95,2.886,7.62,20.28,62.474464,6.461324
2022-09-02T09:56:02,2920,14.911,37.07,45.92,0.02,6.59,103.02,0.93,0.93,2.888,7.63,20.29,62.474464,6.461324
2022-09-02T10:56:02,2921,14.904,37.06,45.92,0.02,6.59,103.07,0.97,0.97,2.887,7.66,20.38,62.474464,6.461324
2022-09-02T11:56:02,2922,14.886,37.07,45.94,0.02,6.59,103.05,0.96,0.96,3.118,7.65,20.36,62.474464,6.461324
2022-09-02T13:56:02,2923,14.832,37.02,45.94,0.02,6.56,103.04,0.97,0.97,2.944,7.68,20.42,62.474464,6.461324
2022-09-02T14:56:02,2924,14.879,37.06,45.94,0.02,6.6,103.17,0.95,0.95,2.942,7.67,20.41,62.474464,6.461324
2022-09-02T15:56:02,2925,14.946,37.11,45.92,0.02,6.6,103.44,0.94,0.94,2.943,7.65,20.36,62.474464,6.461324
2022-09-02T16:56:02,2926,15.06,37.2,45.92,0.02,6.61,103.76,0.95,0.95,2.882,7.58,20.16,62.474464,6.461324
2022-09-02T17:56:03,2927,15.125,37.27,45.93,0.02,6.62,103.95,0.97,0.97,3.131,7.52,20.01,62.474464,6.461324
2022-09-02T18:56:02,2928,15.09,37.23,45.92,0.02,6.63,103.86,0.92,0.92,3.131,7.52,20.01,62.474464,6.461324
2022-09-02T19:56:02,2929,14.99,37.15,45.93,0.02,6.66,103.7,0.98,0.98,3.13,7.66,20.37,62.474464,6.461324
2022-09-02T20:56:03,2930,14.887,37.05,45.92,0.02,6.61,103.31,0.93,0.93,3.132,7.69,20.46,62.474464,6.461324
2022-09-02T21:56:02,2931,14.863,37.03,45.92,0.02,6.61,103.19,0.89,0.89,3.135,7.69,20.47,62.474464,6.461324
2022-09-02T22:56:02,2932,14.815,36.99,45.93,0.02,6.61,103.23,0.94,0.94,3.135,7.72,20.55,62.474464,6.461324
2022-09-02T23:56:02,2933,15.065,37.22,45.94,0.02,6.6,103.62,0.97,0.97,3.007,7.56,20.1,62.474464,6.461324
2022-09-03T01:56:02,2934,15.115,37.27,45.95,0.02,6.58,103.54,0.95,0.95,2.928,7.49,19.91,62.474464,6.461324
2022-09-03T02:56:02,2935,15.115,37.27,45.95,0.02,6.61,103.56,0.96,0.96,2.927,7.5,19.94,62.474464,6.461324
2022-09-03T03:56:02,2936,15.106,37.27,45.95,0.02,6.62,103.5,0.97,0.97,2.926,7.5,19.95,62.474464,6.461324
2022-09-03T04:56:03,2937,15.047,37.21,45.94,0.02,6.62,103.36,0.97,0.97,2.926,7.5,19.93,62.474464,6.461324
2022-09-03T05:56:02,2938,14.975,37.16,45.96,0.02,6.61,103.3,0.92,0.92,2.926,7.56,20.11,62.474464,6.461324
2022-09-03T06:56:03,2939,14.841,37.02,45.93,0.02,6.59,102.92,0.94,0.94,2.88,7.69,20.47,62.474464,6.461324
2022-09-03T07:56:02,2940,14.865,37.04,45.93,0.02,6.6,102.92,0.97,0.97,2.88,7.64,20.33,62.474464,6.461324
2022-09-03T08:56:02,2941,14.853,37.04,45.94,0.02,6.6,102.93,0.96,0.96,2.882,7.63,20.31,62.474464,6.461324
2022-09-03T09:56:02,2942,14.824,37.0,45.93,0.02,6.59,102.84,0.97,0.97,3.068,7.74,20.58,62.474464,6.461324
2022-09-03T10:56:03,2943,14.826,37.02,45.94,0.02,6.59,102.83,1.0,1.0,3.067,7.7,20.48,62.474464,6.461324
2022-09-03T11:56:02,2944,14.848,37.03,45.94,0.02,6.6,102.96,0.96,0.96,3.066,7.63,20.3,62.474464,6.461324
2022-09-03T13:56:02,2945,14.943,37.12,45.94,0.02,6.54,103.38,0.95,0.95,3.1,7.54,20.04,62.474464,6.461324
2022-09-03T14:56:02,2946,14.93,37.09,45.93,0.02,6.6,103.45,0.96,0.96,3.043,7.65,20.36,62.474464,6.461324
2022-09-03T15:56:02,2947,15.028,37.17,45.92,0.02,6.62,103.73,0.92,0.92,3.041,7.58,20.15,62.474464,6.461324
2022-09-03T16:56:02,2948,15.025,37.17,45.92,0.02,6.62,103.79,0.95,0.95,3.039,7.6,20.21,62.474464,6.461324
2022-09-03T17:56:03,2949,15.041,37.19,45.92,0.02,6.63,103.89,0.91,0.91,2.981,7.61,20.26,62.474464,6.461324
2022-09-03T18:56:02,2950,15.427,37.56,45.96,0.02,6.64,104.38,0.92,0.92,2.982,7.32,19.45,62.474464,6.461324
2022-09-03T19:56:02,2951,15.398,37.53,45.96,0.02,6.64,104.39,0.9,0.9,2.981,7.34,19.5,62.474464,6.461324
2022-09-03T20:56:03,2952,15.021,37.15,45.9,0.02,6.63,103.81,0.91,0.91,2.984,7.65,20.36,62.474464,6.461324
2022-09-03T21:56:02,2953,14.828,36.99,45.91,0.02,6.61,103.59,0.96,0.96,2.987,7.79,20.73,62.474464,6.461324
2022-09-03T22:56:02,2954,14.847,37.01,45.91,0.02,6.61,103.58,0.94,0.94,2.88,7.75,20.61,62.474464,6.461324
2022-09-03T23:56:02,2955,14.839,36.99,45.9,0.02,6.62,103.56,0.93,0.93,3.064,7.76,20.66,62.474464,6.461324
2022-09-04T01:56:02,2956,15.477,37.61,45.97,0.02,6.59,103.98,0.92,0.92,2.93,7.21,19.16,62.474464,6.461324
2022-09-04T02:56:02,2957,15.458,37.6,45.98,0.02,6.62,103.96,0.93,0.93,2.931,7.19,19.11,62.474464,6.461324
2022-09-04T03:56:02,2958,15.312,37.44,45.95,0.02,6.64,104.04,0.94,0.94,2.933,7.4,19.68,62.474464,6.461324
2022-09-04T04:56:03,2959,15.367,37.51,45.97,0.02,6.63,103.83,0.92,0.92,2.885,7.28,19.36,62.474464,6.461324
2022-09-04T05:56:02,2960,15.323,37.47,45.96,0.02,6.63,103.94,0.97,0.97,2.887,7.35,19.54,62.474464,6.461324
2022-09-04T06:56:02,2961,15.259,37.42,45.97,0.02,6.62,103.67,0.93,0.93,2.892,7.36,19.56,62.474464,6.461324
2022-09-04T07:56:03,2962,15.115,37.27,45.94,0.02,6.61,103.75,0.95,0.95,3.084,7.65,20.34,62.474464,6.461324
2022-09-04T08:56:02,2963,14.978,37.14,45.93,0.02,6.61,103.63,0.95,0.95,3.032,7.71,20.53,62.474464,6.461324
2022-09-04T09:56:02,2964,15.111,37.28,45.96,0.02,6.63,103.94,0.93,0.93,3.036,7.56,20.11,62.474464,6.461324
2022-09-04T10:56:02,2965,14.947,37.1,45.92,0.02,6.6,103.68,0.94,0.94,2.977,7.71,20.5,62.474464,6.461324
2022-09-04T11:56:02,2966,15.048,37.19,45.92,0.02,6.62,103.95,0.94,0.94,2.979,7.63,20.3,62.474464,6.461324
2022-09-04T13:56:02,2967,15.053,37.21,45.94,0.02,6.6,104.0,0.91,0.91,2.892,7.6,20.21,62.474464,6.461324
2022-09-04T14:56:02,2968,15.057,37.21,45.93,0.02,6.64,104.03,0.96,0.96,3.106,7.62,20.26,62.474464,6.461324
2022-09-04T15:56:03,2969,15.021,37.17,45.93,0.02,6.63,104.04,0.93,0.93,3.107,7.66,20.37,62.474464,6.461324
2022-09-04T16:56:02,2970,15.051,37.2,45.93,0.02,6.65,104.2,0.95,0.95,2.981,7.62,20.27,62.474464,6.461324
2022-09-04T17:56:03,2971,15.051,37.2,45.93,0.02,6.64,104.22,0.94,0.94,3.089,7.65,20.34,62.474464,6.461324
2022-09-04T18:56:02,2972,15.086,37.25,45.96,0.02,6.66,104.2,0.93,0.93,2.965,7.57,20.13,62.474464,6.461324
2022-09-04T19:56:02,2973,15.229,37.36,45.93,0.02,6.65,104.52,0.9,0.9,2.969,7.58,20.17,62.474464,6.461324
2022-09-04T20:56:02,2974,15.745,37.85,45.98,0.02,6.65,105.02,0.91,0.91,2.974,7.18,19.09,62.474464,6.461324
2022-09-04T21:56:02,2975,15.541,37.69,46.0,0.02,6.65,104.54,0.89,0.89,2.924,7.28,19.34,62.474464,6.461324
2022-09-04T22:56:02,2976,15.075,37.22,45.92,0.02,6.64,104.09,0.97,0.97,2.928,7.64,20.33,62.474464,6.461324
2022-09-04T23:56:03,2977,15.219,37.36,45.95,0.02,6.65,104.5,0.91,0.91,2.88,7.56,20.11,62.474464,6.461324
2022-09-05T01:56:02,2978,15.087,37.21,45.9,0.02,6.6,104.19,0.94,0.94,2.936,7.72,20.53,62.474464,6.461324
2022-09-05T02:56:03,2979,15.603,37.75,46.01,0.02,6.64,104.45,0.91,0.91,2.937,7.15,18.99,62.474464,6.461324
2022-09-05T03:56:03,2980,15.581,37.71,45.98,0.02,6.65,104.3,0.92,0.92,2.939,7.2,19.13,62.474464,6.461324
2022-09-05T04:56:03,2981,15.546,37.7,46.0,0.02,6.65,104.08,0.94,0.94,2.938,7.11,18.88,62.474464,6.461324
2022-09-05T05:56:02,2982,15.489,37.64,45.99,0.02,6.65,104.08,0.87,0.87,2.889,7.15,19.01,62.474464,6.461324
2022-09-05T06:56:02,2983,15.386,37.56,46.01,0.02,6.65,104.08,0.91,0.91,2.89,7.24,19.23,62.474464,6.461324
2022-09-05T07:56:02,2984,15.392,37.54,45.97,0.02,6.64,103.87,0.9,0.9,2.892,7.2,19.12,62.474464,6.461324
2022-09-05T08:56:02,2985,15.355,37.5,45.97,0.02,6.64,103.86,0.93,0.93,2.892,7.23,19.22,62.474464,6.461324
2022-09-05T09:56:03,2986,15.35,37.5,45.97,0.02,6.64,103.99,0.89,0.89,2.89,7.26,19.3,62.474464,6.461324
2022-09-05T10:56:02,2987,15.357,37.51,45.98,0.02,6.64,104.21,0.91,0.91,2.892,7.26,19.3,62.474464,6.461324
2022-09-05T11:56:03,2988,15.139,37.28,45.93,0.02,6.64,104.34,0.95,0.95,3.099,7.62,20.27,62.474464,6.461324
2022-09-05T13:56:02,2989,15.395,37.55,45.99,0.02,6.61,104.42,0.92,0.92,2.926,7.23,19.21,62.474464,6.461324
2022-09-05T14:56:02,2990,15.436,37.58,45.98,0.02,6.66,104.57,0.9,0.9,2.865,7.19,19.1,62.474464,6.461324
2022-09-05T15:56:02,2991,15.444,37.59,45.98,0.02,6.68,104.63,0.9,0.9,2.861,7.21,19.15,62.474464,6.461324
2022-09-05T16:56:02,2992,15.446,37.59,45.98,0.02,6.68,104.66,0.91,0.91,2.859,7.21,19.15,62.474464,6.461324
2022-09-05T17:56:03,2993,15.47,37.61,45.98,0.02,6.68,104.53,0.9,0.9,2.856,7.19,19.09,62.474464,6.461324
2022-09-05T18:56:03,2994,15.56,37.69,45.98,0.02,6.67,104.55,0.87,0.87,2.855,7.11,18.9,62.474464,6.461324
2022-09-05T19:56:02,2995,15.808,37.91,45.99,0.02,6.66,104.9,0.9,0.9,2.854,7.0,18.6,62.474464,6.461324
2022-09-05T20:56:02,2996,15.822,37.93,45.99,0.02,6.66,104.93,0.88,0.88,3.076,7.0,18.59,62.474464,6.461324
2022-09-05T21:56:02,2997,15.644,37.77,45.99,0.02,6.66,104.6,0.91,0.91,3.027,7.14,18.97,62.474464,6.461324
2022-09-05T22:56:02,2998,15.586,37.7,45.96,0.02,6.66,104.6,0.91,0.91,3.056,7.18,19.06,62.474464,6.461324
2022-09-05T23:56:02,2999,15.505,37.59,45.92,0.02,6.67,104.79,0.9,0.9,3.004,7.27,19.32,62.474464,6.461324
2022-09-06T01:56:02,3000,15.652,37.78,45.99,0.02,6.63,104.86,0.91,0.91,2.907,7.19,19.1,62.474464,6.461324
2022-09-06T02:56:03,3001,15.668,37.85,46.06,0.02,6.66,104.93,0.91,0.91,2.903,7.2,19.12,62.474464,6.461324
2022-09-06T03:56:02,3002,15.721,37.86,46.01,0.02,6.67,104.87,0.91,0.91,2.903,7.13,18.94,62.474464,6.461324
2022-09-06T04:56:03,3003,15.622,37.75,45.99,0.02,6.65,104.21,0.9,0.9,2.899,7.14,18.98,62.474464,6.461324
2022-09-06T05:56:02,3004,15.545,37.7,46.01,0.02,6.64,103.9,0.91,0.91,3.008,7.16,19.02,62.474464,6.461324
2022-09-06T06:56:03,3005,15.529,37.66,45.98,0.02,6.65,104.11,0.93,0.93,3.004,7.19,19.1,62.474464,6.461324
2022-09-06T07:56:02,3006,15.545,37.69,45.99,0.02,6.64,103.98,0.89,0.89,3.004,7.17,19.04,62.474464,6.461324
2022-09-06T08:56:02,3007,15.518,37.67,46.0,0.02,6.64,104.08,0.9,0.9,3.002,7.21,19.17,62.474464,6.461324
2022-09-06T09:56:02,3008,15.511,37.67,46.0,0.02,6.63,103.98,0.92,0.92,2.945,7.15,19.0,62.474464,6.461324
2022-09-06T10:56:02,3009,15.502,37.68,46.03,0.02,6.61,103.5,0.89,0.89,2.942,7.18,19.08,62.474464,6.461324
2022-09-06T11:56:02,3010,15.46,37.64,46.02,0.02,6.61,103.45,0.9,0.9,2.94,7.21,19.16,62.474464,6.461324
2022-09-06T13:56:03,3011,15.545,37.69,45.99,0.02,6.61,104.4,0.92,0.92,2.916,7.24,19.23,62.474464,6.461324
2022-09-06T14:56:02,3012,15.567,37.69,45.98,0.02,6.64,104.59,0.91,0.91,2.912,7.16,19.02,62.474464,6.461324
2022-09-06T15:56:02,3013,15.665,37.79,45.99,0.02,6.66,104.77,0.91,0.91,2.845,7.18,19.08,62.474464,6.461324
2022-09-06T16:56:02,3014,15.489,37.61,45.96,0.02,6.64,104.28,0.91,0.91,3.141,7.31,19.42,62.474464,6.461324
2022-09-06T17:56:03,3015,15.375,37.49,45.93,0.02,6.67,104.93,0.91,0.91,3.135,7.6,20.22,62.474464,6.461324
2022-09-06T18:56:02,3016,15.37,37.49,45.94,0.02,6.67,104.99,0.89,0.89,2.977,7.6,20.23,62.474464,6.461324
2022-09-06T19:56:02,3017,15.339,37.47,45.94,0.02,6.68,104.92,0.93,0.93,2.976,7.6,20.21,62.474464,6.461324
2022-09-06T20:56:02,3018,15.85,37.94,45.98,0.02,6.67,105.11,0.86,0.86,2.977,7.0,18.6,62.474464,6.461324
2022-09-06T21:56:03,3019,15.927,38.02,45.99,0.02,6.67,105.04,0.88,0.88,2.974,6.97,18.52,62.474464,6.461324
2022-09-06T22:56:02,3020,15.658,37.72,45.91,0.02,6.68,104.74,0.94,0.94,2.97,7.27,19.32,62.474464,6.461324
2022-09-06T23:56:02,3021,15.492,37.62,45.97,0.02,6.68,104.88,0.97,0.97,2.968,7.34,19.51,62.474464,6.461324
2022-09-07T01:56:02,3022,15.629,37.75,45.98,0.02,6.63,104.68,0.93,0.93,2.894,7.18,19.09,62.474464,6.461324
2022-09-07T02:56:02,3023,15.556,37.7,45.99,0.02,6.67,104.75,0.9,0.9,2.889,7.2,19.13,62.474464,6.461324
2022-09-07T03:56:02,3024,15.378,37.52,45.97,0.02,6.68,105.14,0.97,0.97,3.005,7.5,19.96,62.474464,6.461324
2022-09-07T04:56:02,3025,15.456,37.62,46.01,0.02,6.68,104.62,0.91,0.91,3.001,7.29,19.38,62.474464,6.461324
2022-09-07T05:56:02,3026,15.553,37.7,46.0,0.02,6.67,104.24,0.88,0.88,2.997,7.15,19.01,62.474464,6.461324
2022-09-07T06:56:02,3027,15.467,37.61,45.99,0.02,6.66,104.64,0.92,0.92,2.993,7.28,19.35,62.474464,6.461324
2022-09-07T07:56:02,3028,15.486,37.64,46.0,0.02,6.66,104.07,0.9,0.9,2.936,7.07,18.79,62.474464,6.461324
2022-09-07T08:56:02,3029,15.417,37.59,46.02,0.02,6.65,104.25,0.89,0.89,2.934,7.16,19.03,62.474464,6.461324
2022-09-07T09:56:02,3030,15.271,37.41,45.94,0.02,6.65,104.31,0.94,0.94,2.933,7.49,19.91,62.474464,6.461324
2022-09-07T10:56:02,3031,15.257,37.41,45.96,0.02,6.65,104.29,0.91,0.91,2.931,7.46,19.84,62.474464,6.461324
2022-09-07T11:56:03,3032,15.329,37.46,45.94,0.02,6.66,104.58,0.91,0.91,2.927,7.48,19.88,62.474464,6.461324
2022-09-07T13:56:02,3033,15.316,37.46,45.95,0.02,6.62,104.58,0.94,0.94,2.948,7.38,19.61,62.474464,6.461324
2022-09-07T14:56:02,3034,15.428,37.58,45.98,0.02,6.67,104.48,0.92,0.92,2.946,7.21,19.16,62.474464,6.461324
2022-09-07T15:56:02,3035,15.421,37.56,45.97,0.02,6.69,104.48,0.86,0.86,2.945,7.2,19.12,62.474464,6.461324
2022-09-07T16:56:02,3036,15.496,37.63,45.97,0.02,6.69,104.74,0.9,0.9,2.944,7.2,19.13,62.474464,6.461324
2022-09-07T17:56:03,3037,15.518,37.65,45.97,0.02,6.68,104.85,0.89,0.89,2.943,7.16,19.03,62.474464,6.461324
2022-09-07T18:56:02,3038,15.45,37.59,45.98,0.02,6.68,104.75,0.93,0.93,2.944,7.2,19.12,62.474464,6.461324
2022-09-07T19:56:02,3039,15.402,37.55,45.98,0.02,6.69,104.65,0.89,0.89,2.946,7.27,19.31,62.474464,6.461324
2022-09-07T20:56:02,3040,15.773,37.9,46.0,0.02,6.69,105.23,0.88,0.88,2.898,7.16,19.02,62.474464,6.461324
2022-09-07T21:56:02,3041,15.896,38.02,46.02,0.02,6.67,105.11,0.89,0.89,2.902,7.09,18.84,62.474464,6.461324
2022-09-07T22:56:02,3042,16.052,38.14,46.0,0.02,6.68,105.19,0.87,0.87,2.903,6.95,18.45,62.474464,6.461324
2022-09-07T23:56:02,3043,15.444,37.61,46.0,0.02,6.69,104.75,0.92,0.92,3.071,7.26,19.28,62.474464,6.461324
2022-09-08T01:56:02,3044,15.315,37.47,45.97,0.02,6.65,104.75,0.93,0.93,2.944,7.52,20.0,62.474464,6.461324
2022-09-08T02:56:02,3045,15.386,37.54,45.98,0.02,6.69,104.85,0.87,0.87,2.945,7.5,19.95,62.474464,6.461324
2022-09-08T03:56:02,3046,15.469,37.57,45.94,0.02,6.69,104.56,1.04,1.04,2.944,7.28,19.35,62.474464,6.461324
2022-09-08T04:56:02,3047,15.558,37.68,45.98,0.02,6.68,104.76,0.87,0.87,2.945,7.32,19.47,62.474464,6.461324
2022-09-08T05:56:03,3048,15.639,37.77,46.0,0.02,6.7,104.97,0.91,0.91,2.894,7.24,19.24,62.474464,6.461324
2022-09-08T06:56:03,3049,15.635,37.73,45.95,0.02,6.68,104.84,0.89,0.89,3.062,7.22,19.17,62.474464,6.461324
2022-09-08T07:56:02,3050,15.651,37.78,45.99,0.02,6.68,104.87,0.88,0.88,3.009,7.24,19.23,62.474464,6.461324
2022-09-08T08:56:02,3051,15.743,37.89,46.03,0.02,6.66,104.36,0.89,0.89,3.01,7.01,18.62,62.474464,6.461324
2022-09-08T09:56:02,3052,15.494,37.61,45.96,0.02,6.69,104.61,0.88,0.88,2.956,7.27,19.31,62.474464,6.461324
2022-09-08T10:56:02,3053,15.574,37.72,46.0,0.02,6.68,104.87,0.89,0.89,2.901,7.19,19.11,62.474464,6.461324
2022-09-08T11:56:02,3054,15.52,37.64,45.96,0.02,6.69,104.89,0.91,0.91,2.899,7.32,19.45,62.474464,6.461324
2022-09-08T13:56:02,3055,15.478,37.62,45.98,0.02,6.66,105.22,0.92,0.92,2.915,7.41,19.69,62.474464,6.461324
2022-09-08T14:56:02,3056,15.579,37.66,45.92,0.02,6.71,105.61,0.9,0.9,2.915,7.5,19.95,62.474464,6.461324
2022-09-08T15:56:02,3057,15.68,37.81,46.0,0.02,6.7,105.6,0.88,0.88,3.098,7.32,19.46,62.474464,6.461324
2022-09-08T16:56:02,3058,15.62,37.78,46.03,0.02,6.7,105.38,0.85,0.85,3.095,7.22,19.18,62.474464,6.461324
2022-09-08T17:56:02,3059,15.556,37.68,45.97,0.02,6.72,105.2,0.87,0.87,3.095,7.27,19.31,62.474464,6.461324
2022-09-08T18:56:02,3060,15.414,37.53,45.94,0.02,6.72,105.22,0.9,0.9,3.096,7.55,20.08,62.474464,6.461324
2022-09-08T19:56:02,3061,15.431,37.58,45.98,0.02,6.72,105.36,0.86,0.86,3.097,7.44,19.79,62.474464,6.461324
2022-09-08T20:56:02,3062,15.311,37.46,45.96,0.02,6.7,105.14,0.94,0.94,3.097,7.64,20.31,62.474464,6.461324
2022-09-08T21:56:02,3063,15.326,37.45,45.93,0.02,6.72,105.68,0.87,0.87,3.095,7.73,20.57,62.474464,6.461324
2022-09-08T22:56:02,3064,15.654,37.76,45.97,0.02,6.69,105.35,0.9,0.9,3.095,7.24,19.25,62.474464,6.461324
2022-09-08T23:56:02,3065,15.416,37.53,45.94,0.02,6.71,105.36,0.9,0.9,3.096,7.59,20.2,62.474464,6.461324
2022-09-09T01:56:02,3066,15.439,37.58,45.98,0.02,6.67,105.21,0.88,0.88,2.932,7.51,19.96,62.474464,6.461324
2022-09-09T02:56:02,3067,15.511,37.63,45.96,0.02,6.71,105.23,0.89,0.89,2.934,7.45,19.81,62.474464,6.461324
2022-09-09T03:56:02,3068,15.479,37.62,45.98,0.02,6.7,105.07,0.9,0.9,2.93,7.36,19.56,62.474464,6.461324
2022-09-09T04:56:02,3069,15.375,37.49,45.93,0.02,6.71,105.24,0.93,0.93,2.93,7.62,20.26,62.474464,6.461324
2022-09-09T05:56:02,3070,15.355,37.49,45.95,0.02,6.7,105.17,0.9,0.9,2.928,7.62,20.28,62.474464,6.461324
2022-09-09T06:56:02,3071,15.49,37.59,45.94,0.02,6.71,105.48,0.91,0.91,2.928,7.57,20.12,62.474464,6.461324
2022-09-09T07:56:02,3072,15.472,37.56,45.91,0.02,6.71,105.82,0.89,0.89,2.927,7.71,20.51,62.474464,6.461324
2022-09-09T08:56:02,3073,15.512,37.56,45.87,0.02,6.71,105.68,0.9,0.9,2.926,7.7,20.5,62.474464,6.461324
2022-09-09T09:56:02,3074,15.471,37.53,45.88,0.02,6.7,105.84,0.9,0.9,2.927,7.75,20.62,62.474464,6.461324
2022-09-09T10:56:02,3075,15.475,37.54,45.89,0.02,6.7,105.86,0.92,0.92,2.925,7.69,20.47,62.474464,6.461324
2022-09-09T11:56:02,3076,15.479,37.56,45.91,0.02,6.71,106.02,0.9,0.9,2.925,7.69,20.47,62.474464,6.461324
2022-09-09T13:56:02,3077,15.491,37.64,46.0,0.02,6.66,104.76,0.88,0.88,2.93,7.31,19.42,62.474464,6.461324
2022-09-09T14:56:02,3078,15.501,37.66,46.0,0.02,6.71,104.69,0.87,0.87,2.927,7.27,19.31,62.474464,6.461324
2022-09-09T15:56:02,3079,15.524,37.65,45.97,0.02,6.71,105.28,0.89,0.89,2.924,7.39,19.64,62.474464,6.461324
2022-09-09T16:56:02,3080,15.57,37.69,45.97,0.02,6.71,105.63,0.89,0.89,2.922,7.43,19.75,62.474464,6.461324
2022-09-09T17:56:02,3081,15.668,37.79,45.99,0.02,6.69,104.79,0.87,0.87,2.924,7.06,18.75,62.474464,6.461324
2022-09-09T18:56:02,3082,15.61,37.76,46.01,0.02,6.71,105.18,0.89,0.89,2.925,7.23,19.22,62.474464,6.461324
2022-09-09T19:56:02,3083,15.776,37.9,46.0,0.02,6.69,104.82,0.88,0.88,2.929,7.03,18.67,62.474464,6.461324
2022-09-09T20:56:02,3084,15.83,37.97,46.03,0.02,6.7,105.0,0.84,0.84,2.931,6.99,18.56,62.474464,6.461324
2022-09-09T21:56:02,3085,16.192,38.28,46.02,0.02,6.69,105.08,0.84,0.84,2.881,6.73,17.85,62.474464,6.461324
2022-09-09T22:56:02,3086,16.072,38.27,46.14,0.02,6.69,105.35,0.88,0.88,2.884,6.75,17.92,62.474464,6.461324
2022-09-09T23:56:02,3087,15.702,37.87,46.05,0.02,6.69,104.95,0.88,0.88,2.883,7.17,19.06,62.474464,6.461324
2022-09-10T01:56:02,3088,15.769,37.9,46.01,0.02,6.66,105.1,0.86,0.86,2.919,7.14,18.97,62.474464,6.461324
2022-09-10T02:56:02,3089,15.798,37.93,46.01,0.02,6.69,104.94,0.87,0.87,2.917,7.05,18.71,62.474464,6.461324
2022-09-10T03:56:02,3090,15.644,37.77,45.99,0.02,6.71,104.8,0.95,0.95,2.917,7.15,19.01,62.474464,6.461324
2022-09-10T04:56:02,3091,15.621,37.78,46.02,0.02,6.71,104.81,0.87,0.87,2.917,7.14,18.98,62.474464,6.461324
2022-09-10T05:56:02,3092,15.922,38.06,46.04,0.02,6.67,104.11,0.84,0.84,2.919,6.77,17.97,62.474464,6.461324
2022-09-10T06:56:02,3093,15.877,38.05,46.08,0.02,6.67,104.2,0.86,0.86,2.919,6.76,17.94,62.474464,6.461324
2022-09-10T07:56:02,3094,15.822,38.0,46.07,0.02,6.67,104.17,0.85,0.85,2.919,6.77,17.98,62.474464,6.461324
2022-09-10T08:56:02,3095,15.793,37.97,46.07,0.02,6.67,104.16,0.86,0.86,2.921,6.83,18.14,62.474464,6.461324
2022-09-10T09:56:02,3096,15.808,37.99,46.08,0.02,6.67,104.1,0.85,0.85,2.921,6.75,17.92,62.474464,6.461324
2022-09-10T10:56:02,3097,15.799,37.97,46.07,0.02,6.66,104.06,0.91,0.91,2.922,6.77,17.97,62.474464,6.461324
2022-09-10T11:56:02,3098,15.678,37.84,46.03,0.02,6.68,104.56,0.9,0.9,2.921,7.29,19.37,62.474464,6.461324
2022-09-10T13:56:02,3099,15.608,37.76,46.01,0.02,6.67,104.98,0.86,0.86,2.885,7.26,19.3,62.474464,6.461324
2022-09-10T14:56:02,3100,15.719,37.86,46.02,0.02,6.69,105.09,0.85,0.85,2.886,7.18,19.08,62.474464,6.461324
2022-09-10T15:56:02,3101,15.726,37.83,45.97,0.02,6.71,105.33,0.87,0.87,2.884,7.25,19.27,62.474464,6.461324
2022-09-10T16:56:02,3102,15.866,38.03,46.07,0.02,6.69,104.6,0.86,0.86,2.885,6.81,18.07,62.474464,6.461324
2022-09-10T17:56:02,3103,16.028,38.18,46.08,0.02,6.7,105.08,0.87,0.87,2.886,6.75,17.92,62.474464,6.461324
2022-09-10T18:56:02,3104,15.899,38.04,46.04,0.02,6.7,105.08,0.85,0.85,2.887,6.92,18.38,62.474464,6.461324
2022-09-10T19:56:02,3105,15.952,38.09,46.05,0.02,6.72,104.99,0.87,0.87,2.889,6.81,18.08,62.474464,6.461324
2022-09-10T20:56:02,3106,15.964,38.11,46.06,0.02,6.71,104.87,0.9,0.9,2.892,6.83,18.13,62.474464,6.461324
2022-09-10T21:56:02,3107,15.845,37.98,46.03,0.02,6.71,105.0,0.87,0.87,2.892,6.98,18.54,62.474464,6.461324
2022-09-10T22:56:02,3108,15.889,38.04,46.05,0.02,6.69,104.87,0.88,0.88,2.894,6.89,18.29,62.474464,6.461324
2022-09-10T23:56:02,3109,15.849,38.01,46.06,0.02,6.68,104.89,0.86,0.86,2.893,6.95,18.44,62.474464,6.461324
2022-09-11T01:56:02,3110,15.857,38.03,46.08,0.02,6.66,104.5,0.91,0.91,2.935,6.81,18.09,62.474464,6.461324
2022-09-11T02:56:02,3111,15.813,37.98,46.07,0.02,6.7,104.36,0.88,0.88,2.934,6.81,18.08,62.474464,6.461324
2022-09-11T03:56:02,3112,15.768,37.94,46.07,0.02,6.7,104.28,1.07,1.07,2.934,6.85,18.19,62.474464,6.461324
2022-09-11T04:56:02,3113,15.74,37.91,46.05,0.02,6.7,104.27,0.86,0.86,2.935,6.88,18.27,62.474464,6.461324
2022-09-11T05:56:02,3114,15.704,37.88,46.06,0.02,6.69,104.14,0.87,0.87,2.932,6.89,18.29,62.474464,6.461324
2022-09-11T06:56:02,3115,15.692,37.87,46.06,0.02,6.75,104.1,0.88,0.88,2.931,6.9,18.32,62.474464,6.461324
2022-09-11T07:56:02,3116,15.676,37.86,46.06,0.02,6.7,104.26,0.84,0.84,2.934,6.94,18.42,62.474464,6.461324
2022-09-11T08:56:02,3117,15.668,37.84,46.05,0.02,6.68,104.11,0.89,0.89,2.935,6.89,18.3,62.474464,6.461324
2022-09-11T09:56:02,3118,15.665,37.85,46.06,0.02,6.68,104.11,0.89,0.89,2.933,6.87,18.24,62.474464,6.461324
2022-09-11T10:56:02,3119,15.65,37.82,46.04,0.02,6.68,104.25,0.9,0.9,2.931,6.9,18.32,62.474464,6.461324
2022-09-11T11:56:02,3120,15.628,37.8,46.05,0.02,6.7,104.36,0.89,0.89,2.925,6.94,18.43,62.474464,6.461324
2022-09-11T13:56:02,3121,15.619,37.79,46.04,0.02,6.67,104.49,0.89,0.89,2.857,6.97,18.52,62.474464,6.461324
2022-09-11T14:56:02,3122,15.685,37.85,46.04,0.02,6.7,104.58,0.86,0.86,2.857,6.93,18.39,62.474464,6.461324
2022-09-11T15:56:02,3123,15.827,38.0,46.07,0.02,6.7,104.65,0.87,0.87,2.857,6.79,18.02,62.474464,6.461324
2022-09-11T16:56:02,3124,15.799,37.96,46.05,0.02,6.71,104.63,0.9,0.9,2.853,6.84,18.14,62.474464,6.461324
2022-09-11T17:56:02,3125,15.792,37.95,46.05,0.02,6.71,104.7,0.88,0.88,2.85,6.84,18.16,62.474464,6.461324
2022-09-11T18:56:02,3126,15.781,37.94,46.05,0.02,6.71,104.74,0.87,0.87,2.846,6.83,18.12,62.474464,6.461324
2022-09-11T19:56:02,3127,15.768,37.93,46.05,0.02,6.72,104.72,0.9,0.9,2.842,6.84,18.17,62.474464,6.461324
2022-09-11T20:56:02,3128,15.749,37.93,46.07,0.02,6.72,104.62,0.88,0.88,2.838,6.79,18.02,62.474464,6.461324
2022-09-11T21:56:02,3129,15.732,37.9,46.06,0.02,6.72,104.59,0.86,0.86,2.836,6.87,18.25,62.474464,6.461324
2022-09-11T22:56:02,3130,15.686,37.85,46.04,0.02,6.71,104.5,0.82,0.82,2.834,6.87,18.24,62.474464,6.461324
2022-09-11T23:56:02,3131,15.663,37.84,46.05,0.02,6.7,104.36,0.83,0.83,2.829,6.88,18.26,62.474464,6.461324
2022-09-12T01:56:02,3132,15.597,37.78,46.05,0.02,6.67,104.3,0.84,0.84,2.903,6.96,18.47,62.474464,6.461324
2022-09-12T02:56:02,3133,15.563,37.73,46.02,0.02,6.7,104.31,0.89,0.89,2.898,7.02,18.65,62.474464,6.461324
2022-09-12T03:56:02,3134,15.538,37.71,46.03,0.02,6.7,104.1,0.86,0.86,2.887,6.98,18.53,62.474464,6.461324
2022-09-12T04:56:02,3135,15.515,37.71,46.05,0.02,6.7,104.01,0.87,0.87,2.88,6.96,18.48,62.474464,6.461324
2022-09-12T05:56:02,3136,15.524,37.71,46.05,0.02,6.7,103.93,0.9,0.9,2.875,6.97,18.51,62.474464,6.461324
2022-09-12T06:56:03,3137,15.501,37.69,46.05,0.02,6.69,103.97,0.87,0.87,2.866,6.99,18.57,62.474464,6.461324
2022-09-12T07:56:02,3138,15.485,37.68,46.05,0.02,6.68,103.85,0.84,0.84,2.859,7.02,18.64,62.474464,6.461324
2022-09-12T08:56:02,3139,15.467,37.66,46.05,0.02,6.68,103.73,0.88,0.88,2.855,6.99,18.56,62.474464,6.461324
2022-09-12T09:56:02,3140,15.442,37.62,46.03,0.02,6.66,103.69,0.86,0.86,2.848,7.04,18.71,62.474464,6.461324
2022-09-12T10:56:02,3141,15.44,37.63,46.03,0.02,6.67,103.66,0.91,0.91,2.84,6.99,18.56,62.474464,6.461324
2022-09-12T11:56:02,3142,15.438,37.63,46.04,0.02,6.67,103.75,0.89,0.89,2.831,6.98,18.53,62.474464,6.461324
2022-09-12T13:56:02,3143,15.401,37.55,45.98,0.02,6.63,103.89,0.88,0.88,2.952,7.21,19.15,62.474464,6.461324
2022-09-12T14:56:02,3144,15.453,37.63,46.02,0.02,6.66,103.9,0.88,0.88,2.939,7.08,18.8,62.474464,6.461324
2022-09-12T15:56:02,3145,15.517,37.69,46.02,0.02,6.68,103.82,0.86,0.86,2.924,7.02,18.64,62.474464,6.461324
2022-09-12T16:56:02,3146,15.47,37.61,45.98,0.02,6.66,103.62,0.9,0.9,2.913,7.1,18.85,62.474464,6.461324
2022-09-12T17:56:02,3147,15.317,37.44,45.94,0.02,6.64,103.33,0.89,0.89,2.9,7.33,19.49,62.474464,6.461324
2022-09-12T18:56:02,3148,15.183,37.31,45.92,0.02,6.62,103.09,0.89,0.89,2.898,7.54,20.04,62.474464,6.461324
2022-09-12T19:56:02,3149,15.146,37.29,45.93,0.02,6.62,103.11,0.94,0.94,2.897,7.59,20.18,62.474464,6.461324
2022-09-12T20:56:02,3150,15.219,37.36,45.94,0.02,6.64,103.19,0.91,0.91,2.899,7.46,19.84,62.474464,6.461324
2022-09-12T21:56:02,3151,15.227,37.39,45.98,0.02,6.65,103.31,0.89,0.89,2.896,7.38,19.62,62.474464,6.461324
2022-09-12T22:56:02,3152,15.263,37.42,45.97,0.02,6.65,103.17,0.89,0.89,2.893,7.36,19.57,62.474464,6.461324
2022-09-12T23:56:02,3153,15.266,37.43,45.98,0.02,6.64,103.09,0.87,0.87,2.889,7.33,19.48,62.474464,6.461324
2022-09-13T01:56:02,3154,15.241,37.43,46.0,0.02,6.62,102.99,0.88,0.88,2.922,7.35,19.54,62.474464,6.461324
2022-09-13T02:56:02,3155,15.222,37.41,46.0,0.02,6.64,102.87,0.89,0.89,2.918,7.38,19.61,62.474464,6.461324
2022-09-13T03:56:02,3156,15.191,37.38,45.99,0.02,6.63,102.81,0.89,0.89,2.913,7.4,19.66,62.474464,6.461324
2022-09-13T04:56:02,3157,15.18,37.38,46.01,0.02,6.61,102.64,0.92,0.92,2.908,7.33,19.47,62.474464,6.461324
2022-09-13T05:56:02,3158,15.177,37.38,46.01,0.02,6.63,102.64,0.92,0.92,2.908,7.33,19.49,62.474464,6.461324
2022-09-13T06:56:02,3159,15.185,37.38,46.0,0.02,6.62,102.64,0.91,0.91,2.91,7.29,19.38,62.474464,6.461324
2022-09-13T07:56:02,3160,15.171,37.35,45.99,0.02,6.61,102.55,0.9,0.9,2.911,7.28,19.36,62.474464,6.461324
2022-09-13T08:56:02,3161,15.155,37.33,45.97,0.02,6.61,102.45,0.88,0.88,2.912,7.34,19.52,62.474464,6.461324
2022-09-13T09:56:02,3162,15.16,37.34,45.99,0.02,6.62,102.4,0.86,0.86,2.916,7.3,19.4,62.474464,6.461324
2022-09-13T10:56:02,3163,15.159,37.35,45.99,0.02,6.61,102.47,0.92,0.92,2.916,7.28,19.35,62.474464,6.461324
2022-09-13T11:56:02,3164,15.166,37.35,45.99,0.02,6.62,102.54,0.9,0.9,2.914,7.26,19.3,62.474464,6.461324
2022-09-13T13:56:02,3165,15.202,37.39,45.99,0.02,6.6,102.54,0.89,0.89,2.956,7.21,19.17,62.474464,6.461324
2022-09-13T14:56:02,3166,15.204,37.39,45.99,0.02,6.63,102.57,0.92,0.92,2.955,7.2,19.12,62.474464,6.461324
2022-09-13T15:56:02,3167,15.169,37.35,45.99,0.02,6.65,102.66,0.9,0.9,2.961,7.25,19.26,62.474464,6.461324
2022-09-13T16:56:02,3168,15.16,37.35,45.99,0.02,6.65,102.69,0.93,0.93,2.966,7.24,19.24,62.474464,6.461324
2022-09-13T17:56:02,3169,15.164,37.35,45.99,0.02,6.65,102.73,0.93,0.93,2.971,7.23,19.21,62.474464,6.461324
2022-09-13T18:56:02,3170,15.14,37.33,45.99,0.02,6.64,102.66,0.9,0.9,2.97,7.25,19.26,62.474464,6.461324
2022-09-13T19:56:02,3171,15.135,37.33,45.99,0.02,6.64,102.62,0.93,0.93,2.971,7.24,19.23,62.474464,6.461324
2022-09-13T20:56:02,3172,15.135,37.33,45.99,0.02,6.64,102.58,0.88,0.88,2.974,7.24,19.24,62.474464,6.461324
2022-09-13T21:56:02,3173,15.147,37.34,45.99,0.02,6.65,102.62,0.92,0.92,2.98,7.22,19.19,62.474464,6.461324
2022-09-13T22:56:02,3174,15.142,37.33,45.99,0.02,6.64,102.6,0.92,0.92,2.981,7.24,19.25,62.474464,6.461324
2022-09-13T23:56:02,3175,15.114,37.29,45.98,0.02,6.63,102.46,0.93,0.93,2.981,7.27,19.31,62.474464,6.461324
2022-09-14T01:56:02,3176,15.067,37.26,45.98,0.02,6.63,102.19,0.94,0.94,2.932,7.28,19.35,62.474464,6.461324
2022-09-14T02:56:02,3177,15.058,37.25,45.98,0.02,6.64,102.21,0.93,0.93,2.932,7.28,19.34,62.474464,6.461324
2022-09-14T03:56:02,3178,15.052,37.24,45.98,0.02,6.64,102.18,0.91,0.91,2.926,7.28,19.35,62.474464,6.461324
2022-09-14T04:56:02,3179,15.023,37.2,45.96,0.02,6.64,102.08,0.88,0.88,2.925,7.28,19.34,62.474464,6.461324
2022-09-14T05:56:02,3180,14.997,37.17,45.95,0.02,6.63,101.98,0.91,0.91,2.92,7.28,19.35,62.474464,6.461324
2022-09-14T06:56:02,3181,14.938,37.13,45.96,0.02,6.62,101.85,0.91,0.91,2.919,7.34,19.51,62.474464,6.461324
2022-09-14T07:56:02,3182,14.945,37.13,45.95,0.02,6.63,101.86,0.91,0.91,2.918,7.32,19.46,62.474464,6.461324
2022-09-14T08:56:02,3183,14.949,37.13,45.95,0.02,6.63,101.82,0.93,0.93,2.918,7.31,19.42,62.474464,6.461324
2022-09-14T09:56:02,3184,14.94,37.11,45.93,0.02,6.62,101.79,0.92,0.92,2.918,7.31,19.43,62.474464,6.461324
2022-09-14T10:56:02,3185,14.93,37.09,45.92,0.02,6.62,101.71,0.87,0.87,2.914,7.31,19.43,62.474464,6.461324
2022-09-14T11:56:02,3186,14.917,37.08,45.92,0.02,6.61,101.64,0.92,0.92,2.916,7.3,19.4,62.474464,6.461324
2022-09-14T13:56:02,3187,14.88,37.04,45.92,0.02,6.57,101.6,0.91,0.91,2.94,7.33,19.49,62.474464,6.461324
2022-09-14T14:56:03,3188,14.874,37.04,45.93,0.02,6.61,101.63,0.9,0.9,2.944,7.34,19.5,62.474464,6.461324
2022-09-14T15:56:02,3189,14.845,37.03,45.94,0.02,6.62,101.62,0.92,0.92,2.94,7.35,19.55,62.474464,6.461324
2022-09-14T16:56:02,3190,14.833,37.01,45.93,0.02,6.62,101.64,0.93,0.93,2.937,7.35,19.55,62.474464,6.461324
2022-09-14T17:56:02,3191,14.813,36.99,45.93,0.02,6.62,101.58,0.9,0.9,2.938,7.37,19.58,62.474464,6.461324
2022-09-14T18:56:02,3192,14.797,36.98,45.93,0.02,6.61,101.58,0.89,0.89,2.939,7.38,19.62,62.474464,6.461324
2022-09-14T19:56:02,3193,14.788,36.96,45.92,0.02,6.62,101.54,0.91,0.91,2.937,7.38,19.62,62.474464,6.461324
2022-09-14T20:56:02,3194,14.762,36.93,45.9,0.02,6.61,101.45,0.91,0.91,2.937,7.38,19.63,62.474464,6.461324
2022-09-14T21:56:02,3195,14.763,36.93,45.9,0.02,6.62,101.45,0.92,0.92,2.939,7.4,19.68,62.474464,6.461324
2022-09-14T22:56:02,3196,14.744,36.91,45.9,0.02,6.61,101.4,0.92,0.92,2.94,7.39,19.65,62.474464,6.461324
2022-09-14T23:56:02,3197,14.739,36.9,45.89,0.02,6.62,101.34,0.92,0.92,2.941,7.39,19.65,62.474464,6.461324
2022-09-15T01:56:02,3198,14.705,36.87,45.9,0.02,6.56,101.19,0.93,0.93,2.944,7.39,19.64,62.474464,6.461324
2022-09-15T02:56:02,3199,14.652,36.82,45.89,0.02,6.6,101.07,0.91,0.91,2.936,7.41,19.7,62.474464,6.461324
2022-09-15T03:56:02,3200,14.61,36.78,45.89,0.02,6.6,100.98,0.91,0.91,2.94,7.46,19.84,62.474464,6.461324
2022-09-15T04:56:02,3201,14.567,36.74,45.88,0.02,6.58,100.89,0.93,0.93,2.938,7.49,19.93,62.474464,6.461324
2022-09-15T05:56:02,3202,14.488,36.66,45.86,0.02,6.56,100.79,0.95,0.95,2.932,7.57,20.13,62.474464,6.461324
2022-09-15T06:56:02,3203,14.395,36.48,45.75,0.02,6.54,100.7,0.9,0.9,2.918,7.8,20.76,62.474464,6.461324
2022-09-15T07:56:02,3204,14.24,36.41,45.82,0.02,6.54,100.5,0.92,0.92,2.91,7.8,20.76,62.474464,6.461324
2022-09-15T08:56:02,3205,14.178,36.39,45.87,0.02,6.51,100.34,0.94,0.94,2.908,7.73,20.56,62.474464,6.461324
2022-09-15T09:56:02,3206,14.364,36.48,45.78,0.02,6.57,100.53,0.92,0.92,2.905,7.69,20.45,62.474464,6.461324
2022-09-15T10:56:02,3207,14.378,36.53,45.83,0.02,6.58,100.63,0.93,0.93,2.903,7.63,20.28,62.474464,6.461324
2022-09-15T11:56:02,3208,14.334,36.49,45.83,0.02,6.56,100.59,0.93,0.93,2.912,7.66,20.39,62.474464,6.461324
2022-09-15T13:56:02,3209,14.194,36.42,45.89,0.02,6.53,100.48,0.93,0.93,2.961,7.71,20.52,62.474464,6.461324
2022-09-15T14:56:02,3210,14.153,36.39,45.9,0.02,6.55,100.47,0.91,0.91,2.965,7.74,20.6,62.474464,6.461324
2022-09-15T15:56:02,3211,14.209,36.43,45.89,0.02,6.56,100.56,0.94,0.94,2.966,7.69,20.47,62.474464,6.461324
2022-09-15T16:56:02,3212,14.273,36.48,45.88,0.02,6.58,100.63,0.94,0.94,2.971,7.62,20.27,62.474464,6.461324
2022-09-15T17:56:02,3213,14.301,36.51,45.89,0.02,6.58,100.7,0.92,0.92,2.977,7.61,20.25,62.474464,6.461324
2022-09-15T18:56:02,3214,14.307,36.51,45.88,0.02,6.59,100.71,0.94,0.94,2.981,7.59,20.2,62.474464,6.461324
2022-09-15T19:56:02,3215,14.293,36.49,45.87,0.02,6.57,100.63,0.91,0.91,2.984,7.61,20.23,62.474464,6.461324
2022-09-15T20:56:02,3216,14.276,36.43,45.81,0.02,6.58,100.59,0.94,0.94,2.988,7.58,20.17,62.474464,6.461324
2022-09-15T21:56:02,3217,14.29,36.47,45.85,0.02,6.57,100.59,0.94,0.94,2.992,7.6,20.21,62.474464,6.461324
2022-09-15T22:56:02,3218,14.296,36.48,45.86,0.02,6.58,100.57,0.94,0.94,2.995,7.61,20.25,62.474464,6.461324
2022-09-15T23:56:02,3219,14.279,36.46,45.85,0.02,6.57,100.5,0.95,0.95,3.001,7.61,20.25,62.474464,6.461324
2022-09-16T01:56:02,3220,14.216,36.39,45.83,0.02,6.55,100.42,0.95,0.95,2.915,7.6,20.22,62.474464,6.461324
2022-09-16T02:56:02,3221,14.219,36.4,45.84,0.02,6.58,100.31,0.93,0.93,2.918,7.64,20.33,62.474464,6.461324
2022-09-16T03:56:02,3222,14.181,36.37,45.84,0.02,6.57,100.24,0.92,0.92,2.918,7.73,20.57,62.474464,6.461324
2022-09-16T04:56:02,3223,14.17,36.36,45.85,0.02,6.55,100.24,0.93,0.93,2.925,7.77,20.68,62.474464,6.461324
2022-09-16T05:56:02,3224,14.15,36.35,45.85,0.02,6.57,100.24,0.94,0.94,2.929,7.77,20.67,62.474464,6.461324
2022-09-16T06:56:02,3225,14.149,36.34,45.84,0.02,6.55,100.21,0.96,0.96,2.934,7.77,20.67,62.474464,6.461324
2022-09-16T07:56:02,3226,14.13,36.32,45.84,0.02,6.55,100.17,0.92,0.92,2.937,7.78,20.71,62.474464,6.461324
2022-09-16T08:56:02,3227,14.111,36.31,45.84,0.02,6.56,100.14,0.97,0.97,2.941,7.76,20.66,62.474464,6.461324
2022-09-16T09:56:02,3228,14.114,36.31,45.84,0.02,6.55,100.17,0.92,0.92,2.943,7.76,20.64,62.474464,6.461324
2022-09-16T10:56:02,3229,14.112,36.32,45.85,0.02,6.56,100.15,0.92,0.92,2.956,7.72,20.55,62.474464,6.461324
2022-09-16T11:56:02,3230,14.131,36.33,45.84,0.02,6.55,100.17,0.93,0.93,2.955,7.73,20.56,62.474464,6.461324
2022-09-16T13:56:02,3231,14.13,36.34,45.86,0.02,6.53,100.18,0.93,0.93,2.892,7.74,20.58,62.474464,6.461324
2022-09-16T14:56:02,3232,14.148,36.34,45.84,0.02,6.56,100.22,0.96,0.96,2.895,7.67,20.42,62.474464,6.461324
2022-09-16T15:56:02,3233,14.132,36.32,45.84,0.02,6.57,100.25,0.94,0.94,2.897,7.65,20.34,62.474464,6.461324
2022-09-16T16:56:02,3234,14.123,36.32,45.84,0.02,6.57,100.23,0.95,0.95,2.898,7.63,20.3,62.474464,6.461324
2022-09-16T17:56:02,3235,14.081,36.29,45.85,0.02,6.57,100.2,0.93,0.93,2.903,7.64,20.32,62.474464,6.461324
2022-09-16T18:56:02,3236,14.054,36.25,45.83,0.02,6.57,100.16,0.94,0.94,2.905,7.67,20.4,62.474464,6.461324
2022-09-16T19:56:02,3237,14.037,36.23,45.82,0.02,6.56,100.1,0.96,0.96,2.903,7.7,20.49,62.474464,6.461324
2022-09-16T20:56:02,3238,13.994,36.18,45.81,0.02,6.56,100.02,0.96,0.96,2.91,7.73,20.56,62.474464,6.461324
2022-09-16T21:56:02,3239,13.967,36.14,45.79,0.02,6.56,99.98,0.95,0.95,2.909,7.79,20.74,62.474464,6.461324
2022-09-16T22:56:02,3240,13.943,36.11,45.78,0.02,6.54,100.01,0.96,0.96,2.91,7.82,20.82,62.474464,6.461324
2022-09-16T23:56:02,3241,13.932,36.09,45.77,0.02,6.56,100.0,0.97,0.97,2.914,7.85,20.88,62.474464,6.461324
2022-09-17T01:56:02,3242,13.886,36.05,45.76,0.02,6.52,99.86,0.98,0.98,2.925,7.9,21.01,62.474464,6.461324
2022-09-17T02:56:02,3243,13.866,36.02,45.75,0.02,6.55,99.87,0.95,0.95,2.925,7.88,20.97,62.474464,6.461324
2022-09-17T03:56:02,3244,13.842,35.99,45.74,0.02,6.56,99.81,0.95,0.95,2.923,7.88,20.98,62.474464,6.461324
2022-09-17T04:56:02,3245,13.82,35.98,45.74,0.02,6.55,99.78,0.96,0.96,2.922,7.88,20.97,62.474464,6.461324
2022-09-17T05:56:02,3246,13.817,35.97,45.74,0.02,6.55,99.75,0.99,0.99,2.927,7.88,20.97,62.474464,6.461324
2022-09-17T06:56:02,3247,13.799,35.95,45.73,0.02,6.54,99.73,0.95,0.95,2.924,7.88,20.97,62.474464,6.461324
2022-09-17T07:56:02,3248,13.73,35.87,45.71,0.02,6.55,99.6,0.95,0.95,2.926,7.9,21.04,62.474464,6.461324
2022-09-17T08:56:02,3249,13.726,35.82,45.65,0.02,6.55,99.63,0.95,0.95,2.929,7.98,21.24,62.474464,6.461324
2022-09-17T09:56:02,3250,13.688,35.76,45.61,0.02,6.53,99.66,0.92,0.92,2.928,8.08,21.52,62.474464,6.461324
2022-09-17T10:56:02,3251,13.681,35.75,45.61,0.02,6.52,99.68,0.98,0.98,2.927,8.12,21.63,62.474464,6.461324
2022-09-17T11:56:02,3252,13.668,35.83,45.73,0.02,6.53,99.62,0.97,0.97,2.926,7.96,21.18,62.474464,6.461324
2022-09-17T13:56:02,3253,13.665,35.93,45.86,0.02,6.5,99.67,0.96,0.96,3.004,7.96,21.18,62.474464,6.461324
2022-09-17T14:56:02,3254,13.641,35.93,45.88,0.02,6.52,99.67,0.94,0.94,3.008,7.97,21.22,62.474464,6.461324
2022-09-17T15:56:02,3255,13.615,35.89,45.87,0.02,6.53,99.69,0.94,0.94,3.007,7.97,21.21,62.474464,6.461324
2022-09-17T16:56:02,3256,13.591,35.87,45.86,0.02,6.53,99.75,0.97,0.97,3.003,8.0,21.3,62.474464,6.461324
2022-09-17T17:56:02,3257,13.566,35.85,45.87,0.02,6.51,99.75,0.94,0.94,3.007,8.03,21.38,62.474464,6.461324
2022-09-17T18:56:02,3258,13.559,35.85,45.87,0.02,6.53,99.75,0.94,0.94,3.006,8.06,21.45,62.474464,6.461324
2022-09-17T19:56:02,3259,13.54,35.83,45.86,0.02,6.52,99.74,0.94,0.94,3.008,8.09,21.54,62.474464,6.461324
2022-09-17T20:56:02,3260,13.538,35.82,45.86,0.02,6.52,99.7,0.98,0.98,3.01,8.09,21.55,62.474464,6.461324
2022-09-17T21:56:02,3261,13.511,35.76,45.81,0.02,6.52,99.65,0.96,0.96,3.009,8.13,21.64,62.474464,6.461324
2022-09-17T22:56:02,3262,13.551,35.72,45.71,0.02,6.53,99.59,0.95,0.95,3.01,8.09,21.54,62.474464,6.461324
2022-09-17T23:56:02,3263,13.561,35.71,45.7,0.02,6.5,99.56,0.96,0.96,3.011,8.08,21.52,62.474464,6.461324
2022-09-18T01:56:02,3264,13.54,35.69,45.69,0.02,6.49,99.49,0.95,0.95,2.945,8.09,21.54,62.474464,6.461324
2022-09-18T02:56:02,3265,13.512,35.63,45.64,0.02,6.53,99.46,0.95,0.95,2.944,8.13,21.66,62.474464,6.461324
2022-09-18T03:56:02,3266,13.491,35.63,45.67,0.02,6.53,99.48,0.97,0.97,2.944,8.17,21.75,62.474464,6.461324
2022-09-18T04:56:02,3267,13.472,35.61,45.67,0.02,6.53,99.47,0.97,0.97,2.95,8.19,21.82,62.474464,6.461324
2022-09-18T05:56:02,3268,13.464,35.6,45.66,0.02,6.53,99.49,0.96,0.96,2.954,8.14,21.68,62.474464,6.461324
2022-09-18T06:56:02,3269,13.466,35.59,45.65,0.02,6.54,99.49,0.94,0.94,2.953,8.12,21.62,62.474464,6.461324
2022-09-18T07:56:02,3270,13.474,35.63,45.69,0.02,6.53,99.48,0.99,0.99,2.961,8.1,21.58,62.474464,6.461324
2022-09-18T08:56:02,3271,13.469,35.66,45.73,0.02,6.52,99.49,0.96,0.96,2.967,8.1,21.58,62.474464,6.461324
2022-09-18T09:56:02,3272,13.464,35.63,45.7,0.02,6.51,99.49,0.97,0.97,2.973,8.11,21.59,62.474464,6.461324
2022-09-18T10:56:02,3273,13.435,35.66,45.77,0.02,6.5,99.52,0.97,0.97,2.981,8.18,21.78,62.474464,6.461324
2022-09-18T11:56:02,3274,13.439,35.61,45.71,0.02,6.5,99.53,0.98,0.98,2.997,8.1,21.57,62.474464,6.461324
2022-09-18T13:56:02,3275,13.436,35.58,45.67,0.02,6.48,99.53,0.95,0.95,2.915,8.13,21.65,62.474464,6.461324
2022-09-18T14:56:02,3276,13.438,35.58,45.67,0.02,6.52,99.56,0.94,0.94,2.923,8.11,21.61,62.474464,6.461324
2022-09-18T15:56:02,3277,13.44,35.58,45.66,0.02,6.51,99.59,0.97,0.97,2.926,8.12,21.64,62.474464,6.461324
2022-09-18T16:56:02,3278,13.459,35.6,45.66,0.02,6.54,99.7,0.96,0.96,2.934,8.09,21.55,62.474464,6.461324
2022-09-18T17:56:02,3279,13.447,35.61,45.69,0.02,6.54,99.67,0.93,0.93,2.94,8.12,21.64,62.474464,6.461324
2022-09-18T18:56:02,3280,13.449,35.61,45.69,0.02,6.54,99.71,0.95,0.95,2.943,8.11,21.59,62.474464,6.461324
2022-09-18T19:56:02,3281,13.43,35.59,45.68,0.02,6.55,99.69,0.97,0.97,2.945,8.1,21.58,62.474464,6.461324
2022-09-18T20:56:02,3282,13.419,35.59,45.7,0.02,6.54,99.61,0.97,0.97,2.952,8.13,21.65,62.474464,6.461324
2022-09-18T21:56:02,3283,13.407,35.58,45.7,0.02,6.54,99.58,0.98,0.98,2.955,8.13,21.66,62.474464,6.461324
2022-09-18T22:56:02,3284,13.39,35.55,45.68,0.02,6.52,99.56,0.97,0.97,2.958,8.15,21.7,62.474464,6.461324
2022-09-18T23:56:02,3285,13.388,35.53,45.66,0.02,6.53,99.5,0.95,0.95,2.959,8.11,21.59,62.474464,6.461324
2022-09-19T01:56:02,3286,13.369,35.52,45.67,0.02,6.49,99.44,0.98,0.98,2.931,8.16,21.73,62.474464,6.461324
2022-09-19T02:56:02,3287,13.348,35.5,45.67,0.02,6.53,99.4,0.99,0.99,2.934,8.12,21.63,62.474464,6.461324
2022-09-19T03:56:02,3288,13.337,35.49,45.66,0.02,6.54,99.29,0.98,0.98,2.934,8.14,21.67,62.474464,6.461324
2022-09-19T04:56:02,3289,13.341,35.48,45.65,0.02,6.54,99.33,1.01,1.01,2.936,8.19,21.82,62.474464,6.461324
2022-09-19T05:56:02,3290,13.323,35.47,45.65,0.02,6.53,99.33,0.96,0.96,2.937,8.18,21.8,62.474464,6.461324
2022-09-19T06:56:02,3291,13.308,35.46,45.66,0.02,6.53,99.29,0.96,0.96,2.939,8.18,21.79,62.474464,6.461324
2022-09-19T07:56:02,3292,13.29,35.45,45.66,0.02,6.53,99.27,0.99,0.99,2.943,8.19,21.81,62.474464,6.461324
2022-09-19T08:56:02,3293,13.279,35.44,45.66,0.02,6.52,99.28,0.96,0.96,2.945,8.23,21.93,62.474464,6.461324
2022-09-19T09:56:02,3294,13.265,35.43,45.67,0.02,6.53,99.32,0.96,0.96,2.951,8.2,21.85,62.474464,6.461324
2022-09-19T10:56:02,3295,13.271,35.42,45.65,0.02,6.52,99.32,0.97,0.97,2.952,8.23,21.93,62.474464,6.461324
2022-09-19T11:56:02,3296,13.263,35.41,45.64,0.02,6.52,99.33,0.94,0.94,2.954,8.25,21.97,62.474464,6.461324
2022-09-19T13:56:02,3297,13.313,35.42,45.6,0.02,6.49,99.38,0.96,0.96,2.853,8.26,21.99,62.474464,6.461324
2022-09-19T14:56:02,3298,13.323,35.42,45.58,0.02,6.53,99.42,0.96,0.96,2.855,8.29,22.08,62.474464,6.461324
2022-09-19T15:56:02,3299,13.321,35.42,45.59,0.02,6.54,99.45,0.95,0.95,2.858,8.29,22.08,62.474464,6.461324
2022-09-19T16:56:02,3300,13.323,35.43,45.6,0.02,6.54,99.49,0.95,0.95,2.858,8.29,22.08,62.474464,6.461324
2022-09-19T17:56:02,3301,13.318,35.44,45.61,0.02,6.53,99.42,0.96,0.96,2.859,8.25,21.97,62.474464,6.461324
2022-09-19T18:56:02,3302,13.32,35.45,45.63,0.02,6.54,99.4,0.97,0.97,2.859,8.24,21.96,62.474464,6.461324
2022-09-19T19:56:02,3303,13.324,35.45,45.62,0.02,6.53,99.53,0.93,0.93,2.861,8.22,21.91,62.474464,6.461324
2022-09-19T20:56:02,3304,13.302,35.45,45.65,0.02,6.53,99.41,0.95,0.95,2.866,8.25,21.97,62.474464,6.461324
2022-09-19T21:56:02,3305,13.286,35.44,45.65,0.02,6.53,99.39,0.95,0.95,2.864,8.29,22.08,62.474464,6.461324
2022-09-19T22:56:02,3306,13.274,35.43,45.65,0.02,6.53,99.35,0.96,0.96,2.866,8.27,22.04,62.474464,6.461324
2022-09-19T23:56:02,3307,13.24,35.4,45.66,0.02,6.53,99.26,0.95,0.95,2.867,8.27,22.03,62.474464,6.461324
2022-09-20T01:56:02,3308,13.245,35.42,45.68,0.02,6.48,99.27,0.97,0.97,2.935,8.3,22.12,62.474464,6.461324
2022-09-20T02:56:02,3309,13.25,35.43,45.69,0.02,6.51,99.24,0.96,0.96,2.933,8.3,22.1,62.474464,6.461324
2022-09-20T03:56:02,3310,13.25,35.43,45.69,0.02,6.53,99.21,0.96,0.96,2.932,8.33,22.2,62.474464,6.461324
2022-09-20T04:56:02,3311,13.231,35.41,45.68,0.02,6.53,99.2,0.93,0.93,2.933,8.34,22.21,62.474464,6.461324
2022-09-20T05:56:02,3312,13.237,35.43,45.7,0.02,6.52,99.21,0.97,0.97,2.932,8.36,22.28,62.474464,6.461324
2022-09-20T06:56:02,3313,13.201,35.4,45.7,0.02,6.52,99.16,0.96,0.96,2.933,8.41,22.42,62.474464,6.461324
2022-09-20T07:56:02,3314,13.189,35.4,45.71,0.02,6.51,99.16,0.97,0.97,2.933,8.43,22.47,62.474464,6.461324
2022-09-20T08:56:02,3315,13.19,35.4,45.71,0.02,6.5,99.15,0.99,0.99,2.935,8.41,22.41,62.474464,6.461324
2022-09-20T09:56:02,3316,13.175,35.39,45.72,0.02,6.49,99.19,0.96,0.96,2.932,8.41,22.41,62.474464,6.461324
2022-09-20T10:56:02,3317,13.171,35.38,45.7,0.02,6.5,99.27,0.96,0.96,2.932,8.48,22.6,62.474464,6.461324
2022-09-20T11:56:02,3318,13.172,35.36,45.69,0.02,6.5,99.38,0.99,0.99,2.928,8.44,22.49,62.474464,6.461324
2022-09-20T13:56:02,3319,13.193,35.36,45.65,0.02,6.49,99.42,0.93,0.93,2.965,8.46,22.55,62.474464,6.461324
2022-09-20T14:56:02,3320,13.199,35.36,45.65,0.02,6.54,99.42,0.93,0.93,2.966,8.44,22.5,62.474464,6.461324
2022-09-20T15:56:02,3321,13.204,35.37,45.66,0.02,6.54,99.42,0.95,0.95,2.967,8.46,22.55,62.474464,6.461324
2022-09-20T16:56:02,3322,13.207,35.38,45.67,0.02,6.54,99.45,0.94,0.94,2.967,8.44,22.5,62.474464,6.461324
2022-09-20T17:56:02,3323,13.21,35.38,45.67,0.02,6.54,99.4,0.97,0.97,2.966,8.43,22.48,62.474464,6.461324
2022-09-20T18:56:02,3324,13.227,35.4,45.67,0.02,6.54,99.57,0.97,0.97,2.967,8.46,22.56,62.474464,6.461324
2022-09-20T19:56:02,3325,13.253,35.42,45.67,0.02,6.54,99.77,0.95,0.95,2.973,8.35,22.24,62.474464,6.461324
2022-09-20T20:56:02,3326,13.314,35.48,45.67,0.02,6.54,99.87,0.96,0.96,2.974,8.3,22.11,62.474464,6.461324
2022-09-20T21:56:02,3327,13.347,35.51,45.68,0.02,6.54,99.96,0.96,0.96,2.975,8.24,21.94,62.474464,6.461324
2022-09-20T22:56:02,3328,13.353,35.52,45.68,0.02,6.53,99.93,0.95,0.95,2.974,8.18,21.8,62.474464,6.461324
2022-09-20T23:56:02,3329,13.321,35.49,45.68,0.02,6.57,99.85,0.95,0.95,2.974,8.24,21.95,62.474464,6.461324
2022-09-21T01:56:02,3330,13.281,35.45,45.67,0.02,6.49,99.78,0.92,0.92,2.936,8.31,22.13,62.474464,6.461324
2022-09-21T02:56:02,3331,13.237,35.42,45.68,0.02,6.52,99.61,0.92,0.92,2.933,8.36,22.27,62.474464,6.461324
2022-09-21T03:56:02,3332,13.201,35.39,45.69,0.02,6.52,99.5,0.93,0.93,2.93,8.39,22.35,62.474464,6.461324
2022-09-21T04:56:02,3333,13.188,35.39,45.69,0.02,6.52,99.52,0.96,0.96,2.93,8.41,22.42,62.474464,6.461324
2022-09-21T05:56:02,3334,13.19,35.38,45.69,0.02,6.53,99.48,0.96,0.96,2.928,8.4,22.38,62.474464,6.461324
2022-09-21T06:56:02,3335,13.183,35.39,45.7,0.02,6.53,99.37,0.95,0.95,2.926,8.43,22.45,62.474464,6.461324
2022-09-21T07:56:02,3336,13.18,35.37,45.68,0.02,6.51,99.4,0.94,0.94,2.927,8.41,22.41,62.474464,6.461324
2022-09-21T08:56:02,3337,13.176,35.37,45.69,0.02,6.51,99.45,0.94,0.94,2.93,8.43,22.47,62.474464,6.461324
2022-09-21T09:56:02,3338,13.175,35.38,45.7,0.02,6.5,99.44,0.95,0.95,2.943,8.46,22.56,62.474464,6.461324
2022-09-21T17:56:02,0,13.251,35.27,45.48,0.02,6.3,98.67,1.64,1.64,2.853,8.04,23.19,62.474464,6.461324
2022-09-21T18:56:02,1,13.249,35.23,45.43,0.02,6.32,98.77,1.61,1.61,2.853,8.07,23.29,62.474464,6.461324
2022-09-21T19:56:02,2,13.236,35.23,45.44,0.02,6.33,98.85,1.61,1.61,2.85,8.05,23.23,62.474464,6.461324
2022-09-21T20:56:02,3,13.23,35.24,45.45,0.02,6.35,98.9,1.66,1.66,2.849,8.05,23.24,62.474464,6.461324
2022-09-21T21:56:02,4,13.215,35.21,45.44,0.02,6.36,98.81,1.64,1.64,2.845,8.11,23.41,62.474464,6.461324
2022-09-21T22:56:02,5,13.205,35.22,45.47,0.02,6.37,98.75,1.64,1.64,2.84,8.09,23.36,62.474464,6.461324
2022-09-21T23:56:02,6,13.189,35.19,45.44,0.02,6.37,98.86,1.59,1.59,2.836,8.1,23.4,62.474464,6.461324
2022-09-22T01:56:02,7,13.131,35.16,45.46,0.02,6.35,98.84,1.59,1.59,2.916,7.97,22.99,62.474464,6.461324
2022-09-22T02:56:02,8,13.089,35.12,45.47,0.02,6.39,98.56,1.57,1.57,2.911,7.93,22.87,62.474464,6.461324
2022-09-22T03:56:02,9,13.075,35.11,45.47,0.02,6.41,98.7,1.61,1.61,2.905,7.91,22.82,62.474464,6.461324
2022-09-22T04:56:02,10,13.055,35.11,45.49,0.02,6.41,98.69,1.6,1.6,2.901,7.91,22.82,62.474464,6.461324
2022-09-22T05:56:02,11,13.03,35.1,45.5,0.02,6.41,98.7,1.55,1.55,2.896,7.91,22.8,62.474464,6.461324
2022-09-22T06:56:02,12,13.017,35.1,45.52,0.02,6.38,98.47,1.55,1.55,2.891,7.96,22.95,62.474464,6.461324
2022-09-22T07:56:02,13,13.019,35.08,45.5,0.02,6.39,98.47,1.59,1.59,2.888,7.93,22.87,62.474464,6.461324
2022-09-22T08:56:03,14,13.037,35.11,45.51,0.02,6.37,98.53,1.55,1.55,2.88,7.93,22.87,62.474464,6.461324
2022-09-22T09:56:02,15,13.071,35.11,45.47,0.02,6.39,98.82,1.57,1.57,2.878,7.93,22.87,62.474464,6.461324
2022-09-22T10:56:02,16,13.07,35.1,45.46,0.02,6.39,98.86,1.59,1.59,2.872,7.94,22.91,62.474464,6.461324
2022-09-22T11:56:02,17,13.074,35.11,45.47,0.02,6.4,98.86,1.54,1.54,2.866,7.96,22.96,62.474464,6.461324
2022-09-22T13:56:02,18,13.071,35.11,45.47,0.02,6.36,98.9,1.57,1.57,2.887,7.97,23.0,62.474464,6.461324
2022-09-22T14:56:02,19,13.08,35.11,45.46,0.02,6.41,98.96,1.53,1.53,2.881,7.95,22.93,62.474464,6.461324
2022-09-22T15:56:02,20,13.091,35.13,45.47,0.02,6.42,99.05,1.51,1.51,2.88,7.92,22.85,62.474464,6.461324
2022-09-22T16:56:02,21,13.088,35.12,45.46,0.02,6.41,99.06,1.53,1.53,2.887,7.94,22.9,62.474464,6.461324
2022-09-22T17:56:02,22,13.1,35.13,45.46,0.02,6.42,99.04,1.51,1.51,2.885,7.97,22.99,62.474464,6.461324
2022-09-22T18:56:02,23,13.11,35.14,45.46,0.02,6.42,98.97,1.64,1.64,2.882,8.02,23.14,62.474464,6.461324
2022-09-22T19:56:02,24,13.118,35.16,45.48,0.02,6.43,99.04,1.52,1.52,2.883,8.02,23.15,62.474464,6.461324
2022-09-22T20:56:02,25,13.116,35.15,45.48,0.02,6.43,99.04,1.5,1.5,2.886,8.01,23.1,62.474464,6.461324
2022-09-22T21:56:02,26,13.096,35.13,45.47,0.02,6.42,98.95,1.54,1.54,2.886,8.01,23.11,62.474464,6.461324
2022-09-22T22:56:02,27,13.09,35.13,45.48,0.02,6.44,98.94,1.52,1.52,2.885,8.02,23.14,62.474464,6.461324
2022-09-22T23:56:02,28,13.08,35.11,45.46,0.02,6.43,98.94,1.54,1.54,2.891,8.02,23.13,62.474464,6.461324
2022-09-23T01:56:02,29,13.091,35.13,45.48,0.02,6.37,98.89,1.48,1.48,2.987,8.03,23.16,62.474464,6.461324
2022-09-23T02:56:02,30,13.101,35.14,45.47,0.02,6.43,98.91,1.49,1.49,2.988,7.96,22.95,62.474464,6.461324
2022-09-23T03:56:02,31,13.102,35.13,45.46,0.02,6.44,98.94,1.54,1.54,2.988,7.95,22.92,62.474464,6.461324
2022-09-23T04:56:02,32,13.098,35.13,45.46,0.02,6.44,98.91,1.48,1.48,2.987,7.95,22.92,62.474464,6.461324
2022-09-23T05:56:02,33,13.096,35.13,45.46,0.02,6.45,98.94,1.51,1.51,2.986,7.93,22.86,62.474464,6.461324
2022-09-23T06:56:02,34,13.086,35.13,45.48,0.02,6.45,98.91,1.51,1.51,2.985,7.92,22.83,62.474464,6.461324
2022-09-23T07:56:02,35,13.084,35.12,45.47,0.02,6.45,98.9,1.54,1.54,2.99,7.94,22.89,62.474464,6.461324
2022-09-23T08:56:02,36,13.077,35.13,45.49,0.02,6.44,98.94,1.49,1.49,2.991,7.93,22.86,62.474464,6.461324
2022-09-23T09:56:02,37,13.077,35.13,45.48,0.02,6.45,98.94,1.52,1.52,2.991,7.93,22.88,62.474464,6.461324
2022-09-23T10:56:02,38,13.083,35.13,45.49,0.02,6.45,99.0,1.5,1.5,2.993,7.92,22.83,62.474464,6.461324
2022-09-23T11:56:02,39,13.085,35.13,45.48,0.02,6.45,99.09,1.51,1.51,2.994,7.94,22.91,62.474464,6.461324
2022-09-23T13:56:02,40,13.115,35.16,45.48,0.02,6.39,99.17,1.49,1.49,2.929,7.88,22.72,62.474464,6.461324
2022-09-23T14:56:02,41,13.129,35.15,45.45,0.02,6.46,99.24,1.51,1.51,2.93,7.85,22.61,62.474464,6.461324
2022-09-23T15:56:02,42,13.144,35.16,45.45,0.02,6.45,99.38,1.49,1.49,2.931,7.82,22.54,62.474464,6.461324
2022-09-23T16:56:02,43,13.14,35.16,45.45,0.02,6.45,99.37,1.5,1.5,2.929,7.84,22.58,62.474464,6.461324
2022-09-23T17:56:02,44,13.13,35.15,45.46,0.02,6.44,99.34,1.45,1.45,2.934,7.85,22.63,62.474464,6.461324
2022-09-23T18:56:02,45,13.107,35.13,45.45,0.02,6.45,99.28,1.46,1.46,2.936,7.88,22.72,62.474464,6.461324
2022-09-23T19:56:02,46,13.102,35.12,45.45,0.02,6.45,99.19,1.48,1.48,2.938,7.9,22.79,62.474464,6.461324
2022-09-23T20:56:02,47,13.09,35.11,45.44,0.02,6.45,99.15,1.5,1.5,2.943,7.91,22.81,62.474464,6.461324
2022-09-23T21:56:02,48,13.078,35.1,45.45,0.02,6.45,99.14,1.5,1.5,2.945,7.93,22.86,62.474464,6.461324
2022-09-23T22:56:02,49,13.075,35.1,45.46,0.02,6.45,99.15,1.46,1.46,2.945,7.89,22.74,62.474464,6.461324
2022-09-23T23:56:02,50,13.069,35.09,45.45,0.02,6.45,99.11,1.53,1.53,2.947,7.93,22.86,62.474464,6.461324
2022-09-24T01:56:02,51,13.049,35.08,45.45,0.02,6.4,99.07,1.5,1.5,2.989,7.93,22.85,62.474464,6.461324
2022-09-24T02:56:02,52,13.048,35.07,45.45,0.02,6.45,99.02,1.51,1.51,2.992,7.91,22.82,62.474464,6.461324
2022-09-24T03:56:02,53,13.034,35.06,45.45,0.02,6.45,98.98,1.49,1.49,2.992,7.93,22.88,62.474464,6.461324
2022-09-24T04:56:02,54,13.026,35.05,45.44,0.02,6.46,98.99,1.5,1.5,2.992,7.94,22.89,62.474464,6.461324
2022-09-24T05:56:02,55,13.021,35.05,45.45,0.02,6.46,98.98,1.49,1.49,2.997,7.96,22.95,62.474464,6.461324
2022-09-24T06:56:03,56,13.012,35.03,45.44,0.02,6.46,99.0,1.47,1.47,2.998,7.94,22.91,62.474464,6.461324
2022-09-24T07:56:02,57,13.007,35.03,45.44,0.02,6.46,99.01,1.49,1.49,3.002,7.93,22.88,62.474464,6.461324
2022-09-24T08:56:02,58,13.007,35.03,45.44,0.02,6.49,99.04,1.47,1.47,3.008,7.93,22.88,62.474464,6.461324
2022-09-24T09:56:02,59,13.007,35.03,45.44,0.02,6.46,99.0,1.48,1.48,3.011,7.96,22.96,62.474464,6.461324
2022-09-24T10:56:02,60,13.015,35.03,45.43,0.02,6.46,99.13,1.46,1.46,3.015,7.89,22.76,62.474464,6.461324
2022-09-24T11:56:02,61,13.024,35.04,45.43,0.02,6.45,99.22,1.44,1.44,3.02,7.87,22.69,62.474464,6.461324
2022-09-24T13:56:02,62,13.036,35.06,45.44,0.02,6.41,99.3,1.45,1.45,2.99,7.89,22.73,62.474464,6.461324
2022-09-24T14:56:02,63,13.031,35.05,45.43,0.02,6.45,99.2,1.5,1.5,2.992,7.94,22.9,62.474464,6.461324
2022-09-24T15:56:02,64,13.035,35.05,45.44,0.02,6.47,99.28,1.46,1.46,2.99,7.89,22.75,62.474464,6.461324
2022-09-24T16:56:02,65,13.033,35.05,45.44,0.02,6.47,99.29,1.44,1.44,2.989,7.92,22.83,62.474464,6.461324
2022-09-24T17:56:02,66,13.05,35.07,45.45,0.02,6.48,99.47,1.51,1.51,2.99,7.87,22.7,62.474464,6.461324
2022-09-24T18:56:02,67,13.116,35.12,45.43,0.02,6.49,99.81,1.44,1.44,2.99,7.74,22.3,62.474464,6.461324
2022-09-24T19:56:02,68,13.115,35.12,45.44,0.02,6.49,99.81,1.49,1.49,2.988,7.72,22.22,62.474464,6.461324
2022-09-24T20:56:02,69,13.091,35.1,45.44,0.02,6.48,99.72,1.48,1.48,2.983,7.77,22.39,62.474464,6.461324
2022-09-24T21:56:02,70,13.059,35.07,45.44,0.02,6.48,99.68,1.48,1.48,2.981,7.78,22.41,62.474464,6.461324
2022-09-24T22:56:02,71,13.05,35.07,45.45,0.02,6.48,99.57,1.46,1.46,2.979,7.82,22.52,62.474464,6.461324
2022-09-24T23:56:02,72,13.031,35.05,45.44,0.02,6.47,99.43,1.49,1.49,2.972,7.86,22.66,62.474464,6.461324
2022-09-25T01:56:02,73,12.977,35.02,45.46,0.02,6.42,99.22,1.4,1.4,2.935,7.93,22.86,62.474464,6.461324
2022-09-25T02:56:02,74,12.967,35.0,45.45,0.02,6.45,98.98,1.45,1.45,2.93,7.97,22.97,62.474464,6.461324
2022-09-25T03:56:02,75,12.936,34.99,45.47,0.02,6.46,98.99,1.44,1.44,2.923,7.97,22.98,62.474464,6.461324
2022-09-25T04:56:02,76,12.94,34.99,45.46,0.02,6.46,98.99,1.46,1.46,2.914,7.99,23.04,62.474464,6.461324
2022-09-25T05:56:02,77,12.912,34.96,45.46,0.02,6.46,98.97,1.5,1.5,2.905,7.92,22.85,62.474464,6.461324
2022-09-25T06:56:02,78,12.902,34.95,45.45,0.02,6.45,98.92,1.47,1.47,2.898,7.97,22.99,62.474464,6.461324
2022-09-25T07:56:03,79,12.88,34.94,45.47,0.02,6.45,98.9,1.46,1.46,2.885,7.98,23.02,62.474464,6.461324
2022-09-25T08:56:02,80,12.877,34.94,45.47,0.02,6.45,98.92,1.47,1.47,2.872,7.98,23.01,62.474464,6.461324
2022-09-25T09:56:02,81,12.872,34.94,45.47,0.02,6.43,98.83,1.45,1.45,2.857,8.0,23.07,62.474464,6.461324
2022-09-25T10:56:02,82,12.872,34.94,45.47,0.02,6.44,98.9,1.45,1.45,2.843,7.99,23.05,62.474464,6.461324
2022-09-25T11:56:02,83,12.871,34.94,45.47,0.02,6.45,98.9,1.68,1.68,2.821,7.99,23.04,62.474464,6.461324
2022-09-25T13:56:02,84,12.859,34.94,45.49,0.02,6.39,98.84,1.44,1.44,2.923,8.0,23.06,62.474464,6.461324
2022-09-25T14:56:02,85,12.856,34.93,45.48,0.02,6.42,98.92,1.44,1.44,2.908,7.98,23.01,62.474464,6.461324
2022-09-25T15:56:02,86,12.846,34.91,45.47,0.02,6.43,98.81,1.44,1.44,2.896,8.02,23.14,62.474464,6.461324
2022-09-25T16:56:02,87,12.83,34.87,45.43,0.02,6.42,98.69,1.4,1.4,2.884,8.08,23.32,62.474464,6.461324
2022-09-25T17:56:02,88,12.832,34.88,45.44,0.02,6.41,98.68,1.46,1.46,2.865,8.1,23.38,62.474464,6.461324
2022-09-25T18:56:02,89,12.825,34.87,45.43,0.02,6.42,98.7,1.46,1.46,2.84,8.12,23.43,62.474464,6.461324
2022-09-25T19:56:02,90,12.812,34.86,45.44,0.02,6.41,98.66,1.44,1.44,2.824,8.13,23.49,62.474464,6.461324
2022-09-25T20:56:02,91,12.798,34.85,45.44,0.02,6.41,98.65,1.44,1.44,2.815,8.13,23.48,62.474464,6.461324
2022-09-25T21:56:02,92,12.798,34.86,45.45,0.02,6.41,98.62,1.42,1.42,2.799,8.15,23.55,62.474464,6.461324
2022-09-25T22:56:02,93,12.787,34.85,45.45,0.02,6.38,98.59,1.46,1.46,2.794,8.15,23.54,62.474464,6.461324
2022-09-25T23:56:02,94,12.775,34.84,45.45,0.02,6.42,98.51,1.47,1.47,2.784,8.17,23.6,62.474464,6.461324
2022-09-26T01:56:02,95,12.756,34.83,45.46,0.02,6.34,98.54,1.42,1.42,2.95,8.08,23.31,62.474464,6.461324
2022-09-26T02:56:02,96,12.762,34.83,45.46,0.02,6.38,98.54,1.46,1.46,2.954,8.1,23.39,62.474464,6.461324
2022-09-26T03:56:02,97,12.76,34.83,45.46,0.02,6.41,98.54,1.5,1.5,2.956,8.1,23.38,62.474464,6.461324
2022-09-26T04:56:02,98,12.742,34.82,45.47,0.02,6.41,98.49,1.46,1.46,2.954,8.14,23.49,62.474464,6.461324
2022-09-26T05:56:02,99,12.728,34.81,45.46,0.02,6.42,98.42,1.44,1.44,2.952,8.16,23.55,62.474464,6.461324
2022-09-26T06:56:02,100,12.699,34.78,45.46,0.02,6.41,98.36,1.43,1.43,2.949,8.17,23.59,62.474464,6.461324
2022-09-26T07:56:02,101,12.676,34.76,45.46,0.02,6.42,98.38,1.45,1.45,2.952,8.14,23.49,62.474464,6.461324
2022-09-26T08:56:02,102,12.701,34.78,45.46,0.02,6.42,98.37,1.43,1.43,2.952,8.18,23.61,62.474464,6.461324
2022-09-26T09:56:02,103,12.715,34.8,45.47,0.02,6.42,98.43,1.4,1.4,2.954,8.14,23.5,62.474464,6.461324
2022-09-26T10:56:02,104,12.717,34.8,45.46,0.02,6.43,98.49,1.44,1.44,2.959,8.12,23.45,62.474464,6.461324
2022-09-26T11:56:02,105,12.718,34.8,45.46,0.02,6.43,98.52,1.46,1.46,2.957,8.12,23.45,62.474464,6.461324
2022-09-26T13:56:02,106,12.734,34.84,45.49,0.02,6.42,98.64,1.43,1.43,2.87,8.09,23.35,62.474464,6.461324
2022-09-26T14:56:02,107,12.742,34.83,45.48,0.02,6.45,98.69,1.42,1.42,2.869,8.1,23.39,62.474464,6.461324
2022-09-26T15:56:02,108,12.772,34.85,45.46,0.02,6.45,98.77,1.43,1.43,2.868,8.08,23.31,62.474464,6.461324
2022-09-26T16:56:02,109,12.792,34.86,45.46,0.02,6.46,98.95,1.45,1.45,2.872,8.03,23.17,62.474464,6.461324
2022-09-26T17:56:02,110,12.809,34.87,45.46,0.02,6.45,98.88,1.41,1.41,2.873,8.03,23.16,62.474464,6.461324
2022-09-26T18:56:02,111,12.767,34.84,45.47,0.02,6.45,98.73,1.43,1.43,2.876,8.08,23.32,62.474464,6.461324
2022-09-26T19:56:02,112,12.719,34.8,45.47,0.02,6.44,98.53,1.44,1.44,2.88,8.16,23.57,62.474464,6.461324
2022-09-26T20:56:02,113,12.711,34.8,45.48,0.02,6.44,98.5,1.42,1.42,2.885,8.17,23.58,62.474464,6.461324
2022-09-26T21:56:02,114,12.703,34.79,45.46,0.02,6.44,98.44,1.44,1.44,2.888,8.17,23.6,62.474464,6.461324
2022-09-26T22:56:02,115,12.698,34.77,45.45,0.02,6.44,98.54,1.43,1.43,2.894,8.13,23.47,62.474464,6.461324
2022-09-26T23:56:02,116,12.704,34.78,45.46,0.02,6.44,98.5,1.43,1.43,2.895,8.14,23.49,62.474464,6.461324
2022-09-27T01:56:02,117,12.707,34.79,45.47,0.02,6.4,98.5,1.44,1.44,2.921,8.1,23.38,62.474464,6.461324
2022-09-27T02:56:02,118,12.703,34.78,45.46,0.02,6.44,98.5,1.46,1.46,2.919,8.08,23.31,62.474464,6.461324
2022-09-27T03:56:02,119,12.697,34.79,45.47,0.02,6.45,98.4,1.41,1.41,2.92,8.09,23.36,62.474464,6.461324
2022-09-27T04:56:02,120,12.695,34.78,45.47,0.02,6.45,98.43,1.45,1.45,2.921,8.1,23.39,62.474464,6.461324
2022-09-27T05:56:02,121,12.695,34.79,45.48,0.02,6.45,98.42,1.43,1.43,2.922,8.09,23.34,62.474464,6.461324
2022-09-27T06:56:02,122,12.685,34.78,45.47,0.02,6.45,98.41,1.41,1.41,2.927,8.12,23.43,62.474464,6.461324
2022-09-27T07:56:02,123,12.67,34.77,45.48,0.02,6.44,98.37,1.42,1.42,2.932,8.14,23.52,62.474464,6.461324
2022-09-27T08:56:02,124,12.668,34.77,45.49,0.02,6.44,98.29,1.46,1.46,2.936,8.16,23.55,62.474464,6.461324
2022-09-27T09:56:02,125,12.663,34.77,45.48,0.02,6.44,98.32,1.45,1.45,2.941,8.16,23.56,62.474464,6.461324
2022-09-27T10:56:02,126,12.667,34.76,45.47,0.02,6.44,98.4,1.4,1.4,2.946,8.11,23.4,62.474464,6.461324
2022-09-27T11:56:02,127,12.666,34.76,45.47,0.02,6.41,98.38,1.45,1.45,2.95,8.12,23.45,62.474464,6.461324
2022-09-27T13:56:02,128,12.677,34.77,45.47,0.02,6.38,98.49,1.42,1.42,2.982,8.11,23.4,62.474464,6.461324
2022-09-27T14:56:02,129,12.693,34.78,45.47,0.02,6.43,98.55,1.42,1.42,2.982,8.09,23.35,62.474464,6.461324
2022-09-27T15:56:02,130,12.696,34.77,45.46,0.02,6.47,98.56,1.39,1.39,2.989,8.12,23.44,62.474464,6.461324
2022-09-27T16:56:02,131,12.702,34.79,45.47,0.02,6.44,98.57,1.44,1.44,2.996,8.07,23.3,62.474464,6.461324
2022-09-27T17:56:02,132,12.695,34.77,45.45,0.02,6.44,98.55,1.38,1.38,3.003,8.12,23.43,62.474464,6.461324
2022-09-27T18:56:02,133,12.72,34.8,45.46,0.02,6.44,98.67,1.41,1.41,3.007,8.12,23.44,62.474464,6.461324
2022-09-27T19:56:02,134,12.773,34.84,45.46,0.02,6.43,98.84,1.39,1.39,3.015,8.02,23.14,62.474464,6.461324
2022-09-27T20:56:02,135,12.726,34.8,45.46,0.02,6.41,98.65,1.4,1.4,3.022,8.07,23.28,62.474464,6.461324
2022-09-27T21:56:02,136,12.712,34.79,45.46,0.02,6.42,98.58,1.42,1.42,3.03,8.05,23.24,62.474464,6.461324
2022-09-27T22:56:02,137,12.701,34.78,45.46,0.02,6.42,98.56,1.41,1.41,3.035,8.07,23.3,62.474464,6.461324
2022-09-27T23:56:02,138,12.686,34.77,45.47,0.02,6.42,98.45,1.42,1.42,3.04,8.06,23.27,62.474464,6.461324
2022-09-28T01:56:02,139,12.659,34.75,45.47,0.02,6.37,98.36,1.4,1.4,2.917,8.09,23.36,62.474464,6.461324
2022-09-28T02:56:02,140,12.657,34.75,45.47,0.02,6.42,98.33,1.41,1.41,2.916,8.12,23.45,62.474464,6.461324
2022-09-28T03:56:02,141,12.647,34.75,45.48,0.02,6.42,98.28,1.39,1.39,2.92,8.11,23.42,62.474464,6.461324
2022-09-28T04:56:02,142,12.622,34.73,45.48,0.02,6.42,98.26,1.41,1.41,2.921,8.13,23.47,62.474464,6.461324
2022-09-28T05:56:02,143,12.603,34.71,45.47,0.02,6.42,98.27,1.43,1.43,2.923,8.14,23.51,62.474464,6.461324
2022-09-28T06:56:02,144,12.593,34.71,45.49,0.02,6.42,98.24,1.41,1.41,2.924,8.16,23.56,62.474464,6.461324
2022-09-28T07:56:02,145,12.578,34.69,45.48,0.02,6.42,98.24,1.42,1.42,2.928,8.14,23.51,62.474464,6.461324
2022-09-28T08:56:02,146,12.557,34.69,45.5,0.02,6.41,98.16,1.41,1.41,2.932,8.16,23.55,62.474464,6.461324
2022-09-28T09:56:02,147,12.564,34.69,45.5,0.02,6.42,98.23,1.45,1.45,2.932,8.14,23.51,62.474464,6.461324
2022-09-28T18:56:02,155,12.658,34.78,45.51,0.02,6.45,98.7,1.35,1.35,2.882,8.12,23.44,62.474464,6.461324
2022-09-28T19:56:02,156,12.665,34.78,45.5,0.02,6.46,98.72,1.39,1.39,2.886,8.09,23.34,62.474464,6.461324
2022-09-28T20:56:02,157,12.701,34.8,45.49,0.02,6.46,98.89,1.39,1.39,2.891,8.1,23.37,62.474464,6.461324
2022-09-28T21:56:02,158,12.694,34.82,45.51,0.02,6.46,98.82,1.4,1.4,2.896,8.08,23.31,62.474464,6.461324
2022-09-28T22:56:02,159,12.651,34.77,45.5,0.02,6.45,98.65,1.39,1.39,2.899,8.14,23.5,62.474464,6.461324
2022-09-28T23:56:02,160,12.712,34.83,45.51,0.02,6.45,98.84,1.41,1.41,2.901,8.07,23.3,62.474464,6.461324
2022-09-29T01:56:02,161,12.699,34.83,45.52,0.02,6.4,98.81,1.36,1.36,2.95,7.96,22.94,62.474464,6.461324
2022-09-29T02:56:02,162,12.659,34.74,45.46,0.02,6.44,98.64,1.39,1.39,2.951,8.13,23.48,62.474464,6.461324
2022-09-29T03:56:02,163,12.62,34.74,45.49,0.02,6.45,98.39,1.4,1.4,2.954,8.12,23.45,62.474464,6.461324
2022-09-29T04:56:02,164,12.605,34.71,45.48,0.02,6.45,98.32,1.39,1.39,2.953,8.18,23.62,62.474464,6.461324
2022-09-29T05:56:02,165,12.595,34.72,45.5,0.02,6.45,98.25,1.4,1.4,2.954,8.14,23.49,62.474464,6.461324
2022-09-29T06:56:02,166,12.589,34.71,45.5,0.02,6.45,98.35,1.42,1.42,2.956,8.13,23.49,62.474464,6.461324
2022-09-29T07:56:02,167,12.571,34.7,45.5,0.02,6.45,98.3,1.38,1.38,2.959,8.13,23.48,62.474464,6.461324
2022-09-29T08:56:02,168,12.571,34.7,45.5,0.02,6.45,98.35,1.39,1.39,2.959,8.15,23.54,62.474464,6.461324
2022-09-29T09:56:02,169,12.565,34.7,45.5,0.02,6.44,98.32,1.38,1.38,2.96,8.15,23.55,62.474464,6.461324
2022-09-29T10:56:02,170,12.559,34.7,45.51,0.02,6.43,98.39,1.41,1.41,2.96,8.11,23.42,62.474464,6.461324
2022-09-29T11:56:02,171,12.559,34.7,45.52,0.02,6.43,98.33,1.38,1.38,2.961,8.12,23.43,62.474464,6.461324
2022-09-29T13:56:02,172,12.601,34.72,45.49,0.02,6.4,98.59,1.38,1.38,2.92,8.09,23.37,62.474464,6.461324
2022-09-29T14:56:02,173,12.608,34.72,45.49,0.02,6.44,98.65,1.41,1.41,2.917,8.1,23.4,62.474464,6.461324
2022-09-29T15:56:02,174,12.643,34.76,45.5,0.02,6.45,98.74,1.41,1.41,2.914,8.02,23.15,62.474464,6.461324
2022-09-29T16:56:02,175,12.616,34.73,45.5,0.02,6.45,98.6,1.4,1.4,2.914,8.08,23.32,62.474464,6.461324
2022-09-29T17:56:02,176,12.662,34.75,45.46,0.02,6.46,98.8,1.39,1.39,2.915,8.14,23.51,62.474464,6.461324
2022-09-29T18:56:02,177,12.671,34.74,45.45,0.02,6.46,98.84,1.39,1.39,2.916,8.11,23.42,62.474464,6.461324
2022-09-29T19:56:02,178,12.686,34.79,45.49,0.02,6.46,99.01,1.39,1.39,2.916,8.03,23.16,62.474464,6.461324
2022-09-29T20:56:02,179,12.703,34.79,45.47,0.02,6.46,99.08,1.39,1.39,2.916,8.03,23.18,62.474464,6.461324
2022-09-29T21:56:02,180,12.729,34.84,45.5,0.02,6.45,99.13,1.37,1.37,2.914,7.86,22.66,62.474464,6.461324
2022-09-29T22:56:02,181,12.689,34.78,45.47,0.02,6.45,98.99,1.37,1.37,2.914,8.05,23.22,62.474464,6.461324
2022-09-29T23:56:02,182,12.683,34.74,45.43,0.02,6.44,98.95,1.36,1.36,2.91,8.15,23.55,62.474464,6.461324
2022-09-30T01:56:02,183,12.654,34.72,45.44,0.02,6.39,98.82,1.38,1.38,2.898,8.11,23.42,62.474464,6.461324
2022-09-30T02:56:02,184,12.634,34.7,45.44,0.02,6.44,98.73,1.4,1.4,2.898,8.09,23.36,62.474464,6.461324
2022-09-30T03:56:02,185,12.615,34.7,45.46,0.02,6.44,98.62,1.37,1.37,2.898,8.13,23.47,62.474464,6.461324
2022-09-30T04:56:02,186,12.597,34.69,45.46,0.02,6.45,98.56,1.39,1.39,2.896,8.1,23.37,62.474464,6.461324
2022-09-30T05:56:02,187,12.568,34.69,45.49,0.02,6.44,98.35,1.38,1.38,2.884,8.16,23.58,62.474464,6.461324
2022-09-30T06:56:02,188,12.551,34.66,45.48,0.02,6.43,98.34,1.41,1.41,2.879,8.17,23.58,62.474464,6.461324
2022-09-30T07:56:02,189,12.537,34.65,45.48,0.02,6.43,98.41,1.39,1.39,2.875,8.14,23.51,62.474464,6.461324
2022-09-30T08:56:02,190,12.511,34.64,45.49,0.02,6.43,98.36,1.39,1.39,2.875,8.16,23.56,62.474464,6.461324
2022-09-30T09:56:02,191,12.49,34.62,45.49,0.02,6.42,98.29,1.37,1.37,2.863,8.14,23.51,62.474464,6.461324
2022-09-30T10:56:02,192,12.502,34.63,45.49,0.02,6.41,98.34,1.4,1.4,2.856,8.15,23.54,62.474464,6.461324
2022-09-30T11:56:02,193,12.525,34.65,45.49,0.02,6.42,98.44,1.39,1.39,2.847,8.14,23.51,62.474464,6.461324
2022-09-30T13:56:02,194,12.554,34.66,45.47,0.02,6.38,98.48,1.39,1.39,2.854,8.21,23.73,62.474464,6.461324
2022-09-30T14:56:02,195,12.558,34.66,45.46,0.02,6.42,98.44,1.42,1.42,2.849,8.18,23.64,62.474464,6.461324
2022-09-30T15:56:02,196,12.558,34.65,45.45,0.02,6.43,98.48,1.4,1.4,2.836,8.22,23.75,62.474464,6.461324
2022-09-30T16:56:02,197,12.554,34.65,45.46,0.02,6.44,98.48,1.39,1.39,2.828,8.15,23.53,62.474464,6.461324
2022-09-30T17:56:02,198,12.562,34.66,45.46,0.02,6.45,98.52,1.35,1.35,2.816,8.17,23.59,62.474464,6.461324
2022-09-30T18:56:02,199,12.547,34.65,45.47,0.02,6.45,98.46,1.4,1.4,2.809,8.18,23.61,62.474464,6.461324
2022-09-30T19:56:02,200,12.578,34.68,45.47,0.02,6.46,98.63,1.37,1.37,2.804,8.14,23.51,62.474464,6.461324
2022-09-30T20:56:02,201,12.578,34.67,45.46,0.02,6.45,98.57,1.36,1.36,2.8,8.19,23.66,62.474464,6.461324
2022-09-30T21:56:02,202,12.588,34.7,45.49,0.02,6.47,98.67,1.37,1.37,2.794,7.99,23.04,62.474464,6.461324
2022-09-30T22:56:02,203,12.551,34.66,45.47,0.02,6.45,98.61,1.36,1.36,2.79,8.11,23.4,62.474464,6.461324
2022-09-30T23:56:02,204,12.534,34.64,45.46,0.02,6.45,98.57,1.4,1.4,2.785,8.1,23.37,62.474464,6.461324
2022-10-01T01:56:02,205,12.493,34.63,45.5,0.02,6.39,98.36,1.41,1.41,2.902,8.14,23.5,62.474464,6.461324
2022-10-01T02:56:02,206,12.464,34.62,45.51,0.02,6.41,98.21,1.4,1.4,2.891,8.16,23.57,62.474464,6.461324
2022-10-01T03:56:02,207,12.444,34.59,45.5,0.02,6.4,98.18,1.41,1.41,2.888,8.18,23.62,62.474464,6.461324
2022-10-01T04:56:02,208,12.422,34.57,45.51,0.02,6.39,98.12,1.4,1.4,2.877,8.2,23.69,62.474464,6.461324
2022-10-01T05:56:02,209,12.42,34.56,45.49,0.02,6.41,98.07,1.41,1.41,2.878,8.24,23.82,62.474464,6.461324
2022-10-01T06:56:02,210,12.411,34.56,45.51,0.02,6.42,98.1,1.42,1.42,2.88,8.23,23.79,62.474464,6.461324
2022-10-01T07:56:02,211,12.406,34.56,45.51,0.02,6.41,98.13,1.39,1.39,2.882,8.22,23.75,62.474464,6.461324
2022-10-01T08:56:02,212,12.406,34.55,45.5,0.02,6.41,98.12,1.38,1.38,2.884,8.27,23.89,62.474464,6.461324
2022-10-01T09:56:02,213,12.402,34.55,45.5,0.02,6.42,98.14,1.42,1.42,2.888,8.23,23.79,62.474464,6.461324
2022-10-01T10:56:02,214,12.406,34.55,45.49,0.02,6.43,98.04,1.44,1.44,2.892,8.24,23.82,62.474464,6.461324
2022-10-01T11:56:02,215,12.413,34.58,45.52,0.02,6.43,98.14,1.39,1.39,2.897,8.21,23.7,62.474464,6.461324
2022-10-01T13:56:02,216,12.46,34.61,45.51,0.02,6.38,98.34,1.39,1.39,2.887,8.18,23.62,62.474464,6.461324
2022-10-01T14:56:02,217,12.475,34.62,45.5,0.02,6.43,98.35,1.39,1.39,2.894,8.2,23.69,62.474464,6.461324
2022-10-01T15:56:02,218,12.511,34.64,45.49,0.02,6.42,98.46,1.43,1.43,2.906,8.12,23.45,62.474464,6.461324
2022-10-01T16:56:02,219,12.469,34.62,45.51,0.02,6.43,98.4,1.43,1.43,2.911,8.15,23.54,62.474464,6.461324
2022-10-01T17:56:02,220,12.517,34.66,45.51,0.02,6.44,98.54,1.37,1.37,2.915,8.1,23.37,62.474464,6.461324
2022-10-01T18:56:02,221,12.492,34.62,45.49,0.02,6.44,98.49,1.42,1.42,2.922,8.11,23.42,62.474464,6.461324
2022-10-01T19:56:02,222,12.484,34.62,45.5,0.02,6.44,98.4,1.4,1.4,2.928,8.15,23.52,62.474464,6.461324
2022-10-01T20:56:02,223,12.48,34.62,45.5,0.02,6.44,98.36,1.37,1.37,2.933,8.15,23.53,62.474464,6.461324
2022-10-01T21:56:02,224,12.476,34.62,45.5,0.02,6.45,98.42,1.41,1.41,2.938,8.11,23.4,62.474464,6.461324
2022-10-01T22:56:02,225,12.463,34.61,45.5,0.02,6.44,98.36,1.41,1.41,2.942,8.13,23.47,62.474464,6.461324
2022-10-01T23:56:02,226,12.453,34.6,45.5,0.02,6.44,98.32,1.4,1.4,2.949,8.12,23.45,62.474464,6.461324
2022-10-02T01:56:02,227,12.434,34.6,45.52,0.02,6.4,98.27,1.4,1.4,2.934,8.08,23.33,62.474464,6.461324
2022-10-02T02:56:02,228,12.429,34.61,45.54,0.02,6.44,98.16,1.41,1.41,2.939,8.11,23.41,62.474464,6.461324
2022-10-02T03:56:02,229,12.413,34.58,45.53,0.02,6.45,98.05,1.39,1.39,2.945,8.15,23.53,62.474464,6.461324
2022-10-02T04:56:02,230,12.414,34.58,45.53,0.02,6.45,98.03,1.39,1.39,2.948,8.15,23.54,62.474464,6.461324
2022-10-02T05:56:03,231,12.401,34.57,45.52,0.02,6.44,98.04,1.41,1.41,2.954,8.14,23.5,62.474464,6.461324
2022-10-02T06:56:02,232,12.381,34.56,45.53,0.02,6.44,98.05,1.41,1.41,2.957,8.16,23.56,62.474464,6.461324
2022-10-02T07:56:02,233,12.381,34.55,45.52,0.02,6.44,98.07,1.36,1.36,2.965,8.2,23.67,62.474464,6.461324
2022-10-02T08:56:02,234,12.36,34.52,45.5,0.02,6.43,97.98,1.39,1.39,2.97,8.2,23.67,62.474464,6.461324
2022-10-02T09:56:02,235,12.344,34.51,45.51,0.02,6.43,98.0,1.41,1.41,2.974,8.21,23.71,62.474464,6.461324
2022-10-02T10:56:02,236,12.349,34.51,45.51,0.02,6.44,98.0,1.41,1.41,2.979,8.15,23.53,62.474464,6.461324
2022-10-02T11:56:02,237,12.353,34.52,45.52,0.02,6.44,98.07,1.38,1.38,2.985,8.16,23.57,62.474464,6.461324
2022-10-02T13:56:02,238,12.382,34.55,45.52,0.02,6.4,98.33,1.4,1.4,2.905,8.18,23.62,62.474464,6.461324
2022-10-02T14:56:02,239,12.392,34.55,45.52,0.02,6.43,98.26,1.41,1.41,2.909,8.16,23.56,62.474464,6.461324
2022-10-02T15:56:02,240,12.452,34.61,45.52,0.02,6.44,98.43,1.39,1.39,2.914,8.11,23.4,62.474464,6.461324
2022-10-02T16:56:02,241,12.451,34.62,45.53,0.02,6.42,98.42,1.39,1.39,2.918,8.08,23.33,62.474464,6.461324
2022-10-02T17:56:02,242,12.42,34.59,45.52,0.02,6.42,98.35,1.4,1.4,2.923,8.12,23.45,62.474464,6.461324
2022-10-02T18:56:02,243,12.41,34.58,45.53,0.02,6.42,98.28,1.38,1.38,2.932,8.12,23.45,62.474464,6.461324
2022-10-02T19:56:02,244,12.403,34.57,45.53,0.02,6.42,98.25,1.41,1.41,2.942,8.13,23.48,62.474464,6.461324
2022-10-02T20:56:02,245,12.39,34.56,45.52,0.02,6.4,98.27,1.42,1.42,2.951,8.12,23.46,62.474464,6.461324
2022-10-02T21:56:02,246,12.38,34.56,45.53,0.02,6.41,98.27,1.4,1.4,2.96,8.12,23.45,62.474464,6.461324
2022-10-02T22:56:02,247,12.365,34.54,45.53,0.02,6.41,98.23,1.41,1.41,2.959,8.13,23.46,62.474464,6.461324
2022-10-02T23:56:02,248,12.36,34.53,45.52,0.02,6.4,98.25,1.44,1.44,2.968,8.13,23.48,62.474464,6.461324
2022-10-03T01:56:02,249,12.314,34.5,45.53,0.02,6.33,98.13,1.39,1.39,2.919,8.17,23.59,62.474464,6.461324
2022-10-03T02:56:02,250,12.318,34.5,45.53,0.02,6.4,98.14,1.42,1.42,2.927,8.16,23.56,62.474464,6.461324
2022-10-03T03:56:02,251,12.302,34.49,45.53,0.02,6.38,98.17,1.43,1.43,2.937,8.17,23.59,62.474464,6.461324
2022-10-03T04:56:02,252,12.298,34.48,45.53,0.02,6.4,98.16,1.4,1.4,2.932,8.17,23.59,62.474464,6.461324
2022-10-03T05:56:02,253,12.289,34.48,45.53,0.02,6.41,98.22,1.45,1.45,2.939,8.15,23.53,62.474464,6.461324
2022-10-03T06:56:02,254,12.274,34.46,45.53,0.02,6.42,98.21,1.46,1.46,2.943,8.16,23.56,62.474464,6.461324
2022-10-03T07:56:02,255,12.271,34.46,45.53,0.02,6.41,98.21,1.46,1.46,2.948,8.16,23.56,62.474464,6.461324
2022-10-03T08:56:02,256,12.254,34.46,45.54,0.02,6.4,98.19,1.44,1.44,2.952,8.16,23.57,62.474464,6.461324
2022-10-03T09:56:02,257,12.249,34.45,45.55,0.02,6.41,98.22,1.47,1.47,2.959,8.15,23.54,62.474464,6.461324
2022-10-03T10:56:02,258,12.236,34.45,45.56,0.02,6.39,98.21,1.45,1.45,2.962,8.16,23.57,62.474464,6.461324
2022-10-03T11:56:02,259,12.232,34.45,45.56,0.02,6.41,98.22,1.44,1.44,2.967,8.17,23.58,62.474464,6.461324
2022-10-03T13:56:02,260,12.223,34.45,45.57,0.02,6.38,98.21,1.43,1.43,2.957,8.17,23.58,62.474464,6.461324
2022-10-03T14:56:02,261,12.224,34.45,45.56,0.02,6.41,98.22,1.44,1.44,2.957,8.16,23.56,62.474464,6.461324
2022-10-03T15:56:02,262,12.214,34.43,45.56,0.02,6.42,98.2,1.46,1.46,2.958,8.16,23.58,62.474464,6.461324
2022-10-03T16:56:02,263,12.169,34.43,45.61,0.02,6.41,98.31,1.47,1.47,2.963,8.14,23.5,62.474464,6.461324
2022-10-03T17:56:02,264,12.16,34.42,45.61,0.02,6.41,98.28,1.49,1.49,2.962,8.15,23.54,62.474464,6.461324
2022-10-03T18:56:02,265,12.149,34.41,45.6,0.02,6.41,98.26,1.47,1.47,2.959,8.19,23.65,62.474464,6.461324
2022-10-03T19:56:02,266,12.158,34.41,45.6,0.02,6.42,98.27,1.46,1.46,2.955,8.17,23.58,62.474464,6.461324
2022-10-03T20:56:02,267,12.15,34.41,45.6,0.02,6.42,98.22,1.46,1.46,2.953,8.21,23.7,62.474464,6.461324
2022-10-03T21:56:02,268,12.163,34.41,45.59,0.02,6.42,98.25,1.48,1.48,2.944,8.19,23.65,62.474464,6.461324
2022-10-03T22:56:03,269,12.167,34.37,45.54,0.02,6.43,98.22,1.43,1.43,2.937,8.24,23.79,62.474464,6.461324
2022-10-03T23:56:02,270,12.172,34.37,45.53,0.02,6.42,98.17,1.45,1.45,2.933,8.26,23.85,62.474464,6.461324
2022-10-04T01:56:02,271,12.169,34.38,45.54,0.02,6.37,98.13,1.46,1.46,2.966,8.24,23.81,62.474464,6.461324
2022-10-04T02:56:02,272,12.149,34.36,45.53,0.02,6.41,98.09,1.46,1.46,2.956,8.28,23.92,62.474464,6.461324
2022-10-04T03:56:02,273,12.146,34.35,45.53,0.02,6.42,98.08,1.49,1.49,2.944,8.29,23.96,62.474464,6.461324
2022-10-04T04:56:02,274,12.139,34.35,45.53,0.02,6.43,98.08,1.46,1.46,2.93,8.3,23.99,62.474464,6.461324
2022-10-04T05:56:02,275,12.131,34.35,45.54,0.02,6.43,98.11,1.44,1.44,2.914,8.28,23.93,62.474464,6.461324
2022-10-04T06:56:02,276,12.12,34.34,45.54,0.02,6.43,98.08,1.48,1.48,2.895,8.29,23.97,62.474464,6.461324
2022-10-04T07:56:02,277,12.13,34.34,45.53,0.02,6.42,98.07,1.46,1.46,2.882,8.29,23.96,62.474464,6.461324
2022-10-04T08:56:02,278,12.127,34.34,45.53,0.02,6.43,98.04,1.49,1.49,2.868,8.28,23.93,62.474464,6.461324
2022-10-04T09:56:02,279,12.128,34.35,45.55,0.02,6.43,98.06,1.51,1.51,2.862,8.27,23.89,62.474464,6.461324
2022-10-04T10:56:02,280,12.117,34.31,45.51,0.02,6.43,98.06,1.46,1.46,2.856,8.29,23.95,62.474464,6.461324
2022-10-04T11:56:02,281,12.125,34.33,45.52,0.02,6.43,98.04,1.44,1.44,2.843,8.27,23.89,62.474464,6.461324
2022-10-04T13:56:02,282,12.124,34.33,45.52,0.02,6.38,98.08,1.48,1.48,2.915,8.28,23.93,62.474464,6.461324
2022-10-04T14:56:02,283,12.135,34.31,45.49,0.02,6.41,98.16,1.49,1.49,2.907,8.27,23.91,62.474464,6.461324
2022-10-04T15:56:02,284,12.129,34.31,45.5,0.02,6.41,98.12,1.46,1.46,2.907,8.27,23.88,62.474464,6.461324
2022-10-04T16:56:02,285,12.126,34.32,45.51,0.02,6.4,98.14,1.48,1.48,2.898,8.26,23.85,62.474464,6.461324
2022-10-04T17:56:02,286,12.122,34.32,45.52,0.02,6.41,98.1,1.48,1.48,2.904,8.27,23.9,62.474464,6.461324
2022-10-04T18:56:02,287,12.124,34.33,45.53,0.02,6.41,98.13,1.51,1.51,2.91,8.25,23.85,62.474464,6.461324
2022-10-04T19:56:02,288,12.122,34.33,45.52,0.02,6.41,98.15,1.51,1.51,2.91,8.22,23.75,62.474464,6.461324
2022-10-04T20:56:02,289,12.109,34.3,45.51,0.02,6.39,98.15,1.52,1.52,2.914,8.25,23.83,62.474464,6.461324
2022-10-04T21:56:02,290,12.103,34.28,45.49,0.02,6.4,98.14,1.49,1.49,2.922,8.23,23.78,62.474464,6.461324
2022-10-04T22:56:02,291,12.096,34.29,45.5,0.02,6.34,98.13,1.49,1.49,2.928,8.24,23.79,62.474464,6.461324
2022-10-04T23:56:02,292,12.084,34.29,45.52,0.02,6.42,98.14,1.5,1.5,2.936,8.22,23.76,62.474464,6.461324
2022-10-05T01:56:02,293,12.065,34.29,45.53,0.02,6.36,98.1,1.54,1.54,2.932,8.23,23.76,62.474464,6.461324
2022-10-05T02:56:02,294,12.057,34.27,45.53,0.02,6.4,98.06,1.53,1.53,2.927,8.21,23.72,62.474464,6.461324
2022-10-05T03:56:02,295,12.055,34.27,45.52,0.02,6.41,98.02,1.49,1.49,2.922,8.2,23.68,62.474464,6.461324
2022-10-05T04:56:02,296,12.04,34.26,45.53,0.02,6.41,98.02,1.51,1.51,2.919,8.23,23.79,62.474464,6.461324
2022-10-05T05:56:02,297,12.02,34.24,45.53,0.02,6.42,98.01,1.53,1.53,2.914,8.23,23.78,62.474464,6.461324
2022-10-05T06:56:02,298,12.017,34.24,45.53,0.02,6.42,97.98,1.51,1.51,2.905,8.22,23.75,62.474464,6.461324
2022-10-05T07:56:02,299,11.98,34.19,45.51,0.02,6.42,97.97,1.53,1.53,2.9,8.24,23.82,62.474464,6.461324
2022-10-05T08:56:02,300,11.998,34.21,45.51,0.02,6.43,97.94,1.53,1.53,2.89,8.27,23.89,62.474464,6.461324
2022-10-05T09:56:02,301,11.998,34.2,45.5,0.02,6.43,97.93,1.51,1.51,2.881,8.29,23.96,62.474464,6.461324
2022-10-05T10:56:02,302,11.989,34.2,45.51,0.02,6.39,97.97,1.52,1.52,2.866,8.26,23.85,62.474464,6.461324
2022-10-05T11:56:02,303,11.985,34.19,45.5,0.02,6.4,97.93,1.55,1.55,2.847,8.27,23.9,62.474464,6.461324
2022-10-05T13:56:02,304,11.965,34.18,45.51,0.02,6.34,97.92,1.57,1.57,2.895,8.28,23.91,62.474464,6.461324
2022-10-05T14:56:02,305,11.966,34.17,45.5,0.02,6.39,97.93,1.52,1.52,2.872,8.27,23.89,62.474464,6.461324
2022-10-05T15:56:02,306,11.961,34.17,45.5,0.02,6.41,97.92,1.53,1.53,2.858,8.26,23.86,62.474464,6.461324
2022-10-05T16:56:02,307,11.935,34.11,45.46,0.02,6.39,97.88,1.53,1.53,2.888,8.27,23.89,62.474464,6.461324
2022-10-05T17:56:02,308,11.942,34.13,45.48,0.02,6.41,97.89,1.52,1.52,2.905,8.26,23.88,62.474464,6.461324
2022-10-05T18:56:02,309,11.927,34.11,45.46,0.02,6.41,97.91,1.52,1.52,2.921,8.27,23.9,62.474464,6.461324
2022-10-05T19:56:02,310,11.932,34.12,45.47,0.02,6.4,97.9,1.54,1.54,2.918,8.25,23.84,62.474464,6.461324
2022-10-05T20:56:02,311,11.931,34.14,45.49,0.02,6.36,97.89,1.54,1.54,2.928,8.24,23.8,62.474464,6.461324
2022-10-05T21:56:02,312,11.924,34.13,45.49,0.02,6.41,97.88,1.54,1.54,2.936,8.21,23.72,62.474464,6.461324
2022-10-05T22:56:02,313,11.917,34.11,45.48,0.02,6.41,97.88,1.57,1.57,2.932,8.23,23.76,62.474464,6.461324
2022-10-05T23:56:02,314,11.914,34.07,45.42,0.02,6.38,97.88,1.58,1.58,2.93,8.28,23.93,62.474464,6.461324
2022-10-06T01:56:02,315,11.849,34.06,45.49,0.02,6.32,97.8,1.58,1.58,2.927,8.28,23.92,62.474464,6.461324
2022-10-06T02:56:02,316,11.812,34.03,45.49,0.02,6.34,97.75,1.57,1.57,2.896,8.3,23.98,62.474464,6.461324
2022-10-06T03:56:02,317,11.794,34.03,45.52,0.02,6.35,97.71,1.54,1.54,2.924,8.29,23.95,62.474464,6.461324
2022-10-06T04:56:02,318,11.782,33.99,45.48,0.02,6.36,97.7,1.57,1.57,2.918,8.29,23.97,62.474464,6.461324
2022-10-06T05:56:02,319,11.779,33.99,45.47,0.02,6.39,97.67,1.58,1.58,2.918,8.3,24.0,62.474464,6.461324
2022-10-06T06:56:02,320,11.717,33.95,45.49,0.02,6.31,97.68,1.59,1.59,2.951,8.31,24.01,62.474464,6.461324
2022-10-06T07:56:02,321,11.74,33.95,45.46,0.02,6.33,97.65,1.62,1.62,2.93,8.32,24.03,62.474464,6.461324
2022-10-06T08:56:03,322,11.736,33.93,45.44,0.02,6.35,97.65,1.58,1.58,2.872,8.33,24.09,62.474464,6.461324
2022-10-06T09:56:02,323,11.733,33.9,45.4,0.02,6.37,97.66,1.59,1.59,2.912,8.37,24.19,62.474464,6.461324
2022-10-06T10:56:02,324,11.73,33.9,45.41,0.02,6.36,97.7,1.59,1.59,2.928,8.37,24.19,62.474464,6.461324
2022-10-06T11:56:02,325,11.74,33.95,45.47,0.02,6.4,97.76,1.57,1.57,2.926,8.31,24.01,62.474464,6.461324
2022-10-06T13:56:02,326,11.705,33.92,45.46,0.02,6.34,97.76,1.57,1.57,2.936,8.3,24.0,62.474464,6.461324
2022-10-06T14:56:02,327,11.697,33.92,45.47,0.02,6.39,97.76,1.58,1.58,2.933,8.28,23.93,62.474464,6.461324
2022-10-06T15:56:02,328,11.671,33.89,45.47,0.02,6.35,97.76,1.61,1.61,2.93,8.29,23.94,62.474464,6.461324
2022-10-06T16:56:02,329,11.662,33.89,45.47,0.02,6.38,97.74,1.57,1.57,2.956,8.28,23.94,62.474464,6.461324
2022-10-06T17:56:02,330,11.619,33.86,45.49,0.02,6.39,97.81,1.57,1.57,2.941,8.3,23.98,62.474464,6.461324
2022-10-06T18:56:02,331,11.592,33.86,45.51,0.02,6.39,97.78,1.57,1.57,2.959,8.3,23.98,62.474464,6.461324
2022-10-06T19:56:02,332,11.587,33.84,45.5,0.02,6.38,97.78,1.59,1.59,2.952,8.3,24.0,62.474464,6.461324
2022-10-06T20:56:02,333,11.564,33.82,45.5,0.02,6.3,97.83,1.61,1.61,2.99,8.31,24.01,62.474464,6.461324
2022-10-06T21:56:02,334,11.54,33.81,45.5,0.02,6.36,97.81,1.58,1.58,2.974,8.32,24.05,62.474464,6.461324
2022-10-06T22:56:02,335,11.519,33.78,45.5,0.02,6.36,97.81,1.62,1.62,2.976,8.34,24.09,62.474464,6.461324
2022-10-06T23:56:02,336,11.516,33.74,45.44,0.02,6.36,97.79,1.61,1.61,2.987,8.41,24.31,62.474464,6.461324
2022-10-07T01:56:02,337,11.486,33.68,45.39,0.02,6.33,97.73,1.61,1.61,3.001,8.49,24.57,62.474464,6.461324
2022-10-07T02:56:02,338,11.451,33.73,45.51,0.02,6.37,97.67,1.6,1.6,2.98,8.37,24.19,62.474464,6.461324
2022-10-07T03:56:02,339,11.435,33.75,45.55,0.02,6.38,97.68,1.65,1.65,2.963,8.34,24.11,62.474464,6.461324
2022-10-07T04:56:02,340,11.273,33.69,45.66,0.02,6.35,97.85,1.63,1.63,2.942,8.3,23.99,62.474464,6.461324
2022-10-07T05:56:02,341,11.23,33.66,45.67,0.02,6.35,97.89,1.63,1.63,2.927,8.34,24.1,62.474464,6.461324
2022-10-07T06:56:02,342,11.254,33.66,45.65,0.02,6.38,97.85,1.66,1.66,2.92,8.34,24.11,62.474464,6.461324
2022-10-07T07:56:02,343,11.29,33.66,45.6,0.02,6.39,97.81,1.63,1.63,2.917,8.33,24.08,62.474464,6.461324
2022-10-07T08:56:02,344,11.319,33.68,45.59,0.02,6.39,97.78,1.65,1.65,2.923,8.35,24.15,62.474464,6.461324
2022-10-07T09:56:02,345,11.3,33.63,45.54,0.02,6.4,97.82,1.64,1.64,2.929,8.33,24.07,62.474464,6.461324
2022-10-07T10:56:02,346,11.301,33.64,45.57,0.02,6.38,97.79,1.65,1.65,2.924,8.32,24.06,62.474464,6.461324
2022-10-07T11:56:02,347,11.297,33.63,45.56,0.02,6.4,97.83,1.63,1.63,2.923,8.3,24.0,62.474464,6.461324
2022-10-07T13:56:02,348,11.282,33.64,45.58,0.02,6.33,97.76,1.62,1.62,2.915,8.31,24.0,62.474464,6.461324
2022-10-07T14:56:02,349,11.243,33.59,45.56,0.02,6.34,97.83,1.63,1.63,2.913,8.35,24.13,62.474464,6.461324
2022-10-07T15:56:02,350,11.203,33.53,45.52,0.02,6.36,97.87,1.61,1.61,2.904,8.37,24.2,62.474464,6.461324
2022-10-07T16:56:02,351,11.184,33.52,45.54,0.02,6.34,97.84,1.64,1.64,2.905,8.38,24.24,62.474464,6.461324
2022-10-07T17:56:02,352,11.152,33.49,45.53,0.02,6.37,97.83,1.62,1.62,2.904,8.41,24.31,62.474464,6.461324
2022-10-07T18:56:02,353,11.098,33.49,45.6,0.02,6.38,97.9,1.68,1.68,2.907,8.37,24.18,62.474464,6.461324
2022-10-07T19:56:02,354,11.073,33.48,45.62,0.02,6.38,97.86,1.64,1.64,2.913,8.36,24.17,62.474464,6.461324
2022-10-07T20:56:02,355,11.091,33.44,45.54,0.02,6.34,97.84,1.69,1.69,2.913,8.39,24.27,62.474464,6.461324
2022-10-07T21:56:02,356,11.096,33.45,45.55,0.02,6.39,97.84,1.68,1.68,2.926,8.4,24.29,62.474464,6.461324
2022-10-07T22:56:02,357,11.113,33.45,45.52,0.02,6.36,97.83,1.67,1.67,2.934,8.41,24.32,62.474464,6.461324
2022-10-07T23:56:02,358,11.15,33.48,45.52,0.02,6.38,97.84,1.67,1.67,2.925,8.41,24.33,62.474464,6.461324
2022-10-08T01:56:02,359,11.133,33.47,45.52,0.02,6.33,97.71,1.68,1.68,2.951,8.43,24.38,62.474464,6.461324
2022-10-08T02:56:02,360,11.102,33.46,45.55,0.02,6.31,97.74,1.68,1.68,2.96,8.4,24.29,62.474464,6.461324
2022-10-08T03:56:02,361,11.076,33.44,45.56,0.02,6.33,97.74,1.67,1.67,2.957,8.4,24.3,62.474464,6.461324
2022-10-08T04:56:02,362,11.061,33.43,45.56,0.02,6.35,97.69,1.67,1.67,2.956,8.39,24.26,62.474464,6.461324
2022-10-08T05:56:02,363,11.017,33.4,45.57,0.02,6.34,97.76,1.71,1.71,2.973,8.41,24.32,62.474464,6.461324
2022-10-08T06:56:02,364,10.995,33.38,45.57,0.02,6.31,97.79,1.7,1.7,2.983,8.41,24.31,62.474464,6.461324
2022-10-08T07:56:02,365,11.003,33.4,45.58,0.02,6.37,97.73,1.68,1.68,2.992,8.4,24.29,62.474464,6.461324
2022-10-08T08:56:02,366,10.959,33.36,45.58,0.02,6.34,97.74,1.69,1.69,2.995,8.41,24.31,62.474464,6.461324
2022-10-08T09:56:02,367,10.939,33.35,45.59,0.02,6.33,97.79,1.7,1.7,3.022,8.4,24.28,62.474464,6.461324
2022-10-08T10:56:02,368,10.909,33.34,45.61,0.02,6.35,97.83,1.7,1.7,3.047,8.38,24.24,62.474464,6.461324
2022-10-08T11:56:02,369,10.934,33.35,45.6,0.02,6.31,97.82,1.68,1.68,3.05,8.38,24.23,62.474464,6.461324
2022-10-08T13:56:02,370,10.792,33.28,45.68,0.02,6.3,97.87,1.67,1.67,2.937,8.41,24.31,62.474464,6.461324
2022-10-08T14:56:02,371,10.775,33.26,45.67,0.02,6.33,97.83,1.68,1.68,2.938,8.41,24.33,62.474464,6.461324
2022-10-08T15:56:02,372,10.704,33.22,45.69,0.02,6.36,97.88,1.71,1.71,2.958,8.42,24.34,62.474464,6.461324
2022-10-08T16:56:02,373,10.699,33.19,45.67,0.02,6.37,97.93,1.73,1.73,2.946,8.44,24.41,62.474464,6.461324
2022-10-08T17:56:02,374,10.704,33.19,45.66,0.02,6.36,97.92,1.73,1.73,2.948,8.43,24.39,62.474464,6.461324
2022-10-08T18:56:02,375,10.673,33.18,45.68,0.02,6.35,97.91,1.7,1.7,2.958,8.44,24.4,62.474464,6.461324
2022-10-08T19:56:02,376,10.703,33.19,45.66,0.02,6.35,97.89,1.68,1.68,2.972,8.45,24.43,62.474464,6.461324
2022-10-08T20:56:02,377,10.724,33.19,45.64,0.02,6.34,97.91,1.71,1.71,2.982,8.44,24.42,62.474464,6.461324
2022-10-08T21:56:02,378,10.725,33.2,45.64,0.02,6.37,97.9,1.71,1.71,2.98,8.45,24.45,62.474464,6.461324
2022-10-08T22:56:02,379,10.712,33.18,45.64,0.02,6.39,97.92,1.7,1.7,2.976,8.44,24.43,62.474464,6.461324
2022-10-08T23:56:03,380,10.708,33.19,45.65,0.02,6.39,97.93,1.71,1.71,2.976,8.47,24.49,62.474464,6.461324
2022-10-09T01:56:02,381,10.662,33.16,45.66,0.02,6.34,97.85,1.71,1.71,2.915,8.46,24.46,62.474464,6.461324
2022-10-09T02:56:02,382,10.658,33.16,45.67,0.02,6.37,97.84,1.7,1.7,2.907,8.49,24.56,62.474464,6.461324
2022-10-09T03:56:02,383,10.564,33.11,45.72,0.02,6.36,97.92,1.72,1.72,2.905,8.47,24.51,62.474464,6.461324
2022-10-09T04:56:02,384,10.48,33.05,45.73,0.02,6.36,97.95,1.7,1.7,2.912,8.49,24.56,62.474464,6.461324
2022-10-09T05:56:02,385,10.484,33.04,45.71,0.02,6.36,97.99,1.72,1.72,2.903,8.5,24.58,62.474464,6.461324
2022-10-09T06:56:02,386,10.449,33.02,45.73,0.02,6.37,98.0,1.72,1.72,2.912,8.5,24.59,62.474464,6.461324
2022-10-09T07:56:02,387,10.418,33.0,45.74,0.02,6.39,98.0,1.74,1.74,2.906,8.5,24.61,62.474464,6.461324
2022-10-09T08:56:02,388,10.447,33.04,45.75,0.02,6.38,98.04,1.74,1.74,2.905,8.47,24.49,62.474464,6.461324
2022-10-09T09:56:02,389,10.497,33.06,45.73,0.02,6.38,97.97,1.7,1.7,2.911,8.48,24.53,62.474464,6.461324
2022-10-09T10:56:02,390,10.541,33.07,45.69,0.02,6.38,97.97,1.73,1.73,2.914,8.46,24.48,62.474464,6.461324
2022-10-09T11:56:02,391,10.558,33.09,45.69,0.02,6.37,98.01,1.7,1.7,2.905,8.47,24.49,62.474464,6.461324
2022-10-09T13:56:02,392,10.555,33.07,45.67,0.02,6.31,97.9,1.71,1.71,2.92,8.5,24.58,62.474464,6.461324
2022-10-09T14:56:02,393,10.53,33.03,45.64,0.02,6.33,97.87,1.71,1.71,2.898,8.52,24.65,62.474464,6.461324
2022-10-09T15:56:02,394,10.542,33.06,45.67,0.02,6.37,97.97,1.7,1.7,2.895,8.47,24.5,62.474464,6.461324
2022-10-09T16:56:02,395,10.53,33.04,45.66,0.02,6.37,98.02,1.72,1.72,2.882,8.46,24.48,62.474464,6.461324
2022-10-09T17:56:02,396,10.512,33.06,45.7,0.02,6.36,98.02,1.73,1.73,2.889,8.46,24.47,62.474464,6.461324
2022-10-09T18:56:02,397,10.479,33.04,45.72,0.02,6.36,98.07,1.71,1.71,2.885,8.45,24.45,62.474464,6.461324
2022-10-09T19:56:02,398,10.453,33.03,45.73,0.02,6.35,98.04,1.7,1.7,2.894,8.46,24.47,62.474464,6.461324
2022-10-09T20:56:02,399,10.447,33.03,45.74,0.02,6.37,98.04,1.71,1.71,2.873,8.46,24.46,62.474464,6.461324
2022-10-09T21:56:02,400,10.446,33.02,45.73,0.02,6.36,98.03,1.72,1.72,2.865,8.47,24.5,62.474464,6.461324
2022-10-09T22:56:02,401,10.449,33.02,45.73,0.02,6.36,98.01,1.75,1.75,2.864,8.46,24.49,62.474464,6.461324
2022-10-09T23:56:02,402,10.45,33.02,45.73,0.02,6.37,98.01,1.75,1.75,2.858,8.47,24.5,62.474464,6.461324
2022-10-10T01:56:02,403,10.45,33.0,45.7,0.02,6.33,97.98,1.74,1.74,2.92,8.5,24.59,62.474464,6.461324
2022-10-10T02:56:02,404,10.444,32.99,45.7,0.02,6.35,97.98,1.71,1.71,2.914,8.5,24.59,62.474464,6.461324
2022-10-10T03:56:02,405,10.434,32.99,45.71,0.02,6.37,97.97,1.76,1.76,2.9,8.49,24.55,62.474464,6.461324
2022-10-10T04:56:02,406,10.437,33.0,45.72,0.02,6.38,97.95,1.71,1.71,2.89,8.47,24.52,62.474464,6.461324
2022-10-10T05:56:02,407,10.43,32.98,45.7,0.02,6.38,98.0,1.74,1.74,2.877,8.49,24.57,62.474464,6.461324
2022-10-10T06:56:02,408,10.416,32.96,45.68,0.02,6.39,97.96,1.75,1.75,2.88,8.5,24.6,62.474464,6.461324
2022-10-10T07:56:02,409,10.409,32.95,45.69,0.02,6.34,97.99,1.72,1.72,2.933,8.5,24.61,62.474464,6.461324
2022-10-10T08:56:02,410,10.376,32.95,45.72,0.02,6.35,98.03,1.74,1.74,2.911,8.5,24.6,62.474464,6.461324
2022-10-10T09:56:02,411,10.224,32.89,45.82,0.02,6.29,98.07,1.77,1.77,2.914,8.49,24.55,62.474464,6.461324
2022-10-10T10:56:02,412,10.2,32.86,45.81,0.02,6.33,98.15,1.74,1.74,2.908,8.47,24.51,62.474464,6.461324
2022-10-10T11:56:02,413,10.178,32.85,45.83,0.02,6.34,98.26,1.76,1.76,2.91,8.48,24.52,62.474464,6.461324
2022-10-10T13:56:03,414,10.183,32.87,45.84,0.02,6.32,98.17,1.77,1.77,2.872,8.46,24.47,62.474464,6.461324
2022-10-10T14:56:02,415,10.163,32.85,45.83,0.02,6.28,98.16,1.69,1.69,2.861,8.47,24.5,62.474464,6.461324
2022-10-10T15:56:02,416,10.145,32.83,45.84,0.02,6.3,98.15,1.76,1.76,2.898,8.47,24.49,62.474464,6.461324
2022-10-10T16:56:02,417,10.123,32.82,45.85,0.02,6.36,98.27,1.75,1.75,2.871,8.47,24.5,62.474464,6.461324
2022-10-10T17:56:02,418,10.091,32.8,45.86,0.02,6.34,98.3,1.76,1.76,2.877,8.47,24.5,62.474464,6.461324
2022-10-10T18:56:02,419,10.052,32.78,45.88,0.02,6.29,98.25,1.77,1.77,2.978,8.46,24.49,62.474464,6.461324
2022-10-10T19:56:02,420,10.02,32.76,45.89,0.02,6.34,98.23,1.75,1.75,2.891,8.48,24.53,62.474464,6.461324
2022-10-10T20:56:02,421,9.952,32.7,45.89,0.02,6.36,98.28,1.72,1.72,2.907,8.48,24.53,62.474464,6.461324
2022-10-10T21:56:02,422,9.961,32.68,45.85,0.02,6.33,98.28,1.75,1.75,2.929,8.5,24.59,62.474464,6.461324
2022-10-10T22:56:02,423,9.936,32.65,45.84,0.02,6.32,98.33,1.76,1.76,2.928,8.5,24.61,62.474464,6.461324
2022-10-10T23:56:02,424,9.909,32.64,45.86,0.02,6.32,98.29,1.76,1.76,2.924,8.49,24.56,62.474464,6.461324
2022-10-11T01:56:02,425,9.902,32.65,45.87,0.02,6.3,98.22,1.76,1.76,2.934,8.5,24.6,62.474464,6.461324
2022-10-11T02:56:02,426,9.944,32.68,45.87,0.02,6.29,98.19,1.73,1.73,2.941,8.49,24.57,62.474464,6.461324
2022-10-11T03:56:02,427,9.902,32.63,45.86,0.02,6.33,98.28,1.79,1.79,2.952,8.48,24.54,62.474464,6.461324
2022-10-11T04:56:02,428,9.877,32.61,45.86,0.02,6.35,98.29,1.75,1.75,2.949,8.49,24.57,62.474464,6.461324
2022-10-11T05:56:02,429,9.869,32.61,45.86,0.02,6.35,98.22,1.78,1.78,2.972,8.49,24.57,62.474464,6.461324
2022-10-11T06:56:02,430,9.88,32.6,45.84,0.02,6.31,98.2,1.77,1.77,2.993,8.49,24.56,62.474464,6.461324
2022-10-11T07:56:02,431,9.876,32.6,45.84,0.02,6.35,98.2,1.8,1.8,2.992,8.5,24.58,62.474464,6.461324
2022-10-11T08:56:02,432,9.868,32.59,45.84,0.02,6.31,98.28,1.8,1.8,3.009,8.5,24.59,62.474464,6.461324
2022-10-11T09:56:02,433,9.858,32.59,45.86,0.02,6.36,98.3,1.78,1.78,3.002,8.5,24.58,62.474464,6.461324
2022-10-11T10:56:02,434,9.845,32.59,45.86,0.02,6.36,98.34,1.76,1.76,3.021,8.48,24.52,62.474464,6.461324
2022-10-11T11:56:02,435,9.844,32.59,45.87,0.02,6.33,98.28,1.77,1.77,3.048,8.47,24.49,62.474464,6.461324
2022-10-11T13:56:02,436,9.888,32.62,45.86,0.02,6.3,98.35,1.76,1.76,2.891,8.46,24.48,62.474464,6.461324
2022-10-11T14:56:02,437,9.881,32.62,45.86,0.02,6.32,98.34,1.78,1.78,2.909,8.46,24.48,62.474464,6.461324
2022-10-11T15:56:02,438,9.891,32.62,45.85,0.02,6.36,98.3,1.78,1.78,2.907,8.46,24.48,62.474464,6.461324
2022-10-11T16:56:02,439,9.919,32.63,45.83,0.02,6.38,98.26,1.74,1.74,2.915,8.48,24.54,62.474464,6.461324
2022-10-11T17:56:02,440,9.935,32.62,45.8,0.02,6.37,98.2,1.76,1.76,2.916,8.5,24.59,62.474464,6.461324
2022-10-11T18:56:02,441,9.951,32.61,45.77,0.02,6.38,98.13,1.76,1.76,2.92,8.53,24.68,62.474464,6.461324
2022-10-11T19:56:02,442,9.955,32.61,45.77,0.02,6.37,98.2,1.81,1.81,2.925,8.51,24.64,62.474464,6.461324
2022-10-11T20:56:02,443,9.962,32.63,45.77,0.02,6.38,98.13,1.77,1.77,2.927,8.52,24.66,62.474464,6.461324
2022-10-11T21:56:02,444,9.955,32.6,45.75,0.02,6.39,98.16,1.77,1.77,2.922,8.54,24.71,62.474464,6.461324
2022-10-11T22:56:03,445,9.949,32.61,45.77,0.02,6.37,98.18,1.81,1.81,2.921,8.54,24.71,62.474464,6.461324
2022-10-11T23:56:02,446,9.936,32.61,45.79,0.02,6.4,98.23,1.8,1.8,2.915,8.53,24.68,62.474464,6.461324
2022-10-12T01:56:02,447,9.944,32.62,45.79,0.02,6.34,98.11,1.82,1.82,2.925,8.54,24.7,62.474464,6.461324
2022-10-12T02:56:02,448,9.935,32.6,45.77,0.02,6.38,98.15,1.8,1.8,2.921,8.55,24.73,62.474464,6.461324
2022-10-12T03:56:02,449,9.934,32.59,45.76,0.02,6.38,98.04,1.77,1.77,2.912,8.56,24.76,62.474464,6.461324
2022-10-12T04:56:02,450,9.926,32.62,45.82,0.02,6.39,98.22,1.81,1.81,2.907,8.52,24.65,62.474464,6.461324
2022-10-12T05:56:02,451,9.897,32.62,45.84,0.02,6.38,98.2,1.8,1.8,2.901,8.51,24.63,62.474464,6.461324
2022-10-12T06:56:02,452,9.897,32.58,45.79,0.02,6.38,98.13,1.83,1.83,2.897,8.53,24.69,62.474464,6.461324
2022-10-12T07:56:02,453,9.895,32.59,45.8,0.02,6.38,98.17,1.8,1.8,2.888,8.54,24.72,62.474464,6.461324
2022-10-12T08:56:02,454,9.876,32.59,45.82,0.02,6.38,98.18,1.8,1.8,2.883,8.53,24.68,62.474464,6.461324
2022-10-12T09:56:02,455,9.859,32.58,45.83,0.02,6.38,98.33,1.77,1.77,2.878,8.53,24.68,62.474464,6.461324
2022-10-12T10:56:02,456,9.906,32.58,45.78,0.02,6.39,98.15,1.82,1.82,2.877,8.53,24.69,62.474464,6.461324
2022-10-12T11:56:02,457,9.919,32.6,45.79,0.02,6.39,98.21,1.78,1.78,2.876,8.55,24.73,62.474464,6.461324
2022-10-12T13:56:02,458,9.93,32.62,45.8,0.02,6.33,98.22,1.76,1.76,2.897,8.5,24.6,62.474464,6.461324
2022-10-12T14:56:02,459,9.9,32.61,45.83,0.02,6.36,98.22,1.79,1.79,2.888,8.51,24.63,62.474464,6.461324
2022-10-12T15:56:02,460,9.894,32.6,45.82,0.02,6.36,98.3,1.74,1.74,2.887,8.52,24.66,62.474464,6.461324
2022-10-12T16:56:02,461,9.877,32.59,45.83,0.02,6.34,98.35,1.78,1.78,2.887,8.5,24.59,62.474464,6.461324
2022-10-12T17:56:02,462,9.864,32.58,45.83,0.02,6.39,98.35,1.77,1.77,2.88,8.51,24.62,62.474464,6.461324
2022-10-12T18:56:02,463,9.86,32.58,45.83,0.02,6.34,98.38,1.81,1.81,2.868,8.52,24.65,62.474464,6.461324
2022-10-12T19:56:02,464,9.848,32.57,45.84,0.02,6.35,98.31,1.81,1.81,2.866,8.52,24.64,62.474464,6.461324
2022-10-12T20:56:02,465,9.845,32.56,45.83,0.02,6.36,98.38,1.83,1.83,2.866,8.53,24.68,62.474464,6.461324
2022-10-12T21:56:02,466,9.841,32.56,45.83,0.02,6.38,98.32,1.79,1.79,2.863,8.52,24.64,62.474464,6.461324
2022-10-12T22:56:02,467,9.861,32.57,45.81,0.02,6.38,98.27,1.8,1.8,2.855,8.53,24.69,62.474464,6.461324
2022-10-12T23:56:02,468,9.884,32.56,45.78,0.02,6.38,98.3,1.83,1.83,2.851,8.54,24.72,62.474464,6.461324
2022-10-13T01:56:02,469,9.902,32.58,45.78,0.02,6.37,98.21,1.8,1.8,2.965,8.53,24.7,62.474464,6.461324
2022-10-13T02:56:02,470,9.904,32.58,45.78,0.02,6.34,98.15,1.8,1.8,2.972,8.54,24.7,62.474464,6.461324
2022-10-13T03:56:03,471,9.885,32.57,45.78,0.02,6.38,98.19,1.8,1.8,2.982,8.53,24.69,62.474464,6.461324
2022-10-13T04:56:02,472,9.871,32.55,45.78,0.02,6.37,98.19,1.8,1.8,2.988,8.55,24.74,62.474464,6.461324
2022-10-13T05:56:02,473,9.857,32.54,45.79,0.02,6.38,98.28,1.81,1.81,2.994,8.53,24.68,62.474464,6.461324
2022-10-13T06:56:02,474,9.848,32.54,45.8,0.02,6.38,98.21,1.81,1.81,2.999,8.54,24.72,62.474464,6.461324
2022-10-13T07:56:02,475,9.836,32.53,45.79,0.02,6.38,98.2,1.83,1.83,3.001,8.53,24.68,62.474464,6.461324
2022-10-13T08:56:02,476,9.844,32.54,45.8,0.02,6.39,98.24,1.82,1.82,3.008,8.54,24.72,62.474464,6.461324
2022-10-18T17:56:02,594,9.401,32.15,45.79,0.02,6.4,98.01,1.78,1.78,3.05,8.57,24.81,62.474464,6.461324
2022-10-18T18:56:02,595,9.393,32.14,45.8,0.02,6.4,97.89,1.81,1.81,3.054,8.62,24.96,62.474464,6.461324
2022-10-18T19:56:02,596,9.381,32.14,45.8,0.02,6.4,97.83,1.76,1.76,3.06,8.61,24.91,62.474464,6.461324
2022-10-18T20:56:02,597,9.372,32.13,45.81,0.02,6.4,97.82,1.76,1.76,3.067,8.61,24.93,62.474464,6.461324
2022-10-18T21:56:02,598,9.362,32.11,45.79,0.02,6.4,97.82,1.76,1.76,3.07,8.64,25.0,62.474464,6.461324
2022-10-18T22:56:02,599,9.356,32.11,45.79,0.02,6.4,97.82,1.78,1.78,3.073,8.62,24.95,62.474464,6.461324
2022-10-18T23:56:02,600,9.349,32.11,45.8,0.02,6.4,97.78,1.79,1.79,3.076,8.61,24.91,62.474464,6.461324
2022-10-19T01:56:02,601,9.323,32.09,45.8,0.02,6.37,97.72,1.78,1.78,2.932,8.63,24.98,62.474464,6.461324
2022-10-19T02:56:02,602,9.332,32.1,45.81,0.02,6.38,97.7,1.74,1.74,2.936,8.58,24.82,62.474464,6.461324
2022-10-19T03:56:02,603,9.331,32.09,45.8,0.02,6.39,97.73,1.79,1.79,2.933,8.63,24.98,62.474464,6.461324
2022-10-19T04:56:02,604,9.324,32.09,45.8,0.02,6.39,97.72,1.76,1.76,2.935,8.65,25.05,62.474464,6.461324
2022-10-19T05:56:02,605,9.324,32.08,45.8,0.02,6.39,97.77,1.79,1.79,2.935,8.65,25.04,62.474464,6.461324
2022-10-19T06:56:02,606,9.312,32.09,45.82,0.02,6.37,97.74,1.77,1.77,2.931,8.64,25.03,62.474464,6.461324
2022-10-19T07:56:02,607,9.295,32.07,45.82,0.02,6.36,97.79,1.81,1.81,2.93,8.64,25.03,62.474464,6.461324
2022-10-19T08:56:02,608,9.298,32.09,45.83,0.02,6.39,97.81,1.8,1.8,2.93,8.64,25.01,62.474464,6.461324
2022-10-19T09:56:02,609,9.292,32.09,45.84,0.02,6.37,97.82,1.79,1.79,2.935,8.63,24.99,62.474464,6.461324
2022-10-19T10:56:02,610,9.282,32.07,45.83,0.02,6.36,97.85,1.8,1.8,2.932,8.63,24.98,62.474464,6.461324
2022-10-19T11:56:02,611,9.281,32.06,45.82,0.02,6.36,97.84,1.77,1.77,2.926,8.63,24.99,62.474464,6.461324
2022-10-19T13:56:02,612,9.276,32.08,45.85,0.02,6.33,97.88,1.77,1.77,2.881,8.62,24.96,62.474464,6.461324
2022-10-19T14:56:02,613,9.271,32.06,45.82,0.02,6.37,97.92,1.75,1.75,2.876,8.59,24.88,62.474464,6.461324
2022-10-19T15:56:02,614,9.266,32.05,45.82,0.02,6.38,97.91,1.75,1.75,2.872,8.59,24.88,62.474464,6.461324
2022-10-19T16:56:02,615,9.265,32.05,45.82,0.02,6.37,97.92,1.76,1.76,2.87,8.6,24.9,62.474464,6.461324
2022-10-19T17:56:02,616,9.266,32.06,45.83,0.02,6.38,97.88,1.77,1.77,2.866,8.6,24.91,62.474464,6.461324
2022-10-19T18:56:02,617,9.258,32.05,45.83,0.02,6.38,97.91,1.75,1.75,2.864,8.6,24.91,62.474464,6.461324
2022-10-19T19:56:02,618,9.26,32.04,45.82,0.02,6.39,97.83,1.78,1.78,2.862,8.59,24.87,62.474464,6.461324
2022-10-19T20:56:02,619,9.256,32.04,45.82,0.02,6.39,97.87,1.78,1.78,2.86,8.59,24.87,62.474464,6.461324
2022-10-19T21:56:02,620,9.241,32.03,45.82,0.02,6.39,97.84,1.75,1.75,2.85,8.62,24.95,62.474464,6.461324
2022-10-19T22:56:02,621,9.239,32.03,45.82,0.02,6.39,97.88,1.79,1.79,2.847,8.59,24.86,62.474464,6.461324
2022-10-19T23:56:02,622,9.229,32.02,45.82,0.02,6.39,97.86,1.81,1.81,2.843,8.61,24.94,62.474464,6.461324
2022-10-20T01:56:02,623,9.229,32.03,45.83,0.02,6.36,97.82,1.79,1.79,2.927,8.64,25.01,62.474464,6.461324
2022-10-20T02:56:02,624,9.213,32.01,45.84,0.02,6.38,97.81,1.78,1.78,2.926,8.6,24.9,62.474464,6.461324
2022-10-20T03:56:02,625,9.205,32.02,45.85,0.02,6.39,97.84,1.78,1.78,2.92,8.6,24.89,62.474464,6.461324
2022-10-20T04:56:02,626,9.209,32.01,45.84,0.02,6.39,97.82,1.76,1.76,2.916,8.63,24.97,62.474464,6.461324
2022-10-20T05:56:02,627,9.2,32.01,45.84,0.02,6.4,97.81,1.78,1.78,2.909,8.62,24.97,62.474464,6.461324
2022-10-20T06:56:02,628,9.182,32.0,45.85,0.02,6.4,97.8,1.79,1.79,2.906,8.61,24.92,62.474464,6.461324
2022-10-20T07:56:02,629,9.184,32.0,45.84,0.02,6.39,97.8,1.79,1.79,2.899,8.62,24.95,62.474464,6.461324
2022-10-20T08:56:02,630,9.18,31.99,45.84,0.02,6.4,97.82,1.76,1.76,2.899,8.62,24.96,62.474464,6.461324
2022-10-20T09:56:02,631,9.171,32.0,45.86,0.02,6.39,97.81,1.77,1.77,2.899,8.6,24.88,62.474464,6.461324
2022-10-20T10:56:02,632,9.169,31.99,45.86,0.02,6.39,97.8,1.77,1.77,2.9,8.61,24.93,62.474464,6.461324
2022-10-20T11:56:02,633,9.165,31.99,45.86,0.02,6.39,97.87,1.74,1.74,2.895,8.59,24.86,62.474464,6.461324
2022-10-20T13:56:02,634,9.163,31.99,45.86,0.02,6.36,97.82,1.75,1.75,2.926,8.62,24.94,62.474464,6.461324
2022-10-20T14:56:02,635,9.164,31.98,45.85,0.02,6.39,97.8,1.75,1.75,2.921,8.62,24.97,62.474464,6.461324
2022-10-20T15:56:02,636,9.159,31.97,45.84,0.02,6.39,97.73,1.75,1.75,2.917,8.61,24.93,62.474464,6.461324
2022-10-20T16:56:02,637,9.155,31.97,45.85,0.02,6.4,97.69,1.78,1.78,2.913,8.59,24.88,62.474464,6.461324
2022-10-20T17:56:02,638,9.136,31.96,45.85,0.02,6.4,97.68,1.75,1.75,2.911,8.61,24.92,62.474464,6.461324
2022-10-20T18:56:02,639,9.135,31.95,45.85,0.02,6.4,97.7,1.76,1.76,2.903,8.61,24.94,62.474464,6.461324
2022-10-20T19:56:02,640,9.133,31.95,45.85,0.02,6.4,97.71,1.77,1.77,2.902,8.6,24.9,62.474464,6.461324
2022-10-20T20:56:02,641,9.125,31.94,45.85,0.02,6.39,97.7,1.81,1.81,2.895,8.6,24.91,62.474464,6.461324
2022-10-20T21:56:02,642,9.091,31.92,45.85,0.02,6.38,97.69,1.79,1.79,2.887,8.61,24.91,62.474464,6.461324
2022-10-20T22:56:02,643,9.099,31.93,45.85,0.02,6.38,97.7,1.74,1.74,2.88,8.62,24.95,62.474464,6.461324
2022-10-20T23:56:02,644,9.091,31.93,45.86,0.02,6.38,97.71,1.81,1.81,2.88,8.6,24.89,62.474464,6.461324
2022-10-21T01:56:02,645,9.064,31.9,45.86,0.02,6.36,97.62,1.8,1.8,2.916,8.61,24.94,62.474464,6.461324
2022-10-21T02:56:02,646,9.08,31.93,45.88,0.02,6.38,97.61,1.76,1.76,2.907,8.59,24.85,62.474464,6.461324
2022-10-21T03:56:03,647,9.055,31.89,45.86,0.02,6.39,97.57,1.74,1.74,2.9,8.61,24.94,62.474464,6.461324
2022-10-21T04:56:02,648,9.043,31.89,45.87,0.02,6.38,97.59,1.78,1.78,2.892,8.62,24.97,62.474464,6.461324
2022-10-21T05:56:02,649,9.029,31.87,45.86,0.02,6.38,97.61,1.78,1.78,2.884,8.62,24.96,62.474464,6.461324
2022-10-21T06:56:02,650,9.012,31.86,45.87,0.02,6.38,97.58,1.79,1.79,2.877,8.62,24.97,62.474464,6.461324
2022-10-21T07:56:02,651,9.019,31.87,45.87,0.02,6.38,97.55,1.82,1.82,2.869,8.61,24.91,62.474464,6.461324
2022-10-21T08:56:02,652,9.01,31.85,45.86,0.02,6.38,97.57,1.75,1.75,2.866,8.63,24.99,62.474464,6.461324
2022-10-21T09:56:02,653,8.979,31.83,45.87,0.02,6.38,97.55,1.78,1.78,2.864,8.61,24.92,62.474464,6.461324
2022-10-21T10:56:02,654,8.99,31.84,45.87,0.02,6.39,97.58,1.79,1.79,2.862,8.64,25.02,62.474464,6.461324
2022-10-21T11:56:02,655,8.987,31.84,45.87,0.02,6.38,97.58,1.81,1.81,2.86,8.63,24.99,62.474464,6.461324
2022-10-21T13:56:02,656,8.975,31.83,45.88,0.02,6.35,97.62,1.78,1.78,2.892,8.59,24.87,62.474464,6.461324
2022-10-21T14:56:02,657,8.985,31.88,45.93,0.02,6.41,97.61,1.78,1.78,2.89,8.59,24.88,62.474464,6.461324
2022-10-21T15:56:02,658,8.985,31.88,45.93,0.02,6.38,97.55,1.78,1.78,2.887,8.61,24.92,62.474464,6.461324
2022-10-21T16:56:02,659,8.981,31.9,45.96,0.02,6.38,97.58,1.79,1.79,2.885,8.62,24.95,62.474464,6.461324
2022-10-21T17:56:02,660,8.974,31.88,45.94,0.02,6.39,97.54,1.8,1.8,2.884,8.62,24.94,62.474464,6.461324
2022-10-21T18:56:02,661,8.964,31.86,45.93,0.02,6.39,97.52,1.88,1.88,2.885,8.64,25.03,62.474464,6.461324
2022-10-21T19:56:02,662,8.958,31.86,45.93,0.02,6.39,97.52,1.76,1.76,2.885,8.64,25.01,62.474464,6.461324
2022-10-21T20:56:02,663,8.945,31.84,45.92,0.02,6.39,97.45,1.75,1.75,2.887,8.62,24.97,62.474464,6.461324
2022-10-21T21:56:02,664,8.944,31.84,45.92,0.02,6.39,97.48,1.77,1.77,2.888,8.62,24.96,62.474464,6.461324
2022-10-21T22:56:02,665,8.929,31.83,45.93,0.02,6.39,97.42,1.75,1.75,2.885,8.57,24.8,62.474464,6.461324
2022-10-21T23:56:02,666,8.927,31.81,45.91,0.02,6.39,97.41,1.77,1.77,2.887,8.61,24.94,62.474464,6.461324
2022-10-22T01:56:02,667,8.915,31.82,45.93,0.02,6.36,97.4,1.79,1.79,2.933,8.59,24.86,62.474464,6.461324
2022-10-22T02:56:02,668,8.902,31.79,45.9,0.02,6.38,97.37,1.78,1.78,2.932,8.57,24.81,62.474464,6.461324
2022-10-22T03:56:02,669,8.902,31.79,45.91,0.02,6.39,97.38,1.75,1.75,2.93,8.59,24.87,62.474464,6.461324
2022-10-22T04:56:02,670,8.903,31.8,45.92,0.02,6.39,97.42,1.75,1.75,2.927,8.63,25.0,62.474464,6.461324
2022-10-22T05:56:02,671,8.906,31.8,45.92,0.02,6.39,97.41,1.78,1.78,2.929,8.62,24.97,62.474464,6.461324
2022-10-22T06:56:02,672,8.916,31.82,45.94,0.02,6.39,97.41,1.77,1.77,2.93,8.6,24.9,62.474464,6.461324
2022-10-22T07:56:02,673,8.924,31.81,45.91,0.02,6.39,97.45,1.75,1.75,2.932,8.63,24.99,62.474464,6.461324
2022-10-22T08:56:02,674,8.932,31.82,45.91,0.02,6.39,97.48,1.78,1.78,2.935,8.63,24.99,62.474464,6.461324
2022-10-22T09:56:02,675,8.94,31.83,45.91,0.02,6.39,97.47,1.78,1.78,2.939,8.63,24.99,62.474464,6.461324
2022-10-22T10:56:02,676,8.938,31.83,45.92,0.02,6.39,97.51,1.76,1.76,2.944,8.63,24.99,62.474464,6.461324
2022-10-22T11:56:02,677,8.948,31.84,45.92,0.02,6.38,97.5,1.74,1.74,2.943,8.63,24.99,62.474464,6.461324
2022-10-22T13:56:02,678,8.937,31.83,45.92,0.02,6.35,97.47,1.75,1.75,2.889,8.62,24.97,62.474464,6.461324
2022-10-22T14:56:02,679,8.926,31.81,45.91,0.02,6.38,97.45,1.76,1.76,2.889,8.6,24.89,62.474464,6.461324
2022-10-22T15:56:02,680,8.93,31.82,45.92,0.02,6.38,97.48,1.75,1.75,2.888,8.61,24.94,62.474464,6.461324
2022-10-22T16:56:02,681,8.933,31.83,45.92,0.02,6.39,97.47,1.78,1.78,2.89,8.65,25.03,62.474464,6.461324
2022-10-22T17:56:02,682,8.941,31.83,45.91,0.02,6.39,97.53,1.76,1.76,2.891,8.6,24.9,62.474464,6.461324
2022-10-22T18:56:02,683,8.942,31.83,45.91,0.02,6.39,97.51,1.77,1.77,2.892,8.61,24.91,62.474464,6.461324
2022-10-22T19:56:02,684,8.94,31.83,45.92,0.02,6.39,97.49,1.76,1.76,2.892,8.6,24.88,62.474464,6.461324
2022-10-22T20:56:02,685,8.937,31.83,45.92,0.02,6.39,97.48,1.78,1.78,2.893,8.57,24.81,62.474464,6.461324
2022-10-22T21:56:02,686,8.936,31.84,45.94,0.02,6.39,97.49,1.76,1.76,2.892,8.58,24.84,62.474464,6.461324
2022-10-22T22:56:02,687,8.936,31.83,45.92,0.02,6.39,97.51,1.73,1.73,2.893,8.6,24.88,62.474464,6.461324
2022-10-22T23:56:02,688,8.937,31.82,45.91,0.02,6.39,97.52,1.76,1.76,2.896,8.61,24.93,62.474464,6.461324
2022-10-23T01:56:02,689,8.933,31.83,45.92,0.02,6.35,97.54,1.78,1.78,3.003,8.6,24.9,62.474464,6.461324
2022-10-23T02:56:02,690,8.922,31.81,45.91,0.02,6.38,97.45,1.76,1.76,3.001,8.62,24.95,62.474464,6.461324
2022-10-23T03:56:02,691,8.932,31.82,45.91,0.02,6.38,97.48,1.74,1.74,3.003,8.62,24.95,62.474464,6.461324
2022-10-23T04:56:02,692,8.922,31.82,45.92,0.02,6.39,97.46,1.75,1.75,3.001,8.63,24.97,62.474464,6.461324
2022-10-23T05:56:02,693,8.917,31.81,45.91,0.02,6.39,97.51,1.8,1.8,2.999,8.62,24.97,62.474464,6.461324
2022-10-23T06:56:02,694,8.908,31.8,45.91,0.02,6.38,97.44,1.78,1.78,2.998,8.64,25.01,62.474464,6.461324
2022-10-23T07:56:02,695,8.902,31.79,45.91,0.02,6.38,97.45,1.79,1.79,2.996,8.63,24.98,62.474464,6.461324
2022-10-23T08:56:02,696,8.9,31.8,45.92,0.02,6.41,97.48,1.76,1.76,2.999,8.64,25.01,62.474464,6.461324
2022-10-23T09:56:02,697,8.903,31.8,45.92,0.02,6.38,97.45,1.81,1.81,3.001,8.63,24.98,62.474464,6.461324
2022-10-23T10:56:02,698,8.904,31.8,45.91,0.02,6.37,97.48,1.76,1.76,3.001,8.63,24.98,62.474464,6.461324
2022-10-23T11:56:02,699,8.914,31.81,45.92,0.02,6.37,97.55,1.77,1.77,3.004,8.59,24.87,62.474464,6.461324
2022-10-23T13:56:02,700,8.917,31.82,45.94,0.02,6.33,97.55,1.78,1.78,2.926,8.61,24.93,62.474464,6.461324
2022-10-23T14:56:02,701,8.913,31.82,45.93,0.02,6.35,97.51,1.79,1.79,2.919,8.6,24.88,62.474464,6.461324
2022-10-23T15:56:02,702,8.908,31.81,45.93,0.02,6.35,97.5,1.79,1.79,2.917,8.59,24.86,62.474464,6.461324
2022-10-23T16:56:02,703,8.906,31.81,45.92,0.02,6.36,97.5,1.77,1.77,2.912,8.62,24.94,62.474464,6.461324
2022-10-23T17:56:02,704,8.899,31.8,45.92,0.02,6.36,97.49,1.78,1.78,2.91,8.62,24.95,62.474464,6.461324
2022-10-23T18:56:02,705,8.899,31.81,45.93,0.02,6.37,97.49,1.77,1.77,2.913,8.61,24.94,62.474464,6.461324
2022-10-23T19:56:02,706,8.88,31.78,45.92,0.02,6.37,97.43,1.79,1.79,2.912,8.56,24.79,62.474464,6.461324
2022-10-23T20:56:02,707,8.878,31.78,45.92,0.02,6.37,97.46,1.75,1.75,2.911,8.6,24.89,62.474464,6.461324
2022-10-23T21:56:02,708,8.866,31.77,45.92,0.02,6.37,97.42,1.8,1.8,2.908,8.58,24.85,62.474464,6.461324
2022-10-23T22:56:02,709,8.855,31.76,45.92,0.02,6.37,97.42,1.79,1.79,2.908,8.64,25.0,62.474464,6.461324
2022-10-23T23:56:02,710,8.86,31.77,45.93,0.02,6.37,97.48,1.9,1.9,2.902,8.64,25.01,62.474464,6.461324
2022-10-24T01:56:02,711,8.866,31.78,45.93,0.02,6.34,97.48,1.76,1.76,2.961,8.62,24.94,62.474464,6.461324
2022-10-24T02:56:02,712,8.856,31.77,45.93,0.02,6.37,97.45,1.76,1.76,2.957,8.63,24.97,62.474464,6.461324
2022-10-24T03:56:02,713,8.846,31.76,45.93,0.02,6.38,97.4,1.77,1.77,2.951,8.63,25.0,62.474464,6.461324
2022-10-24T04:56:02,714,8.846,31.77,45.95,0.02,6.38,97.44,1.79,1.79,2.945,8.6,24.91,62.474464,6.461324
2022-10-24T05:56:02,715,8.847,31.76,45.94,0.02,6.38,97.42,1.79,1.79,2.938,8.64,25.0,62.474464,6.461324
2022-10-24T06:56:02,716,8.852,31.77,45.94,0.02,6.38,97.47,1.75,1.75,2.934,8.61,24.94,62.474464,6.461324
2022-10-24T07:56:02,717,8.854,31.77,45.94,0.02,6.38,97.47,1.77,1.77,2.929,8.61,24.94,62.474464,6.461324
2022-10-24T08:56:02,718,8.834,31.75,45.94,0.02,6.38,97.43,1.79,1.79,2.925,8.64,25.0,62.474464,6.461324
2022-10-24T09:56:02,719,8.847,31.77,45.94,0.02,6.38,97.42,1.77,1.77,2.925,8.64,25.0,62.474464,6.461324
2022-10-24T10:56:02,720,8.837,31.76,45.94,0.02,6.37,97.45,1.77,1.77,2.921,8.64,25.02,62.474464,6.461324
2022-10-24T11:56:02,721,8.827,31.75,45.94,0.02,6.37,97.39,1.76,1.76,2.916,8.61,24.94,62.474464,6.461324
2022-10-24T13:56:02,722,8.848,31.77,45.95,0.02,6.33,97.49,1.76,1.76,2.962,8.59,24.86,62.474464,6.461324
2022-10-24T14:56:02,723,8.853,31.77,45.94,0.02,6.36,97.44,1.74,1.74,2.957,8.57,24.79,62.474464,6.461324
2022-10-24T15:56:02,724,8.851,31.77,45.95,0.02,6.37,97.46,1.76,1.76,2.952,8.59,24.85,62.474464,6.461324
2022-10-24T16:56:02,725,8.838,31.76,45.94,0.02,6.37,97.46,1.76,1.76,2.948,8.61,24.92,62.474464,6.461324
2022-10-24T17:56:02,726,8.84,31.76,45.94,0.02,6.38,97.44,1.79,1.79,2.946,8.61,24.93,62.474464,6.461324
2022-10-24T18:56:02,727,8.842,31.77,45.95,0.02,6.38,97.45,1.79,1.79,2.946,8.64,25.02,62.474464,6.461324
2022-10-24T19:56:03,728,8.841,31.77,45.95,0.02,6.37,97.43,1.78,1.78,2.945,8.62,24.97,62.474464,6.461324
2022-10-24T20:56:02,729,8.844,31.77,45.94,0.02,6.38,97.44,1.76,1.76,2.943,8.64,25.02,62.474464,6.461324
2022-10-24T21:56:02,730,8.849,31.77,45.94,0.02,6.37,97.47,1.79,1.79,2.94,8.63,24.99,62.474464,6.461324
2022-10-24T22:56:02,731,8.845,31.77,45.94,0.02,6.38,97.4,1.79,1.79,2.937,8.64,25.02,62.474464,6.461324
2022-10-24T23:56:02,732,8.839,31.76,45.94,0.02,6.38,97.4,1.78,1.78,2.935,8.65,25.04,62.474464,6.461324
2022-10-25T01:56:02,733,8.838,31.77,45.96,0.02,6.35,97.44,1.76,1.76,2.937,8.57,24.79,62.474464,6.461324
2022-10-25T02:56:02,734,8.831,31.76,45.95,0.02,6.37,97.35,1.77,1.77,2.937,8.6,24.9,62.474464,6.461324
2022-10-25T03:56:02,735,8.828,31.75,45.95,0.02,6.38,97.39,1.78,1.78,2.934,8.58,24.85,62.474464,6.461324
2022-10-25T04:56:02,736,8.814,31.75,45.95,0.02,6.38,97.38,1.77,1.77,2.932,8.61,24.93,62.474464,6.461324
2022-10-25T05:56:02,737,8.81,31.77,45.99,0.02,6.38,97.32,1.79,1.79,2.932,8.48,24.53,62.474464,6.461324
2022-10-25T06:56:02,738,8.819,31.76,45.96,0.02,6.39,97.34,1.81,1.81,2.935,8.59,24.86,62.474464,6.461324
2022-10-25T07:56:02,739,8.802999,31.72,45.94,0.02,6.38,97.3,1.79,1.79,2.939,8.64,25.01,62.474464,6.461324
2022-10-25T08:56:02,740,8.815,31.75,45.95,0.02,6.38,97.33,1.77,1.77,2.942,8.64,25.01,62.474464,6.461324
2022-10-25T09:56:02,741,8.815,31.74,45.94,0.02,6.38,97.36,1.78,1.78,2.947,8.64,25.02,62.474464,6.461324
2022-10-25T10:56:02,742,8.818,31.75,45.95,0.02,6.38,97.37,1.77,1.77,2.952,8.62,24.95,62.474464,6.461324
2022-10-25T11:56:02,743,8.818,31.75,45.95,0.02,6.38,97.31,1.86,1.86,2.957,8.57,24.82,62.474464,6.461324
2022-10-25T13:56:02,744,8.835,31.77,45.96,0.02,6.36,97.46,1.78,1.78,2.925,8.54,24.72,62.474464,6.461324
2022-10-25T14:56:02,745,8.845,31.77,45.94,0.02,6.38,97.52,1.73,1.73,2.929,8.59,24.88,62.474464,6.461324
2022-10-25T15:56:02,746,8.845,31.77,45.95,0.02,6.39,97.47,1.79,1.79,2.933,8.6,24.9,62.474464,6.461324
2022-10-25T16:56:02,747,8.843,31.79,45.97,0.02,6.39,97.4,1.76,1.76,2.937,8.51,24.61,62.474464,6.461324
2022-10-25T17:56:02,748,8.841,31.78,45.96,0.02,6.39,97.49,1.73,1.73,2.897,8.6,24.91,62.474464,6.461324
2022-10-25T18:56:02,749,8.844,31.77,45.95,0.02,6.39,97.48,1.75,1.75,2.901,8.56,24.78,62.474464,6.461324
2022-10-25T19:56:02,750,8.843,31.76,45.94,0.02,6.39,97.52,1.77,1.77,2.906,8.6,24.89,62.474464,6.461324
2022-10-25T20:56:02,751,8.848,31.77,45.94,0.02,6.39,97.54,1.76,1.76,2.908,8.62,24.97,62.474464,6.461324
2022-10-25T21:56:02,752,8.84,31.77,45.95,0.02,6.38,97.5,1.76,1.76,2.912,8.6,24.9,62.474464,6.461324
2022-10-25T22:56:02,753,8.833,31.77,45.96,0.02,6.38,97.46,1.77,1.77,2.918,8.64,25.01,62.474464,6.461324
2022-10-25T23:56:02,754,8.83,31.76,45.96,0.02,6.38,97.4,1.79,1.79,2.924,8.57,24.82,62.474464,6.461324
2022-10-26T01:56:02,755,8.827,31.76,45.95,0.02,6.34,97.41,1.8,1.8,2.949,8.63,24.98,62.474464,6.461324
2022-10-26T02:56:02,756,8.843,31.77,45.95,0.02,6.37,97.48,1.75,1.75,2.952,8.58,24.84,62.474464,6.461324
2022-10-26T03:56:02,757,8.826,31.77,45.97,0.02,6.38,97.38,1.77,1.77,2.956,8.54,24.72,62.474464,6.461324
2022-10-26T04:56:02,758,8.823,31.76,45.96,0.02,6.38,97.4,1.77,1.77,2.957,8.6,24.88,62.474464,6.461324
2022-10-26T05:56:02,759,8.826,31.76,45.96,0.02,6.41,97.43,1.78,1.78,2.961,8.63,25.0,62.474464,6.461324
2022-10-26T06:56:02,760,8.833,31.75,45.94,0.02,6.38,97.46,1.76,1.76,2.963,8.6,24.89,62.474464,6.461324
2022-10-26T07:56:02,761,8.842,31.76,45.94,0.02,6.38,97.56,1.78,1.78,2.968,8.58,24.83,62.474464,6.461324
2022-10-26T08:56:03,762,8.834,31.77,45.96,0.02,6.38,97.51,1.73,1.73,2.975,8.59,24.87,62.474464,6.461324
2022-10-26T09:56:02,763,8.828,31.76,45.95,0.02,6.38,97.46,1.75,1.75,2.98,8.59,24.87,62.474464,6.461324
2022-10-26T10:56:02,764,8.821,31.75,45.95,0.02,6.38,97.46,1.75,1.75,2.981,8.59,24.87,62.474464,6.461324
2022-10-26T11:56:02,765,8.819,31.76,45.96,0.02,6.38,97.43,1.78,1.78,2.982,8.6,24.89,62.474464,6.461324
2022-10-26T13:56:02,766,8.821,31.77,45.97,0.02,6.35,97.45,1.78,1.78,2.905,8.59,24.87,62.474464,6.461324
2022-10-26T14:56:02,767,8.815,31.74,45.94,0.02,6.37,97.52,1.78,1.78,2.904,8.51,24.63,62.474464,6.461324
2022-10-26T15:56:02,768,8.809,31.74,45.95,0.02,6.38,97.49,1.74,1.74,2.897,8.51,24.61,62.474464,6.461324
2022-10-26T16:56:02,769,8.817,31.75,45.95,0.02,6.38,97.51,1.75,1.75,2.889,8.54,24.72,62.474464,6.461324
2022-10-26T17:56:02,770,8.816,31.75,45.95,0.02,6.38,97.54,1.74,1.74,2.883,8.56,24.77,62.474464,6.461324
2022-10-26T18:56:02,771,8.81,31.74,45.95,0.02,6.37,97.51,1.75,1.75,2.873,8.57,24.8,62.474464,6.461324
2022-10-26T19:56:02,772,8.802,31.74,45.95,0.02,6.38,97.45,1.77,1.77,2.871,8.58,24.83,62.474464,6.461324
2022-10-26T20:56:02,773,8.795,31.73,45.95,0.02,6.38,97.46,1.77,1.77,2.868,8.59,24.87,62.474464,6.461324
2022-10-26T21:56:02,774,8.787,31.73,45.96,0.02,6.37,97.39,1.77,1.77,2.862,8.61,24.93,62.474464,6.461324
2022-10-26T22:56:02,775,8.779,31.72,45.96,0.02,6.37,97.37,1.78,1.78,2.851,8.62,24.94,62.474464,6.461324
2022-10-26T23:56:02,776,8.78,31.72,45.96,0.02,6.36,97.34,1.77,1.77,2.843,8.61,24.94,62.474464,6.461324
2022-10-27T01:56:02,777,8.776,31.72,45.97,0.02,6.33,97.33,1.8,1.8,2.935,8.64,25.01,62.474464,6.461324
2022-10-27T02:56:02,778,8.79,31.72,45.95,0.02,6.36,97.41,1.77,1.77,2.936,8.63,25.0,62.474464,6.461324
2022-10-27T03:56:02,779,8.789,31.72,45.95,0.02,6.37,97.39,1.73,1.73,2.942,8.62,24.96,62.474464,6.461324
2022-10-27T04:56:02,780,8.79,31.73,45.96,0.02,6.38,97.42,1.81,1.81,2.943,8.6,24.9,62.474464,6.461324
2022-10-27T05:56:02,781,8.795,31.72,45.94,0.02,6.38,97.41,1.75,1.75,2.95,8.61,24.93,62.474464,6.461324
2022-10-27T06:56:02,782,8.795,31.72,45.94,0.02,6.38,97.47,1.77,1.77,2.951,8.61,24.93,62.474464,6.461324
2022-10-27T07:56:02,783,8.798,31.73,45.95,0.02,6.38,97.45,1.76,1.76,2.957,8.61,24.93,62.474464,6.461324
2022-10-27T08:56:02,784,8.8,31.74,45.96,0.02,6.36,97.41,1.75,1.75,2.968,8.61,24.92,62.474464,6.461324
2022-10-27T09:56:02,785,8.801,31.73,45.95,0.02,6.36,97.44,1.76,1.76,2.961,8.62,24.97,62.474464,6.461324
2022-10-27T10:56:02,786,8.802999,31.74,45.95,0.02,6.35,97.46,1.78,1.78,2.97,8.61,24.93,62.474464,6.461324
2022-10-27T11:56:02,787,8.798,31.73,45.95,0.02,6.32,97.48,1.77,1.77,2.976,8.61,24.92,62.474464,6.461324
2022-10-27T13:56:02,788,8.789,31.73,45.97,0.02,6.31,97.45,1.79,1.79,2.911,8.62,24.95,62.474464,6.461324
2022-10-27T14:56:02,789,8.791,31.74,45.97,0.02,6.34,97.46,1.76,1.76,2.904,8.62,24.96,62.474464,6.461324
2022-10-27T15:56:02,790,8.793,31.74,45.97,0.02,6.34,97.53,1.75,1.75,2.905,8.62,24.94,62.474464,6.461324
2022-10-27T16:56:02,791,8.787,31.74,45.97,0.02,6.34,97.51,1.76,1.76,2.918,8.61,24.93,62.474464,6.461324
2022-10-27T17:56:02,792,8.784,31.74,45.98,0.02,6.37,97.48,1.78,1.78,2.893,8.6,24.9,62.474464,6.461324
2022-10-27T18:56:02,793,8.781,31.74,45.99,0.02,6.3,97.54,1.75,1.75,2.899,8.62,24.96,62.474464,6.461324
2022-10-27T19:56:02,794,8.781,31.74,45.99,0.02,6.33,97.55,1.76,1.76,2.911,8.61,24.92,62.474464,6.461324
2022-10-27T20:56:02,795,8.782,31.75,45.99,0.02,6.38,97.62,1.78,1.78,2.906,8.61,24.92,62.474464,6.461324
2022-10-27T21:56:02,796,8.786,31.75,45.99,0.02,6.36,97.62,1.75,1.75,2.914,8.61,24.92,62.474464,6.461324
2022-10-27T22:56:02,797,8.792,31.75,45.99,0.02,6.36,97.69,1.76,1.76,2.912,8.61,24.93,62.474464,6.461324
2022-10-27T23:56:02,798,8.793,31.75,45.98,0.02,6.33,97.67,1.77,1.77,2.903,8.6,24.9,62.474464,6.461324
2022-10-28T01:56:02,799,8.794,31.76,45.99,0.02,6.34,97.66,1.81,1.81,2.953,8.62,24.95,62.474464,6.461324
2022-10-28T02:56:02,800,8.797,31.76,45.99,0.02,6.35,97.68,1.75,1.75,2.957,8.6,24.91,62.474464,6.461324
2022-10-28T03:56:02,801,8.8,31.76,45.99,0.02,6.36,97.72,1.78,1.78,2.958,8.61,24.92,62.474464,6.461324
2022-10-28T04:56:02,802,8.798,31.76,45.99,0.02,6.35,97.75,1.75,1.75,2.954,8.61,24.93,62.474464,6.461324
2022-10-28T05:56:02,803,8.802,31.76,45.98,0.02,6.36,97.71,1.8,1.8,2.954,8.61,24.92,62.474464,6.461324
2022-10-28T06:56:02,804,8.808,31.76,45.98,0.02,6.37,97.75,1.79,1.79,2.954,8.6,24.89,62.474464,6.461324
2022-10-28T07:56:02,805,8.808,31.77,45.99,0.02,6.37,97.76,1.75,1.75,2.958,8.59,24.86,62.474464,6.461324
2022-10-28T08:56:02,806,8.802,31.75,45.98,0.02,6.37,97.73,1.73,1.73,2.96,8.61,24.93,62.474464,6.461324
2022-10-28T09:56:02,807,8.8,31.75,45.97,0.02,6.37,97.71,1.78,1.78,2.958,8.63,24.99,62.474464,6.461324
2022-10-28T10:56:02,808,8.809,31.76,45.98,0.02,6.38,97.71,1.77,1.77,2.956,8.6,24.9,62.474464,6.461324
2022-10-28T11:56:02,809,8.817,31.76,45.96,0.02,6.38,97.73,1.78,1.78,2.956,8.63,24.97,62.474464,6.461324
2022-10-28T13:56:02,810,8.824,31.76,45.96,0.02,6.35,97.81,1.75,1.75,2.92,8.62,24.95,62.474464,6.461324
2022-10-28T14:56:02,811,8.828,31.77,45.97,0.02,6.38,97.8,1.77,1.77,2.914,8.63,24.99,62.474464,6.461324
2022-10-28T15:56:02,812,8.817,31.76,45.97,0.02,6.38,97.74,1.74,1.74,2.907,8.61,24.92,62.474464,6.461324
2022-10-28T16:56:02,813,8.824,31.77,45.97,0.02,6.39,97.82,1.78,1.78,2.9,8.6,24.89,62.474464,6.461324
2022-10-28T17:56:02,814,8.832,31.78,45.98,0.02,6.39,97.88,1.76,1.76,2.892,8.54,24.72,62.474464,6.461324
2022-10-28T18:56:02,815,8.828,31.77,45.97,0.02,6.39,97.9,1.77,1.77,2.882,8.59,24.85,62.474464,6.461324
2022-10-28T19:56:02,816,8.832,31.77,45.96,0.02,6.39,97.89,1.76,1.76,2.869,8.59,24.86,62.474464,6.461324
2022-10-28T20:56:02,817,8.829,31.77,45.97,0.02,6.38,97.86,1.79,1.79,2.855,8.58,24.82,62.474464,6.461324
2022-10-28T21:56:02,818,8.827,31.77,45.97,0.02,6.38,97.89,1.74,1.74,2.846,8.59,24.87,62.474464,6.461324
2022-10-28T22:56:02,819,8.822001,31.77,45.97,0.02,6.38,97.83,1.76,1.76,2.836,8.6,24.9,62.474464,6.461324
2022-10-28T23:56:02,820,8.825,31.78,45.98,0.02,6.38,97.83,1.8,1.8,2.834,8.57,24.8,62.474464,6.461324
2022-10-29T01:56:02,821,8.844,31.77,45.95,0.02,6.27,97.88,1.77,1.77,2.977,8.6,24.91,62.474464,6.461324
2022-10-29T02:56:02,822,8.829,31.76,45.96,0.02,6.27,97.81,1.79,1.79,2.976,8.6,24.91,62.474464,6.461324
2022-10-29T03:56:02,823,8.805,31.76,45.98,0.02,6.29,97.75,1.79,1.79,2.97,8.62,24.97,62.474464,6.461324
2022-10-29T04:56:02,824,8.789,31.76,46.0,0.02,6.25,97.83,1.79,1.79,2.938,8.63,24.99,62.474464,6.461324
2022-10-29T05:56:02,825,8.763,31.76,46.03,0.02,6.28,97.91,1.79,1.79,2.975,8.61,24.92,62.474464,6.461324
2022-10-29T06:56:02,826,8.736,31.74,46.04,0.02,6.3,97.95,1.8,1.8,3.001,8.61,24.93,62.474464,6.461324
2022-10-29T07:56:02,827,8.657,31.71,46.09,0.02,6.26,97.91,1.81,1.81,2.946,8.62,24.96,62.474464,6.461324
2022-10-29T08:56:03,828,8.636,31.7,46.12,0.02,6.3,97.93,1.79,1.79,2.993,8.6,24.9,62.474464,6.461324
2022-10-29T09:56:02,829,8.641,31.7,46.11,0.02,6.31,97.96,1.77,1.77,3.011,8.62,24.95,62.474464,6.461324
2022-10-29T10:56:02,830,8.638,31.7,46.11,0.02,6.34,98.02,1.78,1.78,3.032,8.59,24.88,62.474464,6.461324
2022-10-29T11:56:02,831,8.686,31.73,46.09,0.02,6.35,97.97,1.78,1.78,3.043,8.59,24.86,62.474464,6.461324
2022-10-29T13:56:03,832,8.718,31.64,45.92,0.02,6.32,98.04,1.79,1.79,2.947,8.72,25.27,62.474464,6.461324
2022-10-29T14:56:02,833,8.742,31.67,45.94,0.02,6.36,98.05,1.8,1.8,2.952,8.69,25.16,62.474464,6.461324
2022-10-29T15:56:02,834,8.731,31.62,45.88,0.02,6.36,98.08,1.8,1.8,2.956,8.74,25.32,62.474464,6.461324
2022-10-29T16:56:02,835,8.748,31.7,45.97,0.02,6.37,98.12,1.75,1.75,2.959,8.62,24.94,62.474464,6.461324
2022-10-29T17:56:02,836,8.748,31.72,46.01,0.02,6.37,98.07,1.77,1.77,2.964,8.61,24.93,62.474464,6.461324
2022-10-29T18:56:02,837,8.733,31.71,46.01,0.02,6.36,98.03,1.79,1.79,2.971,8.62,24.94,62.474464,6.461324
2022-10-29T19:56:02,838,8.717,31.72,46.04,0.02,6.36,97.97,1.84,1.84,2.976,8.62,24.97,62.474464,6.461324
2022-10-29T20:56:02,839,8.714,31.72,46.04,0.02,6.36,97.98,1.76,1.76,2.978,8.61,24.93,62.474464,6.461324
2022-10-29T21:56:02,840,8.73,31.71,46.01,0.02,6.36,98.05,1.79,1.79,2.982,8.61,24.93,62.474464,6.461324
2022-10-29T22:56:02,841,8.721,31.71,46.02,0.02,6.36,97.99,1.77,1.77,2.983,8.61,24.92,62.474464,6.461324
2022-10-29T23:56:02,842,8.719,31.71,46.01,0.02,6.36,97.97,1.77,1.77,2.983,8.6,24.9,62.474464,6.461324
2022-10-30T01:56:02,843,8.712,31.71,46.03,0.02,6.34,97.94,1.76,1.76,2.957,8.62,24.94,62.474464,6.461324
2022-10-30T02:56:02,844,8.708,31.71,46.03,0.02,6.35,97.94,1.8,1.8,2.955,8.6,24.9,62.474464,6.461324
2022-10-30T03:56:02,845,8.703,31.71,46.04,0.02,6.36,97.89,1.79,1.79,2.952,8.6,24.88,62.474464,6.461324
2022-10-30T04:56:02,846,8.691,31.7,46.04,0.02,6.36,97.89,1.77,1.77,2.944,8.6,24.89,62.474464,6.461324
2022-10-30T05:56:02,847,8.682,31.69,46.04,0.02,6.37,97.91,1.76,1.76,2.94,8.58,24.83,62.474464,6.461324
2022-10-30T06:56:02,848,8.677,31.69,46.04,0.02,6.36,97.91,1.77,1.77,2.94,8.6,24.9,62.474464,6.461324
2022-10-30T07:56:02,849,8.669,31.69,46.06,0.02,6.36,97.93,1.76,1.76,2.938,8.61,24.92,62.474464,6.461324
2022-10-30T08:56:02,850,8.646,31.66,46.05,0.02,6.36,97.85,1.77,1.77,2.935,8.61,24.94,62.474464,6.461324
2022-10-30T09:56:02,851,8.651,31.67,46.05,0.02,6.36,97.87,1.8,1.8,2.935,8.58,24.84,62.474464,6.461324
2022-10-30T10:56:02,852,8.634,31.65,46.05,0.02,6.37,97.82,1.78,1.78,2.932,8.59,24.87,62.474464,6.461324
2022-10-30T11:56:02,853,8.635,31.66,46.05,0.02,6.35,97.9,1.77,1.77,2.928,8.58,24.84,62.474464,6.461324
2022-10-30T13:56:02,854,8.662,31.67,46.04,0.02,6.32,97.92,1.78,1.78,2.947,8.61,24.92,62.474464,6.461324
2022-10-30T14:56:02,855,8.667,31.67,46.03,0.02,6.36,97.87,1.76,1.76,2.941,8.61,24.92,62.474464,6.461324
2022-10-30T15:56:02,856,8.683,31.67,46.01,0.02,6.36,97.91,1.79,1.79,2.935,8.61,24.92,62.474464,6.461324
2022-10-30T16:56:02,857,8.697001,31.69,46.02,0.02,6.37,98.01,1.79,1.79,2.931,8.57,24.79,62.474464,6.461324
2022-10-30T17:56:02,858,8.699,31.68,46.01,0.02,6.36,97.94,1.8,1.8,2.931,8.62,24.96,62.474464,6.461324
2022-10-30T18:56:03,859,8.694,31.68,46.01,0.02,6.36,97.97,1.81,1.81,2.926,8.58,24.85,62.474464,6.461324
2022-10-30T19:56:02,860,8.675,31.67,46.02,0.02,6.36,97.9,1.79,1.79,2.924,8.6,24.89,62.474464,6.461324
2022-10-30T20:56:02,861,8.667,31.66,46.02,0.02,6.36,97.91,1.74,1.74,2.925,8.6,24.9,62.474464,6.461324
2022-10-30T21:56:02,862,8.672,31.67,46.02,0.02,6.36,97.86,1.78,1.78,2.924,8.59,24.88,62.474464,6.461324
2022-10-30T22:56:02,863,8.671,31.67,46.02,0.02,6.36,97.85,1.75,1.75,2.923,8.57,24.79,62.474464,6.461324
2022-10-30T23:56:02,864,8.667,31.66,46.01,0.02,6.36,97.83,1.81,1.81,2.917,8.59,24.87,62.474464,6.461324
2022-10-31T01:56:02,865,8.669,31.67,46.03,0.02,6.32,97.82,1.79,1.79,3.022,8.6,24.88,62.474464,6.461324
2022-10-31T02:56:02,866,8.663,31.65,46.01,0.02,6.34,97.81,1.8,1.8,3.026,8.61,24.93,62.474464,6.461324
2022-10-31T03:56:02,867,8.661,31.65,46.01,0.02,6.35,97.83,1.75,1.75,3.03,8.61,24.92,62.474464,6.461324
2022-10-31T04:56:02,868,8.65,31.64,46.0,0.02,6.36,97.77,1.79,1.79,3.028,8.61,24.93,62.474464,6.461324
2022-10-31T05:56:02,869,8.635,31.6,45.97,0.02,6.36,97.84,1.8,1.8,3.025,8.63,24.99,62.474464,6.461324
2022-10-31T06:56:02,870,8.623,31.58,45.96,0.02,6.36,97.81,1.76,1.76,3.02,8.63,24.98,62.474464,6.461324
2022-10-31T07:56:02,871,8.608,31.58,45.97,0.02,6.36,97.75,1.74,1.74,3.017,8.62,24.96,62.474464,6.461324
2022-10-31T08:56:02,872,8.597,31.57,45.98,0.02,6.35,97.79,1.78,1.78,3.025,8.64,25.03,62.474464,6.461324
2022-10-31T09:56:02,873,8.612,31.58,45.97,0.02,6.35,97.81,1.76,1.76,3.03,8.64,25.02,62.474464,6.461324
2022-10-31T10:56:02,874,8.654,31.63,45.98,0.02,6.37,97.79,1.75,1.75,3.039,8.61,24.92,62.474464,6.461324
2022-10-31T11:56:02,875,8.658,31.63,45.98,0.02,6.37,97.84,1.77,1.77,3.04,8.61,24.94,62.474464,6.461324
2022-10-31T13:56:02,876,8.669,31.65,46.0,0.02,6.33,97.79,1.78,1.78,2.906,8.65,25.06,62.474464,6.461324
2022-10-31T14:56:02,877,8.673,31.65,45.99,0.02,6.34,97.76,1.78,1.78,2.909,8.64,25.01,62.474464,6.461324
2022-10-31T15:56:02,878,8.681,31.65,45.99,0.02,6.35,97.82,1.81,1.81,2.909,8.64,25.02,62.474464,6.461324
2022-10-31T16:56:02,879,8.685,31.65,45.98,0.02,6.36,97.84,1.77,1.77,2.912,8.63,24.99,62.474464,6.461324
2022-10-31T17:56:02,880,8.688,31.64,45.97,0.02,6.39,97.78,1.75,1.75,2.913,8.64,25.03,62.474464,6.461324
2022-10-31T18:56:02,881,8.695,31.65,45.96,0.02,6.36,97.83,1.77,1.77,2.911,8.65,25.04,62.474464,6.461324
2022-10-31T19:56:02,882,8.683,31.64,45.96,0.02,6.36,97.81,1.79,1.79,2.914,8.61,24.91,62.474464,6.461324
2022-10-31T20:56:02,883,8.68,31.64,45.96,0.02,6.36,97.76,1.79,1.79,2.913,8.65,25.06,62.474464,6.461324
2022-10-31T21:56:02,884,8.667,31.63,45.97,0.02,6.36,97.73,1.79,1.79,2.914,8.66,25.07,62.474464,6.461324
2022-10-31T22:56:02,885,8.665,31.63,45.98,0.02,6.36,97.77,1.77,1.77,2.911,8.64,25.01,62.474464,6.461324
2022-10-31T23:56:02,886,8.655,31.62,45.97,0.02,6.36,97.73,1.78,1.78,2.913,8.65,25.05,62.474464,6.461324
2022-11-01T01:56:02,887,8.634,31.61,45.99,0.02,6.35,97.71,1.76,1.76,2.972,8.67,25.1,62.474464,6.461324
2022-11-01T02:56:02,888,8.626,31.6,45.98,0.02,6.35,97.7,1.77,1.77,2.973,8.65,25.04,62.474464,6.461324
2022-11-01T03:56:02,889,8.618,31.6,45.99,0.02,6.36,97.7,1.79,1.79,2.973,8.65,25.06,62.474464,6.461324
2022-11-01T04:56:02,890,8.606,31.6,46.0,0.02,6.36,97.67,1.78,1.78,2.972,8.64,25.01,62.474464,6.461324
2022-11-01T05:56:02,891,8.594,31.58,46.0,0.02,6.36,97.7,1.77,1.77,2.969,8.65,25.06,62.474464,6.461324
2022-11-01T06:56:02,892,8.586,31.58,46.01,0.02,6.36,97.72,1.75,1.75,2.963,8.65,25.05,62.474464,6.461324
2022-11-01T07:56:02,893,8.579,31.58,46.01,0.02,6.36,97.73,1.79,1.79,2.955,8.65,25.04,62.474464,6.461324
2022-11-01T08:56:02,894,8.581,31.58,46.0,0.02,6.38,97.73,1.77,1.77,2.953,8.65,25.04,62.474464,6.461324
2022-11-01T09:56:02,895,8.566,31.58,46.02,0.02,6.35,97.73,1.73,1.73,2.942,8.66,25.07,62.474464,6.461324
2022-11-01T10:56:02,896,8.587,31.58,46.01,0.02,6.35,97.75,1.78,1.78,2.931,8.63,24.99,62.474464,6.461324
2022-11-01T11:56:02,897,8.603,31.59,45.99,0.02,6.35,97.77,1.79,1.79,2.924,8.64,25.02,62.474464,6.461324
2022-11-01T13:56:02,898,8.585,31.59,46.02,0.02,6.31,97.76,1.76,1.76,2.944,8.64,25.03,62.474464,6.461324
2022-11-01T14:56:02,899,8.573,31.59,46.03,0.02,6.33,97.79,1.78,1.78,2.933,8.63,24.99,62.474464,6.461324
2022-11-01T15:56:02,900,8.57,31.58,46.03,0.02,6.35,97.8,1.74,1.74,2.921,8.63,24.97,62.474464,6.461324
2022-11-01T16:56:02,901,8.567,31.58,46.03,0.02,6.34,97.82,1.8,1.8,2.901,8.64,25.02,62.474464,6.461324
2022-11-01T17:56:02,902,8.555,31.58,46.04,0.02,6.31,97.83,1.78,1.78,2.883,8.64,25.03,62.474464,6.461324
2022-11-01T18:56:02,903,8.554,31.58,46.04,0.02,6.33,97.81,1.8,1.8,2.88,8.65,25.05,62.474464,6.461324
2022-11-01T19:56:02,904,8.557,31.58,46.04,0.02,6.34,97.79,1.78,1.78,2.871,8.65,25.05,62.474464,6.461324
2022-11-01T20:56:02,905,8.552,31.58,46.04,0.02,6.35,97.81,1.77,1.77,2.858,8.64,25.01,62.474464,6.461324
2022-11-01T21:56:02,906,8.555,31.59,46.06,0.02,6.34,97.79,1.78,1.78,2.858,8.59,24.88,62.474464,6.461324
2022-11-01T22:56:02,907,8.552,31.58,46.04,0.02,6.35,97.81,1.78,1.78,2.867,8.66,25.08,62.474464,6.461324
2022-11-01T23:56:02,908,8.547,31.58,46.05,0.02,6.29,97.84,1.75,1.75,2.878,8.66,25.07,62.474464,6.461324
2022-11-02T01:56:02,909,8.549,31.59,46.06,0.02,6.3,97.79,1.77,1.77,2.946,8.67,25.12,62.474464,6.461324
2022-11-02T02:56:02,910,8.548,31.58,46.05,0.02,6.31,97.81,1.79,1.79,2.952,8.65,25.06,62.474464,6.461324
2022-11-02T03:56:02,911,8.545,31.58,46.05,0.02,6.34,97.83,1.78,1.78,2.961,8.64,25.02,62.474464,6.461324
2022-11-02T04:56:02,912,8.54,31.57,46.05,0.02,6.35,97.82,1.77,1.77,2.961,8.65,25.05,62.474464,6.461324
2022-11-02T05:56:02,913,8.545,31.58,46.05,0.02,6.35,97.82,1.78,1.78,2.965,8.64,25.01,62.474464,6.461324
2022-11-02T06:56:02,914,8.541,31.56,46.03,0.02,6.35,97.81,1.8,1.8,2.968,8.67,25.12,62.474464,6.461324
2022-11-02T07:56:02,915,8.547,31.57,46.04,0.02,6.36,97.83,1.78,1.78,2.971,8.66,25.09,62.474464,6.461324
2022-11-02T08:56:02,916,8.551,31.57,46.03,0.02,6.36,97.82,1.8,1.8,2.977,8.67,25.11,62.474464,6.461324
2022-11-02T09:56:02,917,8.555,31.57,46.03,0.02,6.36,97.82,1.79,1.79,2.986,8.67,25.11,62.474464,6.461324
2022-11-02T10:56:02,918,8.559,31.57,46.03,0.02,6.36,97.83,1.78,1.78,2.988,8.67,25.1,62.474464,6.461324
2023-04-14T10:56:03,919,3.048,26.55,45.72,0.02,6.47,95.35,2.26,2.26,3.215,12.64,31.63,62.474464,6.461324
2023-04-14T11:56:02,920,3.021,26.53,45.72,0.02,6.42,95.01,2.15,2.15,3.226,12.68,31.72,62.474464,6.461324
2023-04-14T13:56:02,921,2.985,26.51,45.74,0.02,6.42,95.12,2.13,2.13,2.998,12.73,31.85,62.474464,6.461324
2023-04-14T14:56:02,922,2.993,26.51,45.74,0.02,6.41,95.25,2.11,2.11,3.004,12.72,31.83,62.474464,6.461324
2023-04-14T15:56:02,923,3.054,26.56,45.73,0.02,6.42,95.51,2.1,2.1,3.014,12.66,31.66,62.474464,6.461324
2023-04-14T16:56:02,924,3.025,26.53,45.72,0.02,6.41,95.55,2.08,2.08,3.028,12.69,31.74,62.474464,6.461324
2023-04-14T17:56:02,925,3.039,26.55,45.73,0.02,6.41,95.68,2.11,2.11,3.032,12.64,31.63,62.474464,6.461324
2023-04-14T18:56:02,926,3.009,26.53,45.74,0.02,6.41,95.67,2.11,2.11,3.043,12.69,31.74,62.474464,6.461324
2023-04-14T19:56:02,927,3.0,26.51,45.73,0.02,6.41,95.75,2.11,2.11,3.049,12.72,31.83,62.474464,6.461324
2023-04-14T20:56:02,928,2.996,26.51,45.73,0.02,6.41,95.87,2.07,2.07,3.056,12.72,31.83,62.474464,6.461324
2023-04-14T21:56:02,929,3.008,26.52,45.73,0.02,6.42,95.98,2.08,2.08,3.057,12.7,31.79,62.474464,6.461324
2023-04-14T22:56:02,930,2.991,26.5,45.72,0.02,6.42,96.06,2.09,2.09,3.062,12.72,31.83,62.474464,6.461324
2023-04-14T23:56:02,931,2.998,26.52,45.74,0.02,6.42,96.16,2.06,2.06,3.069,12.68,31.73,62.474464,6.461324
2023-04-15T01:56:02,932,2.997,26.52,45.74,0.02,6.42,96.35,2.07,2.07,2.932,12.71,31.8,62.474464,6.461324
2023-04-15T02:56:02,933,2.992,26.51,45.73,0.02,6.43,96.36,2.13,2.13,2.931,12.73,31.86,62.474464,6.461324
2023-04-15T03:56:02,934,2.98,26.49,45.73,0.02,6.43,96.44,2.07,2.07,2.932,12.75,31.91,62.474464,6.461324
2023-04-15T04:56:02,935,2.953,26.47,45.73,0.02,6.42,96.41,2.1,2.1,2.938,12.77,31.94,62.474464,6.461324
2023-04-15T05:56:02,936,2.958,26.48,45.74,0.02,6.42,96.51,2.08,2.08,2.941,12.75,31.91,62.474464,6.461324
2023-04-15T06:56:02,937,2.958,26.48,45.74,0.02,6.42,96.56,2.06,2.06,2.949,12.76,31.92,62.474464,6.461324
2023-04-15T07:56:02,938,2.963,26.49,45.74,0.02,6.43,96.63,2.1,2.1,2.955,12.73,31.86,62.474464,6.461324
2023-04-15T08:56:02,939,2.969,26.5,45.74,0.02,6.43,96.73,2.07,2.07,2.961,12.75,31.91,62.474464,6.461324
2023-04-15T09:56:02,940,2.989,26.51,45.74,0.02,6.43,96.83,2.03,2.03,2.963,12.71,31.79,62.474464,6.461324
2023-04-15T10:56:02,941,3.007,26.53,45.75,0.02,6.42,96.97,2.01,2.01,2.966,12.69,31.75,62.474464,6.461324
2023-04-15T11:56:02,942,3.047,26.55,45.72,0.02,6.41,97.03,2.03,2.03,2.965,12.65,31.65,62.474464,6.461324
2023-04-15T13:56:03,943,3.097,26.59,45.71,0.02,6.43,97.3,1.99,1.99,2.962,12.61,31.54,62.474464,6.461324
2023-04-15T14:56:02,944,3.065,26.56,45.71,0.02,6.42,97.26,1.98,1.98,2.966,12.71,31.81,62.474464,6.461324
2023-04-15T15:56:02,945,3.071,26.58,45.73,0.02,6.42,97.35,1.95,1.95,2.969,12.65,31.65,62.474464,6.461324
2023-04-15T16:56:02,946,3.096,26.59,45.72,0.02,6.43,97.46,1.96,1.96,2.972,12.66,31.67,62.474464,6.461324
2023-04-15T17:56:02,947,3.113,26.61,45.73,0.02,6.43,97.55,2.38,2.38,2.977,12.61,31.54,62.474464,6.461324
2023-04-15T18:56:02,948,3.078,26.58,45.73,0.02,6.43,97.52,1.93,1.93,2.98,12.65,31.64,62.474464,6.461324
2023-04-15T19:56:02,949,3.044,26.55,45.72,0.02,6.43,97.46,1.96,1.96,2.982,12.73,31.84,62.474464,6.461324
2023-04-15T20:56:02,950,3.049,26.55,45.72,0.02,6.43,97.51,1.94,1.94,2.988,12.7,31.78,62.474464,6.461324
2023-04-15T21:56:03,951,3.041,26.54,45.71,0.02,6.43,97.56,1.9,1.9,2.989,12.73,31.86,62.474464,6.461324
2023-04-15T22:56:03,952,3.043,26.55,45.73,0.02,6.43,97.58,1.96,1.96,2.991,12.7,31.78,62.474464,6.461324
2023-04-15T23:56:02,953,3.041,26.55,45.72,0.02,6.43,97.61,1.94,1.94,2.995,12.71,31.79,62.474464,6.461324
2023-04-16T01:56:02,954,3.028,26.54,45.73,0.02,6.42,97.64,1.91,1.91,2.97,12.72,31.84,62.474464,6.461324
2023-04-16T02:56:02,955,3.03,26.54,45.73,0.02,6.42,97.69,1.91,1.91,2.973,12.7,31.78,62.474464,6.461324
2023-04-16T03:56:02,956,3.029,26.55,45.74,0.02,6.42,97.7,1.92,1.92,2.977,12.68,31.71,62.474464,6.461324
2023-04-16T04:56:02,957,3.028,26.55,45.75,0.02,6.42,97.72,1.87,1.87,2.977,12.69,31.75,62.474464,6.461324
2023-04-16T05:56:02,958,3.012,26.54,45.76,0.02,6.42,97.72,1.89,1.89,2.978,12.63,31.59,62.474464,6.461324
2023-04-16T06:56:02,959,3.029,26.56,45.76,0.02,6.42,97.79,1.87,1.87,2.981,12.69,31.74,62.474464,6.461324
2023-04-16T07:56:02,960,3.034,26.54,45.73,0.02,6.42,97.87,1.89,1.89,2.982,12.7,31.78,62.474464,6.461324
2023-04-16T08:56:02,961,3.037,26.54,45.72,0.02,6.42,97.89,1.89,1.89,2.983,12.72,31.83,62.474464,6.461324
2023-04-16T09:56:02,962,3.047,26.55,45.73,0.02,6.42,97.93,1.84,1.84,2.983,12.71,31.79,62.474464,6.461324
2023-04-16T10:56:02,963,3.103,26.6,45.73,0.02,6.43,98.13,1.83,1.83,2.985,12.53,31.35,62.474464,6.461324
2023-04-16T11:56:02,964,3.087,26.58,45.71,0.02,6.44,98.11,1.81,1.81,2.986,12.66,31.66,62.474464,6.461324
2023-04-16T13:56:03,965,3.146,26.64,45.73,0.02,6.42,98.34,1.8,1.8,2.862,12.61,31.55,62.474464,6.461324
2023-04-16T14:56:02,966,3.183,26.66,45.71,0.02,6.43,98.45,1.81,1.81,2.867,12.56,31.42,62.474464,6.461324
2023-04-16T15:56:02,967,3.176,26.65,45.7,0.02,6.44,98.45,1.81,1.81,2.869,12.58,31.48,62.474464,6.461324
2023-04-16T16:56:02,968,3.125,26.6,45.69,0.02,6.43,98.35,1.8,1.8,2.872,12.67,31.69,62.474464,6.461324
2023-04-16T17:56:02,969,3.143,26.61,45.69,0.02,6.43,98.42,1.79,1.79,2.873,12.65,31.66,62.474464,6.461324
2023-04-16T18:56:02,970,3.138,26.61,45.7,0.02,6.43,98.43,1.79,1.79,2.877,12.65,31.66,62.474464,6.461324
2023-04-16T19:56:02,971,3.13,26.61,45.7,0.02,6.43,98.42,1.77,1.77,2.881,12.64,31.62,62.474464,6.461324
2023-04-16T20:56:02,972,3.12,26.6,45.69,0.02,6.43,98.46,1.76,1.76,2.884,12.65,31.64,62.474464,6.461324
2023-04-16T21:56:02,973,3.116,26.6,45.7,0.02,6.43,98.45,1.82,1.82,2.889,12.67,31.7,62.474464,6.461324
2023-04-16T22:56:02,974,3.095,26.58,45.71,0.02,6.43,98.39,1.78,1.78,2.886,12.69,31.76,62.474464,6.461324
2023-04-16T23:56:02,975,3.123,26.6,45.7,0.02,6.43,98.5,1.79,1.79,2.897,12.68,31.71,62.474464,6.461324
2023-04-17T01:56:02,976,3.105,26.59,45.71,0.02,6.42,98.51,1.77,1.77,2.962,12.69,31.74,62.474464,6.461324
2023-04-17T02:56:02,977,3.116,26.6,45.71,0.02,6.42,98.57,1.81,1.81,2.963,12.68,31.73,62.474464,6.461324
2023-04-17T03:56:02,978,3.098,26.59,45.71,0.02,6.43,98.57,1.77,1.77,2.967,12.67,31.69,62.474464,6.461324
2023-04-17T04:56:03,979,3.157,26.64,45.71,0.02,6.42,98.69,1.76,1.76,2.968,12.64,31.63,62.474464,6.461324
2023-04-17T05:56:02,980,3.1,26.45,45.46,0.02,6.42,98.66,1.75,1.75,2.974,12.8,32.04,62.474464,6.461324
2023-04-17T06:56:02,981,3.073,26.46,45.54,0.02,6.41,98.62,1.74,1.74,2.978,12.76,31.92,62.474464,6.461324
2023-04-17T07:56:02,982,3.092,26.57,45.68,0.02,6.42,98.67,1.77,1.77,2.982,12.59,31.49,62.474464,6.461324
2023-04-17T08:56:02,983,3.189,26.65,45.67,0.02,6.42,98.91,1.76,1.76,2.987,12.61,31.55,62.474464,6.461324
2023-04-17T09:56:02,984,3.176,26.65,45.7,0.02,6.42,98.94,1.73,1.73,2.992,12.61,31.54,62.474464,6.461324
2023-04-17T10:56:03,985,3.192,26.65,45.68,0.02,6.41,98.96,1.74,1.74,2.994,12.61,31.55,62.474464,6.461324
2023-04-17T11:56:02,986,3.168,26.62,45.66,0.02,6.41,98.99,1.74,1.74,2.997,12.64,31.62,62.474464,6.461324
2023-04-17T13:56:02,987,3.227,26.66,45.65,0.02,6.41,99.19,1.7,1.7,2.953,12.58,31.46,62.474464,6.461324
2023-04-17T14:56:02,988,3.251,26.71,45.68,0.02,6.42,99.17,1.75,1.75,2.957,12.52,31.32,62.474464,6.461324
2023-04-17T15:56:03,989,3.221,26.69,45.7,0.02,6.43,99.08,1.71,1.71,2.955,12.57,31.46,62.474464,6.461324
2023-04-17T16:56:02,990,3.177,26.64,45.69,0.02,6.42,99.0,1.71,1.71,2.96,12.62,31.57,62.474464,6.461324
2023-04-17T17:56:03,991,3.179,26.66,45.71,0.02,6.41,99.01,1.7,1.7,2.957,12.58,31.47,62.474464,6.461324
2023-04-17T18:56:02,992,3.197,26.67,45.71,0.02,6.42,99.07,1.71,1.71,2.963,12.54,31.37,62.474464,6.461324
2023-04-17T19:56:02,993,3.183,26.66,45.71,0.02,6.41,99.07,1.71,1.71,2.968,12.59,31.48,62.474464,6.461324
2023-04-17T20:56:02,994,3.186,26.67,45.71,0.02,6.41,99.06,1.69,1.69,2.977,12.57,31.45,62.474464,6.461324
2023-04-17T21:56:02,995,3.188,26.67,45.71,0.02,6.42,99.07,1.68,1.68,2.977,12.61,31.54,62.474464,6.461324
2023-04-17T22:56:02,996,3.17,26.65,45.7,0.02,6.41,99.08,1.71,1.71,2.98,12.62,31.56,62.474464,6.461324
2023-04-17T23:56:02,997,3.169,26.65,45.71,0.02,6.41,99.08,1.71,1.71,2.981,12.61,31.55,62.474464,6.461324
2023-04-18T01:56:02,998,3.173,26.65,45.71,0.02,6.42,99.12,1.73,1.73,2.955,12.54,31.36,62.474464,6.461324
2023-04-18T02:56:02,999,3.158,26.64,45.71,0.02,6.42,99.13,1.67,1.67,2.958,12.64,31.63,62.474464,6.461324
2023-04-18T03:56:03,1000,3.146,26.62,45.7,0.02,6.42,99.11,1.7,1.7,2.96,12.66,31.68,62.474464,6.461324
2023-04-18T04:56:02,1001,3.137,26.62,45.7,0.02,6.42,99.11,1.68,1.68,2.964,12.67,31.7,62.474464,6.461324
2023-04-18T05:56:02,1002,3.123,26.61,45.71,0.02,6.4,99.06,1.69,1.69,2.967,12.66,31.67,62.474464,6.461324
2023-04-18T06:56:02,1003,3.131,26.62,45.71,0.02,6.39,99.11,1.69,1.69,2.965,12.65,31.65,62.474464,6.461324
2023-04-18T07:56:02,1004,3.128,26.61,45.7,0.02,6.4,99.11,1.67,1.67,2.971,12.64,31.63,62.474464,6.461324
2023-04-18T08:56:02,1005,3.148,26.64,45.73,0.02,6.41,99.19,1.67,1.67,2.975,12.58,31.48,62.474464,6.461324
2023-04-18T09:56:02,1006,3.2,26.67,45.69,0.02,6.4,99.33,1.67,1.67,2.977,12.52,31.32,62.474464,6.461324
2023-04-18T10:56:02,1007,3.197,26.66,45.69,0.02,6.42,99.3,1.68,1.68,2.981,12.63,31.59,62.474464,6.461324
2023-04-18T11:56:02,1008,3.273,26.75,45.72,0.02,6.42,99.59,1.65,1.65,2.984,12.36,30.92,62.474464,6.461324
2023-04-18T13:56:02,1009,3.292,26.74,45.69,0.02,6.42,99.61,1.65,1.65,2.977,12.51,31.28,62.474464,6.461324
2023-04-18T14:56:02,1010,3.257,26.71,45.68,0.02,6.43,99.52,1.65,1.65,2.975,12.56,31.42,62.474464,6.461324
2023-04-18T15:56:02,1011,3.309,26.75,45.68,0.02,6.43,99.63,1.63,1.63,2.976,12.5,31.26,62.474464,6.461324
2023-04-18T16:56:02,1012,3.276,26.72,45.68,0.02,6.42,99.59,1.63,1.63,2.977,12.53,31.35,62.474464,6.461324
2023-04-18T17:56:02,1013,3.312,26.76,45.68,0.02,6.41,99.74,1.63,1.63,2.976,12.48,31.22,62.474464,6.461324
2023-04-18T18:56:02,1014,3.289,26.74,45.68,0.02,6.42,99.7,1.65,1.65,2.978,12.52,31.33,62.474464,6.461324
2023-04-18T19:56:02,1015,3.267,26.71,45.67,0.02,6.42,99.64,1.62,1.62,2.977,12.57,31.45,62.474464,6.461324
2023-04-18T20:56:02,1016,3.261,26.72,45.69,0.02,6.42,99.65,1.62,1.62,2.98,12.47,31.2,62.474464,6.461324
2023-04-18T21:56:02,1017,3.251,26.72,45.7,0.02,6.42,99.63,1.6,1.6,2.983,12.5,31.27,62.474464,6.461324
2023-04-18T22:56:02,1018,3.257,26.71,45.68,0.02,6.43,99.67,1.62,1.62,2.988,12.58,31.48,62.474464,6.461324
2023-04-18T23:56:02,1019,3.257,26.74,45.73,0.02,6.43,99.63,1.66,1.66,2.987,12.38,30.96,62.474464,6.461324
2023-04-19T01:56:02,1020,3.241,26.7,45.68,0.02,6.42,99.66,1.62,1.62,2.957,12.62,31.58,62.474464,6.461324
2023-04-19T02:56:02,1021,3.252,26.71,45.68,0.02,6.42,99.71,1.66,1.66,2.956,12.59,31.49,62.474464,6.461324
2023-04-19T03:56:02,1022,3.256,26.71,45.69,0.02,6.42,99.75,1.62,1.62,2.954,12.56,31.42,62.474464,6.461324
2023-04-19T04:56:02,1023,3.258,26.71,45.68,0.02,6.42,99.75,1.6,1.6,2.952,12.53,31.34,62.474464,6.461324
2023-04-19T05:56:02,1024,3.258,26.72,45.69,0.02,6.42,99.74,1.58,1.58,2.961,12.56,31.41,62.474464,6.461324
2023-04-19T06:56:02,1025,3.26,26.72,45.69,0.02,6.42,99.76,1.63,1.63,2.949,12.58,31.47,62.474464,6.461324
2023-04-19T07:56:02,1026,3.253,26.7,45.67,0.02,6.42,99.81,1.61,1.61,2.951,12.52,31.33,62.474464,6.461324
2023-04-19T08:56:02,1027,3.255,26.7,45.67,0.02,6.41,99.77,1.6,1.6,2.95,12.63,31.59,62.474464,6.461324
2023-04-19T09:56:02,1028,3.297,26.74,45.67,0.02,6.41,99.93,1.59,1.59,2.949,12.5,31.27,62.474464,6.461324
2023-04-19T10:56:02,1029,3.276,26.73,45.68,0.02,6.43,99.85,1.57,1.57,2.951,12.55,31.39,62.474464,6.461324
2023-04-19T11:56:02,1030,3.263,26.71,45.67,0.02,6.43,99.82,1.58,1.58,2.944,12.59,31.5,62.474464,6.461324
2023-04-19T13:56:02,1031,3.334,26.77,45.67,0.02,6.41,100.0,1.6,1.6,2.962,12.49,31.24,62.474464,6.461324
2023-04-19T14:56:02,1032,3.33,26.77,45.68,0.02,6.41,100.05,1.58,1.58,2.96,12.51,31.28,62.474464,6.461324
2023-04-19T15:56:03,1033,3.45,26.86,45.65,0.02,6.42,100.33,1.54,1.54,2.956,12.41,31.02,62.474464,6.461324
2023-04-19T16:56:02,1034,3.43,26.84,45.65,0.02,6.43,100.3,1.56,1.56,2.954,12.42,31.06,62.474464,6.461324
2023-04-19T17:56:02,1035,3.405,26.82,45.65,0.02,6.42,100.26,1.58,1.58,2.953,12.49,31.23,62.474464,6.461324
2023-04-19T18:56:02,1036,3.394,26.82,45.66,0.02,6.42,100.27,1.58,1.58,2.948,12.49,31.25,62.474464,6.461324
2023-04-19T19:56:02,1037,3.396,26.82,45.66,0.02,6.42,100.26,1.58,1.58,2.947,12.48,31.21,62.474464,6.461324
2023-04-19T20:56:02,1038,3.392,26.82,45.67,0.02,6.42,100.28,1.58,1.58,2.946,12.49,31.25,62.474464,6.461324
2023-04-19T21:56:02,1039,3.38,26.81,45.66,0.02,6.42,100.28,1.59,1.59,2.946,12.52,31.33,62.474464,6.461324
2023-04-19T22:56:02,1040,3.383,26.81,45.67,0.02,6.42,100.33,1.56,1.56,2.945,12.44,31.1,62.474464,6.461324
2023-04-19T23:56:02,1041,3.35,26.78,45.67,0.02,6.42,100.2,1.58,1.58,2.943,12.48,31.21,62.474464,6.461324
2023-04-20T01:56:02,1042,3.339,26.78,45.67,0.02,6.42,100.2,1.57,1.57,2.933,12.55,31.39,62.474464,6.461324
2023-04-20T02:56:02,1043,3.292,26.73,45.67,0.02,6.42,100.07,1.55,1.55,2.932,12.54,31.37,62.474464,6.461324
2023-04-20T03:56:02,1044,3.306,26.74,45.66,0.02,6.41,100.07,1.57,1.57,2.929,12.57,31.45,62.474464,6.461324
2023-04-20T04:56:02,1045,3.306,26.75,45.67,0.02,6.42,100.07,1.58,1.58,2.925,12.56,31.43,62.474464,6.461324
2023-04-20T05:56:02,1046,3.301,26.75,45.69,0.02,6.42,100.07,1.55,1.55,2.922,12.46,31.15,62.474464,6.461324
2023-04-20T06:56:02,1047,3.307,26.75,45.68,0.02,6.41,100.12,1.57,1.57,2.922,12.53,31.35,62.474464,6.461324
2023-04-20T07:56:02,1048,3.313,26.75,45.67,0.02,6.4,100.14,1.56,1.56,2.92,12.54,31.38,62.474464,6.461324
2023-04-20T08:56:02,1049,3.303,26.74,45.67,0.02,6.41,100.11,1.59,1.59,2.92,12.54,31.36,62.474464,6.461324
2023-04-20T09:56:02,1050,3.298,26.74,45.67,0.02,6.42,100.12,1.57,1.57,2.922,12.52,31.32,62.474464,6.461324
2023-04-20T10:56:02,1051,3.328,26.77,45.68,0.02,6.42,100.25,1.52,1.52,2.914,12.46,31.17,62.474464,6.461324
2023-04-20T11:56:02,1052,3.331,26.77,45.67,0.02,6.4,100.24,1.57,1.57,2.911,12.53,31.34,62.474464,6.461324
2023-04-20T13:56:02,1053,3.34,26.79,45.69,0.02,6.41,100.25,1.54,1.54,2.954,12.53,31.34,62.474464,6.461324
2023-04-20T14:56:02,1054,3.316,26.75,45.67,0.02,6.4,100.21,1.54,1.54,2.952,12.55,31.4,62.474464,6.461324
2023-04-20T15:56:02,1055,3.346,26.77,45.66,0.02,6.4,100.28,1.51,1.51,2.948,12.52,31.32,62.474464,6.461324
2023-04-20T16:56:02,1056,3.379,26.8,45.65,0.02,6.42,100.37,1.5,1.5,2.943,12.5,31.26,62.474464,6.461324
2023-04-20T17:56:02,1057,3.374,26.8,45.66,0.02,6.43,100.38,1.51,1.51,2.942,12.47,31.2,62.474464,6.461324
2023-04-20T18:56:02,1058,3.379,26.79,45.64,0.02,6.42,100.42,1.53,1.53,2.939,12.53,31.34,62.474464,6.461324
2023-04-20T19:56:02,1059,3.403,26.82,45.65,0.02,6.42,100.55,1.51,1.51,2.938,12.46,31.17,62.474464,6.461324
2023-04-20T20:56:02,1060,3.398,26.82,45.66,0.02,6.42,100.48,1.5,1.5,2.938,12.43,31.09,62.474464,6.461324
2023-04-20T21:56:02,1061,3.38,26.81,45.66,0.02,6.41,100.45,1.52,1.52,2.939,12.48,31.21,62.474464,6.461324
2023-04-20T22:56:02,1062,3.394,26.82,45.66,0.02,6.41,100.5,1.52,1.52,2.937,12.47,31.18,62.474464,6.461324
2023-04-20T23:56:02,1063,3.399,26.82,45.66,0.02,6.41,100.52,1.51,1.51,2.934,12.44,31.1,62.474464,6.461324
2023-04-21T01:56:02,1064,3.395,26.81,45.65,0.02,6.42,100.52,1.53,1.53,2.945,12.52,31.32,62.474464,6.461324
2023-04-21T02:56:02,1065,3.407,26.84,45.69,0.02,6.42,100.51,1.48,1.48,2.942,12.42,31.07,62.474464,6.461324
2023-04-21T03:56:03,1066,3.408,26.84,45.67,0.02,6.43,100.51,1.48,1.48,2.939,12.41,31.04,62.474464,6.461324
2023-04-21T04:56:02,1067,3.397,26.82,45.66,0.02,6.42,100.53,1.47,1.47,2.937,12.49,31.23,62.474464,6.461324
2023-04-21T05:56:02,1068,3.402,26.85,45.71,0.02,6.43,100.47,1.49,1.49,2.935,12.4,31.01,62.474464,6.461324
2023-04-21T06:56:02,1069,3.401,26.83,45.66,0.02,6.42,100.49,1.5,1.5,2.933,12.5,31.27,62.474464,6.461324
2023-04-21T07:56:02,1070,3.406,26.83,45.66,0.02,6.42,100.56,1.5,1.5,2.929,12.47,31.18,62.474464,6.461324
2023-04-21T08:56:02,1071,3.409,26.83,45.65,0.02,6.42,100.59,1.48,1.48,2.924,12.49,31.24,62.474464,6.461324
2023-04-21T09:56:03,1072,3.464,26.86,45.63,0.02,6.42,100.77,1.47,1.47,2.917,12.41,31.04,62.474464,6.461324
2023-04-21T10:56:02,1073,3.457,26.86,45.64,0.02,6.43,100.77,1.47,1.47,2.916,12.39,30.97,62.474464,6.461324
2023-04-21T11:56:02,1074,3.486,26.9,45.66,0.02,6.43,100.87,1.5,1.5,2.91,12.32,30.8,62.474464,6.461324
2023-04-21T13:56:02,1075,3.479,26.88,45.65,0.02,6.42,100.84,1.47,1.47,2.952,12.43,31.09,62.474464,6.461324
2023-04-21T14:56:02,1076,3.568,26.96,45.65,0.02,6.43,101.07,1.48,1.48,2.944,12.29,30.72,62.474464,6.461324
2023-04-21T15:56:02,1077,3.492,26.89,45.65,0.02,6.42,100.84,1.46,1.46,2.938,12.43,31.09,62.474464,6.461324
2023-04-21T16:56:02,1078,3.438,26.84,45.63,0.02,6.41,100.72,1.51,1.51,2.929,12.5,31.27,62.474464,6.461324
2023-04-21T17:56:02,1079,3.45,26.85,45.64,0.02,6.4,100.76,1.48,1.48,2.922,12.51,31.29,62.474464,6.461324
2023-04-21T18:56:02,1080,3.461,26.86,45.64,0.02,6.41,100.8,1.47,1.47,2.915,12.44,31.1,62.474464,6.461324
2023-04-21T19:56:02,1081,3.501,26.9,45.63,0.02,6.41,100.91,1.43,1.43,2.908,12.42,31.06,62.474464,6.461324
2023-04-21T20:56:02,1082,3.463,26.87,45.65,0.02,6.4,100.82,1.5,1.5,2.905,12.45,31.13,62.474464,6.461324
2023-04-21T21:56:02,1083,3.459,26.87,45.65,0.02,6.41,100.79,1.47,1.47,2.9,12.44,31.12,62.474464,6.461324
2023-04-21T22:56:02,1084,3.442,26.85,45.65,0.02,6.41,100.79,1.47,1.47,2.895,12.47,31.18,62.474464,6.461324
2023-04-21T23:56:02,1085,3.439,26.85,45.65,0.02,6.4,100.79,1.49,1.49,2.89,12.46,31.17,62.474464,6.461324
2023-04-22T01:56:02,1086,3.465,26.87,45.65,0.02,6.41,100.87,1.44,1.44,2.952,12.45,31.14,62.474464,6.461324
2023-04-22T02:56:02,1087,3.454,26.87,45.65,0.02,6.4,100.85,1.46,1.46,2.947,12.44,31.12,62.474464,6.461324
2023-04-22T03:56:02,1088,3.465,26.87,45.64,0.02,6.4,100.84,1.51,1.51,2.944,12.47,31.18,62.474464,6.461324
2023-04-22T04:56:02,1089,3.459,26.87,45.65,0.02,6.41,100.86,1.46,1.46,2.939,12.44,31.12,62.474464,6.461324
2023-04-22T05:56:02,1090,3.473,26.88,45.65,0.02,6.41,100.91,1.43,1.43,2.937,12.47,31.19,62.474464,6.461324
2023-04-22T06:56:02,1091,3.472,26.88,45.65,0.02,6.4,100.87,1.46,1.46,2.933,12.46,31.16,62.474464,6.461324
2023-04-22T07:56:02,1092,3.473,26.88,45.65,0.02,6.41,100.92,1.44,1.44,2.931,12.4,31.0,62.474464,6.461324
2023-04-22T08:56:02,1093,3.484,26.89,45.65,0.02,6.41,100.95,1.47,1.47,2.928,12.41,31.03,62.474464,6.461324
2023-04-22T09:56:02,1094,3.501,26.9,45.64,0.02,6.42,101.03,1.42,1.42,2.923,12.45,31.13,62.474464,6.461324
2023-04-22T10:56:03,1095,3.473,26.87,45.64,0.02,6.41,100.94,1.45,1.45,2.915,12.47,31.19,62.474464,6.461324
2023-04-22T11:56:02,1096,3.53,26.93,45.64,0.02,6.39,101.11,1.45,1.45,2.912,12.42,31.07,62.474464,6.461324
2023-04-22T13:56:02,1097,3.551,26.95,45.65,0.02,6.39,101.19,1.42,1.42,2.928,12.39,30.98,62.474464,6.461324
2023-04-22T14:56:02,1098,3.557,26.94,45.62,0.02,6.39,101.14,1.4,1.4,2.924,12.41,31.04,62.474464,6.461324
2023-04-22T15:56:02,1099,3.556,26.94,45.64,0.02,6.4,101.19,1.41,1.41,2.918,12.38,30.95,62.474464,6.461324
2023-04-22T16:56:02,1100,3.557,26.95,45.64,0.02,6.4,101.21,1.44,1.44,2.865,12.38,30.96,62.474464,6.461324
2023-04-22T17:56:02,1101,3.553,26.94,45.63,0.02,6.39,101.18,1.47,1.47,2.863,12.4,31.0,62.474464,6.461324
2023-04-22T18:56:02,1102,3.55,26.93,45.62,0.02,6.38,101.18,1.38,1.38,2.852,12.43,31.09,62.474464,6.461324
2023-04-22T19:56:02,1103,3.561,26.93,45.61,0.02,6.39,101.18,1.44,1.44,2.849,12.43,31.08,62.474464,6.461324
2023-04-22T20:56:02,1104,3.542,26.92,45.62,0.02,6.38,101.14,1.43,1.43,2.852,12.43,31.08,62.474464,6.461324
2023-04-22T21:56:02,1105,3.516,26.9,45.63,0.02,6.36,101.06,1.43,1.43,2.841,12.45,31.14,62.474464,6.461324
2023-04-22T22:56:02,1106,3.555,26.92,45.6,0.02,6.37,101.21,1.41,1.41,2.841,12.43,31.1,62.474464,6.461324
2023-04-22T23:56:02,1107,3.563,26.93,45.61,0.02,6.38,101.19,1.41,1.41,2.84,12.44,31.11,62.474464,6.461324
2023-04-23T01:56:02,1108,3.575,26.95,45.61,0.02,6.36,101.24,1.41,1.41,2.956,12.45,31.14,62.474464,6.461324
2023-04-23T02:56:03,1109,3.568,26.94,45.61,0.02,6.36,101.25,1.44,1.44,2.946,12.42,31.07,62.474464,6.461324
2023-04-23T03:56:02,1110,3.579,26.95,45.6,0.02,6.34,101.28,1.43,1.43,2.939,12.44,31.11,62.474464,6.461324
2023-04-23T04:56:02,1111,3.58,26.95,45.61,0.02,6.31,101.25,1.43,1.43,2.919,12.41,31.05,62.474464,6.461324
2023-04-23T05:56:02,1112,3.576,26.95,45.62,0.02,6.34,101.29,1.43,1.43,2.943,12.4,31.01,62.474464,6.461324
2023-04-23T06:56:03,1113,3.575,26.95,45.62,0.02,6.36,101.27,1.41,1.41,2.919,12.42,31.07,62.474464,6.461324
2023-04-23T07:56:02,1114,3.576,26.95,45.62,0.02,6.35,101.3,1.4,1.4,2.919,12.4,31.01,62.474464,6.461324
2023-04-23T08:56:02,1115,3.572,26.95,45.61,0.02,6.33,101.28,1.43,1.43,2.916,12.41,31.04,62.474464,6.461324
2023-04-23T09:56:02,1116,3.576,26.95,45.62,0.02,6.36,101.28,1.41,1.41,2.921,12.41,31.04,62.474464,6.461324
2023-04-23T10:56:02,1117,3.575,26.95,45.62,0.02,6.35,101.3,1.41,1.41,2.915,12.41,31.03,62.474464,6.461324
2023-04-23T11:56:02,1118,3.579,26.95,45.62,0.02,6.36,101.27,1.38,1.38,2.918,12.39,31.0,62.474464,6.461324
2023-04-23T13:56:02,1119,3.581,26.96,45.62,0.02,6.39,101.32,1.38,1.38,2.93,12.42,31.05,62.474464,6.461324
2023-04-23T14:56:02,1120,3.584,26.96,45.61,0.02,6.39,101.34,1.36,1.36,2.933,12.41,31.03,62.474464,6.461324
2023-04-23T15:56:02,1121,3.592,26.96,45.61,0.02,6.39,101.36,1.38,1.38,2.93,12.35,30.88,62.474464,6.461324
2023-04-23T16:56:02,1122,3.595,26.96,45.61,0.02,6.4,101.38,1.38,1.38,2.929,12.4,31.0,62.474464,6.461324
2023-04-23T17:56:02,1123,3.595,26.97,45.62,0.02,6.41,101.4,1.38,1.38,2.928,12.4,31.02,62.474464,6.461324
2023-04-23T18:56:02,1124,3.604,26.97,45.61,0.02,6.41,101.39,1.35,1.35,2.928,12.38,30.95,62.474464,6.461324
2023-04-23T19:56:02,1125,3.592,26.96,45.61,0.02,6.39,101.35,1.38,1.38,2.931,12.41,31.02,62.474464,6.461324
2023-04-23T20:56:02,1126,3.589,26.96,45.61,0.02,6.38,101.36,1.37,1.37,2.934,12.41,31.03,62.474464,6.461324
2023-04-23T21:56:03,1127,3.598,26.96,45.6,0.02,6.39,101.39,1.35,1.35,2.934,12.41,31.03,62.474464,6.461324
2023-04-23T22:56:02,1128,3.589,26.96,45.61,0.02,6.37,101.33,1.37,1.37,2.937,12.4,31.02,62.474464,6.461324
2023-04-23T23:56:02,1129,3.596,26.96,45.61,0.02,6.38,101.38,1.39,1.39,2.937,12.4,31.0,62.474464,6.461324
2023-04-24T01:56:02,1130,3.593,26.96,45.61,0.02,6.4,101.38,1.37,1.37,2.963,12.41,31.03,62.474464,6.461324
2023-04-24T02:56:02,1131,3.592,26.96,45.6,0.02,6.4,101.4,1.35,1.35,2.958,12.41,31.03,62.474464,6.461324
2023-04-24T03:56:02,1132,3.583,26.95,45.61,0.02,6.36,101.39,1.37,1.37,2.959,12.43,31.09,62.474464,6.461324
2023-04-24T04:56:02,1133,3.589,26.95,45.6,0.02,6.38,101.36,1.37,1.37,2.955,12.41,31.03,62.474464,6.461324
2023-04-24T05:56:02,1134,3.581,26.95,45.61,0.02,6.38,101.32,1.37,1.37,2.958,12.44,31.11,62.474464,6.461324
2023-04-24T06:56:03,1135,3.579,26.94,45.59,0.02,6.37,101.36,1.32,1.32,2.953,12.42,31.07,62.474464,6.461324
2023-04-24T07:56:02,1136,3.584,26.95,45.6,0.02,6.38,101.35,1.39,1.39,2.961,12.41,31.05,62.474464,6.461324
2023-04-24T08:56:02,1137,3.597,26.96,45.6,0.02,6.38,101.41,1.35,1.35,2.964,12.38,30.96,62.474464,6.461324
2023-04-24T09:56:02,1138,3.604,26.96,45.6,0.02,6.38,101.45,1.33,1.33,2.961,12.39,30.98,62.474464,6.461324
2023-04-24T10:56:02,1139,3.618,26.98,45.6,0.02,6.38,101.46,1.33,1.33,2.912,12.38,30.97,62.474464,6.461324
2023-04-24T11:56:03,1140,3.637,26.99,45.6,0.02,6.37,101.5,1.31,1.31,2.904,12.34,30.87,62.474464,6.461324
2023-04-24T13:56:02,1141,3.633,26.99,45.61,0.02,6.4,101.53,1.34,1.34,2.942,12.36,30.91,62.474464,6.461324
2023-04-24T14:56:02,1142,3.629,26.99,45.6,0.02,6.37,101.5,1.32,1.32,2.94,12.39,30.98,62.474464,6.461324
2023-04-24T15:56:02,1143,3.635,26.99,45.6,0.02,6.37,101.53,1.31,1.31,2.937,12.38,30.96,62.474464,6.461324
2023-04-24T16:56:02,1144,3.643,27.0,45.6,0.02,6.37,101.54,1.29,1.29,2.937,12.36,30.91,62.474464,6.461324
2023-04-24T17:56:02,1145,3.644,27.0,45.6,0.02,6.34,101.53,1.33,1.33,2.941,12.35,30.87,62.474464,6.461324
2023-04-24T18:56:02,1146,3.639,27.0,45.61,0.02,6.34,101.53,1.31,1.31,2.935,12.38,30.96,62.474464,6.461324
2023-04-24T19:56:02,1147,3.631,26.99,45.6,0.02,6.37,101.53,1.31,1.31,2.939,12.37,30.92,62.474464,6.461324
2023-04-24T20:56:02,1148,3.633,26.99,45.6,0.02,6.4,101.56,1.32,1.32,2.944,12.38,30.96,62.474464,6.461324
2023-04-24T21:56:02,1149,3.618,26.98,45.6,0.02,6.36,101.52,1.31,1.31,2.943,12.4,31.0,62.474464,6.461324
2023-04-24T22:56:02,1150,3.647,27.01,45.61,0.02,6.38,101.59,1.31,1.31,2.944,12.38,30.96,62.474464,6.461324
2023-04-24T23:56:03,1151,3.638,26.99,45.6,0.02,6.4,101.57,1.32,1.32,2.94,12.4,31.0,62.474464,6.461324
2023-04-25T01:56:02,1152,3.644,27.01,45.61,0.02,6.39,101.55,1.3,1.3,2.949,12.39,30.98,62.474464,6.461324
2023-04-25T02:56:02,1153,3.63,26.99,45.6,0.02,6.39,101.58,1.33,1.33,2.95,12.38,30.97,62.474464,6.461324
2023-04-25T03:56:02,1154,3.655,27.01,45.6,0.02,6.39,101.63,1.33,1.33,2.946,12.39,30.97,62.474464,6.461324
2023-04-25T04:56:02,1155,3.618,26.98,45.61,0.02,6.39,101.52,1.26,1.26,2.945,12.39,30.98,62.474464,6.461324
2023-04-25T05:56:02,1156,3.647,27.0,45.6,0.02,6.39,101.62,1.31,1.31,2.945,12.36,30.91,62.474464,6.461324
2023-04-25T06:56:02,1157,3.655,27.01,45.6,0.02,6.4,101.64,1.29,1.29,2.947,12.35,30.89,62.474464,6.461324
2023-04-25T07:56:02,1158,3.644,27.0,45.6,0.02,6.4,101.66,1.32,1.32,2.947,12.38,30.96,62.474464,6.461324
2023-04-25T08:56:02,1159,3.65,27.0,45.6,0.02,6.4,101.66,1.28,1.28,2.946,12.34,30.87,62.474464,6.461324
2023-04-25T09:56:02,1160,3.671,27.02,45.6,0.02,6.4,101.72,1.28,1.28,2.946,12.31,30.79,62.474464,6.461324
2023-04-25T10:56:02,1161,3.689,27.04,45.6,0.02,6.39,101.73,1.32,1.32,2.943,12.34,30.85,62.474464,6.461324
2023-04-25T11:56:02,1162,3.703,27.05,45.6,0.02,6.4,101.77,1.28,1.28,2.949,12.29,30.72,62.474464,6.461324
2023-04-25T13:56:02,1163,3.726,27.07,45.59,0.02,6.41,101.87,1.28,1.28,2.937,12.27,30.68,62.474464,6.461324
2023-04-25T14:56:02,1164,3.743,27.08,45.59,0.02,6.42,101.89,1.33,1.33,2.939,12.25,30.63,62.474464,6.461324
2023-04-25T15:56:03,1165,3.777,27.11,45.58,0.02,6.4,101.96,1.29,1.29,2.936,12.22,30.54,62.474464,6.461324
2023-04-25T16:56:02,1166,3.729,27.08,45.6,0.02,6.37,101.86,1.27,1.27,2.937,12.26,30.66,62.474464,6.461324
2023-04-25T17:56:03,1167,3.752,27.08,45.58,0.02,6.39,101.92,1.28,1.28,2.943,12.23,30.58,62.474464,6.461324
2023-04-25T18:56:02,1168,3.741,27.07,45.58,0.02,6.4,101.84,1.29,1.29,2.942,12.29,30.73,62.474464,6.461324
2023-04-25T19:56:02,1169,3.747,27.08,45.58,0.02,6.39,101.89,1.27,1.27,2.945,12.25,30.64,62.474464,6.461324
2023-04-25T20:56:02,1170,3.644,27.0,45.6,0.02,6.39,101.65,1.26,1.26,2.948,12.37,30.94,62.474464,6.461324
2023-04-25T21:56:02,1171,3.638,26.99,45.59,0.02,6.4,101.57,1.27,1.27,2.957,12.29,30.74,62.474464,6.461324
2023-04-25T22:56:02,1172,3.611,26.97,45.6,0.02,6.41,101.57,1.31,1.31,2.95,12.36,30.9,62.474464,6.461324
2023-04-25T23:56:02,1173,3.623,26.98,45.6,0.02,6.41,101.63,1.24,1.24,2.951,12.36,30.91,62.474464,6.461324
2023-04-26T01:56:02,1174,3.609,26.97,45.61,0.02,6.41,101.57,1.26,1.26,2.957,12.37,30.94,62.474464,6.461324
2023-04-26T02:56:02,1175,3.624,26.98,45.59,0.02,6.41,101.57,1.27,1.27,2.955,12.37,30.95,62.474464,6.461324
2023-04-26T03:56:02,1176,3.592,26.95,45.58,0.02,6.41,101.53,1.27,1.27,2.952,12.38,30.97,62.474464,6.461324
2023-04-26T04:56:02,1177,3.594,26.96,45.6,0.02,6.41,101.51,1.28,1.28,2.952,12.36,30.92,62.474464,6.461324
2023-04-26T05:56:02,1178,3.6,26.96,45.6,0.02,6.41,101.52,1.25,1.25,2.951,12.32,30.8,62.474464,6.461324
2023-04-26T06:56:02,1179,3.55,26.91,45.58,0.02,6.41,101.43,1.26,1.26,2.95,12.35,30.87,62.474464,6.461324
2023-04-26T07:56:02,1180,3.492,26.85,45.58,0.02,6.4,101.27,1.26,1.26,2.95,12.37,30.92,62.474464,6.461324
2023-04-26T08:56:02,1181,3.496,26.86,45.58,0.02,6.4,101.3,1.26,1.26,2.948,12.35,30.88,62.474464,6.461324
2023-04-26T09:56:02,1182,3.573,26.93,45.59,0.02,6.39,101.48,1.24,1.24,2.947,12.36,30.91,62.474464,6.461324
2023-04-26T10:56:02,1183,3.622,26.98,45.6,0.02,6.38,101.63,1.22,1.22,2.946,12.35,30.88,62.474464,6.461324
2023-04-26T11:56:02,1184,3.605,26.96,45.6,0.02,6.38,101.57,1.26,1.26,2.952,12.33,30.83,62.474464,6.461324
2023-04-26T13:56:02,1185,3.644,27.0,45.59,0.02,6.41,101.67,1.22,1.22,2.938,12.28,30.71,62.474464,6.461324
2023-04-26T14:56:02,1186,3.649,27.0,45.59,0.02,6.4,101.68,1.23,1.23,2.932,12.33,30.82,62.474464,6.461324
2023-04-26T15:56:02,1187,3.666,27.02,45.59,0.02,6.38,101.75,1.25,1.25,2.932,12.3,30.75,62.474464,6.461324
2023-04-26T16:56:02,1188,3.688,27.03,45.59,0.02,6.38,101.82,1.24,1.24,2.939,12.28,30.71,62.474464,6.461324
2023-04-26T17:56:02,1189,3.67,27.02,45.59,0.02,6.38,101.74,1.21,1.21,2.937,12.31,30.79,62.474464,6.461324
2023-04-26T18:56:02,1190,3.667,27.02,45.6,0.02,6.4,101.74,1.24,1.24,2.937,12.32,30.81,62.474464,6.461324
2023-04-26T19:56:02,1191,3.661,27.01,45.59,0.02,6.35,101.74,1.27,1.27,2.939,12.33,30.83,62.474464,6.461324
2023-04-26T20:56:02,1192,3.645,26.99,45.59,0.02,6.4,101.67,1.26,1.26,2.94,12.33,30.84,62.474464,6.461324
2023-04-26T21:56:02,1193,3.641,26.98,45.57,0.02,6.4,101.65,1.28,1.28,2.945,12.31,30.79,62.474464,6.461324
2023-04-26T22:56:03,1194,3.644,26.99,45.58,0.02,6.4,101.67,1.25,1.25,2.946,12.33,30.83,62.474464,6.461324
2023-04-26T23:56:02,1195,3.643,26.99,45.58,0.02,6.39,101.71,1.23,1.23,2.952,12.34,30.87,62.474464,6.461324
2023-04-27T01:56:02,1196,3.657,27.0,45.59,0.02,6.41,101.7,1.23,1.23,2.949,12.34,30.85,62.474464,6.461324
2023-04-27T02:56:02,1197,3.645,27.0,45.6,0.02,6.4,101.65,1.25,1.25,2.955,12.28,30.71,62.474464,6.461324
2023-04-27T03:56:02,1198,3.644,26.99,45.58,0.02,6.41,101.66,1.22,1.22,2.957,12.32,30.81,62.474464,6.461324
2023-04-27T04:56:02,1199,3.622,26.97,45.58,0.02,6.4,101.63,1.23,1.23,2.958,12.36,30.9,62.474464,6.461324
2023-04-27T05:56:02,1200,3.62,26.98,45.6,0.02,6.39,101.61,1.21,1.21,2.961,12.37,30.93,62.474464,6.461324
2023-04-27T06:56:02,1201,3.63,26.99,45.6,0.02,6.35,101.68,1.25,1.25,2.96,12.36,30.91,62.474464,6.461324
2023-04-27T07:56:02,1202,3.614,26.97,45.59,0.02,6.4,101.61,1.23,1.23,2.969,12.36,30.91,62.474464,6.461324
2023-04-27T08:56:02,1203,3.609,26.96,45.59,0.02,6.4,101.63,1.21,1.21,2.97,12.35,30.89,62.474464,6.461324
2023-04-27T09:56:02,1204,3.618,26.97,45.58,0.02,6.4,101.63,1.24,1.24,2.974,12.33,30.83,62.474464,6.461324
2023-04-27T10:56:02,1205,3.67,27.01,45.58,0.02,6.41,101.81,1.21,1.21,2.978,12.28,30.71,62.474464,6.461324
2023-04-27T11:56:02,1206,3.69,27.03,45.58,0.02,6.38,101.85,1.22,1.22,2.982,12.25,30.64,62.474464,6.461324
2023-04-27T13:56:02,1207,3.701,27.04,45.59,0.02,6.41,101.85,1.24,1.24,2.944,12.31,30.79,62.474464,6.461324
2023-04-27T14:56:02,1208,3.753,27.08,45.58,0.02,6.36,101.99,1.22,1.22,2.949,12.24,30.6,62.474464,6.461324
2023-04-27T15:56:02,1209,3.729,27.06,45.59,0.02,6.35,101.93,1.24,1.24,2.955,12.26,30.67,62.474464,6.461324
2023-04-27T16:56:02,1210,3.746,27.09,45.6,0.02,6.35,102.05,1.19,1.19,2.961,12.28,30.69,62.474464,6.461324
2023-04-27T17:56:03,1211,3.726,27.06,45.59,0.02,6.36,101.95,1.24,1.24,2.962,12.31,30.78,62.474464,6.461324
2023-04-27T18:56:02,1212,3.712,27.05,45.59,0.02,6.4,101.9,1.23,1.23,2.973,12.33,30.82,62.474464,6.461324
2023-04-27T19:56:02,1213,3.704,27.04,45.58,0.02,6.41,101.9,1.24,1.24,2.971,12.29,30.73,62.474464,6.461324
2023-04-27T20:56:02,1214,3.701,27.05,45.59,0.02,6.41,101.93,1.19,1.19,2.976,12.29,30.74,62.474464,6.461324
2023-04-27T21:56:02,1215,3.7,27.04,45.58,0.02,6.39,101.92,1.27,1.27,2.981,12.32,30.82,62.474464,6.461324
2023-04-27T22:56:02,1216,3.701,27.04,45.58,0.02,6.41,101.87,1.21,1.21,2.984,12.32,30.81,62.474464,6.461324
2023-04-27T23:56:02,1217,3.698,27.04,45.59,0.02,6.41,101.89,1.24,1.24,2.982,12.3,30.77,62.474464,6.461324
2023-04-28T01:56:02,1218,3.681,27.02,45.58,0.02,6.42,101.82,1.2,1.2,2.955,12.31,30.78,62.474464,6.461324
2023-04-28T02:56:02,1219,3.67,27.01,45.59,0.02,6.42,101.82,1.22,1.22,2.957,12.23,30.58,62.474464,6.461324
2023-04-28T03:56:02,1220,3.684,27.03,45.59,0.02,6.42,101.87,1.21,1.21,2.956,12.35,30.88,62.474464,6.461324
2023-04-28T04:56:02,1221,3.633,26.99,45.59,0.02,6.42,101.75,1.21,1.21,2.956,12.3,30.77,62.474464,6.461324
2023-04-28T05:56:02,1222,3.687,27.04,45.6,0.02,6.42,101.88,1.19,1.19,2.953,12.29,30.72,62.474464,6.461324
2023-04-28T06:56:02,1223,3.649,27.01,45.61,0.02,6.42,101.79,1.2,1.2,2.948,12.29,30.72,62.474464,6.461324
2023-04-28T07:56:02,1224,3.672,27.02,45.6,0.02,6.43,101.8,1.23,1.23,2.948,12.32,30.8,62.474464,6.461324
2023-04-28T08:56:02,1225,3.621,26.98,45.6,0.02,6.43,101.77,1.17,1.17,2.943,12.24,30.6,62.474464,6.461324
2023-04-28T09:56:02,1226,3.645,27.0,45.6,0.02,6.42,101.8,1.2,1.2,2.94,12.31,30.79,62.474464,6.461324
2023-04-28T10:56:02,1227,3.684,27.03,45.6,0.02,6.42,101.91,1.18,1.18,2.94,12.31,30.78,62.474464,6.461324
2023-04-28T11:56:02,1228,3.719,27.05,45.57,0.02,6.42,101.97,1.2,1.2,2.936,12.26,30.65,62.474464,6.461324
2023-04-28T13:56:02,1229,3.696,27.04,45.59,0.02,6.41,101.85,1.2,1.2,2.966,12.35,30.89,62.474464,6.461324
2023-04-28T14:56:02,1230,3.753,27.09,45.6,0.02,6.41,102.06,1.17,1.17,2.965,12.3,30.74,62.474464,6.461324
2023-04-28T15:56:02,1231,3.772,27.1,45.59,0.02,6.43,102.23,1.19,1.19,2.962,12.23,30.57,62.474464,6.461324
2023-04-28T16:56:02,1232,3.757,27.08,45.57,0.02,6.42,102.05,1.19,1.19,2.955,12.3,30.74,62.474464,6.461324
2023-04-28T17:56:02,1233,3.723,27.07,45.6,0.02,6.41,101.96,1.17,1.17,2.951,12.32,30.8,62.474464,6.461324
2023-04-28T18:56:02,1234,3.719,27.08,45.62,0.02,6.41,101.9,1.18,1.18,2.948,12.34,30.85,62.474464,6.461324
2023-04-28T19:56:02,1235,3.733,27.09,45.62,0.02,6.41,102.03,1.17,1.17,2.946,12.3,30.75,62.474464,6.461324
2023-04-28T20:56:02,1236,3.739,27.09,45.6,0.02,6.41,102.04,1.21,1.21,2.941,12.26,30.65,62.474464,6.461324
2023-04-28T21:56:02,1237,3.731,27.08,45.61,0.02,6.41,102.01,1.17,1.17,2.938,12.26,30.64,62.474464,6.461324
2023-04-28T22:56:02,1238,3.717,27.06,45.6,0.02,6.41,101.96,1.18,1.18,2.932,12.29,30.73,62.474464,6.461324
2023-04-28T23:56:02,1239,3.737,27.08,45.61,0.02,6.41,102.04,1.17,1.17,2.924,12.3,30.75,62.474464,6.461324
2023-04-29T01:56:02,1240,3.733,27.08,45.6,0.02,6.41,102.0,1.21,1.21,2.938,12.34,30.85,62.474464,6.461324
2023-04-29T02:56:02,1241,3.722,27.07,45.61,0.02,6.41,101.97,1.2,1.2,2.931,12.31,30.78,62.474464,6.461324
2023-04-29T03:56:02,1242,3.714,27.07,45.61,0.02,6.41,101.96,1.19,1.19,2.927,12.35,30.89,62.474464,6.461324
2023-04-29T04:56:02,1243,3.72,27.07,45.61,0.02,6.41,101.98,1.16,1.16,2.928,12.31,30.79,62.474464,6.461324
2023-04-29T05:56:02,1244,3.716,27.07,45.61,0.02,6.41,101.98,1.19,1.19,2.931,12.33,30.84,62.474464,6.461324
2023-04-29T06:56:02,1245,3.727,27.08,45.61,0.02,6.41,101.96,1.18,1.18,2.942,12.29,30.74,62.474464,6.461324
2023-04-29T07:56:02,1246,3.718,27.06,45.58,0.02,6.41,101.99,1.18,1.18,2.948,12.34,30.85,62.474464,6.461324
2023-04-29T08:56:02,1247,3.704,27.05,45.59,0.02,6.4,101.95,1.16,1.16,2.955,12.29,30.72,62.474464,6.461324
2023-04-29T09:56:02,1248,3.681,27.02,45.58,0.02,6.4,101.91,1.16,1.16,2.96,12.29,30.74,62.474464,6.461324
2023-04-29T10:56:02,1249,3.708,27.06,45.61,0.02,6.39,101.98,1.24,1.24,2.963,12.32,30.82,62.474464,6.461324
2023-04-29T11:56:02,1250,3.751,27.07,45.55,0.02,6.4,102.05,1.19,1.19,2.965,12.19,30.49,62.474464,6.461324
2023-04-29T13:56:02,1251,3.811,27.12,45.57,0.02,6.34,102.19,1.18,1.18,3.004,12.19,30.48,62.474464,6.461324
2023-04-29T14:56:02,1252,3.832,27.14,45.56,0.02,6.36,102.22,1.16,1.16,3.0,12.15,30.37,62.474464,6.461324
2023-04-29T15:56:02,1253,3.828,27.14,45.57,0.02,6.38,102.25,1.18,1.18,3.022,12.2,30.49,62.474464,6.461324
2023-04-29T16:56:02,1254,3.807,27.12,45.57,0.02,6.38,102.16,1.15,1.15,2.968,12.23,30.58,62.474464,6.461324
2023-04-29T17:56:02,1255,3.801,27.12,45.58,0.02,6.34,102.12,1.16,1.16,2.966,12.21,30.53,62.474464,6.461324
2023-04-29T18:56:02,1256,3.785,27.11,45.57,0.02,6.35,102.13,1.16,1.16,2.967,12.25,30.64,62.474464,6.461324
2023-04-29T19:56:02,1257,3.775,27.1,45.58,0.02,6.33,102.11,1.2,1.2,2.972,12.27,30.68,62.474464,6.461324
2023-04-29T20:56:02,1258,3.773,27.1,45.58,0.02,6.32,102.08,1.19,1.19,2.963,12.26,30.65,62.474464,6.461324
2023-04-29T21:56:03,1259,3.756,27.09,45.59,0.02,6.36,102.05,1.17,1.17,2.964,12.27,30.68,62.474464,6.461324
2023-04-29T22:56:02,1260,3.756,27.09,45.58,0.02,6.37,102.01,1.19,1.19,2.96,12.28,30.7,62.474464,6.461324
2023-04-29T23:56:02,1261,3.756,27.09,45.59,0.02,6.4,102.02,1.2,1.2,2.972,12.3,30.75,62.474464,6.461324
2023-04-30T01:56:02,1262,3.755,27.09,45.58,0.02,6.37,102.03,1.18,1.18,2.94,12.31,30.77,62.474464,6.461324
2023-04-30T02:56:02,1263,3.749,27.09,45.59,0.02,6.36,102.0,1.18,1.18,2.941,12.29,30.72,62.474464,6.461324
2023-04-30T03:56:02,1264,3.744,27.08,45.59,0.02,6.36,102.0,1.18,1.18,2.959,12.32,30.8,62.474464,6.461324
2023-04-30T04:56:02,1265,3.747,27.09,45.59,0.02,6.38,102.01,1.18,1.18,2.955,12.28,30.71,62.474464,6.461324
2023-04-30T05:56:02,1266,3.739,27.08,45.59,0.02,6.37,101.99,1.19,1.19,2.955,12.31,30.79,62.474464,6.461324
2023-04-30T06:56:02,1267,3.723,27.07,45.59,0.02,6.34,101.96,1.21,1.21,2.948,12.31,30.78,62.474464,6.461324
2023-04-30T07:56:02,1268,3.723,27.07,45.6,0.02,6.35,101.96,1.19,1.19,2.957,12.3,30.76,62.474464,6.461324
2023-04-30T08:56:02,1269,3.74,27.08,45.6,0.02,6.35,102.01,1.19,1.19,2.963,12.3,30.76,62.474464,6.461324
2023-04-30T09:56:02,1270,3.75,27.08,45.59,0.02,6.38,102.05,1.15,1.15,2.968,12.29,30.72,62.474464,6.461324
2023-04-30T10:56:02,1271,3.764,27.09,45.58,0.02,6.36,102.08,1.17,1.17,2.957,12.27,30.67,62.474464,6.461324
2023-04-30T11:56:02,1272,3.749,27.08,45.58,0.02,6.36,102.0,1.19,1.19,2.951,12.26,30.65,62.474464,6.461324
2023-04-30T13:56:03,1273,3.768,27.11,45.6,0.02,6.36,102.1,1.19,1.19,2.909,12.28,30.7,62.474464,6.461324
2023-04-30T14:56:02,1274,3.776,27.11,45.59,0.02,6.37,102.11,1.2,1.2,2.908,12.27,30.68,62.474464,6.461324
2023-04-30T15:56:02,1275,3.78,27.11,45.58,0.02,6.34,102.1,1.19,1.19,2.896,12.25,30.62,62.474464,6.461324
2023-04-30T16:56:02,1276,3.799,27.12,45.58,0.02,6.34,102.17,1.19,1.19,2.92,12.23,30.57,62.474464,6.461324
2023-04-30T17:56:02,1277,3.795,27.12,45.58,0.02,6.38,102.16,1.19,1.19,2.915,12.21,30.54,62.474464,6.461324
2023-04-30T18:56:02,1278,3.795,27.12,45.58,0.02,6.38,102.15,1.18,1.18,2.908,12.2,30.5,62.474464,6.461324
2023-04-30T19:56:02,1279,3.787,27.11,45.57,0.02,6.39,102.13,1.18,1.18,2.904,12.22,30.55,62.474464,6.461324
2023-04-30T20:56:02,1280,3.783,27.11,45.58,0.02,6.38,102.12,1.18,1.18,2.907,12.22,30.54,62.474464,6.461324
2023-04-30T21:56:02,1281,3.785,27.11,45.57,0.02,6.4,102.13,1.19,1.19,2.902,12.22,30.56,62.474464,6.461324
2023-04-30T22:56:02,1282,3.777,27.1,45.58,0.02,6.4,102.1,1.19,1.19,2.897,12.23,30.58,62.474464,6.461324
2023-04-30T23:56:02,1283,3.776,27.11,45.59,0.02,6.39,102.12,1.16,1.16,2.894,12.24,30.59,62.474464,6.461324
2023-05-01T01:56:02,1284,3.776,27.11,45.59,0.02,6.41,102.13,1.2,1.2,2.945,12.25,30.63,62.474464,6.461324
2023-05-01T02:56:02,1285,3.762,27.1,45.59,0.02,6.41,102.07,1.19,1.19,2.939,12.24,30.59,62.474464,6.461324
2023-05-01T03:56:02,1286,3.758,27.09,45.58,0.02,6.4,102.08,1.18,1.18,2.933,12.26,30.64,62.474464,6.461324
2023-05-01T04:56:02,1287,3.759,27.1,45.6,0.02,6.39,102.11,1.17,1.17,2.928,12.25,30.63,62.474464,6.461324
2023-05-01T05:56:02,1288,3.763,27.1,45.59,0.02,6.4,102.08,1.18,1.18,2.925,12.23,30.57,62.474464,6.461324
2023-05-01T06:56:02,1289,3.753,27.09,45.59,0.02,6.41,102.05,1.17,1.17,2.919,12.23,30.59,62.474464,6.461324
2023-05-01T07:56:02,1290,3.747,27.09,45.59,0.02,6.41,102.04,1.19,1.19,2.918,12.22,30.55,62.474464,6.461324
2023-05-01T08:56:02,1291,3.769,27.11,45.6,0.02,6.44,102.12,1.2,1.2,2.917,12.21,30.54,62.474464,6.461324
2023-05-01T09:56:03,1292,3.788,27.11,45.58,0.02,6.43,102.13,1.15,1.15,2.913,12.15,30.38,62.474464,6.461324
2023-05-01T10:56:02,1293,3.789,27.12,45.59,0.02,6.43,102.18,1.16,1.16,2.916,12.22,30.56,62.474464,6.461324
2023-05-01T11:56:02,1294,3.821,27.17,45.62,0.02,6.43,102.28,1.16,1.16,2.916,12.13,30.32,62.474464,6.461324
2023-05-01T13:56:02,1295,3.809,27.15,45.6,0.02,6.4,102.21,1.16,1.16,2.988,12.22,30.54,62.474464,6.461324
2023-05-01T14:56:02,1296,3.804,27.13,45.59,0.02,6.35,102.22,1.19,1.19,2.994,12.18,30.45,62.474464,6.461324
2023-05-01T15:56:02,1297,3.848,27.17,45.59,0.02,6.39,102.37,1.15,1.15,2.988,12.1,30.25,62.474464,6.461324
2023-05-01T16:56:02,1298,3.851,27.17,45.58,0.02,6.36,102.37,1.17,1.17,2.99,12.13,30.33,62.474464,6.461324
2023-05-01T17:56:02,1299,3.81,27.13,45.58,0.02,6.39,102.21,1.15,1.15,2.983,12.17,30.44,62.474464,6.461324
2023-05-01T18:56:02,1300,3.823,27.15,45.59,0.02,6.39,102.25,1.16,1.16,2.991,12.16,30.39,62.474464,6.461324
2023-05-01T19:56:03,1301,3.802,27.13,45.59,0.02,6.37,102.23,1.13,1.13,2.992,12.19,30.49,62.474464,6.461324
2023-05-01T20:56:02,1302,3.799,27.13,45.59,0.02,6.36,102.19,1.21,1.21,2.984,12.2,30.51,62.474464,6.461324
2023-05-01T21:56:03,1303,3.79,27.12,45.59,0.02,6.35,102.15,1.17,1.17,2.981,12.2,30.5,62.474464,6.461324
2023-05-01T22:56:02,1304,3.78,27.11,45.58,0.02,6.4,102.12,1.15,1.15,2.997,12.21,30.53,62.474464,6.461324
2023-05-01T23:56:02,1305,3.779,27.11,45.58,0.02,6.38,102.15,1.15,1.15,3.004,12.21,30.52,62.474464,6.461324
2023-05-02T01:56:02,1306,3.777,27.1,45.58,0.02,6.41,102.11,1.17,1.17,2.986,12.24,30.6,62.474464,6.461324
2023-05-02T02:56:02,1307,3.781,27.1,45.58,0.02,6.37,102.11,1.16,1.16,2.98,12.23,30.59,62.474464,6.461324
2023-05-02T03:56:02,1308,3.783,27.1,45.57,0.02,6.4,102.15,1.16,1.16,2.985,12.23,30.57,62.474464,6.461324
2023-05-02T04:56:02,1309,3.777,27.11,45.58,0.02,6.39,102.11,1.18,1.18,2.989,12.24,30.6,62.474464,6.461324
2023-05-02T05:56:02,1310,3.779,27.11,45.59,0.02,6.39,102.13,1.16,1.16,2.991,12.23,30.58,62.474464,6.461324
2023-05-02T06:56:03,1311,3.784,27.11,45.59,0.02,6.4,102.18,1.17,1.17,2.995,12.24,30.6,62.474464,6.461324
2023-05-02T07:56:03,1312,3.783,27.11,45.58,0.02,6.4,102.14,1.14,1.14,2.999,12.19,30.47,62.474464,6.461324
2023-05-02T08:56:02,1313,3.805,27.13,45.59,0.02,6.41,102.19,1.14,1.14,3.008,12.19,30.48,62.474464,6.461324
2023-05-02T09:56:03,1314,3.827,27.14,45.56,0.02,6.41,102.28,1.17,1.17,2.96,12.15,30.37,62.474464,6.461324
2023-05-02T10:56:02,1315,3.801,27.13,45.58,0.02,6.41,102.21,1.18,1.18,2.967,12.2,30.5,62.474464,6.461324
2023-05-02T11:56:02,1316,3.878,27.19,45.57,0.02,6.41,102.4,1.17,1.17,2.971,12.09,30.23,62.474464,6.461324
2023-05-02T13:56:02,1317,3.899,27.21,45.58,0.02,6.39,102.43,1.14,1.14,2.986,12.14,30.35,62.474464,6.461324
2023-05-02T14:56:02,1318,3.852,27.18,45.59,0.02,6.33,102.35,1.2,1.2,2.992,12.18,30.45,62.474464,6.461324
2023-05-02T15:56:02,1319,3.884,27.2,45.58,0.02,6.39,102.44,1.16,1.16,2.999,12.15,30.37,62.474464,6.461324
2023-05-02T16:56:02,1320,3.901,27.21,45.57,0.02,6.38,102.48,1.14,1.14,2.998,12.12,30.3,62.474464,6.461324
2023-05-02T17:56:02,1321,3.901,27.21,45.57,0.02,6.39,102.46,1.14,1.14,3.008,12.12,30.31,62.474464,6.461324
2023-05-02T18:56:02,1322,3.911,27.22,45.57,0.02,6.36,102.47,1.16,1.16,3.012,12.12,30.29,62.474464,6.461324
2023-05-02T19:56:02,1323,3.89,27.2,45.58,0.02,6.38,102.46,1.17,1.17,3.019,12.13,30.33,62.474464,6.461324
2023-05-02T20:56:02,1324,3.882,27.2,45.58,0.02,6.39,102.44,1.14,1.14,3.035,12.16,30.39,62.474464,6.461324
2023-05-02T21:56:02,1325,3.866,27.18,45.58,0.02,6.39,102.41,1.15,1.15,3.03,12.16,30.4,62.474464,6.461324
2023-05-02T22:56:02,1326,3.861,27.18,45.58,0.02,6.4,102.4,1.17,1.17,3.035,12.16,30.41,62.474464,6.461324
2023-05-02T23:56:02,1327,3.857,27.17,45.57,0.02,6.42,102.42,1.15,1.15,3.047,12.17,30.43,62.474464,6.461324
2023-05-03T01:56:02,1328,3.85,27.16,45.57,0.02,6.42,102.37,1.16,1.16,2.95,12.18,30.46,62.474464,6.461324
2023-05-03T02:56:02,1329,3.849,27.17,45.59,0.02,6.42,102.34,1.14,1.14,2.955,12.14,30.35,62.474464,6.461324
2023-05-03T03:56:02,1330,3.821,27.14,45.58,0.02,6.4,102.29,1.17,1.17,2.962,12.23,30.58,62.474464,6.461324
2023-05-03T04:56:02,1331,3.829,27.16,45.59,0.02,6.41,102.34,1.16,1.16,2.966,12.21,30.53,62.474464,6.461324
2023-05-03T05:56:02,1332,3.845,27.17,45.59,0.02,6.42,102.36,1.15,1.15,2.968,12.2,30.49,62.474464,6.461324
2023-05-03T06:56:02,1333,3.846,27.16,45.57,0.02,6.42,102.36,1.16,1.16,2.974,12.19,30.49,62.474464,6.461324
2023-05-03T07:56:02,1334,3.849,27.17,45.59,0.02,6.42,102.36,1.15,1.15,2.985,12.17,30.43,62.474464,6.461324
2023-05-03T08:56:02,1335,3.855,27.17,45.58,0.02,6.42,102.4,1.17,1.17,2.987,12.18,30.45,62.474464,6.461324
2023-05-03T09:56:03,1336,3.877,27.19,45.58,0.02,6.44,102.47,1.12,1.12,2.987,12.16,30.4,62.474464,6.461324
2023-05-03T10:56:02,1337,3.848,27.17,45.59,0.02,6.41,102.35,1.17,1.17,2.993,12.19,30.48,62.474464,6.461324
2023-05-03T11:56:02,1338,3.969,27.26,45.56,0.02,6.41,102.7,1.16,1.16,2.996,12.02,30.05,62.474464,6.461324
2023-05-03T13:56:02,1339,3.992,27.28,45.57,0.02,6.44,102.76,1.14,1.14,2.881,12.05,30.11,62.474464,6.461324
2023-05-03T14:56:02,1340,3.858,27.17,45.57,0.02,6.4,102.43,1.15,1.15,2.884,12.22,30.56,62.474464,6.461324
2023-05-03T15:56:02,1341,3.896,27.19,45.55,0.02,6.41,102.52,1.14,1.14,2.884,12.18,30.46,62.474464,6.461324
2023-05-03T16:56:02,1342,3.951,27.26,45.59,0.02,6.41,102.69,1.15,1.15,2.885,12.07,30.18,62.474464,6.461324
2023-05-03T17:56:02,1343,3.934,27.23,45.57,0.02,6.42,102.62,1.14,1.14,2.89,12.12,30.31,62.474464,6.461324
2023-05-03T18:56:02,1344,3.939,27.23,45.56,0.02,6.41,102.63,1.16,1.16,2.891,12.11,30.28,62.474464,6.461324
2023-05-03T19:56:02,1345,3.953,27.25,45.56,0.02,6.41,102.66,1.15,1.15,2.892,12.08,30.2,62.474464,6.461324
2023-05-03T20:56:02,1346,3.907,27.21,45.57,0.02,6.4,102.59,1.14,1.14,2.898,12.12,30.29,62.474464,6.461324
2023-05-03T21:56:02,1347,3.878,27.19,45.57,0.02,6.4,102.46,1.19,1.19,2.899,12.18,30.44,62.474464,6.461324
2023-05-03T22:56:02,1348,3.881,27.19,45.57,0.02,6.41,102.54,1.16,1.16,2.9,12.18,30.46,62.474464,6.461324
2023-05-03T23:56:02,1349,3.883,27.19,45.57,0.02,6.42,102.51,1.11,1.11,2.901,12.15,30.38,62.474464,6.461324
2023-05-04T01:56:02,1350,3.976,27.24,45.51,0.02,6.42,102.81,1.18,1.18,2.952,12.15,30.38,62.474464,6.461324
2023-05-04T02:56:02,1351,3.961,27.22,45.52,0.02,6.41,102.73,1.15,1.15,2.952,12.17,30.44,62.474464,6.461324
2023-05-04T03:56:02,1352,3.983,27.23,45.49,0.02,6.41,102.77,1.15,1.15,2.954,12.15,30.38,62.474464,6.461324
2023-05-04T04:56:02,1353,3.969,27.22,45.49,0.02,6.41,102.77,1.13,1.13,2.953,12.15,30.38,62.474464,6.461324
2023-05-04T05:56:02,1354,3.889,27.16,45.5,0.02,6.41,102.58,1.14,1.14,2.953,12.18,30.44,62.474464,6.461324
2023-05-04T06:56:02,1355,3.831,27.1,45.5,0.02,6.41,102.45,1.12,1.12,2.952,12.19,30.48,62.474464,6.461324
2023-05-04T07:56:02,1356,3.881,27.14,45.49,0.02,6.41,102.59,1.11,1.11,2.951,12.18,30.44,62.474464,6.461324
2023-05-04T08:56:02,1357,3.919,27.18,45.51,0.02,6.41,102.67,1.18,1.18,2.949,12.12,30.3,62.474464,6.461324
2023-05-04T09:56:02,1358,3.958,27.22,45.5,0.02,6.41,102.77,1.15,1.15,2.949,12.08,30.21,62.474464,6.461324
2023-05-04T10:56:02,1359,3.952,27.21,45.51,0.02,6.4,102.74,1.13,1.13,2.952,12.16,30.39,62.474464,6.461324
2023-05-04T11:56:02,1360,4.036,27.25,45.45,0.02,6.4,102.94,1.16,1.16,2.946,12.08,30.2,62.474464,6.461324
2023-05-04T13:56:02,1361,3.972,27.23,45.51,0.02,6.39,102.79,1.13,1.13,2.896,12.14,30.35,62.474464,6.461324
2023-05-04T14:56:02,1362,4.047,27.29,45.5,0.02,6.39,102.98,1.14,1.14,2.894,12.09,30.22,62.474464,6.461324
2023-05-04T15:56:02,1363,4.026,27.28,45.51,0.02,6.39,102.86,1.11,1.11,2.89,12.09,30.22,62.474464,6.461324
2023-05-04T16:56:02,1364,4.048,27.31,45.53,0.02,6.39,102.97,1.13,1.13,2.886,12.04,30.09,62.474464,6.461324
2023-05-04T17:56:02,1365,4.039,27.3,45.53,0.02,6.4,102.93,1.12,1.12,2.885,12.05,30.13,62.474464,6.461324
2023-05-04T18:56:02,1366,4.017,27.29,45.54,0.02,6.41,102.87,1.16,1.16,2.879,12.06,30.15,62.474464,6.461324
2023-05-04T19:56:03,1367,4.008,27.28,45.54,0.02,6.41,102.86,1.14,1.14,2.876,12.08,30.21,62.474464,6.461324
2023-05-04T20:56:02,1368,4.006,27.28,45.55,0.02,6.41,102.86,1.13,1.13,2.879,12.06,30.13,62.474464,6.461324
2023-05-04T21:56:02,1369,3.998,27.27,45.54,0.02,6.42,102.85,1.11,1.11,2.881,12.1,30.24,62.474464,6.461324
2023-05-04T22:56:03,1370,3.986,27.26,45.54,0.02,6.42,102.8,1.11,1.11,2.879,12.11,30.26,62.474464,6.461324
2023-05-04T23:56:02,1371,3.936,27.22,45.54,0.02,6.42,102.72,1.15,1.15,2.88,12.14,30.35,62.474464,6.461324
2023-05-05T01:56:03,1372,3.939,27.23,45.55,0.02,6.42,102.71,1.14,1.14,2.985,12.12,30.29,62.474464,6.461324
2023-05-05T02:56:02,1373,3.967,27.24,45.52,0.02,6.42,102.82,1.13,1.13,2.985,12.12,30.3,62.474464,6.461324
2023-05-05T03:56:02,1374,3.942,27.24,45.56,0.02,6.42,102.75,1.13,1.13,2.986,12.14,30.34,62.474464,6.461324
2023-05-05T04:56:02,1375,3.925,27.23,45.58,0.02,6.41,102.62,1.14,1.14,2.982,12.16,30.4,62.474464,6.461324
2023-05-05T05:56:02,1376,3.913,27.18,45.51,0.02,6.41,102.64,1.12,1.12,2.983,12.18,30.45,62.474464,6.461324
2023-05-05T06:56:02,1377,3.887,27.18,45.55,0.02,6.4,102.55,1.13,1.13,2.983,12.14,30.35,62.474464,6.461324
2023-05-05T07:56:02,1378,3.926,27.21,45.54,0.02,6.4,102.7,1.11,1.11,2.981,12.13,30.33,62.474464,6.461324
2023-05-05T08:56:02,1379,3.949,27.22,45.52,0.02,6.4,102.75,1.12,1.12,2.981,12.07,30.16,62.474464,6.461324
2023-05-05T09:56:02,1380,3.981,27.24,45.52,0.02,6.4,102.83,1.11,1.11,2.98,12.09,30.23,62.474464,6.461324
2023-05-05T10:56:02,1381,4.014,27.27,45.51,0.02,6.44,102.91,1.11,1.11,2.978,12.05,30.13,62.474464,6.461324
2023-05-05T11:56:02,1382,4.007,27.25,45.49,0.02,6.44,102.84,1.14,1.14,2.977,12.1,30.26,62.474464,6.461324
2023-05-05T13:56:02,1383,4.044,27.29,45.5,0.02,6.45,103.0,1.16,1.16,2.881,12.13,30.32,62.474464,6.461324
2023-05-05T14:56:02,1384,4.166,27.42,45.54,0.02,6.42,103.34,1.12,1.12,2.879,11.93,29.81,62.474464,6.461324
2023-05-05T15:56:02,1385,4.251,27.48,45.52,0.02,6.43,103.48,1.1,1.1,2.878,11.88,29.69,62.474464,6.461324
2023-05-05T16:56:02,1386,4.261,27.49,45.52,0.02,6.41,103.49,1.13,1.13,2.871,11.92,29.78,62.474464,6.461324
2023-05-05T17:56:03,1387,4.185,27.41,45.5,0.02,6.44,103.41,1.1,1.1,2.865,11.98,29.94,62.474464,6.461324
2023-05-05T18:56:02,1388,4.284,27.5,45.5,0.02,6.4,103.61,1.12,1.12,2.863,11.89,29.72,62.474464,6.461324
2023-05-05T19:56:02,1389,4.428,27.61,45.47,0.02,6.38,103.99,1.09,1.09,2.865,11.81,29.5,62.474464,6.461324
2023-05-05T20:56:02,1390,4.452,27.64,45.49,0.02,6.42,104.1,1.08,1.08,2.863,11.73,29.32,62.474464,6.461324
2023-05-05T21:56:02,1391,4.43,27.61,45.48,0.02,6.43,104.05,1.11,1.11,2.862,11.75,29.37,62.474464,6.461324
2023-05-05T22:56:02,1392,4.374,27.56,45.47,0.02,6.43,103.91,1.12,1.12,2.86,11.82,29.54,62.474464,6.461324
2023-05-05T23:56:02,1393,4.378,27.57,45.48,0.02,6.43,103.89,1.12,1.12,2.857,11.82,29.52,62.474464,6.461324
2023-05-06T01:56:02,1394,4.337,27.55,45.51,0.02,6.43,103.73,1.12,1.12,2.936,11.82,29.53,62.474464,6.461324
2023-05-06T02:56:02,1395,4.266,27.48,45.49,0.02,6.43,103.57,1.13,1.13,2.937,11.86,29.65,62.474464,6.461324
2023-05-06T03:56:02,1396,4.141,27.39,45.52,0.02,6.42,103.24,1.17,1.17,2.936,11.96,29.89,62.474464,6.461324
2023-05-06T04:56:02,1397,4.14,27.38,45.52,0.02,6.42,103.26,1.12,1.12,2.893,12.04,30.09,62.474464,6.461324
2023-05-06T05:56:02,1398,4.125,27.37,45.52,0.02,6.42,103.29,1.12,1.12,2.891,12.0,29.99,62.474464,6.461324
2023-05-06T06:56:02,1399,4.178,27.41,45.5,0.02,6.42,103.39,1.13,1.13,2.89,11.86,29.64,62.474464,6.461324
2023-05-06T07:56:02,1400,4.265,27.48,45.5,0.02,6.43,103.62,1.14,1.14,2.889,11.86,29.63,62.474464,6.461324
2023-05-06T08:56:02,1401,4.276,27.49,45.5,0.02,6.42,103.63,1.12,1.12,2.887,11.82,29.52,62.474464,6.461324
2023-05-06T09:56:02,1402,4.315,27.52,45.49,0.02,6.45,103.76,1.14,1.14,3.067,11.78,29.44,62.474464,6.461324
2023-05-06T10:56:02,1403,4.313,27.5,45.47,0.02,6.43,103.79,1.1,1.1,3.064,11.84,29.59,62.474464,6.461324
2023-05-06T11:56:02,1404,4.312,27.49,45.45,0.02,6.43,103.87,1.1,1.1,3.062,11.88,29.69,62.474464,6.461324
2023-05-06T13:56:02,1405,4.339,27.52,45.46,0.02,6.45,103.91,1.1,1.1,2.98,11.9,29.74,62.474464,6.461324
2023-05-06T14:56:02,1406,4.367,27.54,45.45,0.02,6.43,104.02,1.1,1.1,2.98,11.87,29.67,62.474464,6.461324
2023-05-06T15:56:02,1407,4.447,27.62,45.47,0.02,6.43,104.25,1.12,1.12,2.978,11.77,29.41,62.474464,6.461324
2023-05-06T16:56:02,1408,4.489,27.63,45.42,0.02,6.44,104.41,1.07,1.07,2.976,11.88,29.68,62.474464,6.461324
2023-05-06T17:56:02,1409,4.676,27.8,45.43,0.02,6.43,104.89,1.08,1.08,2.973,11.71,29.24,62.474464,6.461324
2023-05-06T18:56:02,1410,4.694,27.83,45.46,0.02,6.44,104.92,1.07,1.07,2.974,11.68,29.18,62.474464,6.461324
2023-05-06T19:56:03,1411,4.61,27.76,45.47,0.02,6.44,104.72,1.08,1.08,2.972,11.68,29.18,62.474464,6.461324
2023-05-06T20:56:02,1412,4.373,27.57,45.49,0.02,6.44,104.18,1.08,1.08,2.974,11.88,29.69,62.474464,6.461324
2023-05-06T21:56:02,1413,4.282,27.49,45.48,0.02,6.44,103.89,1.12,1.12,2.976,11.96,29.88,62.474464,6.461324
2023-05-06T22:56:02,1414,4.22,27.44,45.5,0.02,6.44,103.75,1.1,1.1,2.928,11.99,29.97,62.474464,6.461324
2023-05-06T23:56:02,1415,4.244,27.46,45.5,0.02,6.44,103.77,1.14,1.14,2.928,12.0,29.98,62.474464,6.461324
2023-05-07T01:56:02,1416,4.443,27.62,45.48,0.02,6.44,104.34,1.1,1.1,2.941,11.84,29.59,62.474464,6.461324
2023-05-07T02:56:02,1417,4.363,27.56,45.49,0.02,6.44,104.13,1.08,1.08,2.944,11.88,29.68,62.474464,6.461324
2023-05-07T03:56:02,1418,4.443,27.6,45.44,0.02,6.44,104.23,1.14,1.14,2.943,11.83,29.57,62.474464,6.461324
2023-05-07T04:56:02,1419,4.509,27.69,45.5,0.02,6.44,104.57,1.13,1.13,2.947,11.84,29.58,62.474464,6.461324
2023-05-07T05:56:02,1420,4.658,27.8,45.46,0.02,6.45,104.87,1.09,1.09,2.948,11.71,29.25,62.474464,6.461324
2023-05-07T06:56:02,1421,4.621,27.77,45.46,0.02,6.43,104.67,1.07,1.07,2.948,11.78,29.43,62.474464,6.461324
2023-05-07T07:56:02,1422,4.544,27.71,45.48,0.02,6.44,104.55,1.07,1.07,2.951,11.75,29.34,62.474464,6.461324
2023-05-07T08:56:02,1423,4.386,27.59,45.51,0.02,6.44,104.08,1.18,1.18,2.953,11.85,29.6,62.474464,6.461324
2023-05-07T09:56:02,1424,4.349,27.54,45.47,0.02,6.45,104.01,1.11,1.11,2.952,11.83,29.57,62.474464,6.461324
2023-05-07T10:56:03,1425,4.273,27.48,45.49,0.02,6.45,103.83,1.08,1.08,2.948,11.93,29.81,62.474464,6.461324
2023-05-07T11:56:02,1426,4.322,27.52,45.49,0.02,6.43,103.98,1.09,1.09,2.951,11.86,29.63,62.474464,6.461324
2023-05-07T13:56:02,1427,4.424,27.62,45.5,0.02,6.46,104.37,1.12,1.12,2.948,11.93,29.8,62.474464,6.461324
2023-05-07T14:56:02,1428,4.697,27.83,45.46,0.02,6.47,105.17,1.1,1.1,2.946,11.76,29.38,62.474464,6.461324
2023-05-07T15:56:02,1429,4.69,27.82,45.45,0.02,6.46,105.16,1.11,1.11,2.949,11.75,29.35,62.474464,6.461324
2023-05-07T16:56:03,1430,4.752,27.86,45.44,0.02,6.45,105.36,1.07,1.07,2.945,11.81,29.51,62.474464,6.461324
2023-05-07T17:56:02,1431,4.769,27.89,45.45,0.02,6.44,105.39,1.1,1.1,2.947,11.76,29.37,62.474464,6.461324
2023-05-07T18:56:02,1432,4.73,27.86,45.46,0.02,6.43,105.32,1.06,1.06,2.948,11.76,29.38,62.474464,6.461324
2023-05-07T19:56:02,1433,5.296,28.34,45.44,0.02,6.44,106.24,1.09,1.09,2.946,11.46,28.63,62.474464,6.461324
2023-05-07T20:56:02,1434,5.105,28.19,45.46,0.02,6.44,105.92,1.11,1.11,2.948,11.54,28.83,62.474464,6.461324
2023-05-07T21:56:02,1435,6.065,28.87,45.23,0.02,6.45,107.93,1.06,1.06,2.944,11.18,27.9,62.474464,6.461324
2023-05-07T22:56:02,1436,4.843,27.92,45.4,0.02,6.45,105.51,1.08,1.08,2.946,11.72,29.29,62.474464,6.461324
2023-05-07T23:56:02,1437,4.734,27.85,45.44,0.02,6.45,105.15,1.1,1.1,2.948,11.78,29.43,62.474464,6.461324
2023-05-08T01:56:02,1438,5.077,28.15,45.44,0.02,6.45,106.01,1.12,1.12,2.938,11.64,29.09,62.474464,6.461324
2023-05-08T02:56:02,1439,4.973,28.05,45.42,0.02,6.45,105.57,1.07,1.07,2.935,11.64,29.07,62.474464,6.461324
2023-05-08T03:56:02,1440,5.066,28.14,45.44,0.02,6.45,105.77,1.09,1.09,2.931,11.61,29.0,62.474464,6.461324
2023-05-08T04:56:02,1441,6.055,28.97,45.4,0.02,6.44,107.56,1.03,1.03,2.931,11.09,27.67,62.474464,6.461324
2023-05-08T05:56:02,1442,5.632,28.02,44.47,0.02,6.43,106.87,1.58,1.58,2.923,11.38,28.41,62.474464,6.461324
2023-05-08T06:56:02,1443,5.187,28.24,45.43,0.02,6.44,106.06,1.1,1.1,2.918,11.58,28.92,62.474464,6.461324
2023-05-08T07:56:02,1444,4.837,27.95,45.45,0.02,6.43,105.41,1.1,1.1,2.917,11.74,29.33,62.474464,6.461324
2023-05-08T08:56:03,1445,4.676,27.81,45.45,0.02,6.43,105.05,1.11,1.11,2.909,11.84,29.59,62.474464,6.461324
2023-05-08T09:56:02,1446,4.691,27.83,45.47,0.02,6.42,104.96,1.12,1.12,2.899,11.84,29.58,62.474464,6.461324
2023-05-08T10:56:02,1447,5.217,28.25,45.41,0.02,6.43,105.98,1.11,1.11,2.897,11.55,28.84,62.474464,6.461324
2023-05-08T11:56:02,1448,5.175,28.2,45.39,0.02,6.43,105.93,1.1,1.1,2.891,11.56,28.86,62.474464,6.461324
2023-05-08T13:56:02,1449,4.703,27.85,45.49,0.02,6.44,104.91,1.12,1.12,2.922,11.78,29.44,62.474464,6.461324
2023-05-08T14:56:02,1450,4.423,27.6,45.48,0.02,6.44,104.46,1.14,1.14,2.916,11.94,29.85,62.474464,6.461324
2023-05-08T15:56:02,1451,4.512,27.67,45.46,0.02,6.44,104.38,1.1,1.1,2.91,11.94,29.83,62.474464,6.461324
2023-05-08T16:56:02,1452,5.27,28.18,45.23,0.02,6.48,106.3,1.09,1.09,2.908,11.58,28.93,62.474464,6.461324
2023-05-08T17:56:02,1453,4.645,27.78,45.45,0.02,6.45,104.88,1.13,1.13,2.899,11.81,29.51,62.474464,6.461324
2023-05-08T18:56:02,1454,5.406,28.28,45.2,0.02,6.47,106.55,1.08,1.08,2.895,11.57,28.9,62.474464,6.461324
2023-05-08T19:56:02,1455,5.484,28.42,45.31,0.02,6.47,106.69,1.07,1.07,2.891,11.39,28.44,62.474464,6.461324
2023-05-08T20:56:03,1456,5.366,28.32,45.32,0.02,6.47,106.46,1.1,1.1,2.897,11.56,28.89,62.474464,6.461324
2023-05-08T21:56:02,1457,5.128,28.14,45.36,0.02,6.46,105.95,1.09,1.09,2.887,11.67,29.15,62.474464,6.461324
2023-05-08T22:56:02,1458,4.952,28.0,45.38,0.02,6.46,105.5,1.12,1.12,2.88,11.66,29.13,62.474464,6.461324
2023-05-08T23:56:02,1459,5.023,28.07,45.39,0.02,6.46,105.75,1.1,1.1,2.873,11.66,29.12,62.474464,6.461324
2023-05-09T01:56:03,1460,5.033,28.09,45.41,0.02,6.46,105.79,1.1,1.1,2.963,11.62,29.02,62.474464,6.461324
2023-05-09T02:56:02,1461,5.028,28.06,45.37,0.02,6.46,105.74,1.13,1.13,2.953,11.71,29.25,62.474464,6.461324
2023-05-09T03:56:02,1462,5.108,28.14,45.38,0.02,6.46,105.88,1.12,1.12,2.943,11.66,29.14,62.474464,6.461324
2023-05-09T04:56:02,1463,5.03,28.09,45.42,0.02,6.46,105.69,1.14,1.14,2.937,11.65,29.09,62.474464,6.461324
2023-05-09T05:56:02,1464,5.042,28.08,45.39,0.02,6.46,105.71,1.09,1.09,2.928,11.69,29.21,62.474464,6.461324
2023-05-09T06:56:02,1465,5.195,27.62,44.43,0.02,6.44,106.06,1.57,1.57,2.919,11.56,28.88,62.474464,6.461324
2023-05-09T07:56:03,1466,5.035,28.06,45.35,0.02,6.46,105.92,1.14,1.14,2.913,11.73,29.32,62.474464,6.461324
2023-05-09T08:56:03,1467,4.984,28.03,45.37,0.02,6.44,105.66,1.1,1.1,2.915,11.71,29.26,62.474464,6.461324
2023-05-09T09:56:02,1468,5.012,28.05,45.38,0.02,6.45,105.78,1.08,1.08,2.914,11.71,29.26,62.474464,6.461324
2023-05-09T10:56:02,1469,4.838,27.92,45.4,0.02,6.44,105.45,1.13,1.13,2.915,11.8,29.49,62.474464,6.461324
2023-05-09T11:56:02,1470,4.905,27.98,45.4,0.02,6.45,105.63,1.14,1.14,2.911,11.78,29.44,62.474464,6.461324
2023-05-09T13:56:02,1471,5.112,28.1,45.32,0.02,6.44,105.83,1.09,1.09,2.931,11.69,29.2,62.474464,6.461324
2023-05-09T14:56:02,1472,5.007,28.06,45.39,0.02,6.45,105.59,1.12,1.12,2.926,11.67,29.15,62.474464,6.461324
2023-05-09T15:56:02,1473,5.233,28.22,45.33,0.02,6.45,106.14,1.13,1.13,2.923,11.58,28.92,62.474464,6.461324
2023-05-09T16:56:02,1474,5.467,28.4,45.3,0.02,6.47,106.74,1.1,1.1,2.92,11.53,28.79,62.474464,6.461324
2023-05-09T17:56:02,1475,5.685,28.58,45.29,0.02,6.48,107.23,1.1,1.1,2.923,11.42,28.52,62.474464,6.461324
2023-05-09T18:56:03,1476,5.653,28.58,45.32,0.02,6.48,107.13,1.12,1.12,2.933,11.44,28.56,62.474464,6.461324
2023-05-09T19:56:02,1477,5.654,28.0,44.41,0.02,6.48,107.09,1.58,1.58,2.925,11.4,28.46,62.474464,6.461324
2023-05-09T20:56:02,1478,5.586,28.52,45.33,0.02,6.49,107.02,1.09,1.09,2.922,11.45,28.58,62.474464,6.461324
2023-05-09T21:56:02,1479,5.472,27.64,44.08,0.02,6.47,106.77,1.59,1.59,2.914,11.48,28.66,62.474464,6.461324
2023-05-09T22:56:02,1480,5.188,28.19,45.35,0.02,6.45,106.08,1.09,1.09,2.919,11.58,28.92,62.474464,6.461324
2023-05-09T23:56:02,1481,5.259,28.27,45.38,0.02,6.44,106.1,1.1,1.1,2.917,11.6,28.98,62.474464,6.461324
2023-05-10T01:56:02,1482,5.305,28.25,45.29,0.02,6.46,106.18,1.12,1.12,2.941,11.62,29.03,62.474464,6.461324
2023-05-10T02:56:03,1483,5.476,28.44,45.36,0.02,6.47,106.65,1.13,1.13,2.954,11.48,28.68,62.474464,6.461324
2023-05-10T03:56:02,1484,5.483,28.47,45.38,0.02,6.47,106.54,1.1,1.1,2.946,11.54,28.82,62.474464,6.461324
2023-05-10T04:56:02,1485,5.58,28.55,45.39,0.02,6.47,106.86,1.11,1.11,2.946,11.48,28.66,62.474464,6.461324
2023-05-10T05:56:02,1486,5.53,28.5,45.37,0.02,6.46,106.76,1.12,1.12,2.942,11.52,28.77,62.474464,6.461324
2023-05-10T06:56:02,1487,5.091,28.13,45.4,0.02,6.44,105.69,1.11,1.11,2.945,11.7,29.23,62.474464,6.461324
2023-05-10T07:56:02,1488,5.141,28.2,45.43,0.02,6.45,105.8,1.13,1.13,2.95,11.62,29.03,62.474464,6.461324
2023-05-10T08:56:02,1489,5.278,28.27,45.35,0.02,6.46,106.04,1.14,1.14,2.954,11.62,29.03,62.474464,6.461324
2023-05-10T09:56:02,1490,5.524,28.49,45.36,0.02,6.47,106.59,1.15,1.15,2.96,11.47,28.64,62.474464,6.461324
2023-05-10T10:56:02,1491,5.405,28.41,45.4,0.02,6.47,106.47,1.15,1.15,2.959,11.58,28.91,62.474464,6.461324
2023-05-10T11:56:02,1492,5.284,28.28,45.36,0.02,6.47,106.19,1.13,1.13,2.96,11.61,29.01,62.474464,6.461324
2023-05-10T13:56:02,1493,5.273,28.28,45.38,0.02,6.47,106.32,1.13,1.13,2.976,11.63,29.04,62.474464,6.461324
2023-05-10T14:56:02,1494,5.758,28.69,45.36,0.02,6.49,107.44,1.12,1.12,2.985,11.36,28.37,62.474464,6.461324
2023-05-10T15:56:02,1495,5.9,28.8,45.34,0.02,6.48,107.74,1.1,1.1,2.991,11.3,28.22,62.474464,6.461324
2023-05-10T16:56:02,1496,5.944,28.83,45.33,0.02,6.48,107.8,1.12,1.12,2.999,11.33,28.28,62.474464,6.461324
2023-05-10T17:56:02,1497,5.966,28.85,45.33,0.02,6.48,107.8,1.08,1.08,2.999,11.3,28.22,62.474464,6.461324
2023-05-10T18:56:02,1498,6.013,28.9,45.34,0.02,6.49,108.05,1.14,1.14,3.005,11.24,28.06,62.474464,6.461324
2023-05-10T19:56:02,1499,6.188,29.02,45.3,0.02,6.5,108.5,1.1,1.1,3.005,11.22,28.01,62.474464,6.461324
2023-05-10T20:56:02,1500,6.014,28.84,45.24,0.02,6.5,108.17,1.08,1.08,3.013,11.38,28.42,62.474464,6.461324
2023-05-10T21:56:02,1501,5.963,28.77,45.2,0.02,6.5,108.04,1.11,1.11,3.011,11.44,28.57,62.474464,6.461324
2023-05-10T22:56:02,1502,5.991,28.87,45.32,0.02,6.5,108.03,1.11,1.11,3.021,11.3,28.2,62.474464,6.461324
2023-05-10T23:56:02,1503,5.936,28.84,45.35,0.02,6.5,107.95,1.12,1.12,3.021,11.34,28.31,62.474464,6.461324
2023-05-11T01:56:02,1504,6.008,28.88,45.33,0.02,6.49,108.13,1.09,1.09,2.94,11.33,28.3,62.474464,6.461324
2023-05-11T02:56:02,1505,5.925,28.83,45.35,0.02,6.48,107.89,1.12,1.12,2.944,11.31,28.24,62.474464,6.461324
2023-05-11T03:56:03,1506,5.908,28.81,45.35,0.02,6.48,107.82,1.1,1.1,2.957,11.37,28.4,62.474464,6.461324
2023-05-11T04:56:02,1507,5.936,28.83,45.34,0.02,6.47,107.79,1.11,1.11,2.946,11.34,28.32,62.474464,6.461324
2023-05-11T05:56:02,1508,5.661,28.61,45.36,0.02,6.48,107.27,1.13,1.13,2.945,11.46,28.61,62.474464,6.461324
2023-05-11T06:56:02,1509,5.839,28.76,45.35,0.02,6.48,107.63,1.12,1.12,2.954,11.34,28.31,62.474464,6.461324
2023-05-11T07:56:02,1510,5.811,28.73,45.36,0.02,6.48,107.64,1.15,1.15,2.961,11.41,28.5,62.474464,6.461324
2023-05-11T08:56:02,1511,5.879,28.78,45.34,0.02,6.49,107.76,1.12,1.12,2.969,11.39,28.45,62.474464,6.461324
2023-05-11T09:56:02,1512,5.98,28.86,45.33,0.02,6.49,108.0,1.15,1.15,2.975,11.31,28.23,62.474464,6.461324
2023-05-11T10:56:02,1513,6.011,28.89,45.33,0.02,6.5,108.21,1.13,1.13,2.98,11.31,28.24,62.474464,6.461324
2023-05-11T11:56:02,1514,5.986,28.87,45.33,0.02,6.5,108.11,1.13,1.13,2.988,11.25,28.1,62.474464,6.461324
2023-05-11T13:56:02,1515,5.773,28.71,45.37,0.02,6.49,107.73,1.1,1.1,2.924,11.39,28.43,62.474464,6.461324
2023-05-11T14:56:02,1516,5.921,28.82,45.34,0.02,6.5,108.09,1.12,1.12,2.93,11.39,28.43,62.474464,6.461324
2023-05-11T15:56:02,1517,5.838,28.75,45.35,0.02,6.5,107.93,1.14,1.14,2.938,11.37,28.4,62.474464,6.461324
2023-05-11T16:56:02,1518,5.788,28.75,45.42,0.02,6.51,107.83,1.16,1.16,2.941,11.38,28.42,62.474464,6.461324
2023-05-11T17:56:02,1519,5.986,28.86,45.32,0.02,6.51,108.3,1.1,1.1,2.942,11.33,28.28,62.474464,6.461324
2023-05-11T18:56:02,1520,6.021,28.89,45.32,0.02,6.52,108.47,1.12,1.12,2.955,11.33,28.29,62.474464,6.461324
2023-05-11T19:56:02,1521,6.028,28.9,45.32,0.02,6.52,108.53,1.13,1.13,2.958,11.29,28.2,62.474464,6.461324
2023-05-11T20:56:03,1522,6.086,28.94,45.31,0.02,6.52,108.62,1.13,1.13,2.976,11.28,28.17,62.474464,6.461324
2023-05-11T21:56:02,1523,6.147,29.0,45.32,0.02,6.52,108.69,1.13,1.13,2.969,11.25,28.1,62.474464,6.461324
2023-05-11T22:56:02,1524,6.041,28.91,45.33,0.02,6.51,108.44,1.16,1.16,2.973,11.28,28.16,62.474464,6.461324
2023-05-11T23:56:02,1525,6.013,28.9,45.34,0.02,6.51,108.28,1.14,1.14,2.976,11.24,28.06,62.474464,6.461324
2023-05-12T01:56:02,1526,6.038,28.91,45.33,0.02,6.5,108.27,1.13,1.13,2.947,11.23,28.04,62.474464,6.461324
2023-05-12T02:56:02,1527,6.041,28.91,45.32,0.02,6.5,108.33,1.09,1.09,2.95,11.3,28.21,62.474464,6.461324
2023-05-12T03:56:02,1528,6.025,28.91,45.35,0.02,6.51,108.26,1.13,1.13,2.95,11.32,28.25,62.474464,6.461324
2023-05-12T04:56:02,1529,6.011,28.89,45.33,0.02,6.5,108.28,1.12,1.12,2.952,11.32,28.26,62.474464,6.461324
2023-05-12T05:56:02,1530,6.049,28.91,45.31,0.02,6.51,108.36,1.11,1.11,2.956,11.3,28.21,62.474464,6.461324
2023-05-12T06:56:02,1531,5.994,28.87,45.32,0.02,6.53,108.35,1.14,1.14,2.961,11.36,28.37,62.474464,6.461324
2023-05-12T07:56:02,1532,6.044,28.91,45.32,0.02,6.51,108.4,1.13,1.13,2.959,11.27,28.14,62.474464,6.461324
2023-05-12T08:56:02,1533,5.985,28.86,45.31,0.02,6.51,108.35,1.13,1.13,2.963,11.37,28.39,62.474464,6.461324
2023-05-12T09:56:03,1534,5.918,28.81,45.34,0.02,6.51,108.2,1.14,1.14,2.975,11.36,28.35,62.474464,6.461324
2023-05-12T10:56:02,1535,5.986,28.85,45.31,0.02,6.52,108.38,1.13,1.13,2.972,11.38,28.42,62.474464,6.461324
2023-05-12T11:56:02,1536,6.082,28.94,45.32,0.02,6.52,108.57,1.1,1.1,2.975,11.34,28.32,62.474464,6.461324
2023-05-12T13:56:02,1537,6.181,29.03,45.32,0.02,6.52,108.84,1.11,1.11,2.893,11.29,28.19,62.474464,6.461324
2023-05-12T14:56:02,1538,6.172,29.03,45.33,0.02,6.52,108.91,1.15,1.15,2.897,11.29,28.18,62.474464,6.461324
2023-05-12T15:56:03,1539,6.297,29.18,45.4,0.02,6.52,109.27,1.11,1.11,2.91,11.16,27.86,62.474464,6.461324
2023-05-12T16:56:03,1540,6.265,29.07,45.27,0.02,6.52,109.03,1.12,1.12,2.896,11.24,28.06,62.474464,6.461324
2023-05-12T17:56:02,1541,6.42,29.24,45.33,0.02,6.53,109.43,1.12,1.12,2.903,11.17,27.89,62.474464,6.461324
2023-05-12T18:56:02,1542,6.412,29.21,45.29,0.02,6.52,109.48,1.13,1.13,2.899,11.15,27.84,62.474464,6.461324
2023-05-12T19:56:03,1543,6.392,29.21,45.31,0.02,6.53,109.43,1.14,1.14,2.908,11.18,27.9,62.474464,6.461324
2023-05-12T20:56:02,1544,5.822,28.71,45.3,0.02,6.51,108.4,1.11,1.11,2.899,11.49,28.69,62.474464,6.461324
2023-05-12T21:56:02,1545,5.539,27.92,44.44,0.02,6.49,107.57,1.62,1.62,2.898,11.6,28.97,62.474464,6.461324
2023-05-12T22:56:02,1546,5.653,28.59,45.35,0.02,6.5,107.83,1.13,1.13,2.898,11.58,28.91,62.474464,6.461324
2023-05-12T23:56:02,1547,6.223,29.05,45.3,0.02,6.52,108.92,1.15,1.15,2.904,11.26,28.1,62.474464,6.461324
2023-05-13T01:56:02,1548,5.695,28.63,45.35,0.02,6.5,107.84,1.14,1.14,2.925,11.55,28.86,62.474464,6.461324
2023-05-13T02:56:02,1549,6.058,28.91,45.3,0.02,6.51,108.69,1.16,1.16,2.934,11.37,28.4,62.474464,6.461324
2023-05-13T03:56:02,1550,5.934,28.82,45.32,0.02,6.51,108.51,1.13,1.13,2.924,11.37,28.4,62.474464,6.461324
2023-05-13T04:56:02,1551,5.645,28.03,44.46,0.02,6.49,107.85,1.62,1.62,2.925,11.52,28.78,62.474464,6.461324
2023-05-13T05:56:02,1552,5.946,28.85,45.36,0.02,6.51,108.31,1.13,1.13,2.927,11.39,28.45,62.474464,6.461324
2023-05-13T06:56:02,1553,6.241,29.07,45.3,0.02,6.51,108.96,1.12,1.12,2.927,11.29,28.18,62.474464,6.461324
2023-05-13T07:56:02,1554,6.393,29.19,45.28,0.02,6.51,109.4,1.09,1.09,2.93,11.22,28.01,62.474464,6.461324
2023-05-13T08:56:02,1555,5.678,28.6,45.33,0.02,6.5,107.98,1.17,1.17,2.928,11.52,28.76,62.474464,6.461324
2023-05-13T09:56:02,1556,5.463,27.85,44.43,0.02,6.49,107.38,1.63,1.63,2.923,11.56,28.89,62.474464,6.461324
2023-05-13T10:56:03,1557,5.528,28.47,45.32,0.02,6.51,107.67,1.17,1.17,2.935,11.6,28.98,62.474464,6.461324
2023-05-13T11:56:02,1558,5.643,28.57,45.34,0.02,6.51,107.92,1.15,1.15,2.922,11.52,28.78,62.474464,6.461324
2023-05-13T13:56:02,1559,6.242,29.07,45.29,0.02,6.56,109.4,1.1,1.1,2.879,11.29,28.19,62.474464,6.461324
2023-05-13T14:56:02,1560,6.124,28.97,45.3,0.02,6.52,109.27,1.13,1.13,2.879,11.33,28.28,62.474464,6.461324
2023-05-13T15:56:03,1561,5.799,28.7,45.32,0.02,6.52,108.48,1.16,1.16,2.876,11.5,28.73,62.474464,6.461324
2023-05-13T16:56:02,1562,5.58,28.4,45.15,0.02,6.5,107.66,1.15,1.15,2.867,11.66,29.12,62.474464,6.461324
2023-05-13T17:56:02,1563,6.546,29.3,45.25,0.02,6.53,110.12,1.12,1.12,2.859,11.13,27.77,62.474464,6.461324
2023-05-13T18:56:02,1564,6.647,29.4,45.28,0.02,6.53,110.26,1.11,1.11,2.864,11.03,27.52,62.474464,6.461324
2023-05-13T19:56:02,1565,6.632,29.37,45.24,0.02,6.54,110.09,1.14,1.14,2.865,11.08,27.65,62.474464,6.461324
2023-05-13T20:56:02,1566,6.813,29.53,45.24,0.02,6.53,110.38,1.15,1.15,2.859,10.99,27.41,62.474464,6.461324
2023-05-13T21:56:02,1567,6.826,29.53,45.24,0.02,6.52,110.32,1.09,1.09,2.858,11.0,27.44,62.474464,6.461324
2023-05-13T22:56:02,1568,6.649,29.39,45.25,0.02,6.52,109.94,1.1,1.1,2.851,11.08,27.64,62.474464,6.461324
2023-05-13T23:56:02,1569,6.639,29.38,45.25,0.02,6.52,109.84,1.1,1.1,2.846,11.09,27.67,62.474464,6.461324
2023-05-14T01:56:02,1570,6.212,29.0,45.23,0.02,6.5,108.79,1.15,1.15,2.965,11.28,28.17,62.474464,6.461324
2023-05-14T02:56:02,1571,6.201,29.07,45.36,0.02,6.51,109.05,1.13,1.13,2.97,11.25,28.08,62.474464,6.461324
2023-05-14T03:56:02,1572,6.37,29.18,45.29,0.02,6.52,109.17,1.13,1.13,2.964,11.21,27.98,62.474464,6.461324
2023-05-14T04:56:02,1573,6.276,29.13,45.34,0.02,6.52,108.99,1.11,1.11,2.958,11.26,28.11,62.474464,6.461324
2023-05-14T05:56:02,1574,6.225,29.03,45.26,0.02,6.52,108.92,1.15,1.15,2.952,11.32,28.26,62.474464,6.461324
2023-05-14T06:56:02,1575,6.671,29.41,45.25,0.02,6.54,109.96,1.14,1.14,2.949,11.12,27.76,62.474464,6.461324
2023-05-14T07:56:02,1576,6.59,29.34,45.26,0.02,6.55,109.85,1.12,1.12,2.944,11.17,27.88,62.474464,6.461324
2023-05-14T08:56:02,1577,6.388,29.18,45.28,0.02,6.55,109.66,1.14,1.14,2.937,11.23,28.04,62.474464,6.461324
2023-05-14T09:56:02,1578,6.487,29.26,45.27,0.02,6.55,109.81,1.14,1.14,2.931,11.23,28.04,62.474464,6.461324
2023-05-14T10:56:02,1579,6.535,29.29,45.26,0.02,6.54,109.9,1.15,1.15,2.923,11.2,27.97,62.474464,6.461324
2023-05-14T11:56:02,1580,6.648,29.34,45.17,0.02,6.53,110.0,1.05,1.05,2.916,11.2,27.94,62.474464,6.461324
2023-05-14T13:56:02,1581,6.269,29.08,45.27,0.02,6.49,109.24,1.15,1.15,2.88,11.3,28.22,62.474464,6.461324
2023-05-14T14:56:02,1582,6.867,29.56,45.22,0.02,6.52,110.78,1.09,1.09,2.881,11.08,27.65,62.474464,6.461324
2023-05-14T15:56:02,1583,7.073,29.7,45.17,0.02,6.53,111.06,1.09,1.09,2.878,11.01,27.47,62.474464,6.461324
2023-05-14T16:56:02,1584,7.153,29.72,45.09,0.02,6.53,110.74,1.09,1.09,2.871,10.94,27.29,62.474464,6.461324
2023-05-14T17:56:02,1585,7.016,29.7,45.23,0.02,6.54,111.0,1.12,1.12,2.863,10.98,27.39,62.474464,6.461324
2023-05-14T18:56:03,1586,7.286,29.9,45.19,0.02,6.55,111.44,1.09,1.09,2.88,10.82,26.98,62.474464,6.461324
2023-05-14T19:56:02,1587,7.367,29.97,45.19,0.02,6.56,111.49,1.1,1.1,2.871,10.77,26.86,62.474464,6.461324
2023-05-14T20:56:02,1588,7.235,29.86,45.19,0.02,6.55,111.43,1.1,1.1,2.865,10.85,27.07,62.474464,6.461324
2023-05-14T21:56:03,1589,7.313,29.94,45.22,0.02,6.55,111.56,1.09,1.09,2.87,10.83,27.01,62.474464,6.461324
2023-05-14T22:56:02,1590,6.823,29.52,45.22,0.02,6.56,110.72,1.14,1.14,2.855,11.05,27.57,62.474464,6.461324
2023-05-14T23:56:02,1591,6.854,29.55,45.22,0.02,6.56,110.76,1.13,1.13,2.854,10.99,27.43,62.474464,6.461324
2023-05-15T01:56:02,1592,7.302,29.91,45.19,0.02,6.53,111.19,1.12,1.12,2.965,10.85,27.06,62.474464,6.461324
2023-05-15T02:56:02,1593,7.253,29.88,45.2,0.02,6.55,111.31,1.13,1.13,2.962,10.85,27.05,62.474464,6.461324
2023-05-15T03:56:02,1594,7.432,30.07,45.26,0.02,6.54,111.32,1.11,1.11,2.963,10.8,26.95,62.474464,6.461324
2023-05-15T04:56:02,1595,7.469,30.07,45.21,0.02,6.54,111.24,1.07,1.07,2.959,10.8,26.95,62.474464,6.461324
2023-05-15T05:56:02,1596,7.13,29.74,45.14,0.02,6.53,110.84,1.33,1.33,2.962,11.04,27.55,62.474464,6.461324
2023-05-15T06:56:02,1597,7.068,29.7,45.17,0.02,6.51,110.76,1.11,1.11,2.964,11.05,27.56,62.474464,6.461324
2023-05-15T07:56:02,1598,6.889,29.57,45.21,0.02,6.53,110.43,1.1,1.1,2.972,11.11,27.72,62.474464,6.461324
2023-05-15T08:56:02,1599,6.811,29.54,45.27,0.02,6.52,110.31,1.12,1.12,2.967,11.06,27.6,62.474464,6.461324
2023-05-15T16:56:02,1606,7.61,30.13,45.12,0.02,6.56,111.54,1.07,1.07,2.909,10.77,26.87,62.474464,6.461324
2023-05-15T17:56:02,1607,7.528,30.03,45.07,0.02,6.54,111.19,1.13,1.13,2.915,10.85,27.06,62.474464,6.461324
2023-05-15T18:56:02,1608,7.515,30.07,45.15,0.02,6.54,111.29,1.11,1.11,2.913,10.84,27.04,62.474464,6.461324
2023-05-15T19:56:02,1609,7.822,30.33,45.13,0.02,6.56,111.97,1.1,1.1,2.914,10.66,26.59,62.474464,6.461324
2023-05-15T20:56:02,1610,7.85,30.33,45.11,0.02,6.58,111.87,1.09,1.09,2.914,10.62,26.47,62.474464,6.461324
2023-05-15T21:56:02,1611,7.842,30.34,45.12,0.02,6.58,111.88,1.14,1.14,2.909,10.61,26.45,62.474464,6.461324
2023-05-15T22:56:02,1612,7.875,30.36,45.12,0.02,6.58,111.92,1.11,1.11,2.913,10.65,26.56,62.474464,6.461324
2023-05-15T23:56:02,1613,7.408,30.02,45.22,0.02,6.53,111.14,1.14,1.14,2.907,10.88,27.14,62.474464,6.461324
2023-05-16T01:56:02,1614,7.894,30.39,45.14,0.02,6.54,111.81,1.09,1.09,2.959,10.63,26.5,62.474464,6.461324
2023-05-16T02:56:02,1615,7.7,30.21,45.12,0.02,6.56,111.7,1.11,1.11,2.957,10.7,26.68,62.474464,6.461324
2023-05-16T03:56:02,1616,7.612,30.14,45.13,0.02,6.56,111.41,1.09,1.09,2.951,10.77,26.85,62.474464,6.461324
2023-05-16T04:56:02,1617,7.621,30.16,45.14,0.02,6.57,111.29,1.12,1.12,2.941,10.7,26.68,62.474464,6.461324
2023-05-16T05:56:02,1618,7.62,30.15,45.13,0.02,6.57,111.41,1.1,1.1,2.932,10.74,26.78,62.474464,6.461324
2023-05-16T06:56:02,1619,7.605,30.12,45.11,0.02,6.56,111.37,1.15,1.15,2.935,10.79,26.92,62.474464,6.461324
2023-05-16T07:56:02,1620,7.483,30.06,45.17,0.02,6.55,111.23,1.13,1.13,2.927,10.82,26.98,62.474464,6.461324
2023-05-16T08:56:02,1621,7.399,30.01,45.21,0.02,6.53,111.08,1.16,1.16,2.918,10.87,27.1,62.474464,6.461324
2023-05-16T09:56:02,1622,7.619,30.15,45.13,0.02,6.57,111.49,1.13,1.13,2.916,10.74,26.78,62.474464,6.461324
2023-05-16T10:56:02,1623,7.956,30.39,45.06,0.02,6.56,111.58,1.12,1.12,2.913,10.56,26.33,62.474464,6.461324
2023-05-16T11:56:02,1624,7.902,30.35,45.07,0.02,6.55,111.24,1.1,1.1,2.859,10.54,26.29,62.474464,6.461324
2023-05-16T13:56:02,1625,7.006,29.66,45.18,0.02,6.45,110.06,1.15,1.15,2.92,11.01,27.47,62.474464,6.461324
2023-05-16T14:56:03,1626,6.387,29.16,45.24,0.02,6.45,108.69,1.14,1.14,2.94,11.28,28.15,62.474464,6.461324
2023-05-16T15:56:02,1627,6.309,29.09,45.24,0.02,6.43,108.49,1.15,1.15,2.965,11.3,28.22,62.474464,6.461324
2023-05-16T16:56:02,1628,6.438,29.2,45.23,0.02,6.51,109.0,1.14,1.14,2.948,11.24,28.05,62.474464,6.461324
2023-05-16T17:56:02,1629,6.073,28.92,45.29,0.02,6.47,108.13,1.19,1.19,2.95,11.4,28.46,62.474464,6.461324
2023-05-16T18:56:02,1630,5.724,28.04,44.38,0.02,6.41,107.24,1.66,1.66,2.957,11.55,28.86,62.474464,6.461324
2023-05-16T19:56:02,1631,5.403,28.38,45.35,0.02,6.42,106.36,1.22,1.22,2.973,11.66,29.13,62.474464,6.461324
2023-05-16T20:56:03,1632,5.696,28.63,45.36,0.02,6.41,107.19,1.22,1.22,2.991,11.5,28.72,62.474464,6.461324
2023-05-16T21:56:02,1633,5.717,28.64,45.34,0.02,6.45,107.11,1.19,1.19,2.982,11.49,28.7,62.474464,6.461324
2023-05-16T22:56:02,1634,5.426,28.41,45.37,0.02,6.43,106.43,1.19,1.19,2.983,11.62,29.02,62.474464,6.461324
2023-05-16T23:56:02,1635,5.34,27.76,44.45,0.02,6.41,106.15,1.73,1.73,2.981,11.66,29.12,62.474464,6.461324
2023-05-17T01:56:02,1636,5.118,28.16,45.41,0.02,6.43,105.56,1.25,1.25,2.969,11.76,29.39,62.474464,6.461324
2023-05-17T02:56:02,1637,4.658,27.8,45.46,0.02,6.41,104.4,1.21,1.21,2.973,11.95,29.87,62.474464,6.461324
2023-05-17T03:56:02,1638,4.224,27.44,45.5,0.02,6.33,103.18,1.21,1.21,2.997,12.14,30.36,62.474464,6.461324
2023-05-17T04:56:02,1639,4.074,27.34,45.55,0.02,6.32,102.92,1.24,1.24,2.999,12.23,30.59,62.474464,6.461324
2023-05-17T05:56:02,1640,4.035,27.32,45.56,0.02,6.36,102.82,1.25,1.25,2.977,12.23,30.57,62.474464,6.461324
2023-05-17T06:56:02,1641,4.833,27.94,45.45,0.02,6.38,104.41,1.22,1.22,2.976,11.89,29.71,62.474464,6.461324
2023-05-17T07:56:02,1642,5.001,28.1,45.46,0.02,6.37,104.93,1.21,1.21,3.007,11.82,29.54,62.474464,6.461324
2023-05-17T08:56:02,1643,5.011,28.08,45.42,0.02,6.39,104.87,1.25,1.25,2.998,11.8,29.47,62.474464,6.461324
2023-05-17T09:56:02,1644,5.208,28.24,45.4,0.02,6.4,105.28,1.23,1.23,3.001,11.71,29.26,62.474464,6.461324
2023-05-17T10:56:02,1645,5.197,28.23,45.4,0.02,6.44,105.32,1.22,1.22,3.016,11.69,29.2,62.474464,6.461324
2023-05-17T11:56:02,1646,5.228,28.26,45.4,0.02,6.44,105.37,1.24,1.24,3.024,11.65,29.1,62.474464,6.461324
2023-05-17T13:56:02,1647,5.307,28.32,45.39,0.02,6.42,105.58,1.18,1.18,2.903,11.58,28.93,62.474464,6.461324
2023-05-17T14:56:02,1648,5.226,28.25,45.39,0.02,6.43,105.44,1.23,1.23,2.905,11.63,29.06,62.474464,6.461324
2023-05-17T15:56:02,1649,5.115,28.15,45.4,0.02,6.42,105.23,1.22,1.22,2.907,11.74,29.34,62.474464,6.461324
2023-05-17T16:56:03,1650,5.315,28.31,45.37,0.02,6.45,105.68,1.21,1.21,2.917,11.57,28.9,62.474464,6.461324
2023-05-17T17:56:02,1651,5.369,28.35,45.36,0.02,6.46,105.84,1.21,1.21,2.909,11.57,28.89,62.474464,6.461324
2023-05-17T18:56:02,1652,5.382,28.37,45.37,0.02,6.46,105.84,1.23,1.23,2.908,11.55,28.85,62.474464,6.461324
2023-05-17T19:56:02,1653,5.345,28.34,45.37,0.02,6.46,105.79,1.2,1.2,2.91,11.59,28.96,62.474464,6.461324
2023-05-17T20:56:03,1654,5.277,28.29,45.38,0.02,6.44,105.63,1.2,1.2,2.919,11.59,28.95,62.474464,6.461324
2023-05-17T21:56:02,1655,5.197,28.22,45.39,0.02,6.44,105.42,1.22,1.22,2.907,11.64,29.08,62.474464,6.461324
2023-05-17T22:56:02,1656,5.399,28.39,45.38,0.02,6.47,105.85,1.22,1.22,2.908,11.56,28.86,62.474464,6.461324
2023-05-17T23:56:02,1657,5.511,28.47,45.35,0.02,6.49,106.09,1.18,1.18,2.906,11.52,28.77,62.474464,6.461324
2023-05-18T01:56:02,1658,5.316,28.32,45.39,0.02,6.46,105.64,1.24,1.24,2.954,11.67,29.15,62.474464,6.461324
2023-05-18T02:56:03,1659,5.491,27.86,44.41,0.02,6.46,105.93,1.69,1.69,2.96,11.53,28.8,62.474464,6.461324
2023-05-18T03:56:02,1660,5.374,26.92,43.07,0.02,6.46,105.7,1.74,1.74,2.956,11.51,28.73,62.474464,6.461324
2023-05-18T04:56:02,1661,5.485,28.45,45.35,0.02,6.48,105.9,1.23,1.23,2.95,11.51,28.75,62.474464,6.461324
2023-05-18T05:56:02,1662,5.443,28.41,45.34,0.02,6.47,105.8,1.23,1.23,2.952,11.55,28.84,62.474464,6.461324
2023-05-18T06:56:02,1663,5.374,28.36,45.36,0.02,6.47,105.65,1.19,1.19,2.949,11.53,28.8,62.474464,6.461324
2023-05-18T07:56:02,1664,5.319,28.32,45.37,0.02,6.46,105.59,1.21,1.21,2.948,11.57,28.9,62.474464,6.461324
2023-05-18T08:56:02,1665,5.343,28.33,45.36,0.02,6.46,105.65,1.24,1.24,2.949,11.56,28.87,62.474464,6.461324
2023-05-18T09:56:03,1666,5.421,28.42,45.39,0.02,6.47,105.8,1.18,1.18,2.956,11.5,28.71,62.474464,6.461324
2023-05-18T10:56:02,1667,5.317,28.31,45.36,0.02,6.47,105.76,1.22,1.22,2.944,11.52,28.76,62.474464,6.461324
2023-05-18T11:56:02,1668,5.25,28.26,45.38,0.02,6.47,105.58,1.25,1.25,2.944,11.6,28.97,62.474464,6.461324
2023-05-18T13:56:02,1669,5.714,28.63,45.33,0.02,6.47,106.57,1.19,1.19,2.974,11.29,28.19,62.474464,6.461324
2023-05-18T14:56:02,1670,5.197,28.16,45.29,0.02,6.42,105.15,1.19,1.19,2.971,11.75,29.35,62.474464,6.461324
2023-05-18T15:56:02,1671,5.585,28.51,45.32,0.02,6.44,106.08,1.19,1.19,2.972,11.53,28.78,62.474464,6.461324
2023-05-18T16:56:03,1672,6.054,28.89,45.27,0.02,6.47,106.98,1.2,1.2,2.982,11.29,28.18,62.474464,6.461324
2023-05-18T17:56:02,1673,6.327,29.09,45.22,0.02,6.47,107.49,1.15,1.15,2.964,11.2,27.96,62.474464,6.461324
2023-05-18T18:56:02,1674,6.442,29.2,45.23,0.02,6.47,107.64,1.18,1.18,2.972,11.15,27.83,62.474464,6.461324
2023-05-18T19:56:02,1675,6.417,29.18,45.23,0.02,6.48,107.61,1.21,1.21,2.97,11.17,27.89,62.474464,6.461324
2023-05-18T20:56:02,1676,6.386,29.16,45.24,0.02,6.46,107.56,1.18,1.18,2.974,11.18,27.91,62.474464,6.461324
2023-05-18T21:56:02,1677,6.315,29.1,45.25,0.02,6.46,107.38,1.21,1.21,2.978,11.23,28.03,62.474464,6.461324
2023-05-18T22:56:02,1678,6.059,28.89,45.27,0.02,6.46,106.99,1.19,1.19,2.981,11.31,28.23,62.474464,6.461324
2023-05-18T23:56:02,1679,6.018,28.86,45.27,0.02,6.46,106.88,1.22,1.22,2.972,11.37,28.38,62.474464,6.461324
2023-05-19T01:56:02,1680,6.0,28.85,45.28,0.02,6.45,106.76,1.2,1.2,2.968,11.37,28.38,62.474464,6.461324
2023-05-19T02:56:02,1681,6.011,28.86,45.28,0.02,6.47,106.81,1.19,1.19,2.968,11.37,28.39,62.474464,6.461324