Time;thredds_air_pressure_at_sea_level;thredds_air_temperature_2m;thredds_integral_of_surface_downwelling_shortwave_flux_in_air_wrt_time;thredds_integral_of_surface_downwelling_longwave_flux_in_air_wrt_time;thredds_precipitation_amount;thredds_relative_humidity_2m;thredds_wind_direction_10m;thredds_wind_speed_10m
2020-01-01T00:00:00;1014.611484375;6.445703125000023;1.4685228342001563e-14;331.8286111111111;0.07895240187644958;88.44037652015686;229.68264770507812;10.012989044189453
2020-01-01T01:00:00;1014.3753125;6.215814208984398;1.470101818057401e-14;329.28;0.11159980297088623;89.5756721496582;225.80740356445312;9.511000633239746
2020-01-01T02:00:00;1014.16484375;6.361901855468773;1.470101818057401e-14;328.51944444444445;0.06362474709749222;85.78701615333557;226.69784545898438;9.14998722076416
2020-01-01T03:00:00;1013.79359375;6.308892822265648;1.4685228342001563e-14;329.4122222222222;0.07047820091247559;86.20663285255432;225.41189575195312;9.049924850463867
2020-01-01T04:00:00;1013.958359375;7.069482421875023;1.4693123261287788e-14;332.5108333333333;0.0008687179069966078;84.03069376945496;221.95994567871094;8.181218147277832
2020-01-01T05:00:00;1013.489140625;6.894250488281273;1.4685170517885698e-14;331.9272222222222;0.00016613194020465016;84.40149426460266;220.9183349609375;7.841724395751953
2020-01-01T06:00:00;1012.95953125;6.773797607421898;-7.34576597080958e-14;330.9605555555556;7.919809286249802e-05;84.42433476448059;220.93382263183594;8.035358428955078
2020-01-01T07:00:00;1012.54875;6.695214843750023;0.0;330.64416666666665;0.0003223964886274189;84.9369764328003;221.09300231933594;7.999228477478027
2020-01-01T08:00:00;1011.8953125;6.664300537109398;0.0;330.42027777777776;0.00014552428910974413;84.45634245872498;216.61196899414062;7.22101354598999
2020-01-01T09:00:00;1011.304140625;6.654595947265648;0.0;327.44166666666666;0.00020718837913591415;83.23720097541809;216.14112854003906;6.555093765258789
2020-01-01T10:00:00;1010.845;6.383874511718773;4.711111111111111;303.56138888888887;0.0;80.2372694015503;205.05364990234375;6.340023994445801
2020-01-01T11:00:00;1010.3115625;6.582910156250023;8.426666666666666;322.63;6.37178891338408e-05;78.89605760574341;195.33056640625;6.150797367095947
2020-01-01T12:00:00;1009.001875;6.836297607421898;2.5244444444444443;329.75;7.646146696060896e-05;79.10816073417664;206.13011169433594;7.920619964599609
2020-01-01T13:00:00;1009.5040625;6.943017578125023;3.466666666666667;328.87916666666666;0.0010631685145199299;77.30456590652466;217.4912109375;8.1003999710083
2020-01-01T14:00:00;1009.2340625;6.775140380859398;1.2444444444444445;329.22083333333336;0.00011452467879280448;81.6152036190033;213.94297790527344;8.171956062316895
2020-01-01T15:00:00;1008.151875;6.621881103515648;0.035555555555555556;328.85555555555555;0.05269681662321091;83.42937231063843;212.6018524169922;8.347692489624023
2020-01-01T16:00:00;1007.139140625;6.015863037109398;0.0;330.25388888888887;1.290651559829712;93.88619065284729;205.51187133789062;7.737502574920654
2020-01-01T17:00:00;1007.09546875;6.383508300781273;0.0;332.2911111111111;1.0984256267547607;95.13588547706604;210.53048706054688;7.835134506225586
2020-01-01T18:00:00;1006.61703125;6.282647705078148;0.0;331.57666666666665;0.8788676261901855;93.89532208442688;207.38442993164062;7.819577217102051
2020-01-01T19:00:00;1006.40953125;6.152581787109398;0.0;331.835;1.3243749141693115;94.39582824707031;206.2932586669922;7.291033744812012
2020-01-01T20:00:00;1005.692109375;6.056176757812523;0.0;332.1094444444444;1.7188117504119873;94.10439133644104;204.56234741210938;7.4258551597595215
2020-01-01T21:00:00;1004.8315625;5.918145751953148;0.0;330.8561111111111;1.2189053297042847;93.79462003707886;203.25778198242188;7.5596513748168945
2020-01-01T22:00:00;1003.94203125;5.970300292968773;1.4693123261287788e-14;326.4502777777778;0.542426347732544;90.63600301742554;204.0223846435547;7.274561405181885
2020-01-01T23:00:00;1002.61515625;6.902154541015648;1.469306543717192e-14;325.99111111111114;0.017150163650512695;81.6394031047821;204.74798583984375;7.781545162200928
2020-01-02T00:00:00;1001.660234375;7.243554687500023;1.4685228342001563e-14;327.6252777777778;1.9577317289076746e-05;79.2346179485321;203.17337036132812;8.068904876708984
2020-01-02T01:00:00;1001.05046875;7.324884033203148;1.470101818057401e-14;329.23083333333335;0.026597194373607635;79.62079644203186;206.20140075683594;8.579124450683594
2020-01-02T02:00:00;999.706875;6.222497558593773;1.4685228342001563e-14;329.2238888888889;0.38407212495803833;90.86507558822632;197.54676818847656;9.734614372253418
2020-01-02T03:00:00;998.321875;7.359002685546898;1.4685228342001563e-14;324.7613888888889;0.20948117971420288;80.1640510559082;199.10134887695312;8.352279663085938
2020-01-02T04:00:00;996.8046875;8.101098632812523;1.4693123261287788e-14;322.645;0.08168020844459534;76.69102549552917;194.8218231201172;9.973946571350098
2020-01-02T05:00:00;996.154765625;8.167260742187523;1.469306543717192e-14;288.76722222222224;3.3815354072430637e-06;76.21042728424072;194.81378173828125;8.715842247009277
2020-01-02T06:00:00;995.1303125;8.377252197265648;-7.34576597080958e-14;263.7236111111111;0.00020704801136162132;75.97852945327759;195.47886657714844;8.716523170471191
2020-01-02T07:00:00;994.257578125;8.250085449218773;0.0;267.7113888888889;0.0002857729559764266;76.79187655448914;191.26588439941406;8.25727653503418
2020-01-02T08:00:00;994.09875;7.869531250000023;0.0;285.68305555555554;3.87538384529762e-05;78.87164354324341;193.61883544921875;8.766497611999512
2020-01-02T09:00:00;993.75609375;7.704187011718773;0.0;270.0027777777778;0.0005172709934413433;80.16554713249207;196.10693359375;8.481380462646484
2020-01-02T10:00:00;992.88625;7.505334472656273;9.297777777777778;257.7727777777778;0.0;80.19302487373352;196.11441040039062;7.90866756439209
2020-01-02T11:00:00;992.18421875;7.808038330078148;32.81777777777778;272.06111111111113;0.0;79.19660806655884;206.7682647705078;9.045642852783203
2020-01-02T12:00:00;991.475546875;7.806420898437523;9.297777777777778;332.90472222222223;0.00020622579904738814;80.74848651885986;210.5004425048828;9.321149826049805
2020-01-02T13:00:00;991.4721875;6.648339843750023;3.2355555555555555;332.41583333333335;0.878444492816925;92.20784902572632;213.2128448486328;8.046748161315918
2020-01-02T14:00:00;990.785625;6.450524902343773;1.8844444444444444;330.9947222222222;1.6621723175048828;93.74745488166809;210.2210235595703;8.327728271484375
2020-01-02T15:00:00;989.883046875;6.230615234375023;0.0;330.5647222222222;1.6568140983581543;93.89686584472656;206.58314514160156;8.788579940795898
2020-01-02T16:00:00;989.074453125;6.246911621093773;0.017777777777777778;328.0672222222222;1.2699637413024902;94.26313042640686;205.8356475830078;8.013477325439453
2020-01-02T17:00:00;987.88578125;6.094293212890648;0.0;328.1902777777778;1.1893031597137451;94.035804271698;203.590576171875;8.233607292175293
2020-01-02T18:00:00;987.180625;5.754754638671898;0.0;326.40527777777777;1.6736663579940796;94.53323483467102;202.67742919921875;7.508091926574707
2020-01-02T19:00:00;986.286875;5.251824951171898;0.0;323.87;2.209656000137329;95.00322937965393;195.18736267089844;7.986581802368164
2020-01-02T20:00:00;984.990234375;5.443017578125023;0.0;323.18805555555554;0.6485411524772644;93.7428891658783;203.6215057373047;8.13008975982666
2020-01-02T21:00:00;983.024609375;6.558099365234398;0.0;328.27944444444444;0.17888842523097992;92.03086495399475;200.44680786132812;8.52812385559082
2020-01-02T22:00:00;981.6165625;6.079797363281273;1.4693123261287788e-14;329.68694444444446;0.8868811726570129;94.46006417274475;202.10690307617188;8.057488441467285
2020-01-02T23:00:00;983.50578125;2.7249389648437727;1.469306543717192e-14;332.2158333333333;6.1223907470703125;99.99443292617798;257.7786560058594;7.607977867126465
2020-01-03T00:00:00;984.060078125;2.2299438476562727;1.4906286082015817e-14;321.6427777777778;5.296441078186035;99.99602437019348;228.111328125;5.571613788604736
2020-01-03T01:00:00;984.591328125;2.3826232910156477;1.5064184467740283e-14;320.8663888888889;2.657705307006836;99.9807596206665;235.97573852539062;7.146239757537842
2020-01-03T02:00:00;984.658515625;4.339379882812523;1.5079974306312732e-14;311.96194444444444;0.23574453592300415;71.82372212409973;241.32345581054688;8.527571678161621
2020-01-03T03:00:00;985.538125;1.7594238281250227;1.5095764144885178e-14;309.49333333333334;1.0259153842926025;99.99757409095764;246.74334716796875;9.276119232177734
2020-01-03T04:00:00;985.52640625;4.522454833984398;1.4993130194164274e-14;311.51444444444445;0.001096584601327777;73.47320914268494;246.75009155273438;9.873261451721191
2020-01-03T05:00:00;986.7809375;1.9231506347656477;1.5008862208620855e-14;305.8386111111111;0.7859324216842651;94.68136429786682;259.959228515625;9.944527626037598
2020-01-03T06:00:00;986.86875;3.1068969726562727;-7.50524334039129e-14;276.3877777777778;0.0623021200299263;79.98555898666382;257.33544921875;8.216634750366211
2020-01-03T07:00:00;987.772265625;3.3377014160156477;0.0;294.6458333333333;0.0009301344398409128;62.04425096511841;276.6651306152344;9.30942440032959
2020-01-03T08:00:00;988.48890625;2.9213806152343977;0.0;292.18916666666667;0.000510836427565664;57.05769658088684;266.88092041015625;9.817194938659668
2020-01-03T09:00:00;990.06328125;0.8994079589843977;0.0;288.06638888888887;0.06412697583436966;73.52493405342102;254.3170166015625;10.493915557861328
2020-01-03T10:00:00;989.742421875;1.8422790527343977;3.4844444444444442;281.84527777777777;0.31715142726898193;60.94563007354736;254.68087768554688;10.183815002441406
2020-01-03T11:00:00;989.846171875;1.4121337890625227;11.733333333333333;275.7088888888889;0.0;63.68752717971802;250.39663696289062;8.335081100463867
2020-01-03T12:00:00;989.3040625;1.2322021484375227;19.76888888888889;274.8258333333333;0.0076947445049881935;77.18995809555054;233.4234619140625;8.870522499084473
2020-01-03T13:00:00;988.4440625;1.2990051269531477;10.773333333333333;285.1322222222222;0.09849190711975098;71.64795398712158;258.804931640625;9.477446556091309
2020-01-03T14:00:00;987.04859375;1.4623046875000227;0.64;305.06888888888886;4.096400260925293;82.66181945800781;240.34097290039062;9.43348503112793
2020-01-03T15:00:00;987.92140625;0.43471679687502274;0.0;300.1063888888889;1.602237582206726;93.15521717071533;276.4458312988281;9.635372161865234
2020-01-03T16:00:00;988.29671875;0.6573425292968977;0.0;291.87305555555554;0.10686598718166351;90.55359363555908;284.51910400390625;13.036210060119629
2020-01-03T17:00:00;989.39359375;0.7867065429687727;-0.017777777777777778;261.1063888888889;0.0536448173224926;76.06401443481445;262.8974304199219;9.959016799926758
2020-01-03T18:00:00;990.1253125;1.5942626953125227;0.0;280.52416666666664;0.004302069544792175;60.09877324104309;265.98529052734375;10.809144020080566
2020-01-03T19:00:00;990.426015625;1.8005004882812727;0.0;289.34527777777777;0.004740429110825062;64.3986701965332;260.0489196777344;10.6829195022583
2020-01-03T20:00:00;990.268125;1.8773132324218977;0.0;298.7680555555556;0.0109090032055974;79.41951155662537;260.9660339355469;11.26440143585205
2020-01-03T21:00:00;990.635;1.4898010253906477;0.0;307.7272222222222;1.2158308029174805;99.03163313865662;263.9613342285156;11.74087905883789
2020-01-03T22:00:00;991.468203125;2.9997192382812727;1.5845781477076395e-14;314.00055555555554;0.5712016224861145;95.38179039955139;278.8823547363281;10.512348175048828
2020-01-03T23:00:00;993.14015625;2.6166320800781477;1.582993381438808e-14;310.4277777777778;0.41284218430519104;84.2367947101593;298.4823913574219;9.895380973815918
2020-01-04T00:00:00;995.0784375;2.8207641601562727;1.583788655779017e-14;310.19694444444445;0.1367989182472229;94.68597173690796;300.2294006347656;9.215001106262207
2020-01-04T01:00:00;996.83390625;2.0724426269531477;1.583788655779017e-14;309.3522222222222;0.20083217322826385;92.98921823501587;283.3206787109375;7.839978218078613
2020-01-04T02:00:00;997.821875;2.7310119628906477;1.583788655779017e-14;279.28805555555556;0.12081816792488098;73.1389582157135;312.2119445800781;10.793376922607422
2020-01-04T03:00:00;999.639375;1.5420776367187727;1.580630688064528e-14;256.9963888888889;0.029918627813458443;96.243816614151;307.19500732421875;10.794737815856934
2020-01-04T04:00:00;1000.88515625;0.05687866210939774;1.58142017999315e-14;281.685;0.3176811933517456;97.16386795043945;326.7593078613281;7.0142927169799805
2020-01-04T05:00:00;1002.15296875;1.3258300781250227;1.5822038895101857e-14;286.1638888888889;0.0036534303799271584;78.54347825050354;346.55780029296875;5.465457916259766
2020-01-04T06:00:00;1004.658125;0.31987915039064774;-7.912621175560414e-14;248.99527777777777;1.032134771347046;99.8584508895874;314.2073974609375;7.585860729217529
2020-01-04T07:00:00;1006.3575;1.9070983886718977;0.0;290.69416666666666;1.8020905256271362;65.8132791519165;320.6861267089844;7.265015125274658
2020-01-04T08:00:00;1007.76078125;0.5821166992187727;0.0;286.48583333333335;0.4120956063270569;94.24958229064941;339.06787109375;4.490700721740723
2020-01-04T09:00:00;1009.487265625;1.1319519042968977;0.0;260.5522222222222;0.0956854298710823;85.74288487434387;316.7068786621094;11.319242477416992
2020-01-04T10:00:00;1011.25359375;2.3081909179687727;4.995555555555556;277.4822222222222;6.531853432534263e-05;72.46162295341492;328.33734130859375;6.1880717277526855
2020-01-04T11:00:00;1012.86046875;2.3963562011718977;20.32;279.8011111111111;1.5976018403307535e-05;70.84726095199585;333.04150390625;5.323439121246338
2020-01-04T12:00:00;1014.437890625;2.6103759765625227;19.76888888888889;290.8072222222222;5.578750278800726e-05;69.5472240447998;328.0887451171875;4.555519104003906
2020-01-04T13:00:00;1015.75484375;2.4788452148437727;16.782222222222224;292.05916666666667;0.0003030231746379286;70.37873864173889;322.45751953125;4.005838394165039
2020-01-04T14:00:00;1016.887578125;2.4193664550781477;5.688888888888889;293.2811111111111;7.889174594311044e-05;70.86094617843628;311.5381164550781;3.4425909519195557
2020-01-04T15:00:00;1017.655;2.2704101562500227;0.035555555555555556;292.8183333333333;0.000517610227689147;71.43321633338928;298.745361328125;3.1853079795837402
2020-01-04T16:00:00;1018.86125;2.7554565429687727;0.0;296.5338888888889;0.0003900352166965604;72.4126935005188;311.5955810546875;3.4655649662017822
2020-01-04T17:00:00;1019.438984375;2.4274230957031477;0.0;295.5338888888889;0.0;73.25652837753296;299.6340026855469;2.7403159141540527
2020-01-04T18:00:00;1020.2084375;2.1323791503906477;0.0;294.2030555555556;6.610765922232531e-06;75.89631080627441;261.8729248046875;2.2912583351135254
2020-01-04T19:00:00;1020.51109375;1.6443725585937727;0.0;278.70444444444445;0.0;78.56659889221191;237.16598510742188;2.2800862789154053
2020-01-04T20:00:00;1020.8715625;1.1124511718750227;0.0;242.88;0.0;82.80091285705566;212.8940887451172;2.258246421813965
2020-01-04T21:00:00;1020.953984375;0.5104003906250227;0.0;222.1838888888889;0.0;88.70142102241516;196.37881469726562;2.954819440841675
2020-01-04T22:00:00;1020.321328125;0.5152526855468977;1.5829991638503946e-14;217.72972222222222;0.0;78.78156304359436;192.16162109375;3.0167932510375977
2020-01-04T23:00:00;1020.114375;0.6971069335937727;1.580624905652941e-14;238.495;0.0;70.84407210350037;199.5975799560547;2.68660306930542
2020-01-05T00:00:00;1019.885546875;0.9608093261718977;1.580630688064528e-14;274.5738888888889;0.0;79.68196868896484;211.68563842773438;2.7356061935424805
2020-01-05T01:00:00;1018.70609375;1.2126098632812727;1.580630688064528e-14;283.45694444444445;0.0;69.36091780662537;197.57492065429688;2.6529455184936523
2020-01-05T02:00:00;1017.33046875;1.1948791503906477;1.5774727203500384e-14;281.65;0.0;70.88831663131714;194.32154846191406;2.213855028152466
2020-01-05T03:00:00;1015.78359375;1.5165954589843977;1.5758937364927938e-14;282.3902777777778;0.0;77.29697227478027;191.9783172607422;3.3945536613464355
2020-01-05T04:00:00;1014.72234375;1.1947570800781477;1.58142017999315e-14;290.8855555555556;0.734656572341919;94.757479429245;172.16854858398438;3.1424336433410645
2020-01-05T05:00:00;1012.3946875;1.8708740234375227;-6.316206431335027e-14;299.61055555555555;0.17361000180244446;93.16608309745789;186.54550170898438;4.118753433227539
2020-01-05T06:00:00;1010.2515625;2.6869140625000227;0.0;298.86944444444447;0.5056268572807312;94.222092628479;188.90194702148438;6.905867099761963
2020-01-05T07:00:00;1008.47953125;3.4815002441406477;0.0;302.2288888888889;0.1009916141629219;91.6831374168396;194.38351440429688;7.921563625335693
2020-01-05T08:00:00;1007.54890625;3.8289123535156477;0.0;306.98527777777775;0.15014712512493134;91.39612317085266;197.04978942871094;8.413442611694336
2020-01-05T09:00:00;1006.57875;4.125299072265648;0.0;314.8833333333333;0.37786078453063965;93.3157742023468;197.5589141845703;8.75693130493164
2020-01-05T10:00:00;1005.642578125;4.437402343750023;0.7733333333333333;321.83694444444444;0.2465645670890808;92.58322715759277;198.43943786621094;8.958379745483398
2020-01-05T11:00:00;1005.19515625;4.916894531250023;2.568888888888889;326.525;1.0040032863616943;93.24710965156555;200.876220703125;8.65037727355957
2020-01-05T12:00:00;1005.2125;5.309838867187523;2.4355555555555557;330.15833333333336;3.3909945487976074;94.60061192512512;203.1524658203125;7.908583164215088
2020-01-05T13:00:00;1005.6715625;5.943444824218773;1.048888888888889;334.1138888888889;6.416133403778076;96.93971872329712;211.60018920898438;6.152811527252197
2020-01-05T14:00:00;1006.242421875;7.085137939453148;0.28444444444444444;340.7611111111111;4.593840599060059;98.21991920471191;251.3024139404297;5.756828784942627
2020-01-05T15:00:00;1006.873359375;6.794702148437523;0.0;337.8102777777778;1.280814290046692;98.27642440795898;252.74542236328125;5.330459117889404
2020-01-05T16:00:00;1006.8875;7.742822265625023;0.017777777777777778;325.2213888888889;2.2194399207364768e-05;99.08799529075623;234.973876953125;5.500333309173584
2020-01-05T17:00:00;1007.65375;7.810327148437523;-0.017777777777777778;331.77222222222224;0.0003479201113805175;99.17494058609009;237.59030151367188;5.133831977844238
2020-01-05T18:00:00;1008.040625;7.900292968750023;0.0;342.51194444444445;0.0023507694713771343;98.66383075714111;231.3380584716797;5.274441719055176
2020-01-05T19:00:00;1008.63875;7.755059814453148;0.0;341.53305555555556;0.00322885625064373;98.907870054245;226.2122802734375;4.7404046058654785
2020-01-05T20:00:00;1008.85125;7.577172851562523;0.0;343.1413888888889;0.053117960691452026;99.08638596534729;230.4755859375;4.877816200256348
2020-01-05T21:00:00;1009.1834375;7.289178466796898;0.0;337.76;0.21275396645069122;98.46693873405457;226.1250457763672;4.160676956176758
2020-01-05T22:00:00;1009.2228125;6.332940673828148;1.5679988172065705e-14;333.7341666666667;0.04525003582239151;93.77018213272095;196.9251251220703;3.5604469776153564
2020-01-05T23:00:00;1009.128828125;6.420098876953148;1.5672035428663615e-14;332.5525;0.010108863934874535;92.47477054595947;200.23568725585938;3.343472719192505
2020-01-06T00:00:00;1008.7934375;6.529229736328148;1.566419833349326e-14;331.2125;0.0011501717381179333;91.33358001708984;199.3240203857422;3.375755548477173
2020-01-06T01:00:00;1008.501796875;6.326562500000023;1.564840849492081e-14;312.5725;0.0001448571274522692;90.51114320755005;200.17042541503906;3.062627077102661
2020-01-06T02:00:00;1007.440625;6.625115966796898;1.5632618656348364e-14;329.4513888888889;0.00010323807509848848;89.02952671051025;202.60484313964844;2.7076451778411865
2020-01-06T03:00:00;1006.736171875;6.757531738281273;1.5616828817775918e-14;338.5938888888889;0.22026380896568298;93.56292486190796;199.1587371826172;3.500673294067383
2020-01-06T04:00:00;1006.8553125;7.568536376953148;1.5608933898489693e-14;337.1586111111111;0.0;86.27675175666809;198.8424072265625;4.297893524169922
2020-01-06T05:00:00;1006.1590625;7.866021728515648;-6.252257585116618e-14;335.9775;0.0;86.6841971874237;195.2333984375;4.9753899574279785
2020-01-06T06:00:00;1005.505390625;8.086389160156273;0.0;337.8952777777778;0.0027473471127450466;87.0976984500885;196.26133728027344;4.9641876220703125
2020-01-06T07:00:00;1004.6525;8.309472656250023;0.0;332.3638888888889;0.00021958202705718577;85.44816970825195;198.261962890625;5.525349140167236
2020-01-06T08:00:00;1004.2753125;8.446557617187523;0.0;339.1525;0.005385618656873703;86.28883361816406;200.1541748046875;5.6673502922058105
2020-01-06T09:00:00;1004.05796875;8.074914550781273;0.0;341.40472222222223;0.07768131792545319;87.5995397567749;202.7079315185547;4.569985866546631
2020-01-06T10:00:00;1003.2815625;8.623681640625023;3.6622222222222223;335.43694444444446;0.001964780269190669;84.17250514030457;201.0167236328125;5.9964165687561035
2020-01-06T11:00:00;1002.3496875;8.755151367187523;8.942222222222222;340.0288888888889;6.610765922232531e-06;83.92683863639832;200.28184509277344;5.34086275100708
2020-01-06T12:00:00;1001.290546875;8.748437500000023;41.404444444444444;294.15944444444443;2.583290552138351e-05;82.16749429702759;199.5191192626953;5.138890743255615
2020-01-06T13:00:00;1000.341875;8.732904052734398;47.28888888888889;264.78805555555556;4.420822733663954e-06;80.28008937835693;199.4217071533203;6.735496997833252
2020-01-06T14:00:00;999.5184375;8.474755859375023;22.79111111111111;259.82055555555553;0.0;79.90323305130005;200.0830841064453;7.542999744415283
2020-01-06T15:00:00;998.425;8.163659667968773;0.35555555555555557;257.5991666666667;0.0;79.28676009178162;202.24203491210938;6.909181594848633
2020-01-06T16:00:00;997.48484375;7.421716308593773;0.0;255.8061111111111;0.0;70.66858410835266;199.7877197265625;4.214497089385986
2020-01-06T17:00:00;996.75640625;7.110681152343773;-0.017777777777777778;255.29583333333332;0.0;72.86432385444641;193.32972717285156;4.241306304931641
2020-01-06T18:00:00;996.43453125;7.501428222656273;0.0;266.4063888888889;0.0;71.61003947257996;199.6978302001953;8.442830085754395
2020-01-06T19:00:00;996.4984375;7.138940429687523;0.0;268.2402777777778;0.0;74.59766268730164;201.8131866455078;9.008302688598633
2020-01-06T20:00:00;995.80375;6.911614990234398;0.0;267.32138888888886;0.0;71.04238271713257;196.91676330566406;9.586211204528809
2020-01-06T21:00:00;995.94328125;6.549584960937523;0.0;253.1425;0.0;72.98327684402466;198.503173828125;7.591335773468018
2020-01-06T22:00:00;996.68796875;6.337091064453148;1.5285242207754536e-14;318.02777777777777;0.0;75.68706274032593;199.06524658203125;6.314961910247803
2020-01-06T23:00:00;997.673671875;5.982659912109398;1.5277289464352446e-14;321.87694444444446;0.015817755833268166;80.67213296890259;215.1130828857422;7.14893913269043
2020-01-07T00:00:00;997.9428125;5.079400634765648;1.5237872692037198e-14;291.0058333333333;0.0920587033033371;88.84015679359436;194.10012817382812;6.272940635681152
2020-01-07T01:00:00;999.17171875;4.881097412109398;1.522208285346475e-14;316.87;0.18599668145179749;93.64365339279175;196.4974822998047;5.426760673522949
2020-01-07T02:00:00;999.759375;5.277032470703148;1.5237872692037198e-14;328.6586111111111;0.013170702382922173;91.04974865913391;199.32693481445312;5.515760898590088
2020-01-07T03:00:00;1000.28796875;5.428308105468773;1.522208285346475e-14;329.0469444444444;0.014515431597828865;93.69867444038391;208.4739532470703;4.8103742599487305
2020-01-07T04:00:00;1000.961796875;4.970361328125023;1.5190503176319857e-14;279.1016666666667;5.94616103626322e-05;91.01621508598328;196.89578247070312;4.502943992614746
2020-01-07T05:00:00;1001.053125;4.533715820312523;-6.08409580432006e-14;242.5986111111111;0.0;90.9277081489563;195.71249389648438;4.042978286743164
2020-01-07T06:00:00;1001.98703125;4.499230957031273;0.0;239.91611111111112;0.00011836340127047151;88.49700689315796;200.7638397216797;4.81465482711792
2020-01-07T07:00:00;1001.9175;4.505334472656273;0.0;246.33444444444444;5.691561818821356e-05;88.17967176437378;197.29872131347656;4.696392059326172
2020-01-07T08:00:00;1000.47078125;4.683465576171898;0.0;255.42944444444444;9.984218195313588e-05;85.12634038925171;193.9270477294922;4.890623569488525
2020-01-07T09:00:00;999.88484375;4.658898925781273;0.0;245.765;0.0;80.75623512268066;198.4925079345703;5.3236823081970215
2020-01-07T10:00:00;998.616171875;4.724206542968773;9.066666666666666;254.28444444444443;0.0;77.03757882118225;198.01185607910156;5.601893901824951
2020-01-07T11:00:00;997.17375;5.383020019531273;25.28;269.12333333333333;0.0;71.4956283569336;199.2893829345703;6.839756488800049
2020-01-07T12:00:00;996.1646875;5.913842773437523;30.63111111111111;277.58694444444444;0.0;68.20123791694641;201.85011291503906;8.136181831359863
2020-01-07T13:00:00;994.946953125;6.239404296875023;19.075555555555557;301.0780555555556;0.0;64.89930748939514;194.00794982910156;8.546667098999023
2020-01-07T14:00:00;992.577265625;5.478356933593773;3.52;314.24583333333334;0.013348069041967392;75.41564702987671;190.39906311035156;9.563307762145996
2020-01-07T15:00:00;990.40421875;5.984552001953148;0.035555555555555556;322.3077777777778;0.00017756172746885568;75.23711919784546;187.40481567382812;8.531440734863281
2020-01-07T16:00:00;989.3409375;5.947991943359398;-0.017777777777777778;321.05055555555555;0.0;75.67948698997498;183.70912170410156;8.484620094299316
2020-01-07T17:00:00;986.6253125;6.608697509765648;0.017777777777777778;325.17944444444447;0.0002190801897086203;75.90386271476746;187.7158660888672;10.060954093933105
2020-01-07T18:00:00;983.779921875;6.142877197265648;0.0;312.13972222222225;0.17247673869132996;89.51317071914673;186.34271240234375;11.598634719848633
2020-01-07T19:00:00;982.6346875;7.638146972656273;0.0;329.0511111111111;0.05244544893503189;77.39463448524475;200.86325073242188;10.565046310424805
2020-01-07T20:00:00;981.820625;6.627893066406273;0.0;333.12555555555554;0.6455124616622925;91.51197075843811;198.6414337158203;9.422774314880371
2020-01-07T21:00:00;981.46828125;6.953637695312523;0.0;334.5661111111111;0.7620516419410706;92.60756969451904;203.22605895996094;8.400630950927734
2020-01-07T22:00:00;979.93734375;6.540399169921898;1.4874706404870925e-14;330.7497222222222;2.528475522994995;93.22699308395386;188.02781677246094;8.912820816040039
2020-01-07T23:00:00;980.00765625;8.282037353515648;1.4874648580755057e-14;339.7613888888889;3.1923394203186035;97.3149061203003;227.02395629882812;8.432672500610352
2020-01-08T00:00:00;980.17859375;8.747064208984398;1.4858916566298476e-14;305.63166666666666;0.035292915999889374;91.13813042640686;225.4221954345703;9.66346549987793
2020-01-08T01:00:00;980.57296875;7.831353759765648;1.484312672772603e-14;331.6166666666667;0.5999395847320557;95.29919624328613;225.82864379882812;9.65454387664795
2020-01-08T02:00:00;982.3928125;6.785180664062523;1.4858916566298476e-14;340.84222222222223;3.2256946563720703;95.78747749328613;255.8743896484375;9.0973482131958
2020-01-08T03:00:00;983.58078125;5.853051757812523;1.4827336889153584e-14;331.5686111111111;1.8189566135406494;96.54127955436707;246.39935302734375;8.555157661437988
2020-01-08T04:00:00;984.62453125;5.874871826171898;1.4827336889153584e-14;327.6763888888889;0.7727409601211548;93.51096153259277;239.47860717773438;8.178357124328613
2020-01-08T05:00:00;986.2934375;6.296411132812523;-5.935671321739062e-14;322.2077777777778;0.18673831224441528;78.091961145401;243.36354064941406;8.86294937133789
2020-01-08T06:00:00;987.44984375;5.678094482421898;0.0;311.1438888888889;0.00017212772218044847;79.28837537765503;241.10638427734375;8.564576148986816
2020-01-08T07:00:00;988.048828125;5.510186767578148;0.0;295.41194444444443;6.928702350705862e-05;75.70103406906128;244.7957763671875;8.820775985717773
2020-01-08T08:00:00;988.75453125;2.6585632324218977;0.0;261.1125;0.8861929774284363;98.58764410018921;231.80233764648438;7.812525272369385
2020-01-08T09:00:00;988.841484375;3.9239135742187727;0.0;261.15722222222223;0.00966868456453085;81.41236901283264;226.3565216064453;8.834930419921875
2020-01-08T10:00:00;989.41203125;3.7868896484375227;2.1066666666666665;297.9938888888889;0.128609761595726;93.20431351661682;228.78005981445312;9.347857475280762
2020-01-08T11:00:00;989.88234375;4.695764160156273;19.546666666666667;289.8230555555556;0.3451681137084961;74.91061687469482;231.1060333251953;10.050948143005371
2020-01-08T12:00:00;990.0753125;4.766595458984398;33.99111111111111;277.935;3.539681347319856e-05;75.0662624835968;227.14146423339844;9.248427391052246
2020-01-08T13:00:00;991.324375;1.3249755859375227;20.266666666666666;292.485;3.286691665649414;99.99606609344482;235.50729370117188;8.713602066040039
2020-01-08T14:00:00;991.1834375;1.6991210937500227;0.9955555555555555;310.1716666666667;2.9697489738464355;97.65079617500305;226.86338806152344;10.63602066040039
2020-01-08T15:00:00;991.2109375;2.1430908203125227;0.49777777777777776;297.9563888888889;2.4092226028442383;97.10295796394348;233.95004272460938;9.24340534210205
2020-01-08T16:00:00;990.129609375;3.3876281738281477;0.0;289.82916666666665;0.49341464042663574;80.62663078308105;237.3765869140625;9.766159057617188
2020-01-08T17:00:00;991.4915625;3.9835144042968977;0.0;272.5858333333333;2.2994205210125074e-05;76.0382890701294;236.51087951660156;10.964799880981445
2020-01-08T18:00:00;992.321875;5.199639892578148;0.0;304.7561111111111;1.7182761439471506e-05;67.86414980888367;247.03536987304688;12.64280891418457
2020-01-08T19:00:00;993.343046875;4.124597167968773;0.0;306.2291666666667;0.16865938901901245;87.48696446418762;253.6162109375;10.964028358459473
2020-01-08T20:00:00;994.733828125;2.5245300292968977;0.0;304.38722222222225;0.4406243562698364;97.48144745826721;244.36837768554688;12.364169120788574
2020-01-08T21:00:00;995.6153125;2.1010375976562727;0.0;315.38388888888886;3.900860548019409;96.54150605201721;255.0572509765625;10.636199951171875
2020-01-08T22:00:00;997.474921875;4.373529052734398;1.4795757212008692e-14;291.2413888888889;0.1645849645137787;71.18295431137085;255.38397216796875;10.839373588562012
2020-01-08T23:00:00;998.97296875;4.712823486328148;1.4795699387892823e-14;297.58222222222224;0.008365616202354431;70.13775110244751;255.98165893554688;10.778421401977539
2020-01-09T00:00:00;1000.77984375;4.692071533203148;1.4795757212008692e-14;303.2111111111111;0.0001243097212864086;69.53810453414917;263.9214172363281;10.786600112915039
2020-01-09T01:00:00;1002.45234375;4.612420654296898;1.4764177534863797e-14;293.0416666666667;2.456303991493769e-05;68.42116713523865;260.8799133300781;9.792692184448242
2020-01-09T02:00:00;1003.73078125;4.475366210937523;1.4795757212008692e-14;270.2558333333333;3.2933625334408134e-05;68.07175278663635;260.07928466796875;8.906575202941895
2020-01-09T03:00:00;1004.398125;4.316003417968773;1.4779967373436243e-14;243.71833333333333;7.23370467312634e-05;69.56710815429688;257.4762268066406;7.971816539764404
2020-01-09T04:00:00;1004.29328125;4.315850830078148;1.477207245415002e-14;246.52722222222224;2.880016472772695e-05;81.47196173667908;237.04141235351562;5.202221393585205
2020-01-09T05:00:00;1004.908828125;3.5832458496093977;-5.91119707195177e-14;230.7763888888889;0.0;82.89713263511658;221.40003967285156;4.346288681030273
2020-01-09T06:00:00;1005.30984375;3.0464721679687727;0.0;229.92361111111111;2.974844755954109e-05;85.60401797294617;210.06234741210938;3.8005077838897705
2020-01-09T07:00:00;1005.25046875;2.5994812011718977;0.0;229.75194444444443;8.20706773083657e-05;88.35518956184387;202.3220672607422;3.6256184577941895
2020-01-09T08:00:00;1005.38875;2.3404785156250227;0.0;229.93666666666667;9.365251571580302e-06;88.48034143447876;195.59947204589844;3.171933174133301
2020-01-09T09:00:00;1005.37015625;2.1090026855468977;0.0;229.53277777777777;1.1835373697977047e-05;87.43511438369751;184.84869384765625;3.087794303894043
2020-01-09T10:00:00;1005.42609375;2.1001831054687727;15.768888888888888;227.0063888888889;0.0;81.86700344085693;189.73646545410156;2.722430944442749
2020-01-09T11:00:00;1005.54328125;2.6050354003906477;50.95111111111111;228.2725;0.0;79.42558526992798;181.885986328125;2.852158308029175
2020-01-09T12:00:00;1005.83234375;3.0183654785156477;67.41333333333333;230.95944444444444;0.0;77.08939909934998;183.1392059326172;2.6261963844299316
2020-01-09T13:00:00;1005.84125;3.0765014648437727;58.4;233.82805555555555;0.0;79.48810458183289;182.21583557128906;2.467512607574463
2020-01-09T14:00:00;1005.6353125;2.9076782226562727;28.657777777777778;234.1838888888889;0.0;78.7021279335022;185.21917724609375;2.3791141510009766
2020-01-09T15:00:00;1005.21203125;2.3539367675781477;1.3511111111111112;231.87694444444443;0.0;81.59070014953613;179.9611053466797;2.1991236209869385
2020-01-09T16:00:00;1005.708203125;1.4344726562500227;0.0;228.76111111111112;0.0;85.55783033370972;197.57606506347656;2.2424509525299072
2020-01-09T17:00:00;1005.885625;1.3762756347656477;0.0;228.8838888888889;0.0;83.97701382637024;195.44773864746094;2.4210102558135986
2020-01-09T18:00:00;1006.29109375;1.2434326171875227;0.0;228.79166666666666;0.0;83.42941999435425;200.3585968017578;1.800950050354004
2020-01-09T19:00:00;1007.00203125;1.3870788574218977;0.0;244.94055555555556;0.0;90.52929878234863;212.05152893066406;2.212174415588379
2020-01-09T20:00:00;1007.059609375;1.4793334960937727;0.0;233.50333333333333;0.0;84.9980354309082;195.65863037109375;2.063737154006958
2020-01-09T21:00:00;1006.88125;1.1656433105468977;0.0;229.08833333333334;0.0;84.60419774055481;202.64675903320312;1.8203916549682617
2020-01-09T22:00:00;1006.7540625;1.4174133300781477;1.4693123261287788e-14;227.78222222222223;0.0;81.6210925579071;199.05178833007812;2.22369647026062
2020-01-09T23:00:00;1007.14015625;1.3245788574218977;1.469306543717192e-14;228.3072222222222;0.0;84.12967324256897;195.83319091796875;2.0743913650512695
2020-01-10T00:00:00;1007.8334375;1.3875061035156477;1.4685228342001563e-14;228.65277777777777;0.0;83.41717720031738;205.5318603515625;2.048769950866699
2020-01-10T01:00:00;1008.431015625;1.5803161621093977;1.470101818057401e-14;229.21833333333333;0.0;83.84287357330322;204.9359893798828;2.322284698486328
2020-01-10T02:00:00;1008.96140625;1.8103881835937727;1.4685228342001563e-14;229.33138888888888;0.0;82.9272449016571;205.98062133789062;2.3521718978881836
2020-01-10T03:00:00;1009.1615625;1.8185668945312727;1.4685228342001563e-14;230.34777777777776;0.0;82.00560212135315;196.21615600585938;2.2849347591400146
2020-01-10T04:00:00;1009.791640625;1.8834167480468977;1.4693123261287788e-14;252.0561111111111;0.0;82.1720540523529;196.0708770751953;2.3903231620788574
2020-01-10T05:00:00;1009.915;1.9330993652343977;-5.876459427092386e-14;236.86638888888888;0.0;81.99197053909302;188.2810516357422;2.5407462120056152
2020-01-10T06:00:00;1010.395;1.9415222167968977;0.0;240.22805555555556;0.0;81.38447999954224;192.36935424804688;2.3665127754211426
2020-01-10T07:00:00;1010.712421875;2.0072570800781477;0.0;236.87333333333333;0.0;78.9584755897522;195.53895568847656;2.570960521697998
2020-01-10T08:00:00;1010.96359375;2.6447998046875227;0.0;265.0988888888889;0.0;74.52563643455505;199.23805236816406;2.952981948852539
2020-01-10T09:00:00;1010.9459375;2.8759399414062727;0.0;242.57972222222222;0.0;74.9972403049469;193.8401336669922;3.2665669918060303
2020-01-10T10:00:00;1011.592421875;3.6672607421875227;3.8133333333333335;303.7386111111111;0.0;76.03322267532349;197.030029296875;3.4436357021331787
2020-01-10T11:00:00;1012.17;3.6926208496093977;24.72;287.49944444444446;0.0;82.91506767272949;197.6166229248047;3.902348279953003
2020-01-10T12:00:00;1013.037734375;3.1199279785156477;9.902222222222223;312.49611111111113;0.5671589970588684;94.43702101707458;198.95314025878906;4.272298336029053
2020-01-10T13:00:00;1013.38953125;2.9933105468750227;12.48;312.9075;0.19859446585178375;95.79344987869263;189.89817810058594;4.183578968048096
2020-01-10T14:00:00;1013.374140625;3.0622192382812727;8.32;302.735;0.20090696215629578;94.01267766952515;194.1853790283203;3.899657964706421
2020-01-10T15:00:00;1013.27375;3.3093200683593977;0.7466666666666667;278.6575;0.031767088919878006;86.29336953163147;196.0902557373047;3.1573400497436523
2020-01-10T16:00:00;1012.9740625;2.2025390625000227;0.0;235.83583333333334;4.725259350379929e-05;86.20327711105347;186.6968994140625;1.8663811683654785
2020-01-10T17:00:00;1012.9034375;1.9109741210937727;0.0;235.32472222222222;6.485091580543667e-05;82.76099562644958;177.8317413330078;1.7106860876083374
2020-01-10T18:00:00;1012.0234375;1.9399047851562727;0.0;238.9336111111111;8.890990284271538e-05;77.23580598831177;173.1293182373047;2.1235663890838623
2020-01-10T19:00:00;1011.05140625;2.2982421875000227;0.0;259.39;0.00034195402986370027;75.9068489074707;175.06541442871094;2.0199947357177734
2020-01-10T20:00:00;1009.35484375;2.9313293457031477;0.0;258.0883333333333;7.159483357099816e-05;71.18731737136841;173.58802795410156;2.37180757522583
2020-01-10T21:00:00;1007.989296875;3.8284851074218977;0.0;260.2213888888889;0.0002446094003971666;64.458167552948;182.41299438476562;3.542466878890991
2020-01-10T22:00:00;1005.74375;4.371972656250023;1.4693123261287788e-14;268.5075;0.0;53.708332777023315;183.86839294433594;4.203177452087402
2020-01-10T23:00:00;1005.56734375;6.074243164062523;1.469306543717192e-14;299.6025;0.0;48.45929741859436;196.85365295410156;6.6860432624816895
2020-01-11T00:00:00;1004.90515625;5.689508056640648;1.4685228342001563e-14;299.515;0.0;49.715131521224976;199.68109130859375;6.602889537811279
2020-01-11T01:00:00;1003.84203125;5.067376708984398;1.470101818057401e-14;298.78805555555556;0.0;53.5893440246582;183.84298706054688;8.505419731140137
2020-01-11T02:00:00;1002.69546875;4.654199218750023;1.4685228342001563e-14;310.18083333333334;0.0;65.39204716682434;193.22573852539062;8.51695728302002
2020-01-11T03:00:00;1000.52546875;4.721948242187523;1.4685228342001563e-14;312.02472222222224;0.0;71.95336818695068;189.7628936767578;9.407700538635254
2020-01-11T04:00:00;998.802734375;4.559411621093773;1.4685228342001563e-14;313.71416666666664;0.0;76.48974061012268;191.28892517089844;8.351705551147461
2020-01-11T05:00:00;996.6371875;5.177850341796898;-5.874880443235142e-14;314.9711111111111;0.0;75.89770555496216;190.9473876953125;8.996347427368164
2020-01-11T06:00:00;995.01875;5.683068847656273;0.0;312.1716666666667;0.0;75.48277974128723;189.79339599609375;9.677800178527832
2020-01-11T07:00:00;993.9575;5.693933105468773;0.0;319.5966666666667;0.0;77.66786813735962;194.51007080078125;9.083891868591309
2020-01-11T08:00:00;993.084375;4.801171875000023;0.0;319.54805555555555;0.09788564592599869;92.57871508598328;194.50694274902344;8.867793083190918
2020-01-11T09:00:00;991.4990625;4.838677978515648;0.0;316.99555555555554;0.1680213063955307;92.54202842712402;192.18255615234375;8.432022094726562
2020-01-11T10:00:00;989.45921875;5.499780273437523;2.168888888888889;322.0852777777778;0.04347015172243118;87.52193450927734;198.6455841064453;8.915112495422363
2020-01-11T11:00:00;989.00140625;4.878350830078148;5.404444444444445;322.4488888888889;0.4131835997104645;93.26835870742798;201.93409729003906;8.465149879455566
2020-01-11T12:00:00;988.777734375;4.988031005859398;2.9155555555555557;327.40944444444443;2.4894089698791504;95.18187642097473;192.49789428710938;7.080240249633789
2020-01-11T13:00:00;989.102578125;7.372155761718773;4.16;330.1038888888889;0.09325240552425385;90.29754996299744;228.1768035888672;9.230783462524414
2020-01-11T14:00:00;989.35546875;7.508966064453148;6.684444444444445;318.4925;0.06322644650936127;83.07098150253296;230.75772094726562;9.087223052978516
2020-01-11T15:00:00;989.68921875;6.544244384765648;0.21333333333333335;322.95416666666665;0.2938917577266693;94.74397301673889;228.54110717773438;8.291650772094727
2020-01-11T16:00:00;989.19890625;6.378137207031273;0.017777777777777778;316.99861111111113;0.2952154874801636;92.48722195625305;231.2538299560547;8.48541259765625
2020-01-11T17:00:00;988.9528125;6.364892578125023;0.0;308.78472222222223;0.19709058105945587;91.77913665771484;224.1645965576172;8.908719062805176
2020-01-11T18:00:00;989.7734375;5.882928466796898;0.0;323.1661111111111;3.714613676071167;97.80927896499634;243.84283447265625;7.204455852508545
2020-01-11T19:00:00;990.1475;4.556512451171898;0.0;329.64916666666664;7.893203258514404;97.4750280380249;231.17481994628906;7.6859612464904785
2020-01-11T20:00:00;990.93265625;4.152520751953148;0.0;325.0661111111111;3.9143855571746826;99.41438436508179;246.13250732421875;7.764694690704346
2020-01-11T21:00:00;991.23734375;3.4649597167968977;0.0;323.68083333333334;3.2185282707214355;98.46222400665283;233.1207275390625;6.210788726806641
2020-01-11T22:00:00;991.91640625;4.503076171875023;1.4693123261287788e-14;318.6119444444444;1.6583051681518555;97.20647931098938;229.47586059570312;5.872256755828857
2020-01-11T23:00:00;992.81453125;4.669702148437523;1.469306543717192e-14;323.8575;4.229674339294434;96.96694016456604;246.86257934570312;6.354593753814697
2020-01-12T00:00:00;993.5884375;4.687860107421898;1.470101818057401e-14;308.7238888888889;1.104651927947998;94.89781856536865;231.61378479003906;5.399346351623535
2020-01-12T01:00:00;993.798515625;4.093957519531273;1.470101818057401e-14;319.9163888888889;0.48472410440444946;96.60676121711731;230.38804626464844;5.235711574554443
2020-01-12T02:00:00;992.7403125;3.7842041015625227;1.4716808019146455e-14;314.2975;0.7153660655021667;90.61618447303772;177.5102081298828;2.632641315460205
2020-01-12T03:00:00;991.772734375;3.6115356445312727;1.470101818057401e-14;288.71194444444444;0.0001393057609675452;88.1045937538147;183.73753356933594;3.1333305835723877
2020-01-12T04:00:00;993.77109375;1.6014953613281477;1.48668114855847e-14;311.6347222222222;2.4490272998809814;99.9957263469696;236.7711181640625;4.889860153198242
2020-01-12T05:00:00;994.00734375;2.6418090820312727;-5.900144184951056e-14;291.6961111111111;0.03365423530340195;92.51587390899658;232.01202392578125;6.438204288482666
2020-01-12T06:00:00;994.12546875;3.4320922851562727;0.0;276.7422222222222;0.01406308263540268;87.6160979270935;229.9849395751953;5.570060729980469
2020-01-12T07:00:00;994.11609375;4.235528564453148;0.0;301.89972222222224;7.954586180858314e-05;77.64009237289429;236.3887939453125;6.112011432647705
2020-01-12T08:00:00;993.90046875;4.117150878906273;0.0;304.63444444444445;5.4749449191149324e-05;77.43415832519531;220.2889862060547;5.143507957458496
2020-01-12T09:00:00;995.11578125;2.5724426269531477;0.0;278.5516666666667;0.1264445036649704;89.74618315696716;245.74900817871094;7.124301910400391
2020-01-12T10:00:00;995.43484375;3.5638061523437727;6.506666666666667;285.4013888888889;0.00019924303342122585;75.99682807922363;223.41244506835938;7.561734199523926
2020-01-12T11:00:00;995.4675;3.7124572753906477;19.253333333333334;294.5472222222222;1.9142240489600226e-05;74.45265650749207;224.3363494873047;6.778776168823242
2020-01-12T12:00:00;994.56578125;2.5898681640625227;19.484444444444446;290.34944444444443;0.2305973470211029;92.7876353263855;218.83572387695312;4.4219183921813965
2020-01-12T13:00:00;994.424453125;2.5808044433593977;11.253333333333334;305.5186111111111;0.24479639530181885;98.83321523666382;208.52635192871094;7.185821533203125
2020-01-12T14:00:00;993.4303125;3.4542175292968977;15.253333333333334;279.86861111111114;0.20704242587089539;83.40340256690979;214.8172607421875;5.981954574584961
2020-01-12T15:00:00;994.330625;1.8529602050781477;0.14222222222222222;310.44694444444445;2.6112329959869385;99.91335272789001;254.18844604492188;6.84268045425415
2020-01-12T16:00:00;995.235234375;3.0031982421875227;0.0;279.49666666666667;0.002144475467503071;73.52034449577332;229.24168395996094;7.578447341918945
2020-01-12T17:00:00;995.452421875;3.4084106445312727;0.0;280.2961111111111;0.00013257877435535192;75.27809739112854;228.04515075683594;8.036555290222168
2020-01-12T18:00:00;995.2396875;3.6264282226562727;0.0;288.1322222222222;0.009433946572244167;78.92501950263977;224.10458374023438;7.08342981338501
2020-01-12T19:00:00;995.858984375;2.9657531738281477;0.0;271.5130555555556;0.9512075185775757;79.6497642993927;224.39920043945312;8.091038703918457
2020-01-12T20:00:00;996.3315625;1.9581848144531477;0.0;286.5855555555556;1.3309502601623535;86.09816431999207;218.79530334472656;6.67779541015625
2020-01-12T21:00:00;996.33109375;2.7763305664062727;0.0;258.7005555555556;0.00026847608387470245;76.88796520233154;215.6611328125;6.372097492218018
2020-01-12T22:00:00;996.907578125;2.9730468750000227;1.511944890274385e-14;299.5727777777778;1.2048869132995605;90.91529846191406;240.4584197998047;6.315312385559082
2020-01-12T23:00:00;997.31375;2.4602905273437727;1.5150970755772875e-14;288.5025;1.19204843044281;99.11545515060425;232.13775634765625;6.35605525970459
2020-01-13T00:00:00;997.321796875;2.9027648925781477;1.5158923499174965e-14;304.60555555555555;0.2365531027317047;92.26276874542236;218.63571166992188;7.159515380859375
2020-01-13T01:00:00;997.8178125;2.6310058593750227;1.517471333774741e-14;283.5602777777778;0.000751260609831661;93.73064041137695;214.60916137695312;6.30462646484375
2020-01-13T02:00:00;997.85765625;2.3121276855468977;1.5143133660602516e-14;308.2891666666667;0.5620579123497009;99.28024411201477;220.47247314453125;3.3743736743927
2020-01-13T03:00:00;997.41265625;2.3495727539062727;1.5158923499174965e-14;306.96;0.30777281522750854;97.72382974624634;190.60662841796875;4.289839267730713
2020-01-13T04:00:00;996.4121875;3.1616760253906477;1.517471333774741e-14;243.8411111111111;0.0001410666445735842;84.9873423576355;191.15126037597656;5.669222354888916
2020-01-13T05:00:00;996.0021875;3.8313537597656477;-6.065937489961747e-14;253.17027777777778;0.0;78.85332107543945;199.8739013671875;6.659316539764404
2020-01-13T06:00:00;994.60046875;3.9889770507812727;0.0;281.8713888888889;0.00017043550906237215;77.52273678779602;193.4576416015625;7.248000621795654
2020-01-13T07:00:00;994.9978125;2.9657226562500227;0.0;308.6983333333333;0.12828528881072998;94.40805315971375;195.91065979003906;7.9754414558410645
2020-01-13T08:00:00;995.025625;2.8095642089843977;0.0;313.5736111111111;0.821900486946106;95.35868167877197;203.00856018066406;7.892313480377197
2020-01-13T09:00:00;995.458125;3.7988525390625227;0.0;317.1986111111111;1.5739253759384155;88.27860355377197;207.6325225830078;8.749565124511719
2020-01-13T10:00:00;996.34984375;2.9641662597656477;1.3333333333333333;314.40833333333336;0.40457314252853394;95.2336072921753;198.75967407226562;7.128976345062256
2020-01-13T11:00:00;996.009375;4.497064208984398;14.897777777777778;304.5136111111111;0.057334549725055695;80.26175498962402;202.0648193359375;7.762209892272949
2020-01-13T12:00:00;995.95109375;4.680780029296898;43.626666666666665;275.21194444444444;9.889525972539559e-05;76.65914297103882;201.5392608642578;7.972248554229736
2020-01-13T13:00:00;996.32890625;4.552758789062523;64.51555555555555;238.17777777777778;0.000285352929495275;76.6819953918457;198.60775756835938;7.274234294891357
2020-01-13T14:00:00;995.723203125;4.162530517578148;33.67111111111111;240.7447222222222;0.00011202733730897307;77.78375744819641;204.2944793701172;7.58696174621582
2020-01-13T15:00:00;996.082265625;4.139489746093773;3.5555555555555554;246.94305555555556;0.0002262259367853403;77.38237380981445;201.73023986816406;6.318722248077393
2020-01-13T16:00:00;995.923125;3.9296508789062727;0.017777777777777778;234.48916666666668;0.0;78.42932939529419;197.6217803955078;6.018072605133057
2020-01-13T17:00:00;994.7771875;4.038964843750023;0.0;231.8322222222222;0.00013952564040664583;73.93543720245361;187.83412170410156;6.375193119049072
2020-01-13T18:00:00;993.1815625;4.714074707031273;0.0;230.25583333333333;5.564633465837687e-05;66.4997398853302;181.40841674804688;6.978208541870117
2020-01-13T19:00:00;992.679765625;4.227319335937523;0.0;237.14888888888888;3.4196116303064628e-06;57.744407653808594;156.17286682128906;2.443141460418701
2020-01-13T20:00:00;991.37890625;3.5020996093750227;0.0;246.5338888888889;2.8637934519792907e-05;59.45647954940796;112.27913665771484;2.3004069328308105
2020-01-13T21:00:00;989.64359375;3.3578430175781477;0.0;269.3491666666667;8.734569564694539e-05;62.343424558639526;95.81847381591797;2.3398656845092773
2020-01-13T22:00:00;987.5340625;3.4796386718750227;1.5237872692037198e-14;242.6613888888889;0.0;58.908677101135254;147.19261169433594;2.499305009841919
2020-01-13T23:00:00;986.86859375;3.5127807617187727;1.522991994863511e-14;247.0586111111111;0.0;58.59891176223755;160.16348266601562;2.6130330562591553
2020-01-14T00:00:00;985.605703125;4.911676025390648;1.522208285346475e-14;275.94;0.0;57.518577575683594;142.8392333984375;5.043717384338379
2020-01-14T01:00:00;983.229765625;4.986688232421898;1.5190503176319857e-14;287.8152777777778;0.0;58.19604992866516;117.83969116210938;5.8643479347229
2020-01-14T02:00:00;981.10734375;4.766259765625023;1.5190503176319857e-14;300.77972222222223;0.0;66.11378192901611;66.23636627197266;3.9732062816619873
2020-01-14T03:00:00;979.23484375;5.045678710937523;1.5158923499174965e-14;299.00666666666666;0.0;66.33660793304443;112.49144744873047;2.339038848876953
2020-01-14T04:00:00;978.909375;5.069879150390648;1.5166818418461186e-14;301.73527777777775;0.0;72.0038115978241;53.39985275268555;2.3414463996887207
2020-01-14T05:00:00;977.3934375;5.626794433593773;-6.07383240924797e-14;298.7033333333333;0.0;76.59355401992798;180.88082885742188;6.493041515350342
2020-01-14T06:00:00;976.9809375;5.670861816406273;0.0;275.49333333333334;0.0;74.48170185089111;190.147705078125;6.9418840408325195
2020-01-14T07:00:00;976.688359375;5.478051757812523;0.0;244.38583333333332;0.0;73.77372980117798;196.90774536132812;5.547330856323242
2020-01-14T08:00:00;976.49671875;5.108178710937523;0.0;278.3230555555556;0.0;78.59382033348083;197.43118286132812;3.0722968578338623
2020-01-14T09:00:00;976.63828125;4.781243896484398;0.02666666666666667;291.15972222222223;0.009572324343025684;80.63545823097229;184.1005096435547;2.455554962158203
2020-01-14T10:00:00;977.09375;4.147027587890648;6.315555555555555;288.5275;0.0;75.30403733253479;183.38674926757812;2.296952486038208
2020-01-14T11:00:00;978.67734375;4.380914306640648;20.595555555555556;298.4008333333333;0.6962180137634277;92.15275049209595;218.2889404296875;6.168956756591797
2020-01-14T12:00:00;979.35875;4.393853759765648;12.337777777777777;310.6177777777778;1.084484338760376;83.51037502288818;192.04148864746094;6.035310745239258
2020-01-14T13:00:00;980.808125;3.5514770507812727;10.435555555555556;310.4447222222222;0.40149223804473877;92.34064817428589;190.14617919921875;4.987070560455322
2020-01-14T14:00:00;980.7725;3.6877990722656477;24.355555555555554;267.2238888888889;0.00032758491579443216;81.37261867523193;201.256591796875;5.412301540374756
2020-01-14T15:00:00;981.13125;3.3399597167968977;1.2444444444444445;267.79;0.00012474090908654034;82.99917578697205;198.87425231933594;6.185838222503662
2020-01-14T16:00:00;981.45265625;3.4852233886718977;0.0;229.80555555555554;8.877759682945907e-05;81.01553320884705;193.2549285888672;5.022120952606201
2020-01-14T17:00:00;981.6690625;3.7920471191406477;0.0;229.60305555555556;0.0;76.21355056762695;195.1205596923828;5.518921375274658
2020-01-14T18:00:00;981.8821875;3.8581481933593977;0.0;229.40833333333333;3.150172778987326e-05;74.91505146026611;194.9390411376953;5.79196310043335
2020-01-14T19:00:00;981.5434375;3.8288208007812727;0.0;229.01583333333335;4.4388798414729536e-05;74.79752898216248;191.45933532714844;5.315427303314209
2020-01-14T20:00:00;980.551484375;3.7192932128906477;0.0;235.80027777777778;3.150172778987326e-05;73.412024974823;181.2517852783203;4.127818584442139
2020-01-14T21:00:00;980.02125;3.4619384765625227;0.0;269.39444444444445;7.159483629948227e-06;73.86673092842102;164.82167053222656;2.543355703353882
2020-01-14T22:00:00;979.72984375;3.1179748535156477;1.5040499709881612e-14;294.16333333333336;0.0;78.23986411094666;186.6732635498047;1.7688041925430298
2020-01-14T23:00:00;978.69734375;3.1054016113281477;1.5040441885765747e-14;305.4188888888889;0.0;80.656898021698;136.8167724609375;1.6412498950958252
2020-01-15T00:00:00;977.8084375;3.0387207031250227;1.503260479059539e-14;306.7011111111111;0.0;84.05957818031311;146.08291625976562;1.4349606037139893
2020-01-15T01:00:00;977.146328125;2.9336486816406477;1.5001025113450496e-14;307.32444444444445;0.04435618594288826;86.2507700920105;146.57455444335938;1.0928244590759277
2020-01-15T02:00:00;976.65921875;2.5842834472656477;1.5016814952022945e-14;309.37055555555554;0.60844886302948;96.04845643043518;139.8607177734375;0.8572041988372803
2020-01-15T03:00:00;976.573359375;2.1649108886718977;1.503260479059539e-14;317.9313888888889;2.191870927810669;99.997478723526;274.37908935546875;2.18152117729187
2020-01-15T04:00:00;977.3065625;1.2651916503906477;1.5087869225598953e-14;317.77444444444444;3.0888113975524902;99.98979568481445;227.8480987548828;1.8746014833450317
2020-01-15T05:00:00;978.404453125;2.0280395507812727;-6.013831022672673e-14;319.09722222222223;2.373640537261963;98.5403060913086;206.55068969726562;3.228971481323242
2020-01-15T06:00:00;979.12609375;2.5986572265625227;0.0;294.6575;0.23841965198516846;95.31453847885132;193.42214965820312;3.543877363204956
2020-01-15T07:00:00;979.7134375;2.8524414062500227;0.0;246.4738888888889;0.005515163764357567;90.83460569381714;196.40321350097656;4.116767406463623
2020-01-15T08:00:00;980.441875;3.0876098632812727;0.0;232.31916666666666;0.0003044444019906223;87.6668632030487;194.4246063232422;4.760449409484863
2020-01-15T09:00:00;980.685625;3.1710754394531477;0.10666666666666667;232.15694444444443;4.217520836391486e-05;83.5287094116211;200.47178649902344;4.244293689727783
2020-01-15T10:00:00;981.775;3.6614013671875227;23.91111111111111;230.74138888888888;2.5607643692637794e-05;76.27304196357727;198.66094970703125;5.573949337005615
2020-01-15T11:00:00;982.546640625;4.114923095703148;62.702222222222225;230.2588888888889;6.928658694960177e-05;75.99390745162964;198.97059631347656;6.1726837158203125
2020-01-15T12:00:00;983.44046875;4.223840332031273;81.63555555555556;231.18277777777777;7.160573295550421e-05;76.2395441532135;199.3831787109375;7.02608060836792
2020-01-15T13:00:00;983.954609375;4.208703613281273;71.39555555555556;234.62222222222223;4.962447928846814e-05;74.55034852027893;194.72021484375;6.7752604484558105
2020-01-15T14:00:00;983.81125;4.261071777343773;32.74666666666667;249.70805555555555;0.00015168011304922402;71.76862359046936;196.86366271972656;6.38009786605835
2020-01-15T15:00:00;984.05078125;4.183374023437523;3.7688888888888887;258.7894444444444;8.734155562706292e-05;74.05593395233154;200.85801696777344;6.543514728546143
2020-01-15T16:00:00;984.223203125;4.405877685546898;0.0;259.0758333333333;0.0;73.05036187171936;193.95921325683594;6.965941905975342
2020-01-15T17:00:00;984.16296875;4.350183105468773;0.017777777777777778;241.96972222222223;0.0;74.56706762313843;195.277099609375;7.133097171783447
2020-01-15T18:00:00;984.702421875;4.348168945312523;0.0;256.71;0.0;74.11704063415527;197.9488067626953;5.780716419219971
2020-01-15T19:00:00;985.1803125;4.357629394531273;0.0;272.85583333333335;0.0;72.2601056098938;195.15533447265625;4.8797125816345215
2020-01-15T20:00:00;984.798046875;4.467218017578148;0.0;276.7658333333333;0.0;71.78248167037964;184.14891052246094;5.0101399421691895
2020-01-15T21:00:00;984.943359375;4.881005859375023;0.0;280.5566666666667;0.0;70.2107846736908;188.957763671875;4.434696674346924
2020-01-15T22:00:00;985.641953125;4.676690673828148;1.522208285346475e-14;295.82722222222225;0.0;74.44055676460266;183.63739013671875;3.300053834915161
2020-01-15T23:00:00;986.34390625;5.245294189453148;1.522991994863511e-14;318.4402777777778;0.0;78.24914455413818;195.0845184326172;5.0093464851379395
2020-01-16T00:00:00;987.453125;5.109674072265648;1.5190503176319857e-14;320.56083333333333;0.0;82.94424414634705;193.5795135498047;5.118504047393799
2020-01-16T01:00:00;988.2934375;4.842156982421898;1.5190503176319857e-14;298.25805555555553;0.0;88.28940391540527;192.14585876464844;5.639562129974365
2020-01-16T02:00:00;988.45984375;4.711694335937523;1.517471333774741e-14;321.7297222222222;1.070430040359497;94.13648843765259;187.86114501953125;5.539088726043701
2020-01-16T03:00:00;989.383046875;4.628717041015648;1.517471333774741e-14;300.35277777777776;0.11756005883216858;92.75566339492798;196.4610595703125;6.158310890197754
2020-01-16T04:00:00;990.0053125;5.654107666015648;1.5158923499174965e-14;322.1163888888889;0.028769081458449364;86.7984414100647;211.06512451171875;7.596524715423584
2020-01-16T05:00:00;991.85515625;5.596978759765648;-6.07067444153348e-14;327.5075;0.343733549118042;94.304358959198;229.15748596191406;8.808831214904785
2020-01-16T06:00:00;994.05359375;5.494012451171898;0.0;323.7375;0.7822191715240479;94.7073221206665;233.4281005859375;8.241900444030762
2020-01-16T07:00:00;995.50859375;5.943536376953148;0.0;319.19638888888886;0.08055157959461212;83.237224817276;229.6552734375;7.783140659332275
2020-01-16T08:00:00;996.76484375;5.452935791015648;0.0;319.1038888888889;0.1794743686914444;91.78075194358826;229.19676208496094;7.796767711639404
2020-01-16T09:00:00;998.09359375;5.452844238281273;0.044444444444444446;302.9422222222222;0.28127649426460266;94.27698254585266;227.4958038330078;7.455698013305664
2020-01-16T10:00:00;999.4946875;5.554681396484398;2.933333333333333;322.6769444444444;0.6433687210083008;93.57821345329285;234.3153076171875;8.012162208557129
2020-01-16T11:00:00;1000.96203125;5.725396728515648;8.577777777777778;326.85833333333335;0.8394948244094849;94.71338391304016;230.2604217529297;8.250585556030273
2020-01-16T12:00:00;1002.313125;5.809777832031273;20.24888888888889;318.75111111111113;0.8962019085884094;97.2250759601593;233.6280059814453;7.427827835083008
2020-01-16T13:00:00;1003.518984375;5.933709716796898;7.964444444444444;329.29027777777776;0.8030526041984558;96.33854627609253;230.193115234375;7.5729851722717285
2020-01-16T14:00:00;1004.95578125;5.759576416015648;10.702222222222222;318.795;0.40667837858200073;94.98643279075623;234.49183654785156;7.24626350402832
2020-01-16T15:00:00;1006.005;5.577600097656273;0.7466666666666667;327.2561111111111;0.25678446888923645;93.09760928153992;222.24197387695312;6.483445167541504
2020-08-13T03:00:00;1017.663046875;17.940209960937523;0.0;381.08;0.0;68.06844472885132;193.00439453125;1.0379307270050049
2020-08-13T04:00:00;1017.7084375;17.840661621093773;0.39111111111111113;374.7402777777778;0.007570028305053711;80.60211539268494;230.6393585205078;1.0808361768722534
2020-08-13T05:00:00;1017.4953125;17.500756835937523;6.897777777777778;377.8255555555556;0.07909093797206879;84.48395729064941;70.62830352783203;0.25380778312683105
2020-08-13T06:00:00;1017.365625;16.997766113281273;15.075555555555555;378.59694444444443;0.5614925026893616;91.12299680709839;3.1682469844818115;0.6067329049110413
2020-08-13T07:00:00;1016.950625;16.232751464843773;12.936004774305555;379.8811111111111;0.8862391710281372;96.13847732543945;125.47745513916016;1.2615036964416504
2020-08-13T08:00:00;1016.6840625;16.514733886718773;24.55593967013889;383.3925;0.12502598762512207;94.36686635017395;124.07711791992188;1.2416186332702637
2020-08-13T09:00:00;1016.43375;17.590631103515648;117.90204861111111;383.0227777777778;0.0;87.25781440734863;131.70321655273438;1.4725557565689087
2020-08-13T10:00:00;1016.50359375;16.279321289062523;144.35949652777776;376.4686111111111;0.0050117578357458115;92.03068614006042;17.68807601928711;0.5370978116989136
2020-08-13T11:00:00;1016.6234375;16.218041992187523;58.0525;384.46305555555557;0.0017609449569135904;93.31391453742981;309.1300354003906;1.2650015354156494
2020-08-13T12:00:00;1016.64703125;16.214013671875023;53.7565625;385.84472222222223;0.002987691666930914;92.30985641479492;277.1170654296875;1.465853214263916
2020-08-13T13:00:00;1016.76109375;16.157983398437523;75.81725694444444;384.7552777777778;0.003811913076788187;92.35865473747253;279.27032470703125;1.9273574352264404
2020-08-13T14:00:00;1016.83859375;15.725183105468773;41.56611111111111;385.96305555555557;0.009502867236733437;93.27112436294556;288.3694763183594;2.756730318069458
2020-08-13T15:00:00;1016.64640625;16.292565917968773;113.70722222222223;381.97833333333335;0.001389237237162888;92.24268198013306;279.1710205078125;3.0771093368530273
2020-08-13T16:00:00;1016.610625;15.394219970703148;32.50086805555556;387.76694444444445;0.014417561702430248;98.6041009426117;264.7557373046875;2.6550991535186768
2020-08-13T17:00:00;1016.57671875;14.941766357421898;17.646440972222223;387.2894444444444;0.021179892122745514;99.62644577026367;274.3866882324219;2.28690505027771
2020-08-13T18:00:00;1016.370546875;14.594140625000023;12.018420138888889;385.37388888888887;0.010951356962323189;99.30759072303772;285.9599304199219;1.9214407205581665
2020-08-13T19:00:00;1016.476953125;14.447778320312523;13.397256944444445;382.16055555555556;0.0012238016352057457;98.56148958206177;289.3406677246094;1.9451552629470825
2020-08-13T20:00:00;1017.0465625;14.200677490234398;1.8944965277777779;380.76694444444445;0.00237687723711133;99.30921196937561;294.6553039550781;2.0277798175811768
2020-08-13T21:00:00;1017.080546875;13.915093994140648;0.017152777777777777;380.90444444444444;0.010530645959079266;99.46641325950623;298.8525695800781;1.9821991920471191
2020-08-13T22:00:00;1016.79234375;13.850549316406273;0.017777777777777778;379.8955555555556;0.011946437880396843;99.21010732650757;292.5863037109375;1.6262284517288208
2020-08-13T23:00:00;1016.698125;13.759240722656273;0.0;378.30611111111114;0.005270683206617832;98.27932119369507;286.9425048828125;1.4559504985809326
2020-08-14T00:00:00;1016.563359375;13.687890625000023;0.0;377.5105555555556;0.004005758557468653;97.63543009757996;279.49029541015625;1.373898983001709
2020-08-14T01:00:00;1016.57125;13.549188232421898;-0.017777777777777778;376.69694444444445;0.0035056057386100292;97.4599838256836;278.0186767578125;1.7098854780197144
2020-08-14T02:00:00;1016.580546875;13.277032470703148;0.0;375.6947222222222;0.0036406461149454117;97.30437994003296;287.042724609375;2.00962233543396
2020-08-14T03:00:00;1016.469296875;13.023156738281273;0.0;373.4891666666667;0.002449445193633437;95.73732614517212;294.89935302734375;1.817944884300232
2020-08-14T04:00:00;1016.2253125;13.010827636718773;0.32;371.42083333333335;0.0013071502326056361;95.46540379524231;283.9947509765625;1.6689146757125854
2020-08-14T05:00:00;1016.0684375;12.992974853515648;8.64;370.96194444444444;0.0005130799836479127;93.96082758903503;281.3123779296875;1.7539047002792358
2020-08-14T06:00:00;1015.77140625;13.027398681640648;33.6;369.3491666666667;0.00044961555977351964;91.57126545906067;288.90478515625;2.1564791202545166
2020-08-14T07:00:00;1015.765859375;12.980889892578148;56.53283854166666;368.82944444444445;0.0003754355711862445;90.34444689750671;289.8514099121094;2.5107197761535645
2020-08-14T08:00:00;1015.980078125;13.182244873046898;90.46563368055556;367.3883333333333;0.0014346116222441196;88.13497424125671;289.591552734375;2.5579826831817627
2020-08-14T09:00:00;1016.114921875;13.951104736328148;192.5782986111111;363.44305555555553;0.0006623285007663071;83.25520753860474;289.9349670410156;2.701653003692627
2020-08-14T10:00:00;1015.76765625;14.754602050781273;280.7290972222222;360.84444444444443;0.0011919875396415591;81.1479389667511;284.2101745605469;2.26454758644104
2020-08-14T11:00:00;1015.746953125;15.509759521484398;435.5279861111111;353.0391666666667;0.0001108696378651075;76.2452781200409;296.8712463378906;3.2062575817108154
2020-08-14T12:00:00;1016.02171875;15.003259277343773;494.33444444444444;325.94638888888886;0.0005275058792904019;75.77986717224121;291.44488525390625;4.270371913909912
2020-08-14T13:00:00;1016.157421875;14.433862304687523;437.16375;317.1686111111111;0.0004809098900295794;76.52449011802673;285.03369140625;4.091269016265869
2020-08-14T14:00:00;1015.87578125;15.370599365234398;546.0051388888888;301.34777777777776;0.00014130346244201064;71.22052907943726;283.38531494140625;3.4877586364746094
2020-08-14T15:00:00;1015.79765625;15.291833496093773;503.18888888888887;296.8775;5.7275869949080516e-06;70.2699065208435;292.8778381347656;3.512022018432617
2020-08-14T16:00:00;1015.865859375;14.683648681640648;412.74375;293.44444444444446;0.0;73.47275614738464;287.15911865234375;4.327949523925781
2020-08-14T17:00:00;1015.869453125;14.116601562500023;290.0129166666667;295.3258333333333;0.0;74.62021708488464;282.3021545410156;4.048920631408691
2020-08-14T18:00:00;1015.901015625;13.579064941406273;185.2938888888889;285.7286111111111;0.0;77.0448386669159;276.9888610839844;3.5515921115875244
2020-08-14T19:00:00;1015.8275;13.066796875000023;77.65694444444445;284.01916666666665;0.0;79.9516499042511;258.7395935058594;2.1008734703063965
2020-08-14T20:00:00;1015.89109375;12.156518554687523;8.482777777777779;281.66277777777776;0.0;84.90772843360901;204.5511016845703;1.2857388257980347
2020-08-14T21:00:00;1015.906953125;11.402337646484398;-0.019166666666666665;279.2975;0.0;87.35067844390869;220.43325805664062;1.475271463394165
2020-08-14T22:00:00;1015.845;11.042901611328148;0.0;279.26722222222224;0.0;92.54173636436462;232.989013671875;1.71072256565094
2020-08-14T23:00:00;1016.0540625;10.847222900390648;0.0;280.81888888888886;0.0;90.8739447593689;219.27975463867188;1.620561957359314
2020-08-15T00:00:00;1016.2271875;10.812402343750023;0.0;285.7361111111111;0.0;90.41612148284912;230.9339141845703;1.662700891494751
2020-08-15T01:00:00;1016.529296875;10.923333740234398;0.0;293.6061111111111;0.0;88.60346674919128;226.73422241210938;1.8110861778259277
2020-08-15T02:00:00;1016.53609375;11.060052490234398;-0.017777777777777778;299.14666666666665;0.0;88.42949867248535;228.6137237548828;1.9281145334243774
2020-08-15T03:00:00;1016.6509375;11.197106933593773;0.035555555555555556;301.24111111111114;0.0;89.7905707359314;239.01007080078125;2.2228808403015137
2020-08-15T04:00:00;1016.711953125;11.839044189453148;1.4933333333333334;303.2547222222222;0.0;92.32361316680908;243.6372528076172;3.1401028633117676
2020-08-15T05:00:00;1016.8428125;12.399194335937523;44.693333333333335;310.38388888888886;0.0;88.71945142745972;235.20765686035156;3.36574387550354
2020-08-15T06:00:00;1017.0596875;12.950341796875023;23.253333333333334;366.5047222222222;0.002233177190646529;86.32686138153076;235.01788330078125;3.2135608196258545
2020-08-15T07:00:00;1017.0515625;13.387017822265648;23.989461805555557;369.7338888888889;0.0035629714839160442;84.95211005210876;233.6044921875;3.0308337211608887
2020-08-15T08:00:00;1017.46984375;13.990014648437523;40.99198784722222;371.7052777777778;0.0020991337951272726;82.82656669616699;237.70120239257812;2.922274112701416
2020-08-15T09:00:00;1017.67046875;14.863549804687523;68.05056423611111;373.92583333333334;0.00035378203028813004;79.5886218547821;245.64776611328125;3.1247477531433105
2020-08-15T10:00:00;1017.40375;16.879327392578148;268.5393402777778;370.9238888888889;0.0;70.50197124481201;259.44195556640625;3.7216012477874756
2020-08-15T11:00:00;1017.820546875;17.097619628906273;407.7884027777778;361.735;5.398792200139724e-05;70.17846703529358;275.8914794921875;4.129266738891602
2020-08-15T12:00:00;1018.3928125;16.648065185546898;364.6646527777778;368.9527777777778;8.704174979357049e-05;72.89753556251526;283.10833740234375;4.09011697769165
2020-08-15T13:00:00;1018.82625;16.379754638671898;305.90486111111113;374.51916666666665;1.4323326468002051e-05;75.81349015235901;286.66998291015625;4.092394828796387
2020-08-15T14:00:00;1018.71171875;16.486383056640648;392.49652777777777;358.30861111111113;7.71256054576952e-06;77.35005021095276;286.9808044433594;4.242740154266357
2020-08-15T15:00:00;1018.52796875;16.727899169921898;493.99666666666667;321.5202777777778;0.0;78.08247804641724;284.6583251953125;4.36607027053833
2020-08-15T16:00:00;1018.469375;16.645471191406273;408.05694444444447;316.37805555555553;0.0;79.15219068527222;288.017578125;4.417999267578125
2020-08-15T17:00:00;1018.7090625;15.874749755859398;281.23555555555555;319.0788888888889;0.0;84.45770144462585;284.3490905761719;3.8755393028259277
2020-08-15T18:00:00;1018.858125;15.086511230468773;120.53777777777778;349.0491666666667;0.0;89.41070437431335;284.20758056640625;3.075660228729248
2020-08-15T19:00:00;1019.08421875;14.566491699218773;22.654166666666665;376.0275;0.0;93.35823059082031;280.1308288574219;2.319658041000366
2020-08-15T20:00:00;1019.24265625;14.382806396484398;1.255;376.86944444444447;0.0024272706359624863;94.96201276779175;265.3253479003906;1.5236036777496338
2020-08-15T21:00:00;1019.04015625;14.207238769531273;0.12805555555555556;369.1047222222222;0.0003847702464554459;95.86836099624634;252.41600036621094;0.7570545673370361
2020-08-15T22:00:00;1018.98046875;13.912744140625023;0.0;372.2736111111111;0.0007810493698343635;98.73234629631042;259.664794921875;0.7197839617729187
2020-08-15T23:00:00;1019.0625;13.972161865234398;0.0;372.74333333333334;0.0005785990506410599;98.37687015533447;231.392578125;0.697889506816864
2020-08-16T00:00:00;1019.158671875;13.972985839843773;0.0;371.9627777777778;0.0001652691571507603;97.54065871238708;170.87721252441406;0.6348456144332886
2020-08-16T01:00:00;1019.298125;14.019372558593773;0.0;373.8672222222222;0.00020899390801787376;96.55338525772095;168.7869415283203;0.47476422786712646
2020-08-16T02:00:00;1019.154375;13.924768066406273;0.0;371.86305555555555;0.0016861450858414173;96.64644598960876;56.79050064086914;0.2825454771518707
2020-08-16T03:00:00;1018.98296875;13.865625000000023;0.017777777777777778;375.9897222222222;0.00115203857421875;98.60413074493408;23.08758544921875;0.3091972768306732
2020-08-16T04:00:00;1018.868828125;14.015191650390648;0.07111111111111111;381.09722222222223;0.009174076840281487;99.85535144805908;279.1650085449219;1.0245463848114014
2020-08-16T05:00:00;1018.8728125;14.000207519531273;2.382222222222222;380.5494444444444;0.015343736857175827;99.71195459365845;282.01275634765625;1.182850956916809
2020-08-16T06:00:00;1018.94875;14.046472167968773;8.817777777777778;380.65;0.014379454776644707;99.62504506111145;294.5403747558594;1.188336968421936
2020-08-16T07:00:00;1018.849609375;14.327447509765648;30.722517361111112;381.03;0.01009763777256012;98.41960072517395;306.21136474609375;1.0342612266540527
2020-08-16T08:00:00;1018.7728125;14.969995117187523;76.51345486111111;380.7863888888889;0.0034621600061655045;93.88619661331177;327.962158203125;1.0498301982879639
2020-08-16T09:00:00;1018.97734375;15.864068603515648;157.75375;379.7761111111111;0.0017638277495279908;87.92455196380615;343.1097412109375;1.2198760509490967
2020-08-16T10:00:00;1019.09859375;16.037805175781273;214.26222222222222;377.4605555555556;0.003451600670814514;85.08028388023376;17.675676345825195;1.219677448272705
2020-08-16T11:00:00;1018.901015625;17.733575439453148;484.5161111111111;345.75805555555553;0.00038299651350826025;74.76837635040283;19.400733947753906;1.5690466165542603
2020-08-16T12:00:00;1018.80078125;18.399560546875023;382.080625;373.4316666666667;2.485860022716224e-06;71.6631829738617;21.2890625;1.8824260234832764
2020-08-16T13:00:00;1018.6915625;18.975030517578148;443.83375;368.43944444444446;0.00020387695985846221;67.55244731903076;15.234755516052246;2.370295524597168
2020-08-16T14:00:00;1018.16953125;18.383416748046898;517.2030555555556;335.1647222222222;0.00029002007795497775;68.80821585655212;21.063308715820312;3.0213019847869873
2020-08-16T15:00:00;1017.78546875;17.887536621093773;505.32138888888886;311.9925;9.916148883348797e-06;68.99893879890442;20.753795623779297;2.9439263343811035
2020-08-16T16:00:00;1017.157109375;16.501672363281273;407.7919444444444;306.7894444444444;0.0;74.0954339504242;23.03472137451172;3.2157349586486816
2020-08-16T17:00:00;1016.84046875;16.182458496093773;292.0622222222222;304.8441666666667;0.0;75.01859068870544;26.62095069885254;2.7085773944854736
2020-08-16T18:00:00;1016.56296875;15.709680175781273;172.8647222222222;302.9741666666667;0.0;76.15081667900085;30.18355369567871;2.0715603828430176
2020-08-16T19:00:00;1016.41734375;14.902337646484398;67.93805555555555;300.7163888888889;0.0;80.3332507610321;39.049652099609375;1.316379427909851
2020-08-16T20:00:00;1016.40703125;13.904962158203148;5.365277777777778;298.27777777777777;0.0;85.28916835784912;60.853240966796875;1.1823478937149048
2020-08-16T21:00:00;1015.99515625;13.326562500000023;0.035;297.1175;0.0;87.28665709495544;76.11933898925781;1.3446416854858398
2020-08-16T22:00:00;1015.681875;12.834649658203148;0.0;297.74694444444447;0.0;95.13285160064697;74.67837524414062;1.474310040473938
2020-08-16T23:00:00;1015.368046875;12.778527832031273;0.0;297.50083333333333;0.0;93.60552430152893;74.90750885009766;1.4931055307388306
2020-08-17T00:00:00;1015.39390625;12.769525146484398;0.0;298.91194444444443;0.0;92.79532432556152;77.79057312011719;1.4488422870635986
2020-08-17T01:00:00;1015.1603125;12.787316894531273;0.0;306.2633333333333;0.0;91.86297655105591;75.29051208496094;1.4589884281158447
2020-08-17T02:00:00;1014.5459375;12.814538574218773;0.0;306.18555555555554;0.0;90.58890342712402;77.28377532958984;1.4706683158874512
2020-08-17T03:00:00;1014.28984375;12.854089355468773;0.0;303.8047222222222;0.0;89.18207883834839;89.38421630859375;1.3191478252410889
2020-08-17T04:00:00;1014.212890625;13.071496582031273;0.6222222222222222;297.02166666666665;4.295690359867876e-06;92.32691526412964;82.24898529052734;1.7257298231124878
2020-08-17T05:00:00;1013.952421875;13.661523437500023;44.10666666666667;297.03777777777776;0.0;87.04432845115662;85.44351196289062;1.348953127861023
2020-08-17T06:00:00;1013.8759375;15.118432617187523;137.92;300.2211111111111;0.0;79.18452024459839;66.40957641601562;0.8698384761810303
2020-08-17T07:00:00;1013.540390625;16.809777832031273;247.6296875;305.7613888888889;0.0;70.82570791244507;39.6707649230957;0.7516513466835022
2020-08-17T08:00:00;1013.330625;18.457727050781273;373.82440972222224;306.4511111111111;0.0;65.31265377998352;23.742328643798828;0.7891363501548767
2020-08-17T09:00:00;1013.4528125;19.961907958984398;482.63631944444444;310.17;0.0;60.22835373878479;4.38235330581665;0.9813318252563477
2020-08-17T10:00:00;1013.139296875;20.851129150390648;565.2046527777778;316.5497222222222;0.0;60.88595986366272;357.4611511230469;1.3277864456176758
2020-08-17T11:00:00;1013.098671875;21.857293701171898;619.91125;321.0863888888889;0.0;56.822508573532104;354.8497314453125;1.6634629964828491
2020-08-17T12:00:00;1012.940078125;22.458612060546898;640.6808333333333;325.575;0.0;53.656286001205444;353.56280517578125;2.1059956550598145
2020-08-17T13:00:00;1012.80078125;22.568322753906273;626.61;328.1088888888889;0.0;50.83339810371399;359.6681213378906;2.2630999088287354
2020-08-17T14:00:00;1012.15546875;22.585015869140648;579.3116666666666;328.2897222222222;0.0;50.32678842544556;358.70513916015625;2.2165451049804688
2020-08-17T15:00:00;1011.75;22.399926757812523;502.74916666666667;327.2783333333333;0.0;51.03937387466431;359.484619140625;2.1232383251190186
2020-08-17T16:00:00;1011.7234375;19.993859863281273;403.6813888888889;317.1713888888889;0.0;61.54206991195679;23.2333984375;1.5314136743545532
2020-08-17T17:00:00;1011.355;19.751397705078148;286.8176388888889;317.7294444444444;0.0;61.392539739608765;28.230609893798828;1.0130059719085693
2020-08-17T18:00:00;1011.039375;19.099267578125023;167.20527777777778;318.18888888888887;0.0;64.15135264396667;21.560928344726562;0.7286314368247986
2020-08-17T19:00:00;1010.87984375;17.803247070312523;63.30138888888889;316.65555555555557;0.0;71.88456058502197;115.79352569580078;0.7321243286132812
2020-08-17T20:00:00;1011.01078125;16.638787841796898;4.101388888888889;315.7894444444444;0.0;73.89114499092102;135.2835693359375;1.210411548614502
2020-08-17T21:00:00;1010.8059375;16.029595947265648;-0.006944444444444444;315.00083333333333;0.0;77.08326578140259;142.8061065673828;1.4558137655258179
2020-08-17T22:00:00;1010.73703125;15.370843505859398;0.0;314.0463888888889;0.0;88.58992457389832;141.6199951171875;1.3933418989181519
2020-08-17T23:00:00;1010.62796875;15.311029052734398;0.0;314.46944444444443;0.0;88.13675045967102;160.9377899169922;1.3670825958251953
2020-08-18T00:00:00;1010.5825;15.294732666015648;0.0;313.75555555555553;0.0;81.47324919700623;162.51065063476562;1.3617182970046997
2020-08-18T01:00:00;1010.524375;15.326867675781273;0.0;313.7658333333333;0.0;76.97954773902893;161.63705444335938;1.4156677722930908
2020-08-18T02:00:00;1010.0853125;15.318963623046898;0.0;312.81916666666666;0.0;73.4043836593628;158.44004821777344;1.4810771942138672
2020-08-18T03:00:00;1009.75109375;15.321618652343773;0.017777777777777778;312.36333333333334;0.0;69.85673904418945;158.4840545654297;1.5740199089050293
2020-08-18T04:00:00;1009.6565625;15.718011474609398;0.3022222222222222;315.19694444444445;0.0;73.40747117996216;163.70101928710938;1.4919090270996094
2020-08-18T05:00:00;1009.3290625;16.091424560546898;39.48444444444444;315.7925;0.0;72.60493040084839;163.3022918701172;1.4653843641281128
2020-08-18T06:00:00;1008.919375;17.296655273437523;133.93777777777777;316.9302777777778;0.0;71.61009311676025;161.72866821289062;1.3453031778335571
2020-08-18T07:00:00;1008.511953125;19.054528808593773;249.44986111111112;320.5886111111111;0.0;66.73792600631714;159.6527862548828;0.9292650818824768
2020-08-18T08:00:00;1008.3459375;20.761102294921898;366.1300694444444;325.9841666666667;0.0;57.26975202560425;189.4602813720703;0.9219972491264343
2020-08-18T09:00:00;1008.1325;22.088128662109398;470.4640972222222;330.9627777777778;0.0;54.34300899505615;201.27713012695312;0.9329177141189575
2020-08-18T10:00:00;1008.001328125;23.092523193359398;553.3430555555556;336.07972222222224;0.0;56.41818046569824;266.4515380859375;1.171593427658081
2020-08-18T11:00:00;1007.8565625;23.621453857421898;606.8625;340.795;0.0;58.16071629524231;286.4520263671875;1.1750530004501343
2020-08-18T12:00:00;1007.63921875;24.156732177734398;627.7904166666667;344.2038888888889;0.0;57.454246282577515;301.9262390136719;1.1940380334854126
2020-08-18T13:00:00;1007.50671875;24.472100830078148;614.1058333333333;345.77722222222224;0.0;57.06819295883179;315.48358154296875;1.4210033416748047
2020-08-18T14:00:00;1007.08671875;24.404168701171898;566.7305555555556;346.93611111111113;0.0;58.903807401657104;322.0174560546875;1.8662090301513672
2020-08-18T15:00:00;1006.625;23.806787109375023;489.5563888888889;346.05;0.0;59.94446873664856;308.39599609375;2.4513771533966064
2020-08-18T16:00:00;1006.4309375;22.738610839843773;390.5047222222222;340.8466666666667;0.0;60.11537313461304;287.46966552734375;2.164067506790161
2020-08-18T17:00:00;1006.4959375;21.944757080078148;275.31916666666666;339.8713888888889;0.0;65.15993475914001;221.0836181640625;1.8958171606063843
2020-08-18T18:00:00;1006.42296875;21.166619873046898;157.67944444444444;339.58972222222224;0.0;67.67613291740417;151.0525360107422;0.9999157190322876
2020-08-18T19:00:00;1006.03828125;19.795678710937523;42.95194444444444;353.49916666666667;0.0;76.67737007141113;125.49562072753906;0.6481720805168152
2020-08-18T20:00:00;1006.0684375;18.434747314453148;2.7830555555555554;337.17805555555555;0.0;74.28030967712402;150.7856903076172;1.2878656387329102
2020-08-18T21:00:00;1005.942734375;17.548516845703148;-0.0019444444444444444;326.0755555555556;0.0;73.94777536392212;159.11239624023438;1.5132137537002563
2020-08-18T22:00:00;1005.96828125;17.243524169921898;0.0;330.1363888888889;0.0;88.12921643257141;153.524169921875;1.377537488937378
2020-08-18T23:00:00;1006.054765625;16.877984619140648;0.0;327.6686111111111;0.0;82.48957395553589;158.50408935546875;1.3529468774795532
2020-08-19T00:00:00;1006.22984375;16.620721435546898;0.0;326.5125;0.0;78.80302667617798;166.65220642089844;1.3196438550949097
2020-08-19T01:00:00;1006.4584375;16.427148437500023;0.0;326.2105555555556;0.0;77.02681422233582;172.26480102539062;1.3594970703125
2020-08-19T02:00:00;1006.483125;16.250878906250023;0.0;325.0419444444444;0.0;74.81580972671509;176.46498107910156;1.3837422132492065
2020-08-19T03:00:00;1006.48390625;16.059838867187523;0.0;324.0363888888889;0.0;73.40443730354309;174.67489624023438;1.4612725973129272
2020-08-19T04:00:00;1006.30234375;16.330590820312523;0.10666666666666667;328.39666666666665;0.0;81.38943314552307;189.95603942871094;1.434561014175415
2020-08-19T05:00:00;1006.635625;16.579888916015648;35.306666666666665;330.75888888888886;0.0;87.54194378852844;225.46841430664062;1.496379017829895
2020-08-19T06:00:00;1006.646640625;17.446069335937523;125.97333333333333;331.8961111111111;0.0;84.11167860031128;250.43035888671875;0.921981155872345
2020-08-19T07:00:00;1006.706875;18.316918945312523;237.01333333333332;332.7677777777778;0.0;78.47197651863098;294.13018798828125;1.1013933420181274
2020-08-19T08:00:00;1007.073515625;18.680444335937523;346.3757638888889;335.1902777777778;0.0;78.75725626945496;320.5281677246094;2.517216682434082
2020-08-19T09:00:00;1007.43421875;17.831018066406273;448.8846527777778;333.5161111111111;0.0;84.6470594406128;309.6418762207031;3.3145265579223633
2020-08-19T10:00:00;1007.5284375;18.496148681640648;516.7;336.6458333333333;0.0;80.90401887893677;304.8128662109375;3.2630953788757324
2020-08-19T11:00:00;1007.60796875;18.602624511718773;583.5675;333.1388888888889;0.0;79.81754541397095;302.1484375;3.2659285068511963
2020-08-19T12:00:00;1007.79140625;18.707757568359398;607.0758333333333;333.1044444444444;0.0;79.43452000617981;301.19757080078125;3.2276744842529297
2020-08-19T13:00:00;1008.024375;18.771264648437523;589.9344444444445;333.6558333333333;0.0;78.19550633430481;302.363037109375;3.384343147277832
2020-08-19T14:00:00;1007.8396875;18.454827880859398;510.10555555555555;339.15694444444443;0.0;78.47322821617126;305.8348388671875;3.5920209884643555
2020-08-19T15:00:00;1007.718828125;17.748132324218773;427.6813888888889;338.88444444444445;0.0007570839370600879;81.84847235679626;305.3673095703125;2.9830079078674316
2020-08-19T16:00:00;1007.38453125;16.819116210937523;92.49743055555555;389.3611111111111;0.0019297425169497728;93.22848320007324;295.81451416015625;3.7784409523010254
2020-08-19T17:00:00;1007.6215625;16.297753906250023;80.42493055555556;384.6016666666667;0.0002924703003372997;90.5780553817749;305.08026123046875;3.0101675987243652
2020-08-19T18:00:00;1007.952421875;15.766076660156273;15.102638888888889;384.5163888888889;0.0058306800201535225;91.61262512207031;295.3026123046875;2.9193150997161865
2020-08-19T19:00:00;1007.775390625;15.465905761718773;6.560069444444444;380.74944444444446;0.006207028403878212;92.17879176139832;303.1273498535156;2.8111732006073
2020-08-19T20:00:00;1007.8734375;15.312982177734398;0.53125;379.9861111111111;0.004411991219967604;91.88435673713684;316.8472900390625;1.5806974172592163
2020-08-19T21:00:00;1008.0734375;15.227990722656273;0.025069444444444443;381.1744444444444;0.029626276344060898;90.61182737350464;324.313720703125;1.1929810047149658
2020-08-19T22:00:00;1007.9434375;15.204339599609398;0.0;382.47222222222223;0.01469551119953394;95.25352716445923;316.07708740234375;1.2518835067749023
2020-08-19T23:00:00;1007.86;15.291101074218773;0.0;382.74666666666667;0.005957997404038906;94.94532942771912;307.083251953125;0.7719010710716248
2020-08-20T00:00:00;1007.835625;15.316613769531273;0.0;383.6713888888889;0.00193348980974406;95.45649290084839;323.4267578125;0.4746454358100891
2020-08-20T01:00:00;1007.9278125;15.301354980468773;0.0;385.21305555555557;0.003384375711902976;95.4366147518158;30.676912307739258;0.38769009709358215
2020-08-20T02:00:00;1007.79859375;14.746881103515648;0.0;355.50111111111113;0.0003121534828096628;98.59675765037537;74.09992980957031;0.6068004965782166
2020-08-20T03:00:00;1007.886953125;14.142327880859398;0.0;325.0730555555556;0.00016206911823246628;99.8571515083313;117.69751739501953;0.5761783719062805
2020-08-20T04:00:00;1007.439375;14.110375976562523;0.017777777777777778;319.9963888888889;3.9655878936173394e-06;98.92792701721191;113.88382720947266;1.3327627182006836
2020-08-20T05:00:00;1007.260859375;14.325341796875023;32.053333333333335;316.9266666666667;7.931175787234679e-06;98.24737310409546;121.53853607177734;1.1314839124679565
2020-08-20T06:00:00;1006.99734375;15.435052490234398;123.02222222222223;316.06194444444446;1.1896763680852018e-05;91.8416976928711;97.18630981445312;1.121633768081665
2020-08-20T07:00:00;1006.93640625;16.903558349609398;237.36517361111112;318.1138888888889;0.0;83.86127948760986;88.50553131103516;1.119288444519043
2020-08-20T08:00:00;1006.7796875;18.220513916015648;354.0125347222222;320.6125;5.948381840426009e-06;78.204745054245;45.989078521728516;1.1757932901382446
2020-08-20T09:00:00;1006.65015625;19.390405273437523;458.98229166666664;323.2630555555556;2.1810732505400665e-05;74.52272772789001;29.62915802001953;1.2161712646484375
2020-08-20T10:00:00;1006.2846875;20.600793457031273;542.2595138888889;326.7030555555556;0.0;70.38297057151794;50.99928283691406;1.9827460050582886
2020-08-20T11:00:00;1006.371015625;21.420770263671898;596.1083333333333;330.5002777777778;0.0;68.02087426185608;37.1401252746582;1.7438257932662964
2020-08-20T12:00:00;1006.52265625;22.035577392578148;610.4620833333333;337.02;0.0;65.84340929985046;19.931495666503906;1.6914787292480469
2021-01-29T17:00:00;1000.32125;-0.8178771972656023;0.0;243.78694444444446;0.018773183226585388;88.42794299125671;204.17208862304688;3.5758397579193115
2021-01-29T18:00:00;1000.162734375;-0.7441772460937273;0.0;284.25888888888886;1.2054364681243896;85.94390153884888;206.3861541748047;3.865746259689331
2021-04-07T08:00:00;1004.395;1.0857177734375227;119.08390625;279.71805555555557;0.9029877185821533;88.80053162574768;1.9802321195602417;1.205955982208252
2021-12-15T23:00:00;1012.414609375;5.753350830078148;1.496938761218974e-14;321.05555555555554;0.3366413414478302;88.45435976982117;263.3497619628906;9.290630340576172
2021-12-16T00:00:00;1013.736484375;5.797174072265648;1.4969445436305604e-14;321.2372222222222;0.31304502487182617;88.81599307060242;265.79168701171875;9.119759559631348
2021-12-16T01:00:00;1015.068515625;6.112573242187523;1.4937865759160712e-14;322.5708333333333;0.17220312356948853;84.82277989387512;266.89996337890625;8.994624137878418
2021-12-16T02:00:00;1015.99921875;6.249810791015648;1.4953655597733158e-14;320.485;0.05470500513911247;83.84919166564941;270.3275146484375;8.92208480834961
2021-12-16T03:00:00;1017.02078125;5.859582519531273;1.4922075920588263e-14;320.9683333333333;0.2576315999031067;89.88869786262512;272.23883056640625;8.503267288208008
2021-12-16T04:00:00;1017.7325;6.348779296875023;1.4906286082015817e-14;302.4838888888889;6.064353510737419e-05;79.68955636024475;265.08203125;8.439111709594727
2021-12-16T05:00:00;1018.81671875;6.343408203125023;-5.971198458527066e-14;312.17555555555555;7.004717917880043e-05;80.80044388771057;264.0343017578125;7.959719657897949
2021-12-16T06:00:00;1019.46671875;6.340814208984398;0.0;323.0602777777778;7.201117114163935e-05;82.87874460220337;266.98046875;7.490212917327881
2021-12-16T07:00:00;1020.42859375;6.396936035156273;0.0;326.12666666666667;9.946762293111533e-05;83.14735293388367;268.39422607421875;7.148588180541992
2021-12-16T08:00:00;1021.22515625;6.337792968750023;0.0;325.82444444444445;0.0014352930011227727;83.63562226295471;263.9228515625;7.146953105926514
2021-12-16T09:00:00;1022.270078125;6.140100097656273;0.0;324.4530555555556;0.07169675827026367;85.52157282829285;263.8302001953125;7.4480438232421875
2021-12-16T10:00:00;1023.10640625;6.380914306640648;1.3777777777777778;324.52222222222224;0.0052359625697135925;83.43267440795898;264.13702392578125;7.778609275817871
2021-12-16T11:00:00;1024.74546875;6.527246093750023;5.431111111111111;323.7991666666667;0.0009608165128156543;82.6041042804718;265.7000732421875;8.08435344696045
2021-12-16T12:00:00;1026.03046875;6.682458496093773;6.72;323.09472222222223;0.0055459425784647465;81.98914527893066;266.4146423339844;7.970614433288574
2021-12-16T13:00:00;1026.968671875;6.699792480468773;4.746666666666667;322.7438888888889;0.005587742663919926;83.18390250205994;265.14288330078125;7.343777179718018
2021-12-16T14:00:00;1028.07890625;6.746697998046898;1.4577777777777778;323.36611111111114;0.0012982826447114348;84.49767231941223;260.67864990234375;6.449560642242432
2021-12-16T15:00:00;1028.9065625;6.699884033203148;0.0;322.62194444444447;0.00023648890783078969;87.10537552833557;258.3240966796875;5.803779602050781
2021-12-16T16:00:00;1029.6246875;5.525506591796898;0.0;278.1947222222222;0.0;85.93508005142212;226.93020629882812;4.542714595794678
2021-12-16T17:00:00;1030.11109375;4.940454101562523;0.017777777777777778;251.3486111111111;0.0;88.27270865440369;206.75962829589844;3.9290337562561035
2021-12-16T18:00:00;1030.5753125;4.444482421875023;0.0;243.76527777777778;0.0;81.61068558692932;204.3822021484375;4.058955192565918
2021-12-16T19:00:00;1031.08359375;4.529901123046898;0.0;269.8463888888889;0.0;84.30079817771912;204.9876708984375;3.6502037048339844
2021-12-16T20:00:00;1031.43796875;4.444421386718773;0.0;269.7272222222222;0.0;85.66339015960693;203.877685546875;3.185647964477539
2021-12-16T21:00:00;1031.58296875;4.339410400390648;0.0;271.2788888888889;0.0;84.02455449104309;203.84185791015625;2.4522860050201416
2021-12-16T22:00:00;1031.8234375;4.474908447265648;1.4779967373436243e-14;286.4841666666667;0.0;82.91672468185425;210.48228454589844;1.9952796697616577
2021-12-16T23:00:00;1032.05828125;4.346215820312523;1.4779909549320377e-14;289.0708333333333;0.24267807602882385;92.17715859413147;197.7880096435547;1.8935738801956177
2021-12-17T00:00:00;1031.87953125;4.434960937500023;1.4764177534863797e-14;328.2186111111111;0.4068182706832886;96.30156755447388;184.05511474609375;1.8008698225021362
2021-12-17T01:00:00;1031.372890625;4.829156494140648;1.4779967373436243e-14;335.0036111111111;0.5823501348495483;97.63213396072388;191.29989624023438;1.7011514902114868
2021-12-17T02:00:00;1031.561796875;5.553155517578148;1.4764177534863797e-14;339.46527777777777;1.1181657314300537;97.90526628494263;212.60702514648438;1.6379162073135376
2021-12-17T03:00:00;1031.824375;6.498040771484398;1.4764177534863797e-14;342.2919444444444;1.7333922386169434;97.61077761650085;223.20484924316406;2.8685126304626465
2021-12-17T04:00:00;1032.2065625;7.142266845703148;1.4756282615577575e-14;344.8025;0.004933742806315422;93.37949752807617;223.838134765625;3.0367789268493652
2021-12-17T05:00:00;1032.395625;7.890679931640648;-5.904881136522791e-14;346.6675;0.021876895800232887;97.19876050949097;225.03953552246094;4.870000839233398
2021-12-17T06:00:00;1032.840859375;7.791955566406273;0.0;346.63722222222225;0.014844655990600586;99.89197850227356;235.52621459960938;4.787312984466553
2021-12-17T07:00:00;1033.52125;7.811181640625023;0.0;347.5702777777778;0.026373662054538727;99.88288283348083;237.71519470214844;5.344501972198486
2021-12-17T08:00:00;1033.308125;7.856072998046898;0.0;345.7294444444444;0.006851669400930405;98.43325018882751;213.8011932373047;5.581566333770752
2021-12-17T09:00:00;1032.78609375;7.846124267578148;0.0;341.3652777777778;0.003307438688352704;92.59832501411438;190.36793518066406;4.5326738357543945
2021-12-17T10:00:00;1033.134140625;7.794946289062523;0.36444444444444446;344.3258333333333;0.04851432144641876;90.04242420196533;210.93997192382812;2.5701844692230225
2021-12-17T11:00:00;1033.6296875;7.623193359375023;0.8088888888888889;345.6669444444444;0.301276832818985;95.69734930992126;224.2056884765625;3.222294569015503
2021-12-17T12:00:00;1033.80390625;8.212976074218773;0.9422222222222222;347.1116666666667;0.29344964027404785;97.67184257507324;229.53651428222656;5.584929943084717
2021-12-17T13:00:00;1034.293125;8.402703857421898;0.5511111111111111;349.14944444444444;1.4734299182891846;98.83455634117126;230.017822265625;5.619786739349365
2021-12-17T14:00:00;1034.107890625;8.475305175781273;0.17777777777777778;349.78305555555556;1.2079098224639893;98.74305129051208;227.6886444091797;5.825042247772217
2021-12-17T15:00:00;1034.12890625;8.402520751953148;-0.035555555555555556;349.9347222222222;0.4713614881038666;98.91399145126343;233.2000274658203;5.047516822814941
2021-12-17T16:00:00;1033.97171875;8.150720214843773;0.0;349.2583333333333;0.32305896282196045;99.82800483703613;229.17237854003906;5.421247959136963
2021-12-17T17:00:00;1034.28515625;8.068627929687523;0.0;349.18611111111113;0.07571153342723846;99.7104823589325;241.6685333251953;5.811511516571045
2021-12-17T18:00:00;1034.491484375;7.989465332031273;0.0;347.92055555555555;0.16517029702663422;98.58751893043518;236.52931213378906;6.6804962158203125
2021-12-17T19:00:00;1034.079140625;7.910577392578148;0.0;345.8836111111111;0.006803474854677916;97.20657467842102;224.57232666015625;7.327622413635254
2021-12-17T20:00:00;1033.943359375;7.656579589843773;0.0;343.7655555555556;0.38839447498321533;96.73206806182861;214.77127075195312;5.663616180419922
2021-12-17T21:00:00;1033.671875;7.757379150390648;0.0;344.96222222222224;0.756855845451355;98.36170673370361;219.29840087890625;6.1225810050964355
2021-12-17T22:00:00;1033.6859375;7.814660644531273;1.470101818057401e-14;345.5783333333333;0.911006510257721;98.7354576587677;228.6322479248047;6.4954071044921875
2021-12-17T23:00:00;1034.03703125;7.963433837890648;1.469306543717192e-14;347.69388888888886;0.6381816864013672;99.73042011260986;234.15377807617188;6.2758917808532715
2021-12-18T00:00:00;1034.3484375;8.043969726562523;1.4685228342001563e-14;348.54583333333335;1.3237428665161133;99.99895691871643;240.60415649414062;5.99586296081543
2021-12-18T01:00:00;1034.278828125;7.909875488281273;1.470101818057401e-14;348.1763888888889;0.4186345934867859;99.99890923500061;246.55079650878906;6.2042107582092285
2021-12-18T02:00:00;1033.75046875;7.649743652343773;1.470101818057401e-14;346.9275;0.07485003769397736;99.8737633228302;248.50970458984375;6.6213531494140625
2021-12-18T03:00:00;1033.43875;7.404870605468773;1.4685228342001563e-14;344.12833333333333;0.08739122748374939;99.14746284484863;246.708251953125;6.424379348754883
2021-12-18T04:00:00;1032.8384375;7.575036621093773;1.470101818057401e-14;347.50805555555553;0.844679594039917;99.99897480010986;245.8463134765625;6.204850673675537
2021-12-18T05:00:00;1032.58578125;7.280572509765648;1.469306543717192e-14;345.7711111111111;1.0075185298919678;99.9974250793457;246.28192138671875;6.4392313957214355
2021-12-18T06:00:00;1032.186328125;7.052911376953148;-7.347344954666823e-14;343.95194444444445;0.9148296117782593;99.6128797531128;241.23077392578125;6.30195426940918
2021-12-18T07:00:00;1031.61140625;6.791192626953148;0.0;340.18611111111113;0.13236838579177856;98.83768558502197;238.78326416015625;6.575894355773926
2021-12-18T08:00:00;1031.1278125;6.733087158203148;0.0;339.15277777777777;0.041891999542713165;97.42927551269531;242.07383728027344;6.629766464233398
2021-12-18T09:00:00;1031.17515625;6.460809326171898;0.0;338.3930555555556;0.16013586521148682;97.80462980270386;245.2507781982422;6.871307849884033
2021-12-18T10:00:00;1030.84671875;6.332849121093773;0.2311111111111111;337.07472222222225;0.3645482063293457;97.22785949707031;243.53773498535156;6.9484381675720215
2021-12-18T11:00:00;1030.549453125;6.408593750000023;1.12;336.6177777777778;1.0564779043197632;98.64237904548645;246.84494018554688;7.169039726257324
2021-12-18T12:00:00;1029.8071875;6.570397949218773;1.528888888888889;338.0472222222222;0.8002275228500366;98.76139163970947;250.4525909423828;7.322418212890625
2021-12-18T13:00:00;1029.474375;6.673486328125023;1.2444444444444445;339.69916666666666;0.6686060428619385;97.6764440536499;254.1436767578125;7.41912317276001
2021-12-18T14:00:00;1028.534375;6.602899169921898;0.4266666666666667;338.91805555555555;0.609792172908783;97.59258031845093;259.60699462890625;7.760969638824463
2021-12-18T15:00:00;1027.73796875;6.435662841796898;0.0;336.20666666666665;0.2592405676841736;98.18459153175354;258.44903564453125;7.326594829559326
2021-12-18T16:00:00;1026.8265625;6.343743896484398;0.0;334.6047222222222;0.19906990230083466;97.7909505367279;251.3642578125;7.120585918426514
2021-12-18T17:00:00;1026.314765625;6.575769042968773;0.0;336.59722222222223;0.7820739150047302;98.1785774230957;258.09368896484375;7.46751070022583
2021-12-18T18:00:00;1025.97328125;6.941949462890648;0.0;341.40166666666664;2.6160149574279785;99.99891519546509;277.7653503417969;7.705039978027344
2021-12-18T19:00:00;1025.929375;6.855767822265648;0.0;343.945;1.8601629734039307;99.99890923500061;306.8189392089844;6.498290061950684
2021-12-18T20:00:00;1026.06359375;6.175012207031273;0.0;338.6911111111111;0.41852158308029175;98.25337529182434;307.1687927246094;5.405138969421387
2021-12-18T21:00:00;1026.5815625;5.517968750000023;0.0;317.435;0.0008226630161516368;86.74069046974182;307.5394287109375;5.0569305419921875
2021-12-18T22:00:00;1027.2459375;4.966790771484398;1.470101818057401e-14;271.10805555555555;2.0107747332076542e-05;79.6726644039154;308.58892822265625;5.927813529968262
2021-12-18T23:00:00;1027.75125;4.679132080078148;1.469306543717192e-14;306.5808333333333;2.074071016977541e-05;77.94998288154602;308.4393005371094;6.207094192504883
2021-12-19T00:00:00;1028.06734375;4.187615966796898;1.4685228342001563e-14;308.85777777777776;0.0017403033562004566;77.64336466789246;310.0518493652344;5.691844463348389
2021-12-19T01:00:00;1028.46578125;3.7510620117187727;1.470101818057401e-14;304.3572222222222;0.0018348238663747907;75.46748518943787;312.4760437011719;5.2068023681640625
2021-12-19T02:00:00;1028.675546875;3.3959899902343977;1.470101818057401e-14;304.4088888888889;0.0022386047057807446;75.40491819381714;314.8042297363281;4.891265392303467
2021-12-19T03:00:00;1028.588515625;3.0461059570312727;1.4685228342001563e-14;306.92083333333335;0.0032257207203656435;78.2185971736908;317.8312683105469;4.733487606048584
2021-12-19T04:00:00;1028.60609375;3.6353698730468977;1.470101818057401e-14;301.6275;0.0;71.99599742889404;323.9289855957031;5.002474308013916
2021-12-19T05:00:00;1028.632890625;3.3819519042968977;1.469306543717192e-14;301.77444444444444;0.0002473528147675097;74.62354898452759;331.1550598144531;5.303539752960205
2021-12-19T06:00:00;1028.86828125;2.9638000488281477;-7.347344954666823e-14;302.4608333333333;0.0018096972489729524;75.75724124908447;337.3022766113281;5.23132848739624
2021-12-19T07:00:00;1029.31109375;2.6573120117187727;0.0;294.3858333333333;0.0004638554237317294;77.24039554595947;344.64373779296875;4.656239032745361
2021-12-19T08:00:00;1030.03875;2.4025817871093977;0.0;275.16;0.000295831763651222;75.60623288154602;347.5489807128906;3.8526933193206787
2021-12-19T09:00:00;1030.17;1.9902282714843977;0.0;228.60472222222222;3.305383143015206e-05;76.72767639160156;344.8483581542969;2.7319557666778564
2021-12-19T10:00:00;1030.12421875;2.0018554687500227;8.204444444444444;227.16555555555556;1.6528123524039984e-05;76.25769972801208;346.49810791015625;1.8497785329818726
2021-12-19T11:00:00;1030.41578125;2.5998168945312727;22.85333333333333;268.12805555555553;1.9556850020308048e-05;75.68851113319397;347.3276672363281;2.745656967163086
2021-12-19T12:00:00;1030.694375;3.2750488281250227;21.955555555555556;291.52194444444444;1.156884081865428e-05;74.49375987052917;350.5428771972656;3.4156198501586914
2021-12-19T13:00:00;1030.99953125;3.3770996093750227;15.253333333333334;294.5838888888889;1.1844289474538527e-05;75.33765435218811;350.2232971191406;3.511312246322632
2021-12-19T14:00:00;1031.27234375;3.3952270507812727;3.982222222222222;294.90055555555557;6.335317266348284e-06;77.8751790523529;349.478515625;3.019404649734497
2021-12-19T15:00:00;1031.1421875;3.4396606445312727;0.035555555555555556;300.9583333333333;1.101794282476476e-06;81.01391196250916;345.1177673339844;2.3878424167633057
2021-12-19T16:00:00;1031.238828125;2.9183593750000227;0.0;286.4791666666667;0.0;74.7577428817749;337.677978515625;1.6913032531738281
2021-12-19T17:00:00;1031.080390625;3.5828186035156477;0.0;309.2422222222222;0.0;79.9197793006897;340.72601318359375;1.905377984046936
2021-12-19T18:00:00;1031.173046875;4.121240234375023;0.0;313.29055555555556;0.0;84.62709784507751;349.9288635253906;2.509162425994873
2021-12-19T19:00:00;1031.24671875;4.162286376953148;0.0;317.1094444444444;0.2507960796356201;93.0255115032196;357.2786865234375;2.826862096786499
2021-12-19T20:00:00;1031.400234375;4.131585693359398;0.0;313.05805555555554;0.02794370986521244;90.74433445930481;356.6955261230469;2.12429141998291
2021-12-19T21:00:00;1031.3153125;4.057824707031273;0.0;309.5602777777778;0.0045065865851938725;87.01515197753906;358.524169921875;1.9413597583770752
2021-12-19T22:00:00;1031.096953125;3.1089111328125227;1.470101818057401e-14;247.62694444444443;0.002501304727047682;92.61806011199951;352.6109619140625;1.5622618198394775
2021-12-19T23:00:00;1031.09390625;3.3593994140625227;1.469306543717192e-14;297.04333333333335;0.0009783353889361024;92.50509142875671;3.3347396850585938;1.4365285634994507
2021-12-20T00:00:00;1031.158125;3.4834533691406477;1.4685228342001563e-14;313.31138888888887;0.04476730898022652;92.3127830028534;12.934431076049805;1.3635008335113525
2021-12-20T01:00:00;1031.270390625;3.3182617187500227;1.470101818057401e-14;306.9997222222222;0.03072516806423664;90.98223447799683;11.60167121887207;0.885984480381012
2021-12-20T02:00:00;1031.21421875;3.0940185546875227;1.470101818057401e-14;291.2969444444444;2.1671656213584356e-05;88.45073580741882;356.8584289550781;0.9488934874534607
2021-12-20T03:00:00;1031.1646875;2.8206115722656477;1.4685228342001563e-14;270.2733333333333;5.289914406603202e-05;86.17097735404968;357.6513977050781;1.010231614112854
2021-12-20T04:00:00;1031.07578125;2.5356994628906477;1.470101818057401e-14;238.83305555555555;0.004287127871066332;85.8338713645935;12.805777549743652;1.080026388168335
2021-12-20T05:00:00;1031.1096875;2.5575805664062727;1.469306543717192e-14;238.04666666666665;0.01608917862176895;85.49208641052246;22.874540328979492;1.1442636251449585
2021-12-20T06:00:00;1030.90765625;2.5768981933593977;-7.347344954666823e-14;235.8125;0.0007076252950355411;82.12752938270569;7.772721290588379;0.9194596409797668
2021-12-20T07:00:00;1030.50859375;2.4232727050781477;0.0;238.3161111111111;1.7097756426665e-05;79.50296401977539;15.735844612121582;0.7232291102409363
2021-12-20T08:00:00;1029.893046875;2.2176757812500227;0.0;240.97444444444446;3.579741871817532e-07;79.979008436203;34.747840881347656;0.7685118317604065
2021-12-20T09:00:00;1029.76359375;1.8781372070312727;0.0;249.07055555555556;8.73421595315449e-05;80.14375567436218;42.842735290527344;0.8843438029289246
2021-12-20T10:00:00;1029.492421875;2.6664062500000227;6.515555555555555;269.0811111111111;0.002274539088830352;65.8767819404602;107.25398254394531;0.8258169293403625
2021-12-20T11:00:00;1029.288125;2.4026123046875227;27.52888888888889;273.1088888888889;0.0036801951937377453;70.80079317092896;148.5865020751953;0.9140539765357971
2021-12-20T12:00:00;1029.04546875;2.6700378417968977;31.164444444444445;284.5863888888889;0.0033283184748142958;72.94315099716187;196.30067443847656;0.8243166208267212
2021-12-20T13:00:00;1028.88125;2.7421813964843977;22.826666666666668;285.5652777777778;0.0028315214440226555;74.24624562263489;203.83624267578125;0.893852174282074
2021-12-20T14:00:00;1028.614921875;2.2811523437500227;5.866666666666666;285.31361111111113;0.00806193333119154;79.88894581794739;94.4370346069336;1.292550802230835
2021-12-20T15:00:00;1028.11046875;1.5495239257812727;-0.035555555555555556;258.80083333333334;0.002412333618849516;89.60878252983093;141.73348999023438;1.3922697305679321
2021-12-20T16:00:00;1028.25015625;0.6559997558593977;0.0;255.53277777777777;0.000600322731770575;98.35818409919739;248.62478637695312;0.5272650122642517
2021-12-20T17:00:00;1027.60453125;0.9013305664062727;-0.017777777777777778;273.92833333333334;0.0042184870690107346;97.88213968276978;289.5706787109375;0.6933291554450989
2021-12-20T18:00:00;1027.08859375;0.6821228027343977;0.0;282.6738888888889;0.005035496316850185;98.03469777107239;264.8338928222656;0.7451813817024231
2021-12-20T19:00:00;1026.5371875;0.8668151855468977;0.0;279.1225;0.006271770689636469;98.70913624763489;347.7886657714844;0.5739187598228455
2021-12-20T20:00:00;1025.92203125;0.9243713378906477;0.0;268.605;0.003909004852175713;99.92220997810364;259.35955810546875;0.9252139925956726
2021-12-20T21:00:00;1025.35984375;1.1892333984375227;0.0;291.5552777777778;0.003682696260511875;98.78848195075989;160.7730255126953;0.94305819272995
2021-12-20T22:00:00;1024.82390625;2.0513549804687727;1.470101818057401e-14;298.5397222222222;0.004173663444817066;82.77283906936646;201.78367614746094;1.2142871618270874
2021-12-20T23:00:00;1024.238671875;2.5192810058593977;1.469306543717192e-14;277.4247222222222;0.004858486354351044;77.5406002998352;199.5219268798828;1.8715946674346924
2021-12-21T00:00:00;1023.9309375;1.8814636230468977;1.4685228342001563e-14;296.4122222222222;0.03831777349114418;88.9022946357727;227.55247497558594;1.0985187292099
2021-12-21T01:00:00;1023.6196875;2.0116516113281477;1.470101818057401e-14;309.7761111111111;0.2660311162471771;95.5001950263977;212.7593536376953;1.9244195222854614
2021-12-21T02:00:00;1023.195625;1.7736450195312727;1.470101818057401e-14;318.85777777777776;0.5697575807571411;99.99696016311646;220.87625122070312;1.9812405109405518
2021-12-21T03:00:00;1022.744375;1.9370361328125227;1.474838769629135e-14;316.4013888888889;0.8813271522521973;99.4461178779602;230.57371520996094;2.00600266456604
2021-12-21T04:00:00;1022.766953125;0.6547485351562727;1.477207245415002e-14;297.68;0.8791196346282959;99.95423555374146;227.2825164794922;2.4925472736358643
2021-12-21T05:00:00;1022.1540625;0.9387451171875227;1.4922018096472398e-14;306.3355555555556;0.1547042727470398;99.99390840530396;217.0140838623047;3.32635760307312
2021-12-21T06:00:00;1021.580234375;0.8942810058593977;-7.380503615668961e-14;262.9058333333333;0.0005538978730328381;99.78656768798828;209.45545959472656;3.280203342437744
2021-12-21T07:00:00;1021.1390625;0.9115234375000227;0.0;259.7033333333333;1.1968641047133133e-05;97.09035754203796;208.86196899414062;3.014508008956909
2021-12-21T08:00:00;1020.87359375;0.9441467285156477;0.0;263.20166666666665;6.898570427438244e-05;92.0778214931488;203.50572204589844;2.8879592418670654
2021-12-21T09:00:00;1020.505078125;0.9956909179687727;0.0;270.35055555555556;7.642069977009669e-05;89.83172178268433;203.60440063476562;2.734713554382324
2021-12-21T10:00:00;1020.25265625;1.1096130371093977;3.7422222222222223;279.72222222222223;0.0;81.77515864372253;200.03561401367188;2.473146438598633
2021-12-21T11:00:00;1020.171015625;1.7278076171875227;13.022222222222222;291.7811111111111;0.00035257419222034514;78.97055745124817;204.78282165527344;2.235199213027954
2021-12-21T12:00:00;1019.898515625;1.0306640625000227;15.644444444444444;293.41555555555556;0.16021452844142914;89.69438672065735;193.1968994140625;2.1865577697753906
2021-12-21T13:00:00;1019.49078125;1.7021118164062727;16.657777777777778;286.70916666666665;0.05360206216573715;80.72987198829651;191.76803588867188;1.718410849571228
2021-12-21T14:00:00;1019.37375;1.0083251953125227;4.373333333333333;290.02416666666664;0.5206868052482605;96.65999412536621;195.60743713378906;2.6272218227386475
2021-12-21T15:00:00;1018.785;1.2245727539062727;0.0;276.63055555555553;0.19114257395267487;86.88527345657349;190.43910217285156;1.6137393712997437
2021-12-21T16:00:00;1018.55421875;2.1262145996093977;0.0;267.3377777777778;5.226422945270315e-05;79.47857975959778;195.3295440673828;3.891848564147949
2021-12-21T17:00:00;1018.339921875;2.2886291503906477;0.0;278.095;5.9357567806728184e-05;79.93029356002808;196.97637939453125;2.913454055786133
2021-12-21T18:00:00;1018.113125;2.3301940917968977;0.0;305.17861111111114;4.116703348699957e-05;80.37431240081787;194.8964385986328;2.6168625354766846
2021-12-21T19:00:00;1018.02171875;2.3176513671875227;0.0;307.64;7.048292900435627e-05;81.26692175865173;198.81765747070312;2.3925538063049316
2021-12-21T20:00:00;1017.83765625;1.9851623535156477;0.0;306.38694444444445;0.05010396987199783;84.7261369228363;194.2463836669922;2.2423582077026367
2021-12-21T21:00:00;1017.93515625;1.2505126953125227;0.0;308.36944444444447;0.499982088804245;96.2419331073761;198.82081604003906;1.2304894924163818
2021-12-21T22:00:00;1017.821953125;1.6920410156250227;1.5016814952022945e-14;309.31916666666666;0.12741923332214355;92.34938025474548;219.24046325683594;1.9834884405136108
2021-12-21T23:00:00;1018.0921875;1.1196228027343977;1.5056231724338193e-14;305.8358333333333;0.7190431356430054;99.69038367271423;213.83702087402344;2.3608319759368896
2021-12-22T00:00:00;1018.1828125;0.8406921386718977;1.5206293014892303e-14;309.59694444444443;1.5149450302124023;99.997079372406;210.3679962158203;2.2247705459594727
2021-12-22T01:00:00;1018.16375;0.9620300292968977;1.5379981239189218e-14;310.19305555555553;1.0874875783920288;99.03735518455505;202.89120483398438;2.4830501079559326
2021-12-22T02:00:00;1018.17890625;0.8085571289062727;1.5490510109196343e-14;308.03333333333336;1.3975908756256104;98.6039936542511;206.87847900390625;1.6843477487564087
2021-12-22T03:00:00;1018.029375;0.8685241699218977;1.564840849492081e-14;309.3933333333333;0.915060818195343;97.88679480552673;217.187255859375;1.4210238456726074
2021-12-22T04:00:00;1017.727734375;1.5106140136718977;1.813531192502222e-14;252.60611111111112;0.00021223624935373664;82.95760750770569;181.16786193847656;1.3118348121643066
2021-12-22T05:00:00;1017.828984375;1.2618957519531477;1.811945655245179e-14;309.76972222222224;0.15141746401786804;91.29504561424255;286.9229736328125;1.5027060508728027
2021-12-22T06:00:00;1017.8559375;0.8304992675781477;-9.063700407491777e-14;311.8855555555556;1.347426414489746;99.69960451126099;224.610595703125;1.931155800819397
2021-12-22T07:00:00;1017.738203125;1.0307250976562727;0.0;301.6016666666667;0.09250631928443909;99.11065697669983;194.7832794189453;1.4790658950805664
2021-12-22T08:00:00;1017.82109375;1.0395141601562727;0.0;261.9338888888889;0.0041454387828707695;92.00158715248108;204.7267608642578;1.4493775367736816
2021-12-22T09:00:00;1017.84578125;0.9624267578125227;0.0;255.92444444444445;0.0017027718713507056;85.22517085075378;196.26161193847656;1.1795059442520142
2021-12-22T10:00:00;1017.65078125;0.5804992675781477;1.5466666666666666;309.7686111111111;0.07153794914484024;99.89346265792847;268.9238586425781;1.0789545774459839
2021-12-22T11:00:00;1017.68203125;0.5147644042968977;2.488888888888889;313.55305555555555;0.7473767995834351;99.98195767402649;244.79168701171875;0.9657973051071167
2021-12-22T12:00:00;1017.61609375;0.6071105957031477;11.786666666666667;309.3352777777778;0.14998075366020203;99.9697744846344;327.3276672363281;1.0429303646087646
2021-12-22T13:00:00;1017.4825;0.5245300292968977;5.12;311.51666666666665;0.14084947109222412;99.94844198226929;37.76738357543945;0.9503509402275085
2021-12-22T14:00:00;1017.37875;0.08501586914064774;3.6977777777777776;291.40055555555557;0.02903120592236519;99.55475330352783;334.617431640625;0.6961162090301514
2021-12-22T15:00:00;1017.02953125;-0.41608276367185226;0.0;267.7083333333333;0.01181276235729456;98.46372604370117;355.6585693359375;0.9586459398269653
2021-12-22T16:00:00;1016.43515625;0.6487365722656477;-0.017777777777777778;286.2394444444444;0.00010327516793040559;90.3765082359314;99.57719421386719;0.9584171175956726
2021-12-22T17:00:00;1016.138125;0.010217285156272737;0.017777777777777778;280.0563888888889;0.0009882351150736213;96.18092775344849;80.79621887207031;0.6960839033126831
2021-12-22T18:00:00;1016.00984375;0.42135009765627274;0.0;301.6822222222222;0.0036113138776272535;97.15918898582458;45.612972259521484;1.2557673454284668
2021-12-22T19:00:00;1015.92640625;0.6238647460937727;0.0;299.8877777777778;0.008105848915874958;97.52853512763977;40.92522430419922;1.3305855989456177
2021-12-22T20:00:00;1015.55484375;0.5967956542968977;0.0;308.0852777777778;0.3124561309814453;99.9882161617279;38.67319869995117;1.6080044507980347
2021-12-22T21:00:00;1015.214921875;0.6381469726562727;0.0;305.9972222222222;0.07576675713062286;99.99281167984009;30.446949005126953;0.676214337348938
2021-12-22T22:00:00;1014.90015625;0.47728881835939774;1.552208978634124e-14;296.07722222222225;0.0005219263839535415;97.7360725402832;56.326637268066406;0.7823070287704468
2021-12-22T23:00:00;1014.572265625;0.8251586914062727;1.552203196222537e-14;280.35277777777776;0.0004788315563928336;90.3797447681427;68.20703125;0.9173142910003662
2021-12-23T00:00:00;1014.05640625;0.20775756835939774;1.5490510109196343e-14;241.1363888888889;5.298018004395999e-05;89.24146890640259;103.2372817993164;1.2817473411560059
2021-12-23T01:00:00;1013.6828125;-0.13706054687497726;1.550629994776879e-14;225.75083333333333;2.6297248041373678e-05;87.23336458206177;78.04824829101562;1.214690089225769
2021-12-23T02:00:00;1013.202421875;-0.10617675781247726;1.5490510109196343e-14;223.18444444444444;5.799181599286385e-05;86.19424700737;71.818359375;1.3722631931304932
2021-12-23T03:00:00;1012.6003125;0.15105590820314774;1.5490510109196343e-14;222.85666666666665;3.4947661333717406e-05;80.93001246452332;83.77262878417969;1.3352376222610474
2021-12-23T04:00:00;1012.07828125;0.12493286132814774;1.5474720270623897e-14;222.64444444444445;0.0;81.2045156955719;87.8234634399414;1.5425081253051758
2021-12-23T05:00:00;1011.693203125;0.10228881835939774;1.5474662446508032e-14;220.86694444444444;0.0;81.87890648841858;90.78789520263672;1.3947062492370605
2021-12-23T06:00:00;1011.3121875;0.37517700195314774;-7.74209091897799e-14;219.90277777777777;0.0;73.14471006393433;66.26586151123047;1.3365426063537598
2021-12-23T07:00:00;1010.91625;0.11062011718752274;0.0;221.05083333333334;6.65831976220943e-05;76.8511712551117;64.95646667480469;1.4050363302230835
2021-12-23T08:00:00;1010.43953125;0.21734008789064774;0.0;218.5288888888889;5.7275869039585814e-05;78.29334735870361;65.00021362304688;1.6271412372589111
2021-12-23T09:00:00;1009.86515625;0.5740905761718977;0.0;219.48305555555555;0.0;72.5835382938385;73.66651153564453;1.3849480152130127
2021-12-23T10:00:00;1009.216796875;0.19161376953127274;7.964444444444444;217.915;4.3672847823472694e-05;78.59689593315125;82.54244995117188;0.7954480051994324
2021-12-23T11:00:00;1008.587109375;1.2208801269531477;32.48;231.5025;0.0009034638642333448;68.88455748558044;327.2841796875;0.5406221151351929
2021-12-23T12:00:00;1007.6375;1.3619018554687727;40.53333333333333;246.48333333333332;0.0019234116189181805;69.66734528541565;230.93019104003906;1.2062110900878906
2021-12-23T13:00:00;1006.67890625;1.2451721191406477;33.22666666666667;236.51277777777779;6.830056372564286e-05;77.34564542770386;226.25616455078125;1.876987338066101
2021-12-23T14:00:00;1005.306796875;0.43105468750002274;9.351111111111111;250.77916666666667;0.41506126523017883;99.31057691574097;225.86109924316406;3.014566421508789
2021-12-23T15:00:00;1003.8709375;1.2097717285156477;0.0;301.6975;1.995910406112671;99.04652833938599;313.0635070800781;1.9451154470443726
2021-12-23T16:00:00;1002.822734375;1.5895324707031477;0.0;309.2527777777778;0.8539426326751709;99.97267723083496;270.2346496582031;2.938809394836426
2021-12-23T17:00:00;1002.51734375;0.7724548339843977;0.0;315.37833333333333;1.6509554386138916;99.99414086341858;30.573856353759766;2.3821215629577637
2021-12-23T18:00:00;1003.16171875;0.030328369140647737;0.0;303.5488888888889;0.4107438623905182;98.11137914657593;33.072120666503906;6.2135748863220215
2021-12-23T19:00:00;1004.25140625;-0.7742980957031023;0.0;290.2727777777778;0.08267880231142044;91.01606607437134;46.50044631958008;5.402780532836914
2021-12-23T20:00:00;1004.8240625;-1.5807861328124773;0.0;253.91083333333333;0.014871658757328987;89.13306593894958;45.7467041015625;4.546138763427734
2021-12-23T21:00:00;1005.15390625;-1.8375610351562273;0.0;236.31277777777777;0.0010312580270692706;79.90148067474365;55.11642074584961;4.921658515930176
2021-12-23T22:00:00;1004.81890625;-2.0015319824218523;1.5703672929924375e-14;199.52972222222223;1.6166399291250855e-05;73.9764153957367;44.72650909423828;3.076566219329834
2021-12-23T23:00:00;1005.092734375;-2.3902648925781023;1.5672035428663615e-14;200.1822222222222;3.0307470296975225e-05;76.34459733963013;60.99345779418945;1.9716863632202148
2021-12-24T00:00:00;1005.334609375;-2.7049011230468523;1.5679988172065705e-14;233.33555555555554;4.32848755735904e-05;83.57883095741272;89.64238739013672;2.67366623878479
2021-12-24T01:00:00;1006.78484375;-3.3147644042968523;1.569577801063815e-14;265.7597222222222;1.1371815204620361;94.45379376411438;56.25980758666992;3.8454060554504395
2021-12-24T02:00:00;1006.305390625;-3.3349365234374773;1.580630688064528e-14;234.45472222222222;0.30268973112106323;89.74796533584595;55.18003845214844;0.9110819101333618
2021-12-24T03:00:00;1006.712421875;-2.9895690917968523;1.579051704207283e-14;251.3161111111111;0.18643449246883392;96.15208506584167;46.66240692138672;3.5781946182250977
2021-12-24T04:00:00;1007.34484375;-3.3919738769531023;1.5687883091351926e-14;234.29444444444445;0.3510962724685669;97.68716096878052;51.656158447265625;2.317802667617798
2021-12-24T05:00:00;1007.973515625;-3.4733642578124773;1.5703615105808507e-14;203.88;0.032778795808553696;95.50506472587585;53.0382080078125;2.019054651260376
2021-12-24T06:00:00;1008.836015625;-3.6119750976562273;-7.836829950412671e-14;190.3125;1.139870505539875e-06;87.70622611045837;48.054500579833984;2.382310628890991
2021-12-24T07:00:00;1009.35578125;-3.9054931640624773;0.0;187.08527777777778;3.646282129921019e-05;88.49968314170837;59.90713119506836;1.7287315130233765
2021-12-24T08:00:00;1009.3771875;-4.408056640624977;0.0;182.88694444444445;9.642071745474823e-06;79.61744666099548;77.30175018310547;1.0921125411987305
2021-12-24T09:00:00;1009.37171875;-4.602362060546852;0.0;182.27055555555555;7.224523869808763e-05;71.07551693916321;132.7777862548828;1.17331063747406
2021-12-24T10:00:00;1009.544140625;-3.9025939941406023;6.622222222222222;209.95055555555555;0.0;68.33653450012207;65.0094223022461;0.7394704222679138
2021-12-24T11:00:00;1009.2109375;-3.9003356933593523;24.986666666666668;248.53166666666667;0.0;75.96745491027832;266.7931213378906;1.507520079612732
2021-12-24T12:00:00;1008.55984375;-3.4397033691406023;45.013333333333335;217.7888888888889;0.0;77.89616584777832;227.64013671875;2.938267230987549
2021-12-24T13:00:00;1007.96140625;-2.3361877441406023;39.28888888888889;205.81166666666667;0.0;75.93693733215332;222.34532165527344;3.1389248371124268
2021-12-24T14:00:00;1007.87671875;-1.9701293945312273;4.977777777777778;270.8825;1.0195584297180176;97.98283576965332;69.83198547363281;1.1089955568313599
2021-12-24T15:00:00;1008.0415625;-1.6424316406249773;0.0;257.1172222222222;1.3763911724090576;98.80833625793457;350.41900634765625;2.795936346054077
2021-12-24T16:00:00;1008.05640625;-1.1855529785156023;0.0;230.98611111111111;4.050533607369289e-05;86.47923469543457;293.73272705078125;1.6180251836776733
2021-12-24T17:00:00;1007.798828125;-1.2974304199218523;0.0;259.37611111111113;0.20548343658447266;95.67265510559082;294.8030090332031;1.2315595149993896
2021-12-24T18:00:00;1007.843125;-1.0100158691406023;0.0;268.22055555555556;1.8807862943504006e-05;93.28007698059082;276.68170166015625;1.8438594341278076
2021-12-24T19:00:00;1007.995546875;-0.7638916015624773;0.0;291.8880555555556;0.8088025450706482;94.10287737846375;336.422607421875;5.87328577041626
2021-12-24T20:00:00;1008.39859375;-0.8411621093749773;0.0;245.45805555555555;0.21120309829711914;90.74133634567261;350.34912109375;2.24045991897583
2021-12-24T21:00:00;1008.31734375;-0.5629638671874773;0.0;257.29083333333335;0.1250116229057312;97.86569476127625;350.2384948730469;1.3840112686157227
2021-12-24T22:00:00;1009.038046875;-0.8403991699218523;1.865637659791296e-14;243.18444444444444;0.15971210598945618;79.16611433029175;93.0924072265625;1.186989426612854
2021-12-24T23:00:00;1009.16328125;-1.4227355957031023;1.8648416144628754e-14;244.91916666666665;0.005108391400426626;80.65539002418518;323.27630615234375;1.2356489896774292
2021-12-25T00:00:00;1009.396328125;-1.0633911132812273;1.8664267662258125e-14;238.62472222222223;9.290332673117518e-05;94.29818391799927;307.8677978515625;1.1880710124969482
2021-12-25T01:00:00;1009.702734375;-1.0678771972656023;1.864847782368568e-14;219.38166666666666;1.0023277354775928e-05;89.95707035064697;335.8891906738281;1.4926412105560303
2021-12-25T02:00:00;1009.91703125;-0.5792297363281023;1.864847782368568e-14;211.69611111111112;0.00013593625044450164;82.54888653755188;325.8367004394531;1.6908206939697266
2021-12-25T03:00:00;1009.930234375;-0.19525756835935226;1.8664267662258125e-14;224.48166666666665;1.9377799617359415e-05;81.20450973510742;330.8062744140625;1.8607884645462036
2021-12-25T04:00:00;1009.980625;-0.29660644531247726;1.8640586759340514e-14;255.93416666666667;2.3268321456271224e-05;75.42756795883179;294.3177490234375;1.5176258087158203
2021-12-25T05:00:00;1009.99171875;0.020318603515647737;1.865631106391498e-14;233.76805555555555;0.0;81.19533061981201;315.18389892578125;1.6695533990859985
2021-12-25T06:00:00;1010.003125;0.34731445312502274;-9.325811727794391e-14;246.15694444444443;0.0;80.71918487548828;323.262939453125;1.8587754964828491
2021-12-25T07:00:00;1009.78953125;0.15020141601564774;0.0;219.25805555555556;0.0;83.64732265472412;310.3937683105469;1.932796597480774
2021-12-25T08:00:00;1009.67390625;0.20202026367189774;0.0;227.41833333333332;0.0;83.35739970207214;308.4631042480469;1.9712544679641724
2021-12-25T09:00:00;1009.69171875;0.5420471191406477;0.0;263.74194444444447;0.0;81.32964372634888;295.06414794921875;2.4917666912078857
2021-12-25T10:00:00;1009.794296875;0.37459716796877274;6.9511111111111115;236.12416666666667;0.0;83.83675217628479;326.3504333496094;2.0733187198638916
2021-12-25T11:00:00;1010.04296875;0.47829589843752274;34.986666666666665;220.55388888888888;0.0;84.36771631240845;322.8773193359375;2.0517804622650146
2021-12-25T12:00:00;1010.16171875;0.7528015136718977;43.431111111111115;231.56555555555556;0.0;83.06461572647095;315.5451965332031;2.2946887016296387
2021-12-25T13:00:00;1010.19640625;0.9930664062500227;27.022222222222222;262.34694444444443;0.0;81.63183331489563;312.38311767578125;2.672309160232544
2021-12-25T14:00:00;1010.3928125;1.1229187011718977;7.502222222222223;273.9175;0.00021595168800558895;81.96756839752197;315.4004821777344;2.5018351078033447
2021-12-25T15:00:00;1010.25921875;1.0455566406250227;0.0;263.1697222222222;1.2119738130422775e-05;83.27069878578186;323.063720703125;2.3507111072540283
2021-12-25T16:00:00;1010.37546875;0.7281738281250227;0.0;288.6666666666667;0.04045295715332031;92.60000586509705;323.87744140625;2.0168256759643555
2021-12-25T17:00:00;1010.35046875;0.7154479980468977;0.0;285.1172222222222;0.06447470933198929;93.38886141777039;322.22998046875;1.9969812631607056
2021-12-25T18:00:00;1010.418515625;0.38311157226564774;0.0;290.06388888888887;0.25804299116134644;99.69073534011841;300.6761779785156;1.7780922651290894
2021-12-25T19:00:00;1010.3890625;0.5598388671875227;0.0;305.78277777777777;0.44042354822158813;99.99736547470093;305.9903564453125;1.7307184934616089
2021-12-25T20:00:00;1010.1809375;0.5602050781250227;0.0;300.99833333333333;0.6936438083648682;99.9957799911499;283.0484924316406;1.8960559368133545
2021-12-25T21:00:00;1009.8928125;0.7608581542968977;0.0;312.36277777777775;1.1085532903671265;99.99735355377197;286.7471923828125;1.6941592693328857
2021-12-25T22:00:00;1009.76953125;0.36785278320314774;1.8964278450075668e-14;302.7527777777778;0.5381098389625549;99.99579191207886;262.12872314453125;1.997214674949646
2021-12-25T23:00:00;1009.66671875;0.6801086425781477;1.9019477351081252e-14;304.24361111111114;0.41269034147262573;99.99723434448242;273.5328063964844;1.769668698310852
2021-12-26T00:00:00;1009.623359375;0.6915222167968977;1.9043223787996844e-14;284.74333333333334;0.24437278509140015;99.02071356773376;253.12966918945312;1.5835583209991455
2021-12-26T01:00:00;1009.6784375;0.6238647460937727;1.9043223787996844e-14;268.96166666666664;0.02238314598798752;96.94100022315979;243.63568115234375;1.9309141635894775
2021-12-26T02:00:00;1009.869375;0.49517211914064774;1.9090593303714185e-14;283.7683333333333;1.0554628372192383;99.99733567237854;280.51470947265625;2.760101556777954
2021-12-26T03:00:00;1009.79078125;0.7630859375000227;1.916954249657642e-14;302.7911111111111;0.006636176723986864;99.99577403068542;232.562255859375;2.0009818077087402
2021-12-26T04:00:00;1009.734140625;0.6692749023437727;1.91774412708037e-14;305.7008333333333;0.4012618064880371;98.83921146392822;241.39129638671875;2.38771653175354
2021-12-26T05:00:00;1009.554609375;1.0324951171875227;1.9216850333236835e-14;311.7241666666667;0.339397668838501;99.9974250793457;228.45167541503906;2.6835272312164307
2021-12-26T06:00:00;1009.46953125;1.0012451171875227;-9.564238290238336e-14;311.65694444444443;0.5508118271827698;99.82946515083313;234.42230224609375;3.6265363693237305
2021-12-26T07:00:00;1009.23640625;1.2435241699218977;0.0;307.2247222222222;0.28127288818359375;99.0619421005249;224.22901916503906;3.7337632179260254
2021-12-26T08:00:00;1009.50109375;1.1411987304687727;0.0;303.6672222222222;0.002302431268617511;99.50897693634033;224.00547790527344;4.101176738739014
2021-12-26T09:00:00;1009.4984375;1.1356140136718977;0.0;296.59277777777777;5.8053563407156616e-05;97.72684574127197;224.67515563964844;3.9411377906799316
2021-12-26T10:00:00;1009.25859375;0.6447998046875227;3.022222222222222;306.31694444444446;0.28277313709259033;99.99580383300781;238.763427734375;3.9571332931518555
2021-12-26T11:00:00;1009.259765625;0.7458129882812727;14.133333333333333;302.02472222222224;0.3373797535896301;99.99576210975647;246.48843383789062;4.0652337074279785
2021-12-26T12:00:00;1009.3821875;0.8590942382812727;19.733333333333334;298.56166666666667;0.3582621216773987;99.93013143539429;243.57693481445312;3.8090906143188477
2021-12-26T13:00:00;1009.4353125;0.9388671875000227;11.644444444444444;302.5686111111111;0.36469143629074097;99.85072016716003;232.90536499023438;3.501319169998169
2021-12-26T14:00:00;1009.49875;0.9300781250000227;2.2755555555555556;308.62305555555554;0.9097358584403992;99.94056820869446;263.22930908203125;2.587066411972046
2021-12-26T15:00:00;1009.23015625;0.6949096679687727;0.0;300.76972222222224;0.0749005526304245;99.99555349349976;210.7236785888672;2.3616156578063965
2021-12-26T16:00:00;1009.363828125;0.8201538085937727;0.0;309.3175;0.24915921688079834;98.32938313484192;216.59521484375;3.2438933849334717
2021-12-26T17:00:00;1009.166171875;0.9057861328125227;0.0;278.15527777777777;0.08280050754547119;94.55571174621582;205.14093017578125;3.0002574920654297
2021-12-26T18:00:00;1009.246015625;0.8567443847656477;0.0;304.00111111111113;0.4780934154987335;96.97279334068298;216.6032257080078;2.434903860092163
2021-12-26T19:00:00;1009.3825;1.0912719726562727;0.0;293.51166666666666;0.02861603908240795;94.67336535453796;197.5422821044922;3.226635694503784
2021-12-26T20:00:00;1008.841875;1.2282043457031477;0.0;301.1766666666667;0.01754729449748993;93.19617748260498;201.6914520263672;2.8882720470428467
2021-12-26T21:00:00;1008.4953125;0.6202026367187727;0.0;293.3438888888889;0.006198890507221222;95.9229826927185;197.611328125;1.906284213066101
2021-12-26T22:00:00;1008.110625;1.1044860839843977;1.9524817719397527e-14;288.2008333333333;0.07884039729833603;76.02099180221558;192.72265625;0.835347592830658
2021-12-26T23:00:00;1007.9371875;0.42949829101564774;1.951685726611332e-14;284.4891666666667;0.011421643197536469;81.43779635429382;98.3067855834961;0.8744772672653198
2021-12-27T00:00:00;1007.66171875;0.5241027832031477;1.9532708783742692e-14;275.385;0.012011410668492317;72.30535745620728;169.21873474121094;0.975374698638916
2021-12-27T01:00:00;1007.5903125;0.6356750488281477;1.9501129106597797e-14;286.25444444444446;0.007759068161249161;72.16653823852539;83.68663787841797;1.182672142982483
2021-12-27T02:00:00;1007.32625;0.7794738769531477;1.9516918945170246e-14;264.9819444444444;0.006142213940620422;69.83497738838196;79.16351318359375;0.9610095620155334
2021-12-27T03:00:00;1006.84265625;0.17806396484377274;1.9516918945170246e-14;255.0836111111111;0.0019172036554664373;78.20592522621155;119.67948150634766;1.0235316753387451
2021-12-27T04:00:00;1006.350703125;-1.0900329589843523;1.950902788082508e-14;241.68055555555554;0.00022301792341750115;95.3095018863678;59.821556091308594;1.525342583656311
2021-12-27T05:00:00;1005.89;-1.2359069824218523;1.9501067427540875e-14;229.56305555555556;3.5439443308860064e-05;92.29134917259216;70.53487396240234;1.3840590715408325
2021-12-27T06:00:00;1005.5346875;-0.8770812988281023;-9.753716353107696e-14;229.28305555555556;0.0;92.77364611625671;40.8800048828125;0.9343506097793579
2021-12-27T07:00:00;1005.0128125;-0.5831054687499773;0.0;224.98361111111112;0.0;88.64157795906067;52.370582580566406;0.7395768165588379
2021-12-27T08:00:00;1004.7615625;-1.0365051269531023;0.0;218.5475;0.0;81.5309464931488;103.56615447998047;0.8362190127372742
2021-12-27T09:00:00;1004.52765625;-0.8616699218749773;0.0;220.2625;0.0;79.22996282577515;184.034423828125;0.6818897128105164
2021-12-27T10:00:00;1003.9446875;0.9073730468750227;7.964444444444444;220.2697222222222;6.677149212919176e-05;40.98687171936035;194.8634490966797;1.019690752029419
2021-12-27T11:00:00;1003.67265625;0.39757690429689774;35.98222222222222;217.61916666666667;4.152197107032407e-06;46.348851919174194;114.25711059570312;1.6247291564941406
2021-12-27T12:00:00;1003.46640625;0.23366699218752274;52.51555555555556;214.095;4.072996671311557e-05;49.357908964157104;131.17771911621094;1.6813058853149414
2021-12-27T13:00:00;1003.106015625;0.9008728027343977;39.60888888888889;224.0363888888889;2.8142498194938526e-05;46.72579765319824;121.66310119628906;1.2852733135223389
2021-12-27T14:00:00;1002.65421875;0.22115478515627274;11.2;246.1688888888889;1.6318999769282527e-05;54.483312368392944;101.17807006835938;1.792365550994873
2021-12-27T15:00:00;1002.041875;-0.7603210449218523;0.035555555555555556;246.41611111111112;7.62939453125e-06;68.72732639312744;111.5536117553711;1.7268855571746826
2021-12-27T16:00:00;1001.570859375;0.9584899902343977;0.0;269.4775;0.0;38.00988793373108;104.99686431884766;1.9308966398239136
2021-12-27T17:00:00;1001.0821875;0.7994628906250227;0.0;252.1952777777778;0.0;39.00477886199951;97.25311279296875;1.7325174808502197
2021-12-27T18:00:00;1000.7846875;0.07244262695314774;0.0;256.9436111111111;8.591380719735753e-06;49.29226636886597;116.39852142333984;1.7486528158187866
2021-12-27T19:00:00;1000.46140625;-0.47003784179685226;0.0;219.34722222222223;2.8637934974540258e-06;49.70877766609192;125.56993103027344;1.8535267114639282
2021-12-27T20:00:00;999.90046875;-0.8024047851562273;0.0;232.93666666666667;4.295690359867876e-06;49.81105923652649;124.84288024902344;1.8443852663040161
2021-12-27T21:00:00;999.4134375;-0.7238830566406023;0.0;225.7711111111111;5.7275869949080516e-06;56.2532901763916;112.61669921875;2.0756890773773193
2021-12-27T22:00:00;999.08390625;0.09118041992189774;1.9422183768676623e-14;258.26694444444445;0.0;37.62991428375244;79.61073303222656;1.668461561203003
2021-12-27T23:00:00;998.68296875;0.9592224121093977;1.9422118234678642e-14;269.86027777777775;0.0;36.30235195159912;118.68436431884766;1.9137039184570312
2021-12-28T00:00:00;998.389375;3.2089782714843977;1.9422179913735564e-14;279.56166666666667;0.0;24.029862880706787;114.78763580322266;1.566185712814331
2021-12-28T01:00:00;998.13109375;2.3399902343750227;1.9406390075163118e-14;274.89694444444444;0.0;29.09272313117981;122.11369323730469;1.217021107673645
2021-12-28T02:00:00;997.4434375;2.4639526367187727;1.9406390075163118e-14;275.49944444444446;0.0;29.158300161361694;164.6033477783203;1.111664891242981
2021-12-28T03:00:00;996.745625;2.2817321777343977;1.9406390075163118e-14;275.00944444444445;0.0;31.717199087142944;111.3225326538086;1.5802081823349
2021-12-28T04:00:00;997.05671875;1.6155944824218977;1.9406393930104177e-14;282.62694444444446;0.0;23.120439052581787;195.87937927246094;1.1547257900238037
2021-12-28T05:00:00;996.7465625;1.4397521972656477;1.9390538557533747e-14;282.0519444444444;1.0023277354775928e-05;27.040445804595947;221.40403747558594;1.0380380153656006
2021-12-28T06:00:00;996.38953125;0.6981750488281477;-9.701609885818622e-14;281.35055555555556;1.0023277354775928e-05;36.47950291633606;265.5426330566406;0.9737967252731323
2021-12-28T07:00:00;996.25046875;0.21444091796877274;0.0;278.91333333333336;1.2887070624856278e-05;45.65922021865845;229.8545684814453;1.0599299669265747
2021-12-28T08:00:00;996.300234375;-0.16202392578122726;0.0;276.3913888888889;1.2887070624856278e-05;54.97467517852783;321.13916015625;0.6721909046173096
2021-12-28T09:00:00;996.1821875;0.0020690917968977374;0.0;282.5438888888889;1.4318967259896453e-05;81.60588145256042;319.19598388671875;0.8050005435943604
2021-12-28T10:00:00;996.535078125;0.27660522460939774;3.04;287.0725;0.0;66.06627702713013;273.9459228515625;1.416433572769165
2021-12-28T11:00:00;996.541875;-0.39877929687497726;17.26222222222222;280.405;0.02183799259364605;85.70886850357056;121.50127410888672;0.7154374718666077
2021-12-28T12:00:00;996.358984375;-0.03833618164060226;34.72;251.92527777777778;0.0012343842536211014;79.72743511199951;127.07874298095703;1.3832521438598633
2021-12-28T13:00:00;996.02640625;0.04534301757814774;34.897777777777776;234.57972222222222;3.6878140235785395e-05;72.69310355186462;104.65319061279297;1.7764769792556763
2021-12-28T14:00:00;995.946015625;-0.14957275390622726;12.408888888888889;228.30666666666667;0.0;68.3367133140564;120.61201477050781;1.644074559211731
2021-12-28T15:00:00;995.77953125;0.5198608398437727;0.0;229.225;8.042162517085671e-05;68.17799806594849;151.6642608642578;1.4162098169326782
2021-12-28T16:00:00;996.23390625;-0.8627990722656023;-0.017777777777777778;226.7263888888889;0.0;75.99819898605347;146.9961700439453;1.4862642288208008
2021-12-28T17:00:00;996.29890625;1.4497009277343977;0.017777777777777778;226.4638888888889;0.0;54.39935922622681;153.5009765625;1.26173996925354
2021-12-28T18:00:00;996.5925;1.1577697753906477;0.0;230.60666666666665;0.0;56.323546171188354;140.7088623046875;1.0353566408157349
2021-12-28T19:00:00;996.90234375;1.6657653808593977;0.0;230.02194444444444;0.0;53.714293241500854;155.08203125;1.9137752056121826
2021-12-28T20:00:00;996.0915625;1.6914001464843977;0.0;243.01;0.00024342242977581918;53.4457802772522;155.7685546875;2.1824519634246826
2021-12-28T21:00:00;996.00328125;0.6748901367187727;0.0;234.5013888888889;1.4318967259896453e-05;71.65709137916565;169.04249572753906;1.824800729751587
2021-12-28T22:00:00;996.5996875;0.5869384765625227;1.936691933367306e-14;234.1638888888889;4.653664291254245e-05;68.05607080459595;185.99639892578125;1.7667590379714966
2021-12-28T23:00:00;996.764453125;1.4240661621093977;1.93747487189613e-14;238.92805555555555;2.5774141249712557e-05;66.28149747848511;188.4768829345703;1.9342601299285889
2021-12-29T00:00:00;997.024765625;1.8031860351562727;1.935902055944578e-14;255.90666666666667;0.0;67.5571084022522;188.75059509277344;1.9283744096755981
2021-12-29T01:00:00;996.86640625;2.1093994140625227;1.935902055944578e-14;294.2319444444444;3.2933625334408134e-05;68.82349848747253;178.75990295410156;2.231032609939575
2021-12-29T02:00:00;996.85265625;1.7282348632812727;1.9374810398018226e-14;274.1911111111111;1.575086389493663e-05;75.10098814964294;191.065185546875;2.247339963912964
2021-12-29T03:00:00;997.126640625;1.7473083496093977;1.935902055944578e-14;242.2513888888889;8.591380719735753e-06;77.46455669403076;188.9904327392578;2.7681705951690674
2021-12-29T04:00:00;997.71625;1.5999694824218977;1.935112949510061e-14;263.6063888888889;0.0;78.2091736793518;190.15419006347656;2.05635404586792
2021-12-29T05:00:00;997.6621875;1.8198791503906477;1.9358958880388855e-14;276.4375;0.0;79.17363047599792;186.15667724609375;2.509669780731201
2021-12-29T06:00:00;997.72546875;1.7902465820312727;-9.679504111817196e-14;241.66444444444446;0.0;80.1013708114624;185.93280029296875;2.9886107444763184
2021-12-29T07:00:00;997.982890625;1.7857604980468977;0.0;235.80444444444444;0.0;80.2432119846344;192.6962432861328;2.4916775226593018
2021-12-29T08:00:00;998.18703125;2.0424133300781477;0.0;238.60722222222222;0.0;79.17976379394531;197.39649963378906;2.999356985092163
2021-12-29T09:00:00;998.11515625;2.2399841308593977;0.0;238.27805555555557;0.0;79.03470993041992;200.39425659179688;2.9049999713897705
2021-12-29T10:00:00;998.058359375;1.9478698730468977;6.857777777777778;254.545;0.0;79.78705167770386;194.8185272216797;2.4189536571502686
2021-12-29T11:00:00;998.127890625;2.2790466308593977;30.351111111111113;255.84166666666667;0.0;78.6517858505249;193.1712188720703;2.0681514739990234
2021-12-29T12:00:00;998.53828125;1.9835449218750227;50.56;235.24166666666667;0.0;80.31798601150513;204.0409698486328;1.7690247297286987
2021-12-29T13:00:00;998.777734375;1.8935180664062727;41.84888888888889;235.1375;0.0;80.64001798629761;199.43905639648438;1.8572343587875366
2021-12-29T14:00:00;998.79921875;1.4378295898437727;12.142222222222221;245.205;0.0;82.29256272315979;193.9392547607422;1.5777872800827026
2021-12-29T15:00:00;998.502890625;1.0065246582031477;0.0;235.68527777777777;0.0;83.36066603660583;195.2111053466797;1.7551822662353516
2021-12-29T16:00:00;998.3803125;1.0405517578125227;0.0;233.87166666666667;0.0;83.83522629737854;170.19265747070312;1.9632881879806519
2021-12-29T17:00:00;997.08609375;0.48873291015627274;0.0;236.16222222222223;0.0;86.34067177772522;142.14581298828125;1.824025273323059
2021-12-29T18:00:00;996.63171875;0.5260864257812727;0.0;240.9813888888889;0.0;83.31947922706604;115.7177734375;1.172614336013794
2021-12-29T19:00:00;996.071640625;0.7908874511718977;0.0;245.34527777777777;0.0;77.92393565177917;106.81200408935547;1.2844935655593872
2021-12-29T20:00:00;995.591171875;0.37456665039064774;0.0;234.54166666666666;0.0;85.16573905944824;85.15103912353516;1.4424999952316284
2021-12-29T21:00:00;995.291953125;0.7541442871093977;0.0;266.3202777777778;0.0;90.96711277961731;40.443450927734375;1.1509429216384888
2021-12-29T22:00:00;995.378125;2.7601562500000227;1.9327444737241944e-14;283.6766666666667;2.39655146287987e-05;54.877012968063354;348.4978332519531;0.7126813530921936
2021-12-29T23:00:00;994.87734375;2.9504943847656477;1.9311589364671514e-14;287.46527777777777;6.37178891338408e-06;58.45978856086731;84.03484344482422;1.7596231698989868
2021-12-30T00:00:00;993.525390625;1.6166931152343977;1.9295861205155993e-14;288.81166666666667;9.55768337007612e-06;76.31104588508606;100.8188247680664;2.7174432277679443
2021-12-30T01:00:00;991.90921875;1.8780456542968977;1.9280071366583543e-14;291.10083333333336;9.159516594081651e-06;72.40791916847229;90.80902099609375;3.223522663116455
2021-12-30T02:00:00;990.113125;2.0609985351562727;1.9295861205155993e-14;294.75055555555554;5.699352641386213e-06;69.56518888473511;88.85294342041016;3.1948986053466797
2021-12-30T03:00:00;988.882890625;2.3621459960937727;1.9295861205155993e-14;298.0511111111111;1.139870505539875e-06;69.05255317687988;98.05573272705078;3.0337250232696533
2021-12-30T04:00:00;987.09546875;2.0027709960937727;1.927218030223838e-14;295.87583333333333;0.0;62.23178505897522;144.97499084472656;2.165153741836548
2021-12-30T05:00:00;986.32921875;2.0487304687500227;1.9272114768240397e-14;296.5697222222222;0.0;75.6321132183075;150.95849609375;1.8221828937530518
2021-12-30T06:00:00;985.384609375;1.7489562988281477;-9.64002951538608e-14;296.5186111111111;0.0;87.85590529441833;146.33091735839844;1.8792284727096558
2021-12-30T07:00:00;985.1853125;1.7991577148437727;0.0;296.93861111111113;0.0012394674122333527;92.71884560585022;156.67625427246094;1.8982537984848022
2021-12-30T08:00:00;985.4871875;1.7145629882812727;0.0;298.49361111111114;0.2238909900188446;95.22891044616699;142.53526306152344;1.086643099784851
2021-12-30T09:00:00;986.10359375;2.1887451171875227;0.0;317.55611111111114;0.48054903745651245;86.19412779808044;126.17860412597656;1.1996761560440063
2021-12-30T10:00:00;987.569375;1.4550720214843977;1.6266666666666667;312.96444444444444;0.37350672483444214;85.22066473960876;198.73500061035156;1.0871920585632324
2021-12-30T11:00:00;988.9046875;2.0841308593750227;9.928888888888888;309.78222222222223;0.10487893223762512;90.79474806785583;204.68026733398438;1.8619879484176636
2021-12-30T12:00:00;990.277109375;1.5029846191406477;14.613333333333333;311.4772222222222;0.12469471991062164;99.70581531524658;229.6293182373047;1.7862975597381592
2021-12-30T13:00:00;991.2415625;1.3421264648437727;18.844444444444445;299.1088888888889;0.000805649789981544;99.99277591705322;220.0708465576172;1.5816395282745361
2021-12-30T14:00:00;991.6246875;0.9516845703125227;8.32;278.12666666666667;0.0008710272377356887;99.98807311058044;190.08026123046875;1.3734068870544434
2021-12-30T15:00:00;992.0996875;0.17144165039064774;0.0;263.63166666666666;0.00292857363820076;99.98049736022949;194.11390686035156;1.0925222635269165
2021-12-30T16:00:00;993.2871875;1.1276489257812727;0.017777777777777778;307.53694444444443;0.023784089833498;99.48619604110718;179.66650390625;1.5604928731918335
2021-12-30T17:00:00;993.60203125;0.5034118652343977;0.0;253.4611111111111;0.000420476368162781;98.80717992782593;168.93865966796875;1.3984450101852417
2021-12-30T18:00:00;994.54;0.26436767578127274;0.0;249.8061111111111;0.00013489222328644246;95.37088871002197;130.87815856933594;1.033509612083435
2021-12-30T19:00:00;995.1409375;0.13649902343752274;0.0;237.56444444444443;0.0002730248961597681;97.0859944820404;167.98165893554688;1.52944815158844
2021-12-30T20:00:00;995.29671875;0.35634765625002274;0.0;253.1313888888889;0.0001678250846453011;99.1672694683075;160.74447631835938;1.6930513381958008
2021-12-30T21:00:00;995.4128125;0.6850219726562727;0.0;257.7294444444444;0.0001335081469733268;94.86581087112427;152.96311950683594;1.2413917779922485
2021-12-30T22:00:00;995.77625;2.3255859375000227;1.9430078687962845e-14;281.3691666666667;0.0052824849262833595;76.74600481987;221.53677368164062;0.9597145915031433
2021-12-30T23:00:00;996.20703125;2.2745605468750227;1.9422118234678642e-14;297.0252777777778;0.006916442885994911;78.57250571250916;225.12928771972656;0.9685834050178528
2021-12-31T00:00:00;996.27984375;2.8707214355468977;1.9406390075163118e-14;296.7311111111111;0.005371437408030033;75.46735405921936;239.7087860107422;0.8282627463340759
2021-12-31T01:00:00;996.105;2.6459899902343977;1.9406390075163118e-14;300.80333333333334;0.004174249246716499;77.60205268859863;112.59817504882812;1.253769040107727
2021-12-31T02:00:00;996.20375;2.4428039550781477;1.9390600236590672e-14;304.6072222222222;0.012945646420121193;84.36170816421509;111.31192779541016;1.0191287994384766
2021-12-31T03:00:00;996.06796875;2.5444885253906477;1.9390600236590672e-14;308.32694444444445;0.08973913639783859;87.02581524848938;125.4180679321289;1.441436767578125
2021-12-31T04:00:00;996.681953125;2.3011108398437727;1.9382709172245507e-14;314.1094444444444;0.4426090121269226;93.94862055778503;151.6890106201172;1.4137969017028809
2021-12-31T05:00:00;996.69515625;1.7649169921875227;1.9390538557533747e-14;305.8325;0.5691695213317871;97.90537357330322;152.28111267089844;1.3107976913452148
2021-12-31T06:00:00;996.8234375;1.8250366210937727;-9.693714966532399e-14;311.99361111111114;1.199950098991394;93.74881386756897;151.7594757080078;1.7369636297225952
2021-12-31T07:00:00;996.85765625;2.6854797363281477;0.0;315.02777777777777;0.630653977394104;73.29449653625488;118.46131896972656;1.5752894878387451
2021-12-31T08:00:00;997.150546875;2.3087097167968977;0.0;311.15444444444444;0.38998380303382874;77.69196033477783;110.28199005126953;1.7779499292373657
2021-12-31T09:00:00;997.315625;2.6212402343750227;0.0;309.50555555555553;0.13886624574661255;78.8211464881897;142.47679138183594;2.492661237716675
2021-12-31T10:00:00;997.81890625;1.1576171875000227;1.1022222222222222;309.2763888888889;0.8888610005378723;88.7027382850647;96.11424255371094;2.1804966926574707
2021-12-31T11:00:00;998.78734375;0.6992736816406477;5.493333333333333;303.5697222222222;0.6907854080200195;99.8859167098999;118.16016387939453;1.6127160787582397
2021-12-31T12:00:00;999.91046875;0.9505859375000227;9.102222222222222;298.71194444444444;0.8225500583648682;95.86217403411865;159.9420928955078;1.749560832977295
2021-12-31T13:00:00;1000.883125;0.7333007812500227;10.79111111111111;300.4761111111111;0.48003077507019043;99.99263286590576;171.9525146484375;1.3298007249832153
2021-12-31T14:00:00;1001.4834375;0.5037780761718977;5.724444444444444;301.3847222222222;0.2497011423110962;99.98205900192261;15.495888710021973;0.7396162152290344
2021-12-31T15:00:00;1002.25140625;0.7099548339843977;0.0;305.09555555555556;0.8228678703308105;99.98815059661865;208.74026489257812;0.6011209487915039
2021-12-31T16:00:00;1003.6925;1.2136474609375227;0.0;246.8672222222222;0.02777341566979885;92.95691847801208;199.54922485351562;1.6018738746643066
2021-12-31T17:00:00;1004.948671875;1.6242309570312727;0.0;280.06444444444446;0.13423597812652588;94.94665265083313;263.4222106933594;1.5979782342910767
2021-12-31T18:00:00;1005.35234375;1.2917114257812727;0.0;244.77083333333334;0.0009847733890637755;94.07833814620972;11.44162368774414;1.0859407186508179
2021-12-31T19:00:00;1007.001015625;1.0090576171875227;0.0;226.79194444444445;7.34131463104859e-05;89.4030749797821;339.9686279296875;1.1456490755081177
2021-12-31T20:00:00;1008.160234375;0.6807800292968977;0.0;221.00333333333333;2.7681314804794965e-06;88.17325830459595;334.2084655761719;1.159872055053711
2021-12-31T21:00:00;1009.2325;0.45488891601564774;0.0;219.38583333333332;0.00012807636812794954;86.13317608833313;339.7243957519531;1.0966203212738037
2021-12-31T22:00:00;1009.9759375;2.2262207031250227;1.63352703277633e-14;235.15694444444443;0.0013302641455084085;64.9387776851654;14.434913635253906;0.9026356935501099
2021-12-31T23:00:00;1010.976171875;1.1600280761718977;1.6327309874479094e-14;248.60333333333332;0.0028270718175917864;71.8937337398529;53.01613235473633;1.1725786924362183
2022-01-01T00:00:00;1012.015546875;1.2252136230468977;1.6327371553536018e-14;223.32111111111112;0.00010706869215937331;66.74696803092957;100.155517578125;1.1780681610107422
2022-01-01T01:00:00;1012.70328125;1.5405517578125227;1.635895123068091e-14;233.3325;0.0007632009801454842;60.13076901435852;101.98833465576172;1.537624478340149
2022-01-01T02:00:00;1013.09765625;0.6428161621093977;1.6327371553536018e-14;234.2613888888889;0.0003592753200791776;70.56623101234436;101.37242889404297;1.9506977796554565
2022-01-01T03:00:00;1013.6225;0.17620239257814774;1.6343161392108464e-14;220.40027777777777;1.0380492312833667e-05;78.82271409034729;80.81520080566406;1.9656531810760498
2022-01-01T04:00:00;1013.9853125;-0.11173095703122726;1.6327375408477075e-14;220.24527777777777;0.000133611261844635;94.0905749797821;96.91349029541016;1.881873369216919
2022-01-01T05:00:00;1013.80328125;-0.33832397460935226;1.6295730197334202e-14;226.88333333333333;6.886214578116778e-06;97.81215190887451;83.42310333251953;2.120248556137085
2022-01-01T06:00:00;1012.98328125;-0.15738525390622726;-8.165258592719561e-14;230.06916666666666;1.7182761439471506e-05;96.06499075889587;82.29490661621094;2.979949474334717
2022-01-01T07:00:00;1012.34890625;0.24044189453127274;0.0;233.64138888888888;2.147845179933938e-06;88.09840083122253;88.6688232421875;3.112511157989502
2022-01-01T08:00:00;1011.8709375;0.42196044921877274;0.0;242.51583333333335;2.158993811463006e-05;80.0540566444397;87.56306457519531;2.9506022930145264
2022-01-01T09:00:00;1011.014296875;0.8277221679687727;0.0;261.9561111111111;3.37610617862083e-05;73.59950542449951;93.20494842529297;2.9408788681030273
2022-01-01T10:00:00;1009.99796875;0.9244323730468977;4.328888888888889;272.1675;4.295690087019466e-05;63.24952244758606;103.75934600830078;2.4864771366119385
2022-01-01T11:00:00;1009.09046875;1.3469787597656477;15.76;280.3230555555556;0.0;57.48777985572815;149.20303344726562;1.6628952026367188
2022-01-01T12:00:00;1007.9621875;2.0356384277343977;25.955555555555556;283.78694444444443;0.0;51.53375267982483;176.66212463378906;1.3644031286239624
2022-01-01T13:00:00;1006.86703125;2.5428405761718977;25.315555555555555;287.21416666666664;0.0;51.520031690597534;152.949462890625;1.5015171766281128
2022-01-01T14:00:00;1005.33671875;2.9503417968750227;7.253333333333333;296.89222222222224;0.0;48.59340190887451;127.40602111816406;1.987343192100525
2022-01-01T15:00:00;1003.709453125;3.4363952636718977;0.0;305.06583333333333;0.0;49.780625104904175;146.92393493652344;1.9449129104614258
2022-01-01T16:00:00;1000.4215625;2.0349975585937727;0.0;313.0308333333333;0.5959045886993408;88.96817564964294;121.84220886230469;2.9469306468963623
2022-01-01T17:00:00;998.37796875;2.9238525390625227;0.0;325.5625;1.3426395654678345;92.64698624610901;127.06934356689453;2.5345284938812256
2022-01-01T18:00:00;997.353046875;5.226220703125023;0.0;330.77972222222223;0.03524703532457352;86.1437976360321;192.347900390625;2.8648173809051514
2022-01-01T19:00:00;996.19484375;6.522668457031273;0.0;334.30444444444447;0.007365010678768158;82.86929726600647;180.6104278564453;3.112579345703125
2022-01-01T20:00:00;995.736484375;6.916101074218773;0.0;335.8441666666667;0.08710549026727676;90.42088985443115;193.33319091796875;4.747879505157471
2022-01-01T21:00:00;995.5609375;7.366326904296898;0.0;337.66777777777776;0.04584003984928131;89.93260860443115;195.15408325195312;6.169731140136719
2022-01-01T22:00:00;995.2578125;6.334405517578148;1.9264285382952157e-14;334.2058333333333;1.1927123069763184;91.8461263179779;210.35960388183594;5.4165263175964355
2022-01-01T23:00:00;994.646875;6.877069091796898;1.9248430010381727e-14;333.1694444444444;0.25681930780410767;91.15944504737854;193.94873046875;6.110510349273682
2022-01-02T00:00:00;994.21609375;6.929132080078148;1.924849168943865e-14;273.28472222222223;4.3761159759014845e-05;91.06186032295227;195.33180236816406;5.780307292938232
2022-01-02T01:00:00;993.60125;7.078546142578148;1.924849168943865e-14;263.11027777777775;7.118684152374044e-05;89.403235912323;193.9780731201172;5.24945592880249
2022-01-02T02:00:00;992.2103125;6.833215332031273;1.9264281528011098e-14;297.24083333333334;1.0467046195117291e-05;87.60573863983154;189.0621795654297;3.8916704654693604
2022-01-02T03:00:00;991.80828125;6.450494384765648;1.9232701850866206e-14;332.59527777777777;2.2801597118377686;94.91011500358582;204.77685546875;4.114044666290283
2022-01-02T04:00:00;992.1490625;5.569665527343773;1.9248495544379708e-14;329.9872222222222;2.5781078338623047;95.01080513000488;195.20762634277344;5.040145397186279
2022-01-02T05:00:00;991.825859375;5.440667724609398;1.9240535091095505e-14;275.07444444444445;5.324135781847872e-05;94.4553554058075;196.71397399902344;4.65154504776001
2022-01-02T06:00:00;991.460625;5.389825439453148;-9.622660692956389e-14;243.48277777777778;1.4318967487270129e-06;91.11521244049072;196.61859130859375;4.879354476928711
2022-01-02T07:00:00;991.0971875;5.366357421875023;0.0;242.6586111111111;0.0;86.98310852050781;196.00692749023438;5.318155765533447
2022-01-02T08:00:00;990.609453125;5.464532470703148;0.0;266.9322222222222;0.0;84.42118763923645;195.8384246826172;5.5222487449646
2022-01-02T09:00:00;989.8709375;5.641259765625023;0.0;320.0413888888889;0.0;84.33263301849365;199.30531311035156;5.443841457366943
2022-01-02T10:00:00;989.278828125;5.439355468750023;4.693333333333333;304.745;0.0;84.36930775642395;194.70582580566406;5.952240467071533
2022-01-02T11:00:00;988.2034375;5.593041992187523;27.182222222222222;284.6736111111111;0.0;84.08246636390686;194.02049255371094;6.4832072257995605
2022-01-02T12:00:00;987.62921875;5.681542968750023;15.84;312.43666666666667;0.029087278991937637;84.59819555282593;204.06283569335938;6.1181416511535645
2022-01-02T13:00:00;987.09484375;5.031335449218773;4.551111111111111;324.5763888888889;0.0781237930059433;92.43813157081604;198.06239318847656;5.867588520050049
2022-01-02T14:00:00;986.125;4.989831542968773;7.182222222222222;300.29777777777775;0.017029277980327606;90.9839391708374;192.31658935546875;6.72262716293335
2022-01-02T15:00:00;985.60640625;5.291955566406273;0.0;302.9861111111111;0.006497969385236502;89.28866982460022;196.81849670410156;6.704168319702148
2022-01-02T16:00:00;985.625078125;5.201531982421898;0.0;306.8327777777778;0.0016693463549017906;90.24397134780884;197.3191680908203;6.663045883178711
2022-01-02T17:00:00;985.411640625;5.439843750000023;0.0;265.06944444444446;0.00016847487131599337;89.97390866279602;202.8876495361328;5.91887903213501
2022-01-02T18:00:00;985.2115625;5.561425781250023;0.0;303.76972222222224;0.0;90.86495637893677;199.8053741455078;5.6458611488342285
2022-01-02T19:00:00;984.68734375;5.641625976562523;0.0;280.74111111111114;9.361927368445322e-05;88.25719952583313;199.20252990722656;6.124129295349121
2022-01-02T20:00:00;985.1328125;5.602227783203148;0.0;283.6138888888889;0.00016554085595998913;87.3766839504242;216.7859344482422;5.299233913421631
2022-01-02T21:00:00;985.33796875;5.036401367187523;0.0;326.4633333333333;0.34871044754981995;95.29603719711304;208.92901611328125;5.236157417297363
2022-01-02T22:00:00;985.4509375;4.593255615234398;1.595631034708352e-14;329.00944444444445;3.8396248817443848;97.52852320671082;206.70632934570312;1.7185122966766357
2022-01-02T23:00:00;985.18890625;4.645989990234398;1.5964147442253877e-14;331.2913888888889;3.8125290870666504;98.10835719108582;200.0609588623047;1.8057887554168701
2022-01-03T00:00:00;984.759609375;4.645135498046898;1.5948415427797296e-14;327.52722222222224;0.23999273777008057;91.15039706230164;197.27407836914062;2.5225541591644287
2022-01-03T01:00:00;984.06953125;4.624688720703148;1.593262558922485e-14;326.18083333333334;0.024412931874394417;89.01262283325195;192.8256072998047;2.3733842372894287
2022-01-03T02:00:00;983.05640625;4.750268554687523;1.5916835750652404e-14;322.3847222222222;5.508971753442893e-06;85.13375520706177;190.6506805419922;2.547304391860962
2022-01-03T03:00:00;981.883125;4.721124267578148;1.5916835750652404e-14;313.3288888888889;4.823293420486152e-05;82.21784830093384;190.955322265625;2.659238576889038
2022-01-03T04:00:00;981.16609375;4.932611083984398;1.5901045912079958e-14;297.16555555555556;7.266344709933037e-06;77.16416120529175;189.05877685546875;2.4806745052337646
2022-01-03T05:00:00;980.6978125;4.951806640625023;1.5877303330105422e-14;322.48083333333335;0.33025193214416504;91.58995747566223;199.8468017578125;3.4169375896453857
2022-01-03T06:00:00;980.103125;4.722711181640648;-7.95525373970602e-14;323.10305555555556;0.15762566030025482;94.04355883598328;203.09878540039062;4.293492794036865
2022-01-03T07:00:00;978.70109375;3.9419189453125227;0.0;298.4725;0.1236945390701294;91.16107225418091;174.99118041992188;1.8032063245773315
2022-01-03T08:00:00;978.021015625;3.6390014648437727;0.0;303.8925;0.11886383593082428;92.81499981880188;246.57830810546875;1.7528631687164307
2022-01-03T09:00:00;977.765078125;2.2123046875000227;0.0;323.87638888888887;3.187375068664551;99.99439716339111;296.80242919921875;2.8007407188415527
2022-01-03T10:00:00;978.260625;1.3873229980468977;0.36444444444444446;322.75166666666667;3.885521411895752;99.99446272850037;274.7760925292969;3.271801233291626
2022-01-03T11:00:00;979.935078125;0.5357299804687727;3.457777777777778;313.8525;2.576207160949707;99.99444484710693;300.1936950683594;5.403676986694336
2022-01-03T12:00:00;981.027578125;0.03334960937502274;4.6755555555555555;306.54583333333335;2.1084799766540527;98.66077899932861;282.0635986328125;3.8138163089752197
2022-01-03T13:00:00;981.60125;-0.19360961914060226;9.92;299.56555555555553;1.0565189123153687;98.66383671760559;263.39007568359375;4.11923885345459
2022-01-03T14:00:00;981.6359375;-0.31717529296872726;5.013333333333334;287.6425;0.249264657497406;92.87155270576477;200.35595703125;3.4073145389556885
2022-01-03T15:00:00;981.25578125;-0.014837646484352263;0.035555555555555556;271.7988888888889;0.00011397736670915037;90.06997346878052;190.66647338867188;3.6830673217773438
2022-01-03T16:00:00;981.8328125;0.16268310546877274;0.017777777777777778;264.4797222222222;3.377656321390532e-05;81.5952479839325;199.01272583007812;3.783447027206421
2022-01-03T17:00:00;981.0234375;-0.30591430664060226;-0.017777777777777778;220.32472222222222;2.8637934519792907e-05;78.77693176269531;191.6737060546875;4.232113838195801
2022-01-03T18:00:00;980.124765625;-0.38904418945310226;0.0;211.1886111111111;0.000140660151373595;79.75650429725647;184.4739990234375;4.397289752960205
2022-01-03T19:00:00;979.6425;-0.13336791992185226;0.0;212.14027777777778;6.776102964067832e-05;76.84810757637024;191.9127197265625;4.592391490936279
2022-01-03T20:00:00;978.82328125;-0.17633666992185226;0.0;213.70916666666668;4.682625785790151e-06;77.25397944450378;182.71456909179688;3.5340003967285156
2022-01-03T21:00:00;977.8;0.09334716796877274;0.0;262.35583333333335;7.424339128192514e-05;74.61422085762024;164.16683959960938;3.112718343734741
2022-01-03T22:00:00;977.258203125;0.10720214843752274;1.6319480489190853e-14;231.56444444444443;0.0;72.06136584281921;175.23321533203125;1.914212942123413
2022-01-03T23:00:00;976.266875;1.0779663085937727;1.6303625116620423e-14;274.5175;0.0;72.69307971000671;168.9853973388672;4.502231121063232
2022-01-04T00:00:00;975.683984375;0.8057800292968977;1.6295791876391123e-14;271.63166666666666;0.0;74.7515320777893;173.79635620117188;2.7885050773620605
2022-01-04T01:00:00;974.92953125;1.0078979492187727;1.626421219924623e-14;288.49694444444447;0.0;80.3515076637268;156.7472381591797;3.722038984298706
2022-01-04T02:00:00;974.103359375;0.9961791992187727;1.626421219924623e-14;274.76972222222224;0.0;77.3622989654541;154.758056640625;3.763892650604248
2022-01-04T03:00:00;973.033125;0.8949829101562727;1.6248422360673785e-14;279.02916666666664;0.0;77.48438119888306;132.254150390625;3.518660545349121
2022-01-04T04:00:00;972.89765625;0.8552185058593977;1.622474145775617e-14;259.8933333333333;0.0;74.32889342308044;147.14085388183594;2.7061431407928467
2022-01-04T05:00:00;972.245546875;0.9388671875000227;1.6208886085185744e-14;275.58194444444445;0.0;73.86500239372253;132.8651885986328;2.7991418838500977
2022-01-04T06:00:00;971.72171875;1.0992065429687727;-8.12104704471671e-14;280.7677777777778;0.0;73.73839020729065;131.8136749267578;3.0895583629608154
2022-01-04T07:00:00;971.44703125;1.3149963378906477;0.0;285.75194444444446;0.0;72.64439463615417;119.63549041748047;3.4612293243408203
2022-01-04T08:00:00;971.62015625;1.2801147460937727;0.0;284.6980555555556;0.0;77.09538340568542;113.96127319335938;2.8786840438842773
2022-01-04T09:00:00;971.751875;1.1804138183593977;0.0;282.5758333333333;0.0;77.46613621711731;104.6745376586914;2.7147018909454346
2022-01-04T10:00:00;973.185625;1.2333923339843977;2.6577777777777776;290.79583333333335;0.0;73.06095361709595;103.92257690429688;2.2492177486419678
2022-01-04T11:00:00;973.8796875;1.1916137695312727;15.102222222222222;288.68861111111113;0.0;71.97745442390442;83.76310729980469;1.608065128326416
2022-01-04T12:00:00;974.866484375;0.7665954589843977;26.773333333333333;282.2763888888889;0.0025805102195590734;92.62731671333313;88.8862533569336;3.9115960597991943
2022-01-16T19:00:00;998.960234375;0.5727172851562727;0.0;286.32944444444445;0.0029986361041665077;61.736083030700684;301.96856689453125;11.664238929748535
2022-01-16T20:00:00;999.17015625;0.20787963867189774;0.0;261.87305555555554;0.0023260158486664295;65.48371315002441;301.113037109375;10.1187744140625
2022-02-24T05:00:00;982.13515625;1.0948425292968977;0.0;272.34305555555557;0.021122127771377563;89.57556486129761;178.61062622070312;6.838736534118652
2022-02-24T06:00:00;981.02828125;0.9947143554687727;0.0;282.46472222222224;0.11910374462604523;92.28097796440125;187.31698608398438;8.545258522033691
2022-02-24T07:00:00;981.3278125;0.8921142578125227;0.0;301.27416666666664;1.236891508102417;95.76916098594666;210.76541137695312;8.54226303100586
2022-02-24T08:00:00;982.257421875;1.5342651367187727;2.862222222222222;307.84527777777777;1.0333223342895508;96.3430404663086;209.11639404296875;7.124051570892334
2022-02-24T09:00:00;983.029921875;0.8451171875000227;7.164444444444444;304.2866666666667;3.5176925659179688;99.03621077537537;201.06077575683594;8.222027778625488
2022-02-24T10:00:00;983.67140625;1.2169433593750227;22.702222222222222;308.5833333333333;0.367644727230072;96.72744870185852;199.17181396484375;6.7126994132995605
2022-02-24T11:00:00;983.950078125;1.5143676757812727;50.84444444444444;304.4872222222222;0.09972932189702988;94.28301453590393;202.76522827148438;4.134888172149658
2022-02-24T12:00:00;983.926875;2.5770812988281477;136.67555555555555;275.6777777777778;0.0001896033063530922;83.87045860290527;197.85382080078125;4.157588005065918
2022-02-24T13:00:00;983.668125;2.5840393066406477;179.2711111111111;258.1694444444444;4.901443389826454e-05;77.90876626968384;193.12747192382812;5.030707836151123
2022-02-24T14:00:00;983.2325;2.4443908691406477;194.56;240.8647222222222;4.5423868868965656e-05;76.31733417510986;187.95738220214844;5.7562575340271
2022-02-24T15:00:00;984.05734375;0.7086730957031477;117.33333333333333;254.28861111111112;0.4567244052886963;96.00262641906738;195.0810546875;7.235209941864014
2022-02-24T16:00:00;983.0809375;1.5675903320312727;34.91555555555556;278.4747222222222;0.00807162281125784;75.7924497127533;196.17892456054688;7.097936153411865
2022-02-24T17:00:00;982.2903125;1.2437683105468977;3.2711111111111113;277.5577777777778;1.9556850020308048e-05;78.62595915794373;189.3217315673828;6.197533130645752
2022-02-24T18:00:00;982.91328125;0.33062133789064774;0.0;293.3208333333333;1.0641530752182007;96.36898636817932;193.0357666015625;8.682507514953613
2022-02-24T19:00:00;983.59640625;0.7196289062500227;0.035555555555555556;295.08166666666665;2.7585506439208984;94.76532340049744;197.4220428466797;5.8628692626953125
2022-02-24T20:00:00;983.38953125;0.7915588378906477;0.0;237.4311111111111;0.00012579701433423907;92.49164462089539;190.05345153808594;5.1680521965026855
2022-02-24T21:00:00;983.81875;0.6060729980468977;0.0;235.21777777777777;3.0031871574465185e-05;89.83809351921082;177.03424072265625;4.457597732543945
2022-02-24T22:00:00;984.96265625;0.6689697265625227;0.0;219.0575;2.0107747332076542e-05;82.92433023452759;191.61209106445312;4.383047103881836
2022-02-24T23:00:00;985.33390625;0.7739501953125227;0.0;221.68416666666667;0.0;80.97125291824341;189.07766723632812;4.306272983551025
2022-02-25T00:00:00;986.05234375;1.1964660644531477;0.0;223.4986111111111;7.208752504084259e-05;80.81713914871216;194.84214782714844;4.902143955230713
2022-02-25T01:00:00;987.79171875;1.0070434570312727;0.0;259.5975;0.16317741572856903;85.35814881324768;211.08700561523438;4.075985431671143
2022-02-25T02:00:00;988.6040625;0.45784912109377274;0.0;303.96444444444444;1.6326282024383545;98.32808375358582;206.65550231933594;4.0772786140441895
2022-02-25T03:00:00;989.6746875;0.49352416992189774;0.0;301.4888888888889;0.36395499110221863;97.68398404121399;196.66615295410156;4.0248613357543945
2022-02-25T04:00:00;989.46734375;0.5878540039062727;-6.331138931016234e-14;228.50583333333333;0.0;90.69868922233582;205.04579162597656;3.3629395961761475
2022-02-25T05:00:00;992.5653125;0.7543273925781477;0.0;292.43833333333333;1.1439400911331177;99.99746680259705;340.79052734375;3.8741295337677
2022-02-25T06:00:00;995.64890625;0.46950683593752274;0.0;300.64916666666664;0.6916251182556152;99.72292184829712;35.30348587036133;3.33113169670105
2022-02-25T07:00:00;998.527421875;0.9504943847656477;0.017777777777777778;301.6563888888889;0.07074099779129028;98.83636236190796;5.5542497634887695;1.1738497018814087
2022-02-25T08:00:00;1000.89578125;2.1881042480468977;7.662222222222222;300.6197222222222;0.0003352095081936568;82.36608505249023;358.443115234375;6.447680473327637
2022-02-25T09:00:00;1003.30046875;2.4699951171875227;67.84;281.8652777777778;1.101794282476476e-06;69.1992998123169;354.12933349609375;6.14029598236084
2022-02-25T10:00:00;1005.52546875;2.4960571289062727;184.07111111111112;244.51444444444445;8.161984442267567e-05;65.11453986167908;352.279541015625;4.840427398681641
2022-02-25T11:00:00;1007.594375;2.6959167480468977;279.9288888888889;216.245;0.00015990520478226244;60.29425263404846;347.3599853515625;4.098834037780762
2022-02-25T12:00:00;1009.7553125;2.5113769531250227;306.3466666666667;217.82944444444445;0.0018278355710208416;59.734171628952026;342.6116638183594;3.9927353858947754
2022-02-25T13:00:00;1012.006796875;2.1460205078125227;181.72444444444446;272.7105555555556;0.0029889093711972237;63.52900266647339;336.2646484375;3.9328277111053467
2022-02-25T14:00:00;1013.301328125;1.9604125976562727;178.77333333333334;264.63916666666665;0.00034323130967095494;65.31583070755005;325.08843994140625;3.176872491836548
2022-02-25T15:00:00;1014.10421875;1.5476928710937727;115.48444444444445;263.9427777777778;0.00025465901126153767;70.32068371772766;331.91033935546875;2.63999342918396
2022-02-25T16:00:00;1015.0996875;1.1617980957031477;63.644444444444446;265.2477777777778;5.167541530681774e-05;70.42141556739807;321.91534423828125;1.4956258535385132
2022-02-25T17:00:00;1016.6678125;0.39733276367189774;6.471111111111111;281.47333333333336;3.886741251335479e-05;74.58836436271667;285.55841064453125;1.143750548362732
2022-02-25T18:00:00;1017.437734375;-0.35434570312497726;0.0;252.8;0.00010112141899298877;76.71099305152893;255.718505859375;1.0920692682266235
2022-02-25T19:00:00;1018.569609375;-1.1044677734374773;0.035555555555555556;211.10583333333332;5.850462184753269e-05;79.3475866317749;249.41058349609375;1.3359620571136475
2022-02-25T20:00:00;1019.65328125;-1.4935363769531023;0.0;210.41555555555556;4.29060346505139e-05;80.40199279785156;195.19970703125;1.7338827848434448
2022-02-25T21:00:00;1020.2009375;-1.0268615722656023;0.0;210.23944444444444;6.763643614249304e-05;77.79572606086731;195.9128875732422;2.259375810623169
2022-02-25T22:00:00;1020.240625;-2.0475524902343523;0.0;207.3238888888889;0.0;78.57234477996826;190.21253967285156;2.0626790523529053
2022-02-25T23:00:00;1020.409921875;-2.2475036621093523;0.0;207.80833333333334;0.0;77.54078507423401;191.3517608642578;2.0590641498565674
2022-02-26T00:00:00;1020.649921875;-2.3505615234374773;0.0;207.67388888888888;0.0;74.33645725250244;187.30764770507812;2.040593147277832
2022-02-26T01:00:00;1020.72359375;-2.2901367187499773;0.0;217.37333333333333;0.0;76.42382383346558;158.56744384765625;2.066802501678467
2022-02-26T02:00:00;1020.7446875;-1.1210083007812273;0.0;255.7552777777778;0.0;63.53638172149658;168.1813507080078;1.70515775680542
2022-02-26T03:00:00;1020.281015625;0.25191650390627274;0.0;271.1452777777778;0.0;54.60240840911865;198.78009033203125;1.7910301685333252
2022-02-26T04:00:00;1019.28125;0.004052734375022737;-6.280611447584406e-14;233.6913888888889;0.0;62.93970346450806;163.3668670654297;2.116914987564087
2022-02-26T05:00:00;1018.55640625;0.8747192382812727;0.0;259.24305555555554;0.0;58.79549980163574;187.93417358398438;2.771754503250122
2022-02-26T06:00:00;1017.902578125;2.1144348144531477;0.0;285.9411111111111;0.0;53.628915548324585;188.57188415527344;3.915558099746704
2022-02-26T07:00:00;1017.5946875;3.1175781250000227;0.05333333333333334;294.4586111111111;0.0;59.99339818954468;190.79156494140625;8.7238130569458
2022-02-26T08:00:00;1017.300078125;3.4124084472656477;17.26222222222222;290.6222222222222;0.0;68.10500621795654;193.36026000976562;8.236080169677734
2022-02-26T09:00:00;1017.0015625;4.232049560546898;88.0;277.5363888888889;0.0;70.40149569511414;196.8094940185547;7.897179126739502
2022-02-26T10:00:00;1016.59734375;4.676293945312523;134.09777777777776;279.0444444444444;0.0;72.51174449920654;201.8958740234375;7.505223274230957
2022-02-26T11:00:00;1016.928359375;5.211297607421898;171.05777777777777;282.74333333333334;0.0;74.8798668384552;203.03604125976562;7.286769390106201
2022-02-26T12:00:00;1017.19078125;5.532403564453148;177.6;293.9891666666667;0.0;76.16613507270813;203.5975799560547;7.548725605010986
2022-02-26T13:00:00;1017.941796875;5.855432128906273;166.54222222222222;298.1952777777778;0.0;76.52927041053772;203.8526153564453;7.411655902862549
2022-02-26T14:00:00;1017.97140625;6.024011230468773;134.68444444444444;301.9266666666667;0.0;77.53021717071533;201.7289581298828;6.261242389678955
2022-02-26T15:00:00;1017.9840625;6.040307617187523;111.92888888888889;295.00944444444445;0.0;78.34047079086304;200.30320739746094;5.517355442047119
2022-02-26T16:00:00;1017.7878125;6.029779052734398;49.84888888888889;297.88972222222225;0.0;77.41427421569824;200.41358947753906;7.439825534820557
2022-02-26T17:00:00;1017.72078125;5.893762207031273;9.386666666666667;289.6513888888889;0.0;78.36952209472656;198.94253540039062;7.682131767272949
2022-02-26T18:00:00;1017.8665625;5.804559326171898;0.0;277.0777777777778;0.0;76.89256072044373;198.6788330078125;7.704705715179443
2022-02-26T19:00:00;1017.87796875;5.787316894531273;0.0;266.43333333333334;0.0;74.03009533882141;201.59259033203125;7.9269843101501465
2022-02-26T20:00:00;1018.12171875;5.654534912109398;0.0;272.4838888888889;0.0;71.791672706604;201.26632690429688;7.657702922821045
2022-02-26T21:00:00;1018.359453125;5.458520507812523;0.0;252.84666666666666;0.0;70.54200172424316;201.59228515625;7.63123083114624
2022-02-26T22:00:00;1018.745625;5.406060791015648;0.0;246.7275;0.0;68.56286525726318;201.33633422851562;7.5897955894470215
2022-02-26T23:00:00;1018.794609375;5.325982666015648;0.0;248.1663888888889;0.0;69.98661756515503;201.1304168701172;8.74578857421875
2022-02-27T00:00:00;1019.02453125;5.294549560546898;0.0;243.71444444444444;0.0;70.29482126235962;201.8401336669922;9.234952926635742
2022-02-27T01:00:00;1019.45015625;4.972344970703148;0.0;241.03722222222223;0.0;72.18690514564514;198.52464294433594;9.07522964477539
2022-02-27T02:00:00;1019.5509375;4.743890380859398;0.0;239.09222222222223;0.0;73.5769510269165;196.71656799316406;9.104455947875977
2022-02-27T03:00:00;1019.0140625;4.737634277343773;0.0;237.97222222222223;0.0;73.40756058692932;192.8560791015625;9.190580368041992
2022-02-27T04:00:00;1018.2490625;5.342065429687523;0.0;237.9138888888889;0.0;66.09551310539246;186.96481323242188;9.913129806518555
2022-02-27T05:00:00;1017.9721875;5.528466796875023;0.0;237.35444444444445;0.0;62.723326683044434;183.76992797851562;9.172630310058594
2022-02-27T06:00:00;1018.2125;5.585351562500023;0.0;238.1486111111111;0.0;59.052032232284546;176.95651245117188;7.626215934753418
2022-02-27T07:00:00;1018.699375;5.569238281250023;0.4444444444444444;253.1225;0.0;55.13961315155029;174.98597717285156;6.117839336395264
2022-02-27T08:00:00;1018.811484375;5.684259033203148;42.026666666666664;253.35972222222222;0.0;51.244062185287476;176.10157775878906;5.519606113433838
2022-02-27T09:00:00;1019.718515625;6.249444580078148;137.93777777777777;239.4;0.0;48.222821950912476;189.89901733398438;5.881599426269531
2022-02-27T10:00:00;1019.79671875;6.504632568359398;226.79111111111112;237.23083333333332;0.0;48.3784019947052;200.90452575683594;7.617310047149658
2022-02-27T11:00:00;1020.135625;6.220758056640648;286.6488888888889;236.60166666666666;0.0;51.28517746925354;203.18357849121094;8.763792037963867
2022-02-27T12:00:00;1021.441484375;6.194665527343773;318.08;235.7488888888889;0.0;54.76563572883606;203.3327178955078;7.425640106201172
2022-02-27T13:00:00;1022.48359375;6.007043457031273;277.08444444444444;250.21833333333333;0.0;59.25782322883606;204.214599609375;6.544961452484131
2022-02-27T14:00:00;1022.29890625;5.871514892578148;214.82666666666665;261.0286111111111;0.0;60.61891317367554;203.96798706054688;4.908520698547363
2022-02-27T15:00:00;1022.393515625;5.260766601562523;177.20888888888888;245.29638888888888;0.0;64.79220390319824;203.57244873046875;5.263575077056885
2022-02-27T16:00:00;1022.99109375;4.814385986328148;100.76444444444445;229.50583333333333;0.0;60.107773542404175;199.735595703125;4.309630393981934
2022-02-27T17:00:00;1023.65390625;3.4512878417968977;17.564444444444444;227.64777777777778;0.0;64.44740295410156;195.0631103515625;3.50372052192688
2022-02-27T18:00:00;1023.858984375;2.7683959960937727;0.0;225.61888888888888;0.0;63.66307735443115;191.89031982421875;3.0031397342681885
2022-02-27T19:00:00;1023.81890625;2.1286254882812727;0.035555555555555556;223.8463888888889;0.0;62.81929016113281;193.2872772216797;2.57966947555542
2022-02-27T20:00:00;1023.29375;1.8214050292968977;0.0;221.76361111111112;0.0;59.61039662361145;194.36309814453125;2.4069979190826416
2022-02-27T21:00:00;1023.06453125;1.6426025390625227;0.0;219.8827777777778;0.0;56.04131817817688;189.47499084472656;2.336979627609253
2022-02-27T22:00:00;1022.255703125;1.3396545410156477;0.0;217.01083333333332;0.0;50.95859169960022;166.0828399658203;2.158264398574829
2022-02-27T23:00:00;1021.675078125;1.3543945312500227;0.0;215.43333333333334;0.0;49.5394766330719;169.21282958984375;1.9840387105941772
2022-02-28T00:00:00;1021.32625;1.2275024414062727;0.0;214.44416666666666;0.0;50.91737508773804;157.0863494873047;1.845467209815979
2022-02-28T01:00:00;1020.690390625;1.3592468261718977;0.0;213.44833333333332;0.0;50.14218091964722;166.95355224609375;1.9593390226364136
2022-02-28T02:00:00;1020.3846875;1.5041442871093977;0.0;212.53333333333333;0.0;52.23263502120972;189.7820281982422;2.375011682510376
2022-02-28T03:00:00;1019.818125;1.6982666015625227;0.0;212.2325;0.0;51.13403797149658;191.554931640625;2.2899372577667236
2022-02-28T04:00:00;1019.2228125;1.5256896972656477;0.0;208.5936111111111;0.0;42.00925827026367;182.88348388671875;2.4982097148895264
2022-02-28T05:00:00;1018.166484375;1.5598693847656477;0.0;208.16861111111112;0.0;45.66836357116699;178.73770141601562;2.643488645553589
2022-02-28T06:00:00;1017.58484375;1.6636291503906477;0.0;209.8202777777778;0.0;45.883530378341675;137.38369750976562;1.9026967287063599
2022-02-28T07:00:00;1017.2934375;1.4485412597656477;1.0666666666666667;214.18916666666667;0.0;50.48859715461731;133.91372680664062;2.066941738128662
2022-02-28T08:00:00;1017.176875;2.5541625976562727;54.63111111111111;220.73555555555555;0.0;47.3086953163147;150.08045959472656;2.51875638961792
2022-02-28T09:00:00;1016.29984375;4.708001708984398;147.64444444444445;231.54666666666665;0.0;43.81754398345947;185.45436096191406;3.725623846054077
2022-02-28T10:00:00;1015.80234375;5.332360839843773;211.48444444444445;243.02;0.0;41.4462685585022;194.7593231201172;3.2861220836639404
2022-02-28T11:00:00;1015.7715625;5.679132080078148;165.65333333333334;280.21222222222224;0.0;42.46557950973511;191.80833435058594;4.152810573577881
2022-02-28T12:00:00;1015.248828125;5.751702880859398;170.09777777777776;281.68638888888887;0.0;46.76862359046936;195.32113647460938;4.810100078582764
2022-02-28T13:00:00;1015.171171875;6.273553466796898;205.8311111111111;270.04583333333335;0.0;51.80701017379761;198.45492553710938;7.089671611785889
2022-02-28T14:00:00;1015.38;6.042626953125023;164.90666666666667;286.03555555555556;0.0;59.58436131477356;199.3127899169922;6.763728618621826
2022-02-28T15:00:00;1014.79625;5.932153320312523;82.06222222222222;292.4825;0.0;66.41721725463867;201.55838012695312;7.408693790435791
2022-02-28T16:00:00;1015.07765625;5.907434082031273;80.39111111111112;271.0936111111111;0.0;57.3824942111969;202.6246337890625;5.9855732917785645
2022-02-28T17:00:00;1014.42203125;5.404565429687523;9.991111111111111;290.7522222222222;0.0;61.8945837020874;201.7252197265625;5.344822406768799
2022-02-28T18:00:00;1014.25015625;5.283105468750023;0.035555555555555556;257.2872222222222;0.0;66.93620085716248;199.25588989257812;7.119849681854248
2022-02-28T19:00:00;1014.17125;5.707757568359398;0.0;301.98055555555555;0.0;74.19171333312988;191.40528869628906;6.967672824859619
2022-02-28T20:00:00;1013.40390625;5.541528320312523;0.0;317.6461111111111;0.0;79.20278310775757;193.90399169921875;6.421821117401123
2022-02-28T21:00:00;1013.11796875;5.653558349609398;0.0;318.4633333333333;0.0;78.60472202301025;197.74989318847656;6.434615612030029
2022-02-28T22:00:00;1012.712109375;5.033593750000023;0.0;318.74611111111113;0.0;78.54188680648804;190.3021697998047;5.043589115142822
2022-02-28T23:00:00;1012.4490625;4.906365966796898;0.0;318.75638888888886;0.00527571514248848;85.48625707626343;198.3370819091797;5.8124518394470215
2022-03-01T00:00:00;1013.29375;3.8920532226562727;0.0;312.32944444444445;0.3892647922039032;93.46797466278076;215.5433807373047;5.3417181968688965
2022-03-01T01:00:00;1014.410546875;3.0378967285156477;0.0;311.90305555555557;1.5102815628051758;98.25003743171692;229.38963317871094;6.749807357788086
2022-03-01T02:00:00;1014.171953125;2.8773742675781477;0.0;307.9066666666667;0.3535292148590088;96.59596681594849;199.44972229003906;4.91070556640625
2022-03-01T03:00:00;1014.2684375;2.8307739257812727;0.0;299.83722222222224;0.3039332330226898;95.21048665046692;205.15550231933594;4.602386474609375
2022-03-01T04:00:00;1014.839375;3.1232849121093977;0.0;297.01972222222224;0.0003487352514639497;92.0414388179779;221.37554931640625;6.2809553146362305
2022-03-01T05:00:00;1015.205390625;3.4084106445312727;0.0;234.795;0.0001351589453406632;82.97162652015686;224.3752899169922;6.819606304168701
2022-03-01T06:00:00;1015.5796875;3.6670471191406477;0.0;240.055;3.997932799393311e-05;77.97439694404602;225.3338623046875;7.672916412353516
2022-03-01T07:00:00;1015.856484375;3.9903198242187727;0.16;297.2033333333333;0.00452825054526329;75.39258003234863;228.94679260253906;7.9927802085876465
2022-03-01T08:00:00;1016.09875;3.8031860351562727;36.053333333333335;273.04583333333335;0.059867627918720245;73.81179332733154;223.64427185058594;8.027326583862305
2022-03-01T09:00:00;1016.51984375;4.346917724609398;73.79555555555555;282.3802777777778;0.013249741867184639;72.23716378211975;226.2780303955078;8.773381233215332
2022-03-01T10:00:00;1017.329609375;4.441644287109398;101.44;294.0913888888889;8.996426913654432e-06;74.00707006454468;226.83087158203125;8.454856872558594
2022-03-01T11:00:00;1017.334609375;4.568444824218773;42.77333333333333;310.7191666666667;0.009220187552273273;77.99870371818542;231.31724548339844;8.406591415405273
2022-03-01T12:00:00;1017.768203125;3.8503967285156477;167.39555555555555;282.6427777777778;0.5886896848678589;90.97321629524231;232.27774047851562;8.60468578338623
2022-03-01T13:00:00;1018.6253125;3.8785644531250227;266.73777777777775;255.65972222222223;0.5366196036338806;90.79621434211731;243.12722778320312;9.260626792907715
2022-03-01T14:00:00;1018.746875;2.9081665039062727;57.528888888888886;305.03805555555556;1.6339175701141357;98.09143543243408;244.06784057617188;8.401912689208984
2022-03-01T15:00:00;1019.016328125;3.6156555175781477;81.77777777777777;291.9819444444444;0.7767943143844604;93.19334030151367;230.76780700683594;8.812664985656738
2022-03-01T16:00:00;1018.81171875;4.758264160156273;97.81333333333333;252.93722222222223;0.0;79.12783622741699;231.509521484375;9.269311904907227
2022-03-01T17:00:00;1018.98109375;4.785821533203148;6.364444444444445;307.5911111111111;0.0;80.47064542770386;239.64630126953125;9.102399826049805
2022-03-01T18:00:00;1019.222578125;4.557275390625023;-0.035555555555555556;307.51666666666665;0.06655025482177734;86.59253120422363;236.4613494873047;8.868742942810059
2022-03-01T19:00:00;1019.7540625;4.503350830078148;0.07111111111111111;288.47444444444443;0.029721662402153015;82.872474193573;241.42559814453125;8.422086715698242
2022-03-01T20:00:00;1020.01015625;4.609735107421898;0.0;308.325;9.916148883348797e-06;78.5252332687378;248.46026611328125;9.040264129638672
2022-03-01T21:00:00;1020.55109375;4.398614501953148;0.0;297.3338888888889;9.927614883054048e-05;76.42711400985718;250.42999267578125;8.944993019104004
2022-03-01T22:00:00;1020.85703125;4.345056152343773;0.0;283.4552777777778;7.607881707372144e-05;81.95380568504333;240.60614013671875;8.627692222595215
2022-03-01T23:00:00;1020.87890625;4.489434814453148;0.0;299.6036111111111;0.00016354081162717193;81.48084282875061;240.7406005859375;8.822007179260254
2022-03-02T00:00:00;1020.74671875;4.599908447265648;0.0;296.29027777777776;0.0;81.40141367912292;242.15951538085938;9.446688652038574
2022-03-02T01:00:00;1020.22015625;4.645623779296898;0.0;286.2761111111111;0.00012005399912595749;82.31399655342102;237.24420166015625;9.786754608154297
2022-03-02T02:00:00;1020.966875;4.078363037109398;0.0;317.50333333333333;1.919698715209961;93.79313588142395;257.8245849609375;9.883834838867188
2022-03-02T03:00:00;1021.1815625;4.480493164062523;0.0;314.38305555555553;0.014494343660771847;92.71273016929626;264.0476989746094;9.358573913574219
2022-03-02T04:00:00;1021.92078125;4.539300537109398;0.0;285.18833333333333;0.000291892618406564;90.52309393882751;261.3298645019531;8.547768592834473
2022-03-02T05:00:00;1022.55890625;4.596307373046898;0.0;303.2241666666667;0.00012025634350720793;88.29694390296936;265.0617370605469;7.888381004333496
2022-03-02T06:00:00;1023.1709375;4.429071044921898;0.0;304.12111111111113;2.3246988348546438e-05;86.73602342605591;263.2737731933594;6.9133758544921875
2022-03-02T07:00:00;1023.96765625;4.115228271484398;1.2444444444444445;297.9211111111111;3.191637370036915e-05;84.85003709793091;264.1667175292969;6.184101581573486
2022-03-02T08:00:00;1024.80515625;4.245629882812523;28.373333333333335;295.4841666666667;0.00010834712884388864;81.67009949684143;264.9451599121094;5.663629531860352
2022-03-02T09:00:00;1025.4396875;4.371514892578148;104.35555555555555;276.66194444444443;5.6395809224341065e-05;78.3681333065033;267.38238525390625;5.241078853607178
2022-10-06T15:00:00;997.03859375;8.025292968750023;79.57243055555556;311.53222222222223;0.3379546105861664;89.48103785514832;226.76075744628906;7.587527275085449
2022-10-06T16:00:00;997.67984375;9.298181152343773;29.68888888888889;325.5733333333333;0.0617232583463192;76.70182585716248;227.64208984375;8.634650230407715
2022-10-06T17:00:00;998.025390625;9.109704589843773;5.546666666666667;313.8077777777778;0.15725918114185333;80.4860532283783;229.83787536621094;8.22289752960205
2022-10-06T18:00:00;998.285859375;8.828118896484398;-0.035555555555555556;318.2369444444444;0.3295757472515106;89.9725079536438;232.0365447998047;8.338700294494629
2022-10-06T19:00:00;998.71515625;8.910241699218773;0.07111111111111111;283.88305555555553;0.12253473699092865;88.59016299247742;232.0485382080078;8.950522422790527
2022-10-06T20:00:00;999.819140625;9.236260986328148;0.0;323.0738888888889;0.013409014791250229;85.42400598526001;232.78811645507812;8.508570671081543
2022-10-06T21:00:00;1000.535390625;8.476556396484398;0.0;334.27222222222224;1.3065264225006104;90.66692590713501;233.14813232421875;8.206931114196777
2022-10-06T22:00:00;1001.140078125;8.926354980468773;0.0;331.4066666666667;0.0015342584811151028;80.47863245010376;218.4314422607422;6.512648582458496
2022-10-06T23:00:00;1001.4384375;8.512231445312523;0.0;315.9636111111111;7.2276103310287e-05;84.81666445732117;200.1533203125;4.605676651000977
2022-10-07T00:00:00;1001.13875;8.536187744140648;0.0;317.8697222222222;0.00019159374642185867;83.67228507995605;189.23851013183594;4.402510166168213
2022-10-07T01:00:00;1000.42171875;8.736291503906273;0.0;322.7875;4.9134330765809864e-05;84.71447229385376;188.1947479248047;5.574408531188965
2022-10-07T02:00:00;998.924140625;8.476251220703148;0.0;301.46555555555557;0.00028924678917974234;83.88592004776001;187.26461791992188;3.734044313430786
2022-10-07T03:00:00;997.15484375;8.783410644531273;0.0;279.1355555555556;8.202748722396791e-05;81.67335987091064;184.4200439453125;4.099955081939697
2022-10-07T04:00:00;995.529375;9.038049316406273;0.0;303.9488888888889;0.0001683378213783726;89.04178142547607;179.3663787841797;3.314997911453247
2022-10-07T05:00:00;993.59828125;9.684808349609398;0.0;337.86083333333335;7.788352377247065e-05;85.10803580284119;189.65475463867188;4.157347202301025
2022-10-07T06:00:00;992.74328125;9.285150146484398;0.0;342.125;2.3105762004852295;92.19425916671753;185.1908721923828;5.657041549682617
2022-10-07T07:00:00;992.792421875;9.260583496093773;1.1555555555555554;342.1502777777778;6.371702194213867;94.49381232261658;196.2749786376953;5.039425373077393
2022-10-07T08:00:00;992.6825;9.683312988281273;16.08888888888889;342.84944444444443;0.47393742203712463;94.59298849105835;201.6514892578125;4.372429847717285
2022-10-07T09:00:00;993.4165625;10.053155517578148;29.141397569444443;345.6925;3.232090711593628;89.3683671951294;216.4383544921875;6.508350849151611
2022-10-07T10:00:00;993.3409375;10.624108886718773;219.74684027777778;295.6311111111111;0.005830868147313595;85.08057594299316;218.11512756347656;5.531356334686279
2022-10-07T11:00:00;993.719921875;10.929376220703148;330.93364583333334;270.6072222222222;6.610765922232531e-06;78.56191396713257;223.78529357910156;6.901778697967529
2022-10-07T12:00:00;993.99515625;9.455651855468773;120.20166666666667;324.31361111111113;0.7976864576339722;91.31818413734436;226.39093017578125;6.791511058807373
2022-10-07T13:00:00;993.8815625;9.713159179687523;99.73055555555555;325.27555555555557;0.18175998330116272;85.74104905128479;227.51100158691406;5.458824157714844
2022-10-07T14:00:00;992.859765625;9.964654541015648;213.82;281.2552777777778;0.0003953265259042382;80.20054697990417;214.1114501953125;5.260021686553955
2022-10-07T15:00:00;992.52625;9.393792724609398;136.21819444444444;287.4847222222222;3.533598646754399e-05;80.25550246238708;199.63192749023438;5.605767726898193
2022-10-07T16:00:00;992.263125;8.859582519531273;75.05777777777777;287.0572222222222;0.385459303855896;88.2420301437378;201.90757751464844;3.6530706882476807
2022-10-07T17:00:00;992.49578125;7.429772949218773;0.6044444444444445;334.56444444444446;1.606357216835022;91.62802696228027;198.1343536376953;6.9503350257873535
2022-10-07T18:00:00;992.80515625;8.138940429687523;0.035555555555555556;315.8825;0.838225781917572;90.14496207237244;225.13442993164062;7.033218860626221
2022-10-07T19:00:00;993.3425;7.925500488281273;0.0;298.3663888888889;0.9479791522026062;92.89312362670898;224.98301696777344;7.348347187042236
2022-10-07T20:00:00;993.921796875;7.748620605468773;0.0;298.83416666666665;0.5850676894187927;96.08071446418762;237.08456420898438;7.378089904785156
2022-10-07T21:00:00;993.97609375;7.531213378906273;0.0;304.60055555555556;0.16879430413246155;95.40020227432251;225.91062927246094;7.1571149826049805
2022-10-07T22:00:00;994.61984375;7.227349853515648;0.0;316.11583333333334;0.7911849617958069;94.49163675308228;232.22483825683594;6.856351375579834
2022-10-07T23:00:00;994.598515625;7.208123779296898;0.0;318.83694444444444;0.29526248574256897;97.48844504356384;224.5122528076172;6.17996072769165
2022-10-08T00:00:00;994.95125;7.349786376953148;0.0;339.32916666666665;3.5497100353240967;96.56745791435242;247.97683715820312;7.214642524719238
2022-10-08T01:00:00;995.73609375;7.330194091796898;0.0;330.44083333333333;0.14574654400348663;89.51482772827148;250.06732177734375;7.605093479156494
2022-10-08T02:00:00;996.517890625;7.123590087890648;0.0;328.77;0.278231680393219;93.03895235061646;247.90354919433594;7.072246551513672
2022-10-08T03:00:00;997.145546875;6.864526367187523;0.0;322.07416666666666;0.8178389072418213;94.08878087997437;240.74649047851562;7.611049652099609
2022-10-08T04:00:00;998.218671875;7.943170166015648;0.0;335.1977777777778;0.37703871726989746;91.42155051231384;259.681640625;6.448205471038818
2022-10-08T05:00:00;999.188515625;7.840783691406273;0.0;334.58166666666665;0.224795401096344;89.69505429267883;267.32720947265625;6.118456840515137
2022-10-08T06:00:00;1000.1321875;7.516625976562523;0.0;332.2947222222222;0.27935975790023804;89.75526690483093;266.8616027832031;5.905276298522949
2022-10-08T07:00:00;1001.109375;7.163720703125023;3.2711111111111113;332.1047222222222;0.2093142569065094;91.30467772483826;260.1752624511719;5.993034839630127
2022-10-08T08:00:00;1001.954609375;6.937860107421898;18.56;332.1725;0.23158781230449677;91.31385087966919;261.9346618652344;6.6148152351379395
2022-10-08T09:00:00;1002.76328125;6.838677978515648;24.154913194444443;331.44138888888887;0.3553001880645752;92.16378927230835;260.0684814453125;6.847428798675537
2022-10-08T10:00:00;1003.698125;6.428491210937523;35.571536458333334;328.77194444444444;0.32659947872161865;93.31573843955994;260.8450012207031;6.548213958740234
2022-10-08T11:00:00;1004.610546875;6.288842773437523;39.88534722222222;328.5363888888889;0.29048264026641846;93.01059246063232;257.6490783691406;6.355899333953857
2022-10-08T12:00:00;1005.4915625;6.393304443359398;51.60881944444444;325.62638888888887;0.16663357615470886;93.21039915084839;251.23561096191406;6.095642566680908
2022-10-08T13:00:00;1006.365234375;5.902459716796898;73.57362847222223;325.81888888888886;0.6505478620529175;96.86329364776611;254.0915069580078;6.1070027351379395
2022-10-08T14:00:00;1006.78828125;6.495751953125023;129.50159722222222;302.39722222222224;0.11746038496494293;91.32280945777893;236.9186553955078;5.843213081359863
2022-10-08T15:00:00;1007.310625;6.009545898437523;29.161979166666665;324.4086111111111;0.6456139087677002;95.01083493232727;242.8946075439453;5.76316499710083
2022-10-08T16:00:00;1008.2659375;6.145806884765648;13.831111111111111;327.5108333333333;0.4975971579551697;95.44722437858582;241.27157592773438;5.708765029907227
2022-10-08T17:00:00;1008.75671875;6.284722900390648;2.062222222222222;328.2836111111111;0.40674540400505066;95.35109996795654;237.5389404296875;5.402846336364746
2022-10-08T18:00:00;1009.2309375;6.459588623046898;0.035555555555555556;321.59027777777777;0.05046093463897705;93.81157159805298;227.2488250732422;4.651172161102295
2022-10-08T19:00:00;1009.73796875;6.026635742187523;-0.035555555555555556;321.6480555555556;0.05740434676408768;94.7088897228241;211.42428588867188;4.182590484619141
2022-10-08T20:00:00;1009.91046875;5.641137695312523;0.0;326.0388888888889;0.21631106734275818;94.58385705947876;202.65567016601562;3.631725549697876
2022-10-08T21:00:00;1009.78625;5.190332031250023;0.0;270.0308333333333;0.007021300960332155;93.01829934120178;194.83872985839844;3.897697687149048
2022-10-08T22:00:00;1009.71265625;5.086785888671898;0.0;249.075;0.00011807457485701889;90.83327054977417;189.77914428710938;3.6474857330322266
2022-10-08T23:00:00;1009.52546875;5.220635986328148;0.0;250.95;0.00018091077799908817;89.58647847175598;193.64222717285156;3.7365245819091797
2022-10-09T00:00:00;1009.201875;5.900109863281273;0.0;273.2658333333333;3.007419036293868e-05;86.96047067642212;198.46072387695312;4.367559909820557
2022-10-09T01:00:00;1008.84796875;6.480371093750023;0.0;290.6613888888889;0.00014748536341357976;85.426926612854;199.58596801757812;4.367059230804443
2022-10-09T02:00:00;1008.5521875;6.997552490234398;0.0;300.32138888888886;0.0;84.83026027679443;199.4456024169922;4.457100868225098
2022-10-09T03:00:00;1007.9896875;7.356927490234398;0.0;328.9263888888889;0.05710461735725403;86.29977107048035;196.05712890625;5.224715709686279
2022-10-09T04:00:00;1008.106171875;6.935815429687523;0.0;336.3413888888889;0.6961534023284912;94.83258128166199;197.2342987060547;5.579926013946533
2022-10-09T05:00:00;1007.83328125;7.296685791015648;0.0;324.0097222222222;0.6606220602989197;96.11670970916748;194.79966735839844;3.609861373901367
2022-10-09T06:00:00;1007.6353125;8.060266113281273;0.0;336.66833333333335;0.5588254928588867;96.71553373336792;202.10836791992188;4.13416862487793
2022-10-09T07:00:00;1007.3696875;8.415155029296898;6.293333333333333;324.5575;0.2676181197166443;96.16464376449585;203.18817138671875;3.8315114974975586
2022-10-09T08:00:00;1007.69109375;8.809289550781273;23.715555555555557;335.63694444444445;0.40802860260009766;96.76430821418762;200.79364013671875;2.903444290161133
2022-10-09T09:00:00;1007.447578125;8.897180175781273;33.35111111111111;335.55027777777775;0.21588057279586792;94.87212896347046;188.92239379882812;2.886662721633911
2022-10-09T10:00:00;1006.7609375;9.563714599609398;55.52;341.94916666666666;8.45646281959489e-05;86.34087443351746;192.55015563964844;4.358414649963379
2022-10-09T11:00:00;1006.14609375;10.359307861328148;131.66222222222223;326.6136111111111;8.304394214064814e-06;82.1202278137207;192.82394409179688;5.184983253479004
2022-10-09T12:00:00;1005.61625;10.542871093750023;133.54666666666665;328.025;9.373108332511038e-05;80.56841492652893;197.1586456298828;5.7475810050964355
2022-10-09T13:00:00;1005.19703125;10.582055664062523;104.24888888888889;323.56166666666667;0.00012652299483306706;78.47183346748352;199.16285705566406;5.578711032867432
2022-10-09T14:00:00;1004.22921875;10.815362548828148;170.3111111111111;293.25888888888886;4.418108437675983e-05;75.41087865829468;197.56163024902344;6.31852388381958
2022-10-09T15:00:00;1003.71078125;10.591607666015648;155.09333333333333;274.1122222222222;0.00020973020582459867;74.48006868362427;197.42208862304688;6.170657634735107
2022-10-09T16:00:00;1003.5540625;10.131951904296898;60.19555555555556;294.22333333333336;0.0;72.89014458656311;198.56973266601562;6.854250431060791
2022-10-09T17:00:00;1003.11859375;9.806787109375023;8.604444444444445;271.40166666666664;0.0;73.87437224388123;194.8132781982422;6.524145603179932
2022-10-09T18:00:00;1002.5634375;9.676934814453148;0.0;271.25166666666667;0.0;73.19085597991943;195.48744201660156;6.30379056930542
2022-10-09T19:00:00;1001.88328125;9.633538818359398;0.035555555555555556;287.7788888888889;0.0;72.64447212219238;195.73687744140625;5.9874982833862305
2022-10-09T20:00:00;1000.88328125;9.638726806640648;-0.07111111111111111;298.1525;0.0;72.1592366695404;193.20191955566406;6.758744716644287
2022-10-09T21:00:00;999.979765625;9.867974853515648;0.0;279.6038888888889;0.0;70.41362524032593;187.52853393554688;6.533721923828125
2022-10-09T22:00:00;1000.135546875;9.352807617187523;0.0;275.37361111111113;0.0;70.37700414657593;189.48915100097656;5.077693462371826
2022-10-09T23:00:00;999.8046875;9.642022705078148;0.0;299.92555555555555;0.0;70.9051251411438;190.65199279785156;5.266664981842041
2022-10-10T00:00:00;998.9265625;9.880792236328148;0.0;284.0058333333333;0.0;69.03882622718811;191.12269592285156;5.865540027618408
2022-10-10T01:00:00;997.759375;10.234002685546898;0.0;278.59444444444443;0.0;68.37514638900757;191.9434356689453;6.899484157562256
2022-10-10T02:00:00;996.77640625;10.453393554687523;0.0;280.75916666666666;0.0;68.30798387527466;191.94798278808594;6.371540546417236
2022-10-10T03:00:00;995.67671875;10.751428222656273;0.0;333.5788888888889;0.0;67.36963391304016;192.0456085205078;5.49445104598999
2022-10-10T04:00:00;995.402578125;10.665338134765648;0.0;336.48305555555555;0.0;65.77961444854736;180.63673400878906;5.225681781768799
2022-10-10T05:00:00;995.39640625;10.486932373046898;0.0;335.9583333333333;0.0;68.2698130607605;176.39529418945312;3.1440250873565674
2022-10-10T06:00:00;996.06984375;9.772851562500023;0.0;341.4436111111111;0.09110554307699203;78.75261306762695;226.11766052246094;4.700798988342285
2022-10-10T07:00:00;996.59046875;8.005517578125023;1.1022222222222222;343.81166666666667;2.7498891353607178;97.84141778945923;234.24301147460938;4.551298141479492
2022-10-10T08:00:00;996.4321875;7.663842773437523;34.61333333333334;309.6575;1.2719050645828247;93.35838556289673;189.35675048828125;5.286966323852539
2022-10-10T09:00:00;996.5965625;7.888909912109398;49.58222222222222;324.355;0.18448308110237122;89.02645111083984;192.69677734375;4.566837787628174
2022-10-10T10:00:00;996.3225;9.177667236328148;145.70666666666668;293.2272222222222;8.162020094459876e-06;82.33546018600464;194.15679931640625;5.328934669494629
2022-10-10T11:00:00;996.55546875;9.885858154296898;246.43555555555557;282.69416666666666;3.3613690902711824e-05;77.27860808372498;202.73538208007812;6.534125804901123
2022-10-10T12:00:00;996.5990625;9.508203125000023;42.41777777777778;336.4713888888889;0.02448435127735138;78.28256487846375;211.18972778320312;6.568959712982178
2022-10-10T13:00:00;996.954375;9.422265625000023;112.49777777777778;316.9533333333333;0.08299139887094498;79.33996319770813;210.9015350341797;6.391695976257324
2022-10-10T14:00:00;996.74796875;8.472497558593773;62.50666666666667;327.03694444444443;0.4338429570198059;87.66970038414001;205.89431762695312;6.429986476898193
2022-10-10T15:00:00;997.0853125;8.266503906250023;61.36888888888889;319.24111111111114;0.10376864671707153;89.16352391242981;208.30575561523438;6.631486892700195
2022-10-10T16:00:00;997.816875;7.852410888671898;5.937777777777778;335.1163888888889;1.3852076530456543;90.52462577819824;218.21446228027344;7.851592540740967
2022-10-10T17:00:00;998.20421875;7.689416503906273;2.7733333333333334;315.6566666666667;0.6720481514930725;92.72648096084595;212.75894165039062;6.524626731872559
2022-10-10T18:00:00;998.90015625;7.906610107421898;0.0;318.65805555555556;0.001885665231384337;90.204256772995;228.2190704345703;6.511531829833984
2022-10-10T19:00:00;999.68;7.850488281250023;0.0;309.48027777777776;0.02028834819793701;92.74644255638123;230.51608276367188;6.242488861083984
2022-10-10T20:00:00;999.83921875;7.455804443359398;0.0;305.75083333333333;0.06368459016084671;93.22565197944641;232.11038208007812;5.894594192504883
2022-10-10T21:00:00;1000.4609375;7.048822021484398;0.0;325.4775;0.7196747660636902;96.48948907852173;242.097412109375;6.625561714172363
2022-10-10T22:00:00;1001.25921875;7.010064697265648;0.0;328.8713888888889;0.21723060309886932;89.25073146820068;237.16033935546875;6.704845905303955
2022-10-10T23:00:00;1002.03109375;6.487359619140648;0.0;327.75666666666666;0.216616690158844;90.89248180389404;232.06976318359375;6.5044732093811035
2022-10-11T00:00:00;1002.2771875;6.397454833984398;0.0;318.7547222222222;0.053867317736148834;90.20434617996216;225.15403747558594;7.192017555236816
2022-10-11T01:00:00;1003.18140625;6.388970947265648;0.0;332.1019444444444;2.5426602363586426;98.4517514705658;255.058349609375;7.417478561401367
2022-10-11T02:00:00;1004.2609375;6.423760986328148;0.0;332.93;0.6353245377540588;89.9296224117279;269.6639099121094;8.105427742004395
2022-10-11T03:00:00;1005.44125;6.341485595703148;0.0;325.7422222222222;0.023862648755311966;87.56143450737;270.07635498046875;7.4091997146606445
2022-10-11T04:00:00;1006.419375;7.154687500000023;0.0;328.4963888888889;0.1477593034505844;86.11353039741516;263.376220703125;7.347187519073486
2022-10-11T05:00:00;1007.27875;7.006036376953148;0.0;328.66805555555555;0.1704992949962616;87.91548609733582;265.72430419921875;7.537230491638184
2022-10-11T06:00:00;1008.256015625;6.908471679687523;0.0;328.8986111111111;0.1557619273662567;87.4195396900177;270.9144287109375;7.657100677490234
2022-10-11T07:00:00;1009.318671875;6.906701660156273;1.6;325.40972222222223;0.03179258853197098;82.43308663368225;270.59466552734375;7.526198387145996
2022-10-11T08:00:00;1010.64984375;6.779718017578148;9.848888888888888;327.2813888888889;0.12726722657680511;82.69105553627014;271.4236145019531;7.255673885345459
2022-10-11T09:00:00;1011.728671875;6.627069091796898;22.08;326.0647222222222;0.11671634018421173;83.39306712150574;271.1468811035156;6.776602268218994
2022-10-11T10:00:00;1012.610625;6.899804687500023;46.346666666666664;321.4913888888889;0.0115659199655056;81.73441290855408;272.6927490234375;6.17033576965332
2022-10-11T11:00:00;1013.522265625;6.749475097656273;56.568888888888885;322.5258333333333;0.030200405046343803;81.02936744689941;274.5270080566406;5.877840042114258
2022-10-11T12:00:00;1014.153125;6.648858642578148;74.13333333333334;325.1672222222222;0.15057803690433502;80.85837960243225;272.30743408203125;5.42969274520874
2022-10-11T13:00:00;1014.64859375;6.458215332031273;62.897777777777776;324.245;0.11196335405111313;81.81655406951904;270.47259521484375;5.12039041519165
2022-10-11T14:00:00;1015.079453125;6.279229736328148;45.08444444444444;323.8930555555556;0.09071849286556244;84.72787737846375;267.76776123046875;5.091041088104248
2022-10-11T15:00:00;1015.43015625;5.806909179687523;28.586666666666666;322.3713888888889;0.3320104479789734;93.02863478660583;252.71136474609375;4.725260257720947
2022-10-11T16:00:00;1015.765625;6.331964111328148;30.613333333333333;309.22305555555556;0.007393413223326206;79.97938394546509;256.96539306640625;4.640793323516846
2022-10-11T17:00:00;1016.05640625;6.055047607421898;1.92;319.4194444444444;0.00763561949133873;80.17624020576477;251.828125;4.401051998138428
2022-10-11T18:00:00;1016.247421875;6.077447509765648;-0.035555555555555556;319.44444444444446;0.0003966484509874135;84.43660736083984;228.447509765625;3.309471845626831
2022-10-11T19:00:00;1016.393125;5.370233154296898;0.0;314.4938888888889;5.309602420311421e-05;86.24944686889648;203.7704620361328;2.87014102935791
2022-10-11T20:00:00;1016.33546875;4.956689453125023;0.0;318.2319444444444;0.11409042775630951;88.62373232841492;202.46669006347656;3.0229716300964355
2022-10-11T21:00:00;1016.14109375;4.424615478515648;0.0;317.4927777777778;0.17295527458190918;94.35800909996033;195.38304138183594;3.007465362548828
2022-10-11T22:00:00;1015.787109375;5.373925781250023;0.0;297.0308333333333;0.000829401658847928;82.86505937576294;191.05923461914062;2.9806604385375977
2022-10-11T23:00:00;1015.75640625;5.395623779296898;0.0;294.33166666666665;0.0017716643633320928;86.83929443359375;184.7442169189453;2.761500358581543
2022-10-12T00:00:00;1015.4446875;5.434716796875023;0.0;292.7472222222222;0.013837601989507675;87.82880306243896;180.3030548095703;2.7247066497802734
2022-10-12T01:00:00;1014.99796875;5.389672851562523;0.0;274.0;3.248631037422456e-05;85.99315285682678;175.21136474609375;2.5769498348236084
2022-10-12T02:00:00;1014.407421875;5.336602783203148;0.0;265.9033333333333;4.2239436879754066e-05;84.7541332244873;172.22901916503906;2.4178102016448975
2022-10-12T03:00:00;1013.712421875;6.019036865234398;0.0;318.83166666666665;0.029352907091379166;82.15389251708984;171.37051391601562;2.421834707260132
2022-10-12T04:00:00;1013.315;5.958215332031273;0.0;318.26944444444445;1.754073309712112e-05;84.35419797897339;162.6759796142578;1.8869894742965698
2022-10-12T05:00:00;1012.43453125;6.228692626953148;0.0;297.79527777777776;4.0367329347645864e-05;83.0860435962677;176.14898681640625;1.8373442888259888
2022-10-12T06:00:00;1011.6875;6.756036376953148;0.0;311.1430555555556;0.0;81.92480206489563;179.20947265625;1.9176758527755737
2022-10-12T07:00:00;1011.339375;7.150262451171898;6.062222222222222;311.22055555555556;0.13048934936523438;82.86178708076477;188.70204162597656;1.9943901300430298
2022-10-12T08:00:00;1011.2675;7.510644531250023;29.137777777777778;307.855;0.31941813230514526;85.66640615463257;190.11752319335938;2.6331045627593994
2022-10-12T09:00:00;1010.83171875;8.329553222656273;55.82222222222222;314.55333333333334;0.04259175807237625;81.54965043067932;193.21279907226562;2.9915642738342285
2022-10-12T10:00:00;1010.316015625;9.477471923828148;98.98666666666666;315.5175;8.263457857538015e-06;78.88847589492798;196.0426483154297;3.1857728958129883
2022-10-12T11:00:00;1009.975546875;10.285272216796898;186.20444444444445;305.0780555555556;3.1518004107056186e-05;77.24810838699341;198.5081787109375;3.914238214492798
2022-10-12T12:00:00;1009.73375;10.407189941406273;181.29777777777778;310.6252777777778;5.13133272761479e-05;77.21452713012695;198.38528442382812;3.684453010559082
2022-10-12T13:00:00;1009.67609375;10.173791503906273;105.70666666666666;320.56055555555554;0.0012135428842157125;77.7241587638855;195.13221740722656;4.202048301696777
2022-10-12T14:00:00;1009.402578125;9.543481445312523;28.515555555555554;332.9941666666667;0.15544195473194122;80.57754635810852;194.70115661621094;4.349044322967529
2022-10-12T15:00:00;1008.81953125;9.397363281250023;23.04;328.31;0.012852165848016739;79.8786997795105;193.83277893066406;3.9589531421661377
2022-10-12T16:00:00;1008.59953125;9.471643066406273;16.85333333333333;323.0325;0.0001945813128259033;76.48978233337402;194.72264099121094;3.7528016567230225
2022-10-12T17:00:00;1008.144375;9.152886962890648;0.6755555555555556;326.6686111111111;0.005094017833471298;76.67602896690369;191.22032165527344;3.0189435482025146
2022-10-12T18:00:00;1007.781640625;9.104150390625023;0.0;319.4008333333333;0.0;78.32244634628296;197.65948486328125;3.8458759784698486
2022-10-12T19:00:00;1007.271875;8.881005859375023;0.035555555555555556;315.99944444444446;0.0;77.48929262161255;188.0224151611328;2.4763810634613037
2022-10-12T20:00:00;1006.71796875;8.326318359375023;0.0;278.1722222222222;0.0;77.69675850868225;187.70208740234375;2.449155569076538
2022-10-12T21:00:00;1006.13390625;8.459008789062523;0.0;284.0425;0.00019606274145189673;77.10016369819641;183.5229034423828;2.529937982559204
2022-10-12T22:00:00;1005.811328125;8.714471435546898;0.0;324.1452777777778;0.0;75.52989721298218;179.27056884765625;2.32844614982605
2022-10-12T23:00:00;1005.455;9.210961914062523;0.0;343.965;0.009987539611756802;75.16826391220093;188.1579132080078;2.2657272815704346
2022-10-13T00:00:00;1005.42125;9.786065673828148;0.0;347.5758333333333;0.15092027187347412;79.9946665763855;193.977294921875;3.5744762420654297
2022-10-13T01:00:00;1005.90609375;9.257348632812523;0.0;348.1694444444444;0.6286910176277161;91.73179864883423;209.9727325439453;3.8265204429626465
2022-10-13T02:00:00;1006.9865625;8.453759765625023;0.0;348.5188888888889;0.9558970332145691;99.87229108810425;287.1666259765625;4.298569679260254
2022-10-13T03:00:00;1007.484609375;7.879144287109398;0.0;344.47055555555556;0.6987090706825256;99.47089552879333;264.3110046386719;2.510437488555908
2022-10-13T04:00:00;1007.431796875;8.135797119140648;0.0;348.2438888888889;2.0816006660461426;99.64646100997925;299.007080078125;2.5805554389953613
2022-10-13T05:00:00;1008.06796875;7.677911376953148;0.0;343.4502777777778;0.9913705587387085;98.27778935432434;284.3340148925781;2.8054370880126953
2022-10-13T06:00:00;1008.7703125;7.358331298828148;0.0;339.97;0.5519663095474243;99.08037185668945;260.427978515625;2.5240187644958496
2022-10-13T07:00:00;1009.2440625;7.210717773437523;1.8488888888888888;337.7375;0.500075101852417;99.04986023902893;229.69337463378906;2.2176337242126465
2022-10-13T08:00:00;1009.81421875;7.149316406250023;37.03111111111111;319.2522222222222;0.018000327050685883;96.0897147655487;223.2524871826172;2.267984390258789
2022-10-13T09:00:00;1010.1590625;7.554589843750023;157.8488888888889;263.7661111111111;0.00013490591663867235;92.26285219192505;231.66763305664062;2.7783093452453613
2022-10-13T10:00:00;1010.249296875;8.270074462890648;253.20888888888888;250.76583333333335;3.563968857633881e-05;85.06683707237244;230.0925750732422;2.384728193283081
2022-10-13T11:00:00;1010.49609375;8.716485595703148;300.2311111111111;249.15305555555557;0.00022393406834453344;78.25990915298462;236.302001953125;2.410689353942871
2022-10-13T12:00:00;1010.5421875;8.997338867187523;311.6088888888889;250.20888888888888;2.434224370517768e-05;74.60845708847046;240.4454345703125;2.3930368423461914
2022-10-13T13:00:00;1010.55359375;9.118127441406273;287.04;252.56833333333333;1.139870505539875e-06;73.12219142913818;235.85374450683594;2.1324374675750732
2022-10-13T14:00:00;1010.37078125;8.972924804687523;230.54222222222222;253.85805555555555;0.0;76.41175389289856;221.21351623535156;1.730886697769165
2022-10-13T15:00:00;1010.064453125;8.628167724609398;149.47555555555556;254.1338888888889;0.0;78.01415920257568;195.64141845703125;1.2495732307434082
2022-10-13T16:00:00;1010.01265625;7.596582031250023;59.80444444444444;252.55555555555554;0.0;77.11833715438843;171.53196716308594;1.2254085540771484
2022-10-13T17:00:00;1009.906640625;6.370172119140648;2.7377777777777776;251.46944444444443;0.0;80.55320382118225;170.9666748046875;1.7459698915481567
2022-10-13T18:00:00;1009.70875;5.760217285156273;0.0;250.86277777777778;0.0;83.41874480247498;163.37106323242188;1.950809359550476
2022-10-13T19:00:00;1009.512890625;5.358728027343773;0.0;249.72805555555556;0.0;84.14665460586548;160.30909729003906;1.8690922260284424
2022-10-13T20:00:00;1009.4084375;5.012353515625023;0.0;250.58027777777778;0.0;82.48494863510132;162.45835876464844;1.8842359781265259
2022-10-13T21:00:00;1008.9784375;4.828759765625023;0.0;254.08277777777778;0.0;84.16645526885986;150.93365478515625;2.082414388656616
2022-10-13T22:00:00;1008.19390625;5.474969482421898;0.0;253.8061111111111;0.0;74.82348084449768;150.13925170898438;1.8989202976226807
2022-10-13T23:00:00;1007.86296875;5.680444335937523;0.0;266.80027777777775;0.0;72.24477529525757;150.0534210205078;1.882240891456604
2022-10-14T00:00:00;1007.339296875;5.581414794921898;0.0;269.12555555555554;0.0;73.3816146850586;154.18212890625;1.862959623336792
2022-10-14T01:00:00;1007.0175;5.688897705078148;0.0;293.01972222222224;0.0;71.75042033195496;166.6224822998047;1.7065719366073608
2022-10-14T02:00:00;1006.319296875;5.578363037109398;0.0;284.5225;0.0;71.494060754776;158.5890350341797;1.7223055362701416
2022-10-14T03:00:00;1005.564609375;5.398034667968773;0.0;249.11333333333334;0.0;71.97927832603455;154.42303466796875;2.127936840057373
2022-10-14T04:00:00;1004.923125;5.258477783203148;0.0;251.36888888888888;0.0;71.03629112243652;145.55641174316406;1.818585753440857
2022-10-14T05:00:00;1003.918125;4.965295410156273;0.0;250.83138888888888;0.0;77.95153856277466;136.00006103515625;2.1135599613189697
2022-10-14T06:00:00;1002.612578125;4.947900390625023;0.0;257.5494444444444;0.0;78.02022099494934;130.68592834472656;2.337968587875366
2022-10-14T07:00:00;1001.253359375;5.375390625000023;10.435555555555556;259.9313888888889;0.0;74.7671365737915;133.34371948242188;2.461872100830078
2022-10-14T08:00:00;1000.409921875;6.636865234375023;45.68888888888889;299.99666666666667;0.0;69.17315721511841;154.33218383789062;2.175539493560791
2022-10-14T09:00:00;999.24140625;8.023004150390648;133.13777777777779;285.7427777777778;0.0;68.67128014564514;144.65521240234375;2.0718941688537598
2022-10-14T10:00:00;998.284375;9.291467285156273;182.06222222222223;287.2577777777778;0.0;62.98895478248596;154.5044403076172;2.243192434310913
2022-10-14T11:00:00;998.133125;9.104486083984398;72.88888888888889;315.09944444444443;0.0;65.09467363357544;160.22604370117188;1.2732020616531372
2022-10-14T12:00:00;999.09265625;8.739282226562523;17.42222222222222;332.43944444444446;0.0224740132689476;77.6099443435669;199.54464721679688;4.364952564239502
2022-10-14T13:00:00;999.15578125;8.672082519531273;67.94666666666667;322.57444444444445;0.008167242631316185;80.2253007888794;191.7193603515625;5.1067914962768555
2022-10-14T14:00:00;999.39;8.588616943359398;100.90666666666667;306.09194444444444;0.008565622381865978;80.38091659545898;190.876220703125;4.438695430755615
2022-10-14T15:00:00;999.211328125;8.417687988281273;122.31111111111112;273.0361111111111;1.2538575901999138e-05;79.189133644104;194.45712280273438;3.6860382556915283
2022-10-14T16:00:00;999.098671875;7.456781005859398;29.191111111111113;289.71416666666664;0.00013504625530913472;78.73905301094055;182.78794860839844;1.3427153825759888
2022-10-14T17:00:00;999.139375;6.361077880859398;1.8133333333333332;251.0911111111111;2.5616718630772084e-05;83.6371660232544;175.82785034179688;1.6906318664550781
2022-10-14T18:00:00;998.95609375;5.872369384765648;0.035555555555555556;250.4897222222222;0.00010078584455186501;83.26330184936523;170.2493438720703;2.0017635822296143
2022-10-14T19:00:00;998.63078125;5.766442871093773;-0.035555555555555556;250.35916666666665;0.00013723621668759733;84.25358533859253;177.47052001953125;2.1817269325256348
2022-10-14T20:00:00;998.383125;5.767480468750023;0.0;249.75333333333333;2.571905861259438e-05;83.99871587753296;172.9112091064453;2.0271787643432617
2022-10-14T21:00:00;997.89859375;5.514123535156273;0.0;248.99027777777778;0.00031713180942460895;85.48949956893921;159.74095153808594;2.1571686267852783
2022-10-14T22:00:00;997.142109375;5.941552734375023;0.0;290.86305555555555;0.0;78.2934308052063;180.14723205566406;1.7445409297943115
2022-10-14T23:00:00;995.930703125;5.669824218750023;0.0;300.99305555555554;0.0;85.19484400749207;129.7515411376953;1.5217102766036987
2022-10-15T00:00:00;996.01640625;5.712274169921898;0.0;295.7077777777778;0.0;79.99173402786255;152.15431213378906;1.2688415050506592
2022-10-15T01:00:00;995.458828125;5.582879638671898;0.0;305.01972222222224;0.0;82.4728012084961;185.75811767578125;0.6963448524475098
2022-10-15T02:00:00;995.72;5.807794189453148;0.0;302.8338888888889;0.0;83.2769513130188;248.29330444335938;2.115614414215088
2022-10-15T03:00:00;995.872109375;5.693536376953148;0.0;300.8525;0.030423367395997047;91.08640551567078;245.22531127929688;2.548989772796631
2022-10-15T04:00:00;995.95265625;5.330682373046898;0.0;307.2572222222222;0.4712870419025421;97.91625142097473;192.1647491455078;1.5030527114868164
2022-10-15T05:00:00;996.2765625;5.310601806640648;0.0;300.89916666666664;0.20810016989707947;96.29414677619934;186.4300994873047;2.3847262859344482
2022-10-15T06:00:00;996.57484375;5.462274169921898;0.0;325.1719444444444;0.7836755514144897;94.4997251033783;190.28941345214844;3.5489344596862793
2022-10-15T07:00:00;996.870234375;5.378076171875023;7.431111111111111;282.7961111111111;0.006391820497810841;91.91486835479736;185.25064086914062;3.61234974861145
2022-10-15T08:00:00;997.547421875;5.614251708984398;81.42222222222222;244.81583333333333;3.085024218307808e-05;88.902747631073;186.48968505859375;3.3247978687286377
2022-10-15T09:00:00;998.285;6.591394042968773;166.86222222222221;248.26166666666666;0.00018405832815915346;83.38374495506287;190.31808471679688;3.309812307357788
2022-10-15T10:00:00;998.74921875;7.197259521484398;242.56;246.05944444444444;3.006983024533838e-05;80.33508658409119;196.74049377441406;3.3368287086486816
2022-10-15T11:00:00;999.121953125;8.056115722656273;287.43111111111114;248.85666666666665;4.4388798414729536e-05;75.49346089363098;191.67047119140625;2.7027976512908936
2022-10-15T12:00:00;999.2121875;8.538812255859398;300.3022222222222;248.54972222222221;2.8637934974540258e-06;70.62438130378723;182.6757354736328;2.023452043533325
2022-10-15T13:00:00;998.917890625;8.805902099609398;234.4177777777778;261.3161111111111;1.4318967487270129e-06;70.9981381893158;99.58853149414062;1.5218174457550049
2022-10-15T14:00:00;998.254609375;8.478295898437523;207.64444444444445;252.6261111111111;0.0;77.48008370399475;77.71456909179688;2.274772882461548
2022-10-15T15:00:00;997.90078125;8.054437255859398;119.32444444444444;265.94;0.0;79.26696538925171;95.45689392089844;1.9815335273742676
2022-10-15T16:00:00;997.559609375;6.942773437500023;50.41777777777778;247.54472222222222;0.0;77.28483080863953;98.43354797363281;2.642101764678955
2022-10-15T17:00:00;996.317109375;6.242120361328148;0.9955555555555555;255.88361111111112;0.0;71.20563983917236;102.91032409667969;3.028590202331543
2022-10-15T18:00:00;995.3509375;5.935479736328148;-0.035555555555555556;266.34166666666664;0.0;63.89668583869934;110.81619262695312;3.161175012588501
2022-10-15T19:00:00;994.51734375;5.919549560546898;0.0;269.77944444444444;0.0;57.889312505722046;119.62516021728516;2.7737691402435303
2022-10-15T20:00:00;994.4934375;6.372888183593773;0.0;285.5961111111111;0.0;52.73183584213257;135.0523223876953;2.6113760471343994
2022-10-15T21:00:00;994.3540625;6.384118652343773;0.0;281.32722222222225;0.0;58.028244972229004;152.70077514648438;2.2690041065216064
2022-10-15T22:00:00;993.310859375;6.937829589843773;0.0;300.59027777777777;0.0;64.95267152786255;148.4871826171875;1.882493495941162
2022-10-15T23:00:00;992.85390625;6.661492919921898;0.0;299.85055555555556;0.0;66.06341600418091;163.3343505859375;1.9287244081497192
2022-10-16T00:00:00;993.4115625;6.849206542968773;0.0;320.1147222222222;0.0;69.04191970825195;190.8686065673828;1.6062499284744263
2022-10-16T01:00:00;993.987109375;6.778405761718773;0.0;312.92805555555555;0.0;75.78016519546509;191.70904541015625;1.9079471826553345
2022-10-16T02:00:00;994.2196875;6.205224609375023;0.0;265.0466666666667;0.0;79.50482964515686;184.8938751220703;2.047801971435547
2022-10-16T03:00:00;994.393203125;5.804681396484398;0.0;250.3502777777778;0.0;81.51443004608154;177.92100524902344;2.0740795135498047
2022-10-16T04:00:00;994.285625;6.046105957031273;0.0;251.53722222222223;0.0;73.89720678329468;175.61935424804688;2.135054349899292
2022-10-16T05:00:00;994.516875;6.088403320312523;0.0;261.2988888888889;0.0;75.04766583442688;181.67750549316406;2.0424437522888184
2022-10-16T06:00:00;994.243984375;5.342706298828148;0.0;258.48805555555555;0.0;78.31922769546509;122.84309387207031;2.0942907333374023
2022-10-16T07:00:00;994.028125;5.416955566406273;6.115555555555556;268.5933333333333;0.0;80.57142496109009;117.38636779785156;2.459197521209717
2022-10-16T08:00:00;993.43609375;6.325402832031273;43.44888888888889;282.06694444444446;0.0;75.87324380874634;119.44076538085938;2.5171751976013184
2022-10-16T09:00:00;993.50765625;7.477258300781273;101.33333333333333;280.6358333333333;0.0;70.63956260681152;127.9336929321289;2.0144548416137695
2022-10-16T10:00:00;993.50421875;8.226556396484398;93.86666666666666;305.60027777777776;0.0;69.937664270401;159.2104034423828;1.6168341636657715
2022-10-16T11:00:00;994.239296875;8.259484863281273;42.471111111111114;312.65805555555556;0.039945974946022034;82.217937707901;175.3573455810547;3.9815492630004883
2022-10-16T12:00:00;994.3540625;7.033319091796898;38.897777777777776;312.6438888888889;0.7423436641693115;92.93252825737;136.92813110351562;2.6033835411071777
2022-10-16T13:00:00;994.41875;7.081903076171898;55.53777777777778;316.025;0.027957972139120102;92.10398197174072;115.60752868652344;1.855377435684204
2022-10-16T14:00:00;994.895625;7.672845458984398;84.90666666666667;309.32166666666666;0.00013025582302361727;87.3218834400177;140.80612182617188;1.081048607826233
2022-10-16T15:00:00;995.378125;7.768395996093773;76.8711111111111;293.35777777777776;7.819542224751785e-05;81.7707359790802;168.79290771484375;1.0225272178649902
2022-10-16T16:00:00;996.66109375;7.258447265625023;26.986666666666668;284.24555555555554;0.0;87.45151162147522;186.2176055908203;1.1653637886047363
2022-10-16T17:00:00;998.033828125;6.478570556640648;0.39111111111111113;300.14694444444444;0.0003468996728770435;92.03689098358154;169.29554748535156;1.565861701965332
2022-10-16T18:00:00;998.892421875;6.311273193359398;0.0;284.36805555555554;0.000323210668284446;91.45568013191223;163.0338134765625;1.8156076669692993
2022-10-16T19:00:00;999.98671875;6.135491943359398;0.0;287.5225;0.0004918662598356605;85.13239026069641;173.2379150390625;1.8801565170288086
2022-10-16T20:00:00;1001.47265625;6.354730224609398;0.0;294.63194444444446;0.0001106800336856395;83.57437252998352;193.61329650878906;2.481640100479126
2022-10-16T21:00:00;1002.7271875;6.825555419921898;0.0;306.15305555555557;0.004864742048084736;85.04997491836548;188.78367614746094;4.474945068359375
2022-10-16T22:00:00;1004.032734375;6.873681640625023;0.0;292.18083333333334;7.80383707024157e-05;89.23243284225464;200.0303955078125;4.823610305786133
2022-10-16T23:00:00;1005.481953125;7.080194091796898;0.0;298.14;3.498196747386828e-05;90.0014340877533;206.81710815429688;3.7496888637542725
2022-10-17T00:00:00;1006.83296875;7.510095214843773;0.0;322.7127777777778;0.00010586412099655718;89.45362567901611;206.81515502929688;4.075527191162109
2022-10-17T01:00:00;1008.035390625;7.162194824218773;0.0;301.98027777777776;0.00016625983698759228;92.35134720802307;197.35336303710938;3.2266526222229004
2022-10-17T02:00:00;1008.92625;6.858270263671898;0.0;294.5936111111111;4.362146501080133e-05;89.93285894393921;198.96267700195312;2.9921200275421143
2022-10-17T03:00:00;1010.04921875;7.259667968750023;0.0;334.81388888888887;0.2501656711101532;94.0328299999237;205.42514038085938;3.1376407146453857
2022-10-17T04:00:00;1011.334140625;7.533837890625023;0.0;324.42333333333335;0.0;85.17966866493225;199.1660919189453;4.314712047576904
2022-10-17T05:00:00;1012.07078125;7.176782226562523;0.0;285.62083333333334;0.0;87.70956993103027;203.03067016601562;2.6612377166748047
2022-10-17T06:00:00;1012.955546875;7.066552734375023;0.0;298.6011111111111;0.0;87.9841685295105;204.32411193847656;2.051723003387451
2022-10-17T07:00:00;1013.8684375;6.961175537109398;5.795555555555556;280.80055555555555;0.0;90.65436124801636;204.8505859375;1.9808590412139893
2022-10-17T08:00:00;1014.09546875;7.248162841796898;69.54666666666667;258.4947222222222;0.0;87.16765642166138;201.78172302246094;1.7156908512115479
2022-10-17T09:00:00;1014.48234375;8.054589843750023;148.44444444444446;261.93305555555554;0.0;82.84943699836731;196.6232452392578;1.5693097114562988
2022-10-17T10:00:00;1014.07453125;9.064843750000023;200.42666666666668;265.7636111111111;0.0;77.34562754631042;211.71681213378906;1.3095842599868774
2022-10-17T11:00:00;1014.31859375;9.237237548828148;167.60888888888888;287.7675;0.0;76.29126310348511;224.8577117919922;0.9275779128074646
2022-10-17T12:00:00;1014.651171875;8.965600585937523;115.66222222222223;299.1458333333333;0.0;82.94727206230164;87.76525115966797;1.447316288948059
2022-10-17T13:00:00;1014.4003125;8.995294189453148;106.09777777777778;303.6461111111111;0.0;85.22089123725891;61.58342742919922;1.3112376928329468
2022-10-17T14:00:00;1013.85625;8.986047363281273;94.00888888888889;305.89222222222224;0.0;83.18539261817932;57.1860237121582;1.365529179573059
2022-10-17T15:00:00;1012.98171875;8.581018066406273;33.92;309.09305555555557;0.0;79.68354821205139;68.5019302368164;1.1647682189941406
2022-10-17T16:00:00;1013.00625;7.953881835937523;13.084444444444445;310.33916666666664;0.0;79.36304211616516;89.28242492675781;1.4550318717956543
2022-10-17T17:00:00;1013.01828125;7.472680664062523;0.07111111111111111;310.6252777777778;0.0;81.94027543067932;87.48779296875;1.4479986429214478
2022-10-17T18:00:00;1012.83859375;7.213128662109398;0.0;309.16527777777776;0.0;81.57556653022766;95.42400360107422;1.5933735370635986
2022-10-17T19:00:00;1012.79203125;6.998498535156273;-0.035555555555555556;311.69083333333333;0.0;82.41479396820068;89.89939880371094;1.7877157926559448
2022-10-17T20:00:00;1012.581171875;6.681146240234398;0.0;301.7991666666667;0.0;79.71550822257996;119.66663360595703;1.4224456548690796
2022-10-17T21:00:00;1012.23234375;6.433282470703148;0.0;304.9844444444444;0.0;80.80195188522339;138.3436279296875;1.7454851865768433
2022-10-17T22:00:00;1012.3790625;6.676782226562523;0.0;313.06194444444446;0.0;87.82551288604736;85.52066802978516;0.9751151204109192
2022-10-17T23:00:00;1012.933046875;6.484735107421898;0.0;315.2963888888889;0.0;88.83565664291382;87.70189666748047;1.22439444065094
2022-10-18T00:00:00;1013.454609375;6.472375488281273;0.0;311.8425;0.0;87.46235370635986;76.598388671875;1.1464275121688843
2022-10-18T01:00:00;1013.924921875;6.249078369140648;0.0;297.705;0.0;88.30462694168091;92.77474212646484;1.3620681762695312
2022-10-18T02:00:00;1014.511875;5.852563476562523;0.0;293.76166666666666;0.0;87.06096410751343;73.15727233886719;1.2794215679168701
2022-10-18T03:00:00;1015.10515625;5.489251708984398;0.0;258.77944444444444;0.0;96.94560766220093;57.909767150878906;1.3976801633834839
2022-10-18T04:00:00;1015.705390625;5.601708984375023;0.0;249.17777777777778;0.0;93.62373948097229;54.57888412475586;1.3166719675064087
2022-10-18T05:00:00;1016.66484375;5.386834716796898;0.0;251.2138888888889;0.0;96.86011672019958;41.59709548950195;1.4437308311462402
2022-10-18T06:00:00;1017.6503125;5.434838867187523;0.0;252.64055555555555;0.00037240650271996856;96.75937294960022;45.42064666748047;1.2092088460922241
2022-10-18T07:00:00;1018.7690625;5.907373046875023;4.4622222222222225;283.11833333333334;0.00925598293542862;98.35695028305054;25.567899703979492;1.4094812870025635
2022-10-18T08:00:00;1019.97109375;6.481042480468773;44.30222222222222;279.64944444444444;0.06719233840703964;97.86567091941833;21.492630004882812;1.3877652883529663
2022-10-18T09:00:00;1021.038984375;7.157708740234398;69.17333333333333;308.90833333333336;0.03313126042485237;94.36840415000916;7.0813164710998535;1.3039696216583252
2022-10-18T10:00:00;1021.925859375;7.158044433593773;36.21333333333333;334.12805555555553;0.2768670916557312;98.49590063095093;1.5979868173599243;1.5934392213821411
2022-10-18T11:00:00;1022.695078125;7.120050048828148;86.34666666666666;327.6744444444444;0.10866589844226837;96.22084498405457;4.051934719085693;2.614543914794922
2022-10-18T12:00:00;1023.6940625;7.300195312500023;217.7422222222222;277.3186111111111;0.019848091527819633;88.15200924873352;355.8797302246094;2.9153151512145996
2022-10-18T13:00:00;1024.944375;7.085382080078148;245.86666666666667;251.9947222222222;0.0024670902639627457;82.65426754951477;353.7743835449219;2.7540886402130127
2022-10-18T14:00:00;1025.730625;6.629174804687523;186.95111111111112;252.6352777777778;0.0036123376339673996;80.3471028804779;357.3011474609375;2.7296760082244873
2022-10-18T15:00:00;1026.30078125;6.233239746093773;118.47111111111111;245.19194444444443;7.95391242718324e-05;81.25194311141968;0.9755916595458984;1.6896181106567383
2022-10-18T16:00:00;1027.04234375;5.181817626953148;37.22666666666667;239.57777777777778;1.3806978131469805e-05;80.3928792476654;359.29425048828125;0.9530978798866272
2022-10-18T17:00:00;1027.78703125;4.181695556640648;0.035555555555555556;237.50694444444446;0.0;83.60940217971802;345.1517639160156;0.7711500525474548
2022-10-18T18:00:00;1028.535;3.8016906738281477;0.035555555555555556;242.12083333333334;0.0;84.77983474731445;359.5880126953125;0.9865124225616455
2022-10-18T19:00:00;1028.79046875;3.4809509277343977;-0.035555555555555556;238.56416666666667;2.6490090021979995e-05;85.37800312042236;321.27435302734375;1.028672695159912
2022-10-18T20:00:00;1029.06265625;3.1831909179687727;0.0;238.53055555555557;0.00012091902317479253;87.5065803527832;280.6728820800781;1.0635355710983276
2022-10-18T21:00:00;1029.36953125;2.8159423828125227;0.0;238.05666666666667;5.599583892035298e-05;91.75766110420227;246.61734008789062;1.0373996496200562
2022-10-18T22:00:00;1029.75125;3.5357299804687727;0.0;245.82166666666666;2.792198574752547e-05;64.32079672813416;187.828857421875;1.2428505420684814
2022-10-18T23:00:00;1029.969609375;3.2911926269531477;0.0;245.24527777777777;2.8423677576938644e-05;72.80770540237427;207.26356506347656;1.218204140663147
2022-10-19T00:00:00;1030.1353125;3.8344665527343977;0.0;294.35027777777776;0.008731672540307045;76.02115869522095;214.7312774658203;1.331881046295166
2022-10-19T01:00:00;1030.30703125;3.6733337402343977;0.0;305.91555555555556;0.006821155548095703;83.55903625488281;205.68707275390625;1.329418659210205
2022-10-19T02:00:00;1030.33953125;3.6478515625000227;0.0;288.08444444444444;6.320598185993731e-05;86.43071055412292;204.06539916992188;1.3951423168182373
2022-10-19T03:00:00;1030.2534375;3.6688476562500227;0.0;253.13916666666665;2.7681314804794965e-06;85.31684875488281;207.64804077148438;1.4315320253372192
2022-10-19T04:00:00;1030.52859375;1.8159118652343977;0.0;242.44833333333332;2.3446169507224113e-05;89.46570158004761;194.24659729003906;1.6698651313781738
2022-10-19T05:00:00;1030.5175;1.9423767089843977;0.0;247.85166666666666;5.608009360003052e-06;95.59511542320251;206.3164825439453;1.6878153085708618
2022-10-19T06:00:00;1030.418671875;2.3866516113281477;0.0;262.7186111111111;0.00790497288107872;98.18146824836731;218.9148712158203;1.7208292484283447
2022-10-19T07:00:00;1030.359921875;3.2325073242187727;0.7111111111111111;312.15833333333336;0.09357185661792755;97.05385565757751;230.37794494628906;1.4839982986450195
2022-10-19T08:00:00;1030.41265625;3.8684631347656477;12.88888888888889;323.6686111111111;0.0830685943365097;97.10574746131897;240.85581970214844;1.1832184791564941
2022-10-19T09:00:00;1030.0746875;4.865075683593773;55.44888888888889;315.8386111111111;0.014578144997358322;94.1623330116272;224.81619262695312;0.9837924242019653
2022-10-19T10:00:00;1029.84609375;5.009179687500023;71.60888888888888;323.11611111111114;0.00014154132804833353;75.29330849647522;211.3125457763672;0.8596676588058472
2022-10-19T11:00:00;1029.5934375;6.043420410156273;198.91555555555556;280.09472222222223;6.91162931616418e-05;81.06871843338013;242.14138793945312;0.7879822254180908
2022-10-19T12:00:00;1029.0578125;6.817193603515648;267.1644444444444;250.01694444444445;6.431297515518963e-05;81.90336227416992;248.78585815429688;1.1193174123764038
2022-10-19T13:00:00;1028.75234375;7.099359130859398;242.88;251.02722222222224;0.000145821351907216;81.52494430541992;252.62872314453125;1.5340269804000854
2022-10-19T14:00:00;1028.54796875;6.928186035156273;187.37777777777777;251.89083333333335;0.0001423163339495659;81.78738355636597;261.6116027832031;2.2591054439544678
2022-10-19T15:00:00;1028.323046875;6.422784423828148;113.77777777777777;248.1838888888889;0.0001321715535596013;84.87884402275085;259.41778564453125;1.6163520812988281
2023-07-12T19:00:00;1001.0153125;14.416070556640648;105.82263888888889;337.8475;0.52192223072052;95.08548378944397;340.755859375;0.8498363494873047
2023-07-12T20:00:00;1001.3453125;14.489160156250023;49.364583333333336;344.4313888888889;0.00029648636700585485;92.8379237651825;124.9604721069336;1.0947908163070679
2023-07-12T21:00:00;1001.5015625;13.835931396484398;2.9811111111111113;366.36833333333334;0.03237514570355415;96.4649498462677;344.9912109375;0.758028507232666
2023-07-12T22:00:00;1001.57765625;14.414849853515648;0.0;373.5283333333333;4.974519729614258;97.80780673027039;291.321044921875;1.3036119937896729
2023-07-12T23:00:00;1001.896953125;14.149713134765648;0.0;372.73027777777776;7.037811279296875;98.01994562149048;334.4516906738281;0.7675675749778748
2023-07-13T00:00:00;1002.18859375;13.969415283203148;0.0;367.9163888888889;4.10090970993042;97.95584678649902;36.9257926940918;0.6881759762763977
2023-07-13T01:00:00;1002.23421875;13.487023925781273;-0.0006944444444444445;359.2597222222222;1.849656343460083;97.04793095588684;86.35636138916016;1.0889121294021606
2023-07-13T02:00:00;1002.285546875;13.337152099609398;-0.01982638888888889;355.2225;0.4254034161567688;97.82001972198486;148.6773681640625;0.47443443536758423
2023-07-13T03:00:00;1002.012890625;13.260064697265648;0.65140625;365.9683333333333;0.14763186872005463;99.36574101448059;350.85333251953125;0.381028950214386
2023-07-13T04:00:00;1001.930703125;12.555566406250023;41.653333333333336;320.09527777777777;9.374656656291336e-05;94.18538808822632;112.2649917602539;1.2042253017425537
2023-07-13T05:00:00;1001.861015625;13.377618408203148;81.77777777777777;327.7008333333333;7.531255960202543e-06;91.66916608810425;69.83670806884766;0.900368332862854
2023-07-13T06:00:00;1001.78421875;14.239221191406273;115.93659722222222;337.27;0.00018355133943259716;87.57671117782593;75.27169036865234;1.0206345319747925
2023-07-13T07:00:00;1001.60890625;14.894281005859398;104.77461805555555;359.70666666666665;4.498213456827216e-05;85.37173867225647;62.89619445800781;1.406743049621582
2023-07-13T08:00:00;1001.81640625;14.984643554687523;184.90666666666667;349.9111111111111;0.03335036337375641;84.95205640792847;68.3736801147461;2.0846264362335205
2023-07-13T09:00:00;1001.93421875;14.113977050781273;57.719340277777775;366.53305555555556;0.2050550878047943;91.48584008216858;66.68685150146484;1.5800398588180542
2023-07-13T10:00:00;1001.8728125;17.307733154296898;360.8082638888889;350.0963888888889;0.0;74.58674311637878;18.447486877441406;1.7415411472320557
2023-07-13T11:00:00;1002.1175;15.863641357421898;41.13375;373.7502777777778;1.8683737516403198;91.4247989654541;73.91686248779297;1.2367721796035767
2023-07-13T12:00:00;1002.164921875;15.511529541015648;87.58222222222223;364.61333333333334;1.9712309837341309;92.52647757530212;77.68274688720703;1.2098259925842285
2023-07-13T13:00:00;1002.22109375;16.843225097656273;305.4533333333333;349.02444444444444;0.0074859741143882275;82.06964135169983;66.17845916748047;1.29170560836792
2023-07-13T14:00:00;1002.0559375;17.423486328125023;348.7990277777778;344.29027777777776;3.0700917704962194e-05;76.59324407577515;66.96823120117188;1.6611086130142212
2023-07-13T15:00:00;1001.81828125;17.690026855468773;397.5798611111111;337.7316666666667;0.0001091629674192518;75.27793049812317;51.054901123046875;2.125633955001831
2023-07-13T16:00:00;1002.70375;17.703851318359398;328.80340277777776;337.6144444444444;1.5976018403307535e-05;71.1611807346344;121.08148956298828;2.580054521560669
2023-07-13T17:00:00;1003.42296875;15.722375488281273;144.73486111111112;349.35583333333335;0.00035742545151151717;81.36933445930481;229.11175537109375;3.6433467864990234
2023-07-13T18:00:00;1003.669453125;14.598626708984398;121.04861111111111;342.2886111111111;3.360222399351187e-05;81.91869854927063;207.4987335205078;3.252046585083008
2023-07-13T19:00:00;1004.5490625;14.142053222656273;44.34527777777778;348.88694444444445;0.01135641522705555;78.7739098072052;201.83729553222656;2.219113826751709
2023-07-13T20:00:00;1005.28859375;12.734765625000023;9.506805555555555;353.24194444444447;0.31850647926330566;96.7411994934082;218.65512084960938;4.302439212799072
2023-07-13T21:00:00;1005.90625;12.072351074218773;2.4616666666666664;360.8952777777778;2.1787734031677246;99.75636601448059;222.28765869140625;6.652889728546143
2023-07-13T22:00:00;1006.977421875;11.675927734375023;-0.017777777777777778;370.27416666666664;6.8708648681640625;99.33684468269348;254.23513793945312;6.375046730041504
2023-07-13T23:00:00;1008.171171875;10.912957763671898;0.0;362.3227777777778;1.3854026794433594;98.41371774673462;259.2769775390625;5.571878433227539
2023-07-14T00:00:00;1009.063125;10.972924804687523;0.0;358.76944444444445;0.034711096435785294;95.3207790851593;251.22354125976562;4.157393455505371
2023-07-14T01:00:00;1009.74875;10.779321289062523;-0.0006032986111111111;357.28277777777777;0.08602464199066162;97.71184921264648;241.3946990966797;3.790349245071411
2023-07-14T02:00:00;1010.1759375;10.611718750000023;0.01952690972222222;355.86555555555555;0.12591765820980072;97.60961532592773;231.59149169921875;3.2553012371063232
2023-07-14T03:00:00;1010.4803125;10.431604003906273;0.6930078125;353.23833333333334;0.07428120821714401;98.26716780662537;230.17942810058594;2.9853432178497314
2023-07-14T04:00:00;1010.511171875;10.108544921875023;1.6177777777777778;356.53194444444443;3.3843741416931152;96.73207998275757;220.5740966796875;2.8678200244903564
2023-07-14T05:00:00;1010.6725;10.168359375000023;4.231111111111111;356.9580555555556;0.8904560804367065;97.96490669250488;210.7721405029297;2.8507637977600098
2023-07-14T06:00:00;1010.9384375;10.032006835937523;8.721724175347223;355.92583333333334;0.572318434715271;97.74969220161438;211.28170776367188;2.250974178314209
2023-07-14T07:00:00;1011.02203125;10.375665283203148;23.478467881944443;352.6988888888889;0.2826392650604248;97.27661609649658;212.2664031982422;1.9579920768737793
2023-07-14T08:00:00;1011.416328125;10.531762695312523;45.86887152777778;351.67305555555555;0.28947603702545166;96.85848355293274;210.90200805664062;2.2849719524383545
2023-07-14T09:00:00;1011.814375;10.396478271484398;29.982907986111112;353.1525;0.6665974855422974;97.03850746154785;209.44212341308594;1.990544080734253
2023-07-14T10:00:00;1011.9940625;12.884851074218773;337.79770833333333;333.87611111111113;0.06595562398433685;83.28269720077515;275.9057922363281;2.274885416030884
2023-07-14T11:00:00;1012.24515625;12.913842773437523;366.8464583333333;336.8408333333333;0.04921725392341614;84.20581817626953;303.8294982910156;2.3864006996154785
2023-07-14T12:00:00;1012.357578125;13.348962402343773;387.78513888888887;335.62416666666667;0.02822818234562874;81.16016983985901;296.6370849609375;2.7844274044036865
2023-07-14T13:00:00;1012.40171875;13.770959472656273;441.8177777777778;331.2322222222222;0.014556636102497578;78.07027101516724;302.2779541015625;2.450404167175293
2023-07-14T14:00:00;1012.26390625;13.675347900390648;583.1002777777778;309.53222222222223;0.03411093354225159;80.06460070610046;309.1666259765625;2.714376449584961
2023-07-14T15:00:00;1012.184140625;13.226129150390648;450.04277777777776;312.4716666666667;0.007856832817196846;76.77938342094421;322.33062744140625;1.9746981859207153
2023-07-14T16:00:00;1012.113203125;14.195764160156273;527.0755555555555;291.2627777777778;7.68045210861601e-05;76.63755416870117;316.2358703613281;2.142564058303833
2023-07-14T17:00:00;1012.0321875;14.173333740234398;413.8073611111111;292.21222222222224;4.868448741035536e-05;76.14470720291138;333.4543762207031;1.4521211385726929
2023-07-14T18:00:00;1011.848671875;13.797235107421898;250.15972222222223;314.48;3.875559923471883e-05;76.87257528305054;42.0943603515625;1.5143662691116333
2023-07-14T19:00:00;1011.6915625;13.384759521484398;173.65527777777777;295.3811111111111;5.699352641386213e-06;81.59828186035156;57.808937072753906;1.5642880201339722
2023-07-14T20:00:00;1011.39140625;12.644799804687523;85.85694444444445;287.6736111111111;0.0;87.39668130874634;71.73310852050781;1.2479479312896729
2023-07-14T21:00:00;1011.11015625;11.735498046875023;19.611944444444443;285.1197222222222;0.0;90.43780565261841;103.48568725585938;1.3579506874084473
2023-07-14T22:00:00;1010.93078125;10.905145263671898;0.0;281.5516666666667;2.147845179933938e-06;94.45850849151611;104.5206069946289;1.3409717082977295
2023-07-14T23:00:00;1010.54421875;10.482354736328148;0.0;280.3175;0.0;92.51455068588257;113.7015380859375;1.418161392211914
2023-07-15T00:00:00;1010.284375;10.236657714843773;0.0;279.15555555555557;7.087888661772013e-05;89.64132070541382;111.6179428100586;1.406693696975708
2023-07-15T01:00:00;1010.1134375;10.001062011718773;0.013072916666666667;277.2080555555556;0.0;87.74771690368652;111.47221374511719;1.4485321044921875
2023-07-15T02:00:00;1009.811875;9.886407470703148;-0.03345486111111111;276.04277777777776;8.877759682945907e-05;86.27830743789673;113.87071228027344;1.4455679655075073
2023-07-15T03:00:00;1009.358125;9.967340087890648;7.571319444444445;276.33944444444444;3.2933625334408134e-05;84.3449354171753;117.32054138183594;1.5514850616455078
2023-07-15T04:00:00;1009.0990625;10.795037841796898;60.76444444444444;277.9397222222222;0.0;79.01651859283447;97.56501770019531;1.7268218994140625
2023-07-15T05:00:00;1008.508203125;12.168878173828148;142.75555555555556;284.62694444444446;0.0;76.03035569190979;86.18555450439453;1.6959823369979858
2023-07-15T06:00:00;1007.856015625;13.922784423828148;241.49559027777778;290.4583333333333;0.0;70.98120450973511;81.01856994628906;1.8066171407699585
2023-07-15T07:00:00;1007.0996875;15.400445556640648;294.88177083333335;309.0708333333333;0.0;67.7554726600647;71.56024932861328;2.226745367050171
2023-07-15T08:00:00;1006.7640625;16.334649658203148;320.68395833333335;324.3725;0.0;65.72601199150085;71.59386444091797;2.5610055923461914
2023-07-15T09:00:00;1005.9484375;17.289178466796898;405.55631944444445;332.31916666666666;0.0;63.52261304855347;70.6167984008789;2.801363468170166
2023-07-15T10:00:00;1004.98125;17.973992919921898;370.5261111111111;341.2005555555556;0.0;65.31554460525513;64.9684066772461;2.6625289916992188
2023-07-15T11:00:00;1004.29109375;18.132379150390648;309.1634722222222;346.4372222222222;0.0;64.14515972137451;78.18788146972656;2.6591153144836426
2023-07-15T12:00:00;1003.74453125;19.977166748046898;640.4397222222223;322.58694444444444;0.0;60.115283727645874;89.81048583984375;2.9817190170288086
2023-07-15T13:00:00;1002.919296875;20.745751953125023;738.7247222222222;316.97;0.0;57.4266791343689;71.5793685913086;3.0007901191711426
2023-07-15T14:00:00;1001.735859375;20.609338378906273;571.0766666666667;336.76194444444445;0.0;60.94841957092285;88.88858032226562;3.471830129623413
2023-07-15T15:00:00;1000.77125;19.570428466796898;348.02222222222224;347.4869444444444;0.0;62.18591928482056;110.63349914550781;3.3476858139038086
2023-07-15T16:00:00;1000.1396875;17.910974121093773;119.62472222222222;368.95694444444445;0.0;69.92365717887878;113.2619857788086;2.7405433654785156
2023-07-15T17:00:00;1000.158515625;17.540368652343773;105.83277777777778;362.53194444444443;0.11843699961900711;71.8264639377594;175.98171997070312;1.0936464071273804
2023-07-15T18:00:00;999.51125;16.732995605468773;40.78402777777778;368.8263888888889;0.18181094527244568;82.15516805648804;79.41107940673828;0.9578112363815308
2023-07-15T19:00:00;998.3815625;15.821221923828148;19.568194444444444;370.0788888888889;0.20099394023418427;84.81937646865845;97.3501205444336;2.694577932357788
2023-07-15T20:00:00;997.7053125;15.495324707031273;28.741944444444446;355.2763888888889;0.0003396813990548253;82.46657848358154;117.92493438720703;2.4398889541625977
2023-07-15T21:00:00;997.141875;15.285668945312523;11.78736111111111;346.1675;0.0;80.28308153152466;136.52761840820312;2.1642496585845947
2023-07-15T22:00:00;996.42296875;15.008996582031273;0.017777777777777778;370.2027777777778;0.4533393681049347;89.72527384757996;166.11328125;0.8392048478126526
2023-07-15T23:00:00;996.84234375;14.199853515625023;-0.017777777777777778;341.52555555555557;0.00021152111003175378;92.55580306053162;196.98968505859375;1.653357982635498
2023-07-16T00:00:00;996.297890625;14.241540527343773;0.0;347.0386111111111;7.979093788890168e-05;86.89786791801453;167.38836669921875;1.731407880783081
2023-07-16T01:00:00;995.66140625;13.440270996093773;0.03212673611111111;306.6736111111111;0.00022042522323317826;88.51686120033264;153.61732482910156;1.411898136138916
2023-07-16T02:00:00;995.5665625;13.483697509765648;-0.03733072916666667;308.0988888888889;0.00014495151117444038;83.304363489151;184.83383178710938;2.149664878845215
2023-07-16T03:00:00;995.410625;13.705926513671898;2.6138585069444447;323.9066666666667;0.0002671786060091108;82.30486512184143;194.58547973632812;2.0772056579589844
2023-07-16T04:00:00;995.2034375;13.889489746093773;6.346666666666667;366.0572222222222;0.7766768932342529;95.8928108215332;188.25465393066406;0.8537431955337524
2023-07-16T05:00:00;994.86015625;14.372552490234398;121.88444444444444;323.2088888888889;0.0014285315992310643;97.83520698547363;41.299739837646484;0.5820725560188293
2023-07-16T06:00:00;994.55171875;15.395379638671898;251.49444444444444;307.0311111111111;0.00016930184210650623;90.66962003707886;75.38882446289062;1.2757813930511475
2023-07-16T07:00:00;994.22859375;16.689447021484398;369.80305555555555;309.41277777777776;3.899297007592395e-05;81.18928074836731;145.15869140625;0.8743581175804138
2023-07-16T08:00:00;993.57703125;18.004357910156273;478.74597222222224;313.7811111111111;3.056689820368774e-05;68.76707673072815;200.87445068359375;1.0956608057022095
2023-07-16T09:00:00;993.109140625;18.670770263671898;512.8111111111111;326.6897222222222;0.0006741289980709553;65.22853374481201;173.55323791503906;1.2140179872512817
2023-07-16T10:00:00;993.66375;14.611413574218773;86.29333333333334;371.2225;3.444603443145752;93.03464889526367;223.59043884277344;3.321112632751465
2023-07-16T11:00:00;992.970859375;15.670922851562523;289.46194444444444;347.7336111111111;1.5601844787597656;86.89601421356201;10.457311630249023;1.1813055276870728
2023-07-16T12:00:00;992.404921875;17.898370361328148;636.4315277777778;324.1116666666667;4.700833233073354e-05;79.08044457435608;73.23077392578125;2.6219146251678467
2023-07-16T13:00:00;991.60046875;19.368371582031273;738.0518055555556;315.76472222222225;6.56919291941449e-05;69.83667016029358;78.57678985595703;2.6454665660858154
2023-07-16T14:00:00;990.830625;20.186212158203148;688.9119444444444;320.43111111111114;3.326808655401692e-05;64.74329233169556;110.55052185058594;2.1892988681793213
2023-07-16T15:00:00;990.906328125;18.763177490234398;186.67277777777778;364.2736111111111;0.002653122181072831;69.78328227996826;205.4622039794922;1.8063757419586182
2023-07-16T16:00:00;991.99546875;13.428674316406273;48.44166666666667;367.62333333333333;2.426520347595215;90.60394763946533;230.88479614257812;3.9482662677764893
2023-07-16T17:00:00;992.6684375;13.404412841796898;90.11041666666667;354.4738888888889;0.30864936113357544;94.67958807945251;254.80337524414062;1.6614794731140137
2023-07-16T18:00:00;992.898203125;14.424188232421898;94.88138888888889;349.77416666666664;0.23586735129356384;87.6331090927124;183.4784393310547;2.2780184745788574
2023-07-16T19:00:00;992.69;14.808526611328148;139.00861111111112;316.9169444444444;6.107942317612469e-05;77.6584804058075;190.1042938232422;2.5382628440856934
2023-07-16T20:00:00;992.9134375;13.943444824218773;81.59166666666667;298.9825;0.0001976493513211608;78.56796383857727;188.1783905029297;2.894162893295288
2023-07-16T21:00:00;992.9771875;13.150109863281273;16.88722222222222;297.28277777777777;0.0;78.67026925086975;184.59275817871094;2.5331931114196777
2023-07-16T22:00:00;993.3525;12.859490966796898;0.0;298.1013888888889;0.0;80.48605918884277;182.272216796875;2.653662919998169
2023-07-16T23:00:00;993.729921875;13.066125488281273;0.0;343.4483333333333;0.0;79.51717376708984;188.0860137939453;2.4343624114990234
2023-07-17T00:00:00;993.884140625;13.337701416015648;0.0;364.1788888888889;0.0013356981799006462;80.37474155426025;188.61138916015625;3.323176145553589
2023-07-17T01:00:00;993.94578125;13.453210449218773;-0.004652777777777777;363.2027777777778;0.013380692340433598;80.74246644973755;196.60838317871094;3.362359046936035
2023-07-17T02:00:00;994.133515625;12.974786376953148;-0.025555555555555557;364.46555555555557;0.5573714375495911;85.32164096832275;200.19847106933594;4.180425643920898
2023-07-17T03:00:00;994.820234375;12.529046630859398;0.2765625;365.1086111111111;0.8087683320045471;95.91420292854309;204.6301727294922;3.513505458831787
2023-07-17T04:00:00;994.98875;13.341241455078148;18.186666666666667;353.0316666666667;9.513819532003254e-05;90.83909392356873;203.9263916015625;2.84330415725708
2023-07-17T05:00:00;995.126328125;13.320550537109398;8.675555555555556;369.96972222222223;0.15253248810768127;92.97372698783875;194.34458923339844;3.6009156703948975
2023-07-17T06:00:00;995.70546875;12.483666992187523;9.215425347222222;362.76416666666665;7.452127456665039;97.55588173866272;226.96209716796875;2.5164031982421875
2023-07-17T07:00:00;996.50046875;12.418389892578148;12.628819444444444;370.52222222222224;5.980770587921143;99.6752917766571;262.12109375;3.103595495223999
2023-07-17T08:00:00;997.23078125;12.189447021484398;15.235121527777778;369.6122222222222;1.8658456802368164;98.6254632472992;258.29541015625;2.851457357406616
2023-07-17T09:00:00;997.919453125;12.358056640625023;37.16941840277778;367.7055555555556;0.6288822889328003;98.19361567497253;259.73199462890625;3.0831587314605713
2023-07-17T10:00:00;998.413828125;12.493524169921898;42.05342881944444;367.4163888888889;0.011378809809684753;95.3051209449768;271.95562744140625;3.5189948081970215
2023-07-17T11:00:00;998.9575;13.301538085937523;57.850572916666664;364.4577777777778;0.00776208471506834;91.80626273155212;257.1795349121094;3.2805638313293457
2023-07-17T12:00:00;999.5028125;13.604913330078148;110.04861111111111;364.85027777777776;0.03166951984167099;90.00570774078369;253.18093872070312;3.6118640899658203
2023-07-17T13:00:00;999.910234375;13.471429443359398;97.86005208333333;363.27555555555557;0.05247774347662926;89.64712023735046;258.4574890136719;3.410464286804199
2023-07-17T14:00:00;1000.22;12.985925292968773;65.77010416666667;363.8536111111111;0.055586282163858414;91.9954240322113;263.9291076660156;3.7665390968322754
2023-07-17T15:00:00;1000.556328125;12.487817382812523;43.07440972222222;364.4561111111111;0.05874472111463547;94.81220245361328;266.7157287597656;3.6959192752838135
2023-07-17T16:00:00;1001.194375;13.178247070312523;63.09597222222222;365.24916666666667;0.053098153322935104;91.12429022789001;253.28662109375;4.335326671600342
2023-07-17T17:00:00;1001.686875;12.430352783203148;10.727222222222222;368.08222222222224;0.10839898139238358;96.35195732116699;247.91708374023438;4.025197982788086
2023-07-17T18:00:00;1002.137578125;12.138757324218773;6.021805555555556;367.3519444444444;0.38913726806640625;97.18509316444397;235.28701782226562;3.785045623779297
2023-07-17T19:00:00;1002.5634375;11.617883300781273;3.5797222222222222;366.18305555555554;2.7215664386749268;99.78522658348083;254.67288208007812;4.268630027770996
2023-07-17T20:00:00;1002.9140625;11.364282226562523;2.600277777777778;364.2163888888889;0.23717594146728516;99.28937554359436;258.5838928222656;4.721402645111084
2023-07-17T21:00:00;1003.41828125;10.998620605468773;0.2841666666666667;361.8561111111111;0.523220956325531;97.44617938995361;254.42080688476562;4.973533630371094
2023-07-17T22:00:00;1004.05296875;10.998010253906273;0.0;359.88944444444445;1.3251640796661377;98.7233579158783;240.11767578125;4.106565475463867
2023-07-17T23:00:00;1004.4765625;10.717523193359398;0.017777777777777778;357.8333333333333;0.20263385772705078;98.45182299613953;232.86412048339844;3.909853458404541
2023-07-18T00:00:00;1004.743359375;10.199334716796898;0.0;326.85805555555555;0.03966197371482849;98.01238179206848;217.34426879882812;3.8429675102233887
2023-07-18T01:00:00;1004.8309375;9.731927490234398;-0.03675889756944444;278.97194444444443;0.007943723350763321;93.89862418174744;200.16519165039062;3.6227266788482666
2023-07-18T02:00:00;1004.95765625;9.671624755859398;0.04433051215277778;349.8411111111111;0.2944011092185974;94.55932974815369;191.73406982421875;3.24434232711792
2023-07-18T03:00:00;1004.85;9.609887695312523;3.0475184461805553;340.955;0.1532829999923706;95.7845389842987;195.02471923828125;3.8949248790740967
2023-07-18T04:00:00;1004.9771875;10.940118408203148;3.52;359.0625;0.5645521879196167;98.47458004951477;227.28396606445312;4.593626499176025
2023-07-18T05:00:00;1005.09015625;10.925164794921898;10.844444444444445;357.11055555555555;0.15280550718307495;97.46893048286438;230.8259735107422;4.654047966003418
2023-07-18T06:00:00;1004.942109375;11.667504882812523;152.99939236111112;320.59305555555557;0.022202221676707268;93.11555027961731;224.18357849121094;5.282268524169922
2023-07-18T07:00:00;1004.8140625;12.229608154296898;324.1384722222222;297.9241666666667;0.017499588429927826;86.5756094455719;222.15408325195312;5.67849588394165
2023-07-18T08:00:00;1005.23703125;11.193048095703148;112.0411111111111;349.7291666666667;0.36850786209106445;94.58491802215576;225.98068237304688;4.800547122955322
2023-07-18T09:00:00;1005.545625;11.807977294921898;271.763125;331.4611111111111;0.852853000164032;91.88255667686462;237.5942840576172;4.711554527282715
2023-08-11T02:00:00;1016.84984375;9.614556884765648;0.0;352.29055555555556;0.02025931142270565;98.23060035705566;227.8166046142578;1.7599073648452759
2023-08-11T03:00:00;1016.64609375;9.639245605468773;-0.015556640625;352.37111111111113;0.022416364401578903;98.14656972885132;225.0351104736328;1.28415846824646
2023-08-11T04:00:00;1016.708046875;9.503686523437523;0.2311111111111111;350.3172222222222;0.26654863357543945;98.05498123168945;227.23480224609375;1.2252250909805298
2023-08-11T05:00:00;1016.635703125;9.409631347656273;3.8933333333333335;349.17555555555555;0.07353651523590088;98.8071620464325;233.5894012451172;1.3201380968093872
2023-08-11T06:00:00;1016.3928125;9.558343505859398;17.244444444444444;348.5552777777778;0.02090623416006565;98.19830060005188;233.24356079101562;0.9762425422668457
2023-08-11T07:00:00;1016.051484375;9.637139892578148;22.032899305555556;351.32916666666665;0.0052886721678078175;97.9968786239624;246.0185546875;0.7949885725975037
2023-08-11T08:00:00;1015.856171875;9.785943603515648;27.97435763888889;353.78777777777776;0.007581631653010845;97.44296669960022;334.5334777832031;0.7088677287101746
2023-08-11T09:00:00;1015.7334375;9.952020263671898;40.25511284722222;354.07055555555553;0.004855803679674864;96.38550281524658;14.61995792388916;0.731589674949646
2023-08-11T10:00:00;1015.412265625;12.096612548828148;238.70621527777777;349.35527777777776;0.0027862591668963432;84.45621132850647;1.6965042352676392;1.345320701599121
2023-08-11T11:00:00;1015.24484375;12.891778564453148;233.99666666666667;354.1644444444444;0.0016906465170904994;80.46754598617554;7.567542552947998;1.3227276802062988
2023-08-11T12:00:00;1015.02484375;13.665734863281273;594.9045138888889;307.1788888888889;1.636683191463817e-05;75.92652440071106;356.5495300292969;2.0111920833587646
2023-08-11T13:00:00;1014.9625;13.528619384765648;392.7048611111111;346.27777777777777;0.0006732455221936107;78.14056873321533;332.8917236328125;2.248701333999634
2023-08-11T14:00:00;1014.49125;13.803552246093773;504.50208333333336;314.52555555555557;1.4318967487270129e-06;76.25151872634888;317.066162109375;2.413902997970581
2023-08-11T15:00:00;1014.12796875;13.534600830078148;508.3563888888889;295.2841666666667;0.00010697777906898409;75.14068484306335;319.28485107421875;2.4168131351470947
2023-08-11T16:00:00;1013.998671875;13.704064941406273;406.3225;300.20972222222224;0.00020485385903157294;74.6601402759552;0.8778931498527527;1.399765968322754
2023-08-11T17:00:00;1013.48484375;13.522454833984398;307.34708333333333;297.8538888888889;7.786232163198292e-05;77.08784341812134;37.00040817260742;1.3743177652359009
2023-08-11T18:00:00;1012.79890625;12.969049072265648;138.22333333333333;326.325;0.0;80.17164468765259;64.60602569580078;1.671552062034607
2023-08-11T19:00:00;1012.05;12.400598144531273;20.729444444444443;353.1202777777778;0.0;85.39170622825623;87.07052612304688;1.4492141008377075
2023-08-11T20:00:00;1011.6465625;12.157647705078148;1.9102777777777777;354.6383333333333;0.0;86.630779504776;103.00186157226562;1.26203453540802
2023-08-11T21:00:00;1010.9690625;12.085595703125023;-0.024444444444444446;355.0113888888889;0.0;83.51498246192932;130.72833251953125;1.1963623762130737
2023-08-11T22:00:00;1010.321171875;12.218743896484398;0.017777777777777778;360.35833333333335;0.00011982026626355946;83.54108333587646;106.8141098022461;1.4571837186813354
2023-08-11T23:00:00;1009.924453125;12.395227050781273;0.0;358.7038888888889;3.047963764402084e-05;82.36308097839355;132.24510192871094;1.32062828540802
2023-08-12T00:00:00;1009.904921875;12.373742675781273;-0.017777777777777778;357.645;0.18525996804237366;83.46164226531982;160.8617401123047;0.9537000060081482
2023-08-12T01:00:00;1009.5103125;11.846887207031273;0.0;356.8308333333333;0.4007258415222168;91.32294654846191;101.74773406982422;1.3519396781921387
2023-08-12T02:00:00;1009.0275;11.797357177734398;0.0;359.96444444444444;0.08040373027324677;91.54878854751587;133.80479431152344;1.732038974761963
2023-10-11T11:00:00;980.38640625;8.975183105468773;180.05333333333334;299.3513888888889;0.04614701494574547;80.28292059898376;217.34915161132812;6.539527416229248
2023-10-11T12:00:00;979.4340625;9.071954345703148;298.9866666666667;266.35527777777776;0.012154334224760532;77.2295892238617;212.47909545898438;6.080602169036865
2023-10-11T13:00:00;979.2184375;7.464868164062523;126.08;303.2786111111111;0.8253248333930969;83.01569819450378;201.46759033203125;6.626336574554443
2023-10-11T14:00:00;979.008203125;4.326959228515648;33.06666666666667;317.68694444444446;3.7962398529052734;95.99481225013733;219.58958435058594;8.004012107849121
2023-10-11T15:00:00;978.49484375;4.807946777343773;14.293333333333333;324.2625;1.1919056177139282;96.52429819107056;203.93417358398438;4.947000026702881
2023-10-11T16:00:00;977.7646875;4.807702636718773;2.168888888888889;329.8691666666667;4.942176342010498;98.68497848510742;201.63949584960938;5.155359268188477
2023-10-11T17:00:00;978.47859375;4.997705078125023;0.6044444444444445;319.1769444444444;0.4467806816101074;96.77464365959167;211.5642547607422;3.3647170066833496
2023-10-11T18:00:00;980.226171875;6.357507324218773;0.0;319.31416666666667;0.05946633592247963;90.28822779655457;280.0766906738281;5.1772379875183105
2023-10-11T19:00:00;981.712265625;6.319909667968773;-0.035555555555555556;325.16805555555555;0.2863187789916992;89.62608575820923;275.536865234375;5.366111755371094
2023-10-11T20:00:00;982.218125;5.927941894531273;0.0;320.0130555555556;0.4950812757015228;92.7251935005188;263.3225402832031;4.093182563781738
2023-10-11T21:00:00;982.393984375;5.346826171875023;0.0;286.82444444444445;0.0004406252410262823;98.2473611831665;197.9332733154297;2.699800729751587
2023-10-11T22:00:00;983.0509375;4.339196777343773;0.0;292.9313888888889;0.6718628406524658;95.09952068328857;187.56640625;3.277172327041626
2023-10-11T23:00:00;983.7534375;5.112664794921898;0.0;306.97833333333335;0.4072645902633667;99.38718676567078;223.01991271972656;4.771292686462402
2023-10-12T00:00:00;984.850859375;6.553308105468773;0.0;321.36027777777775;0.48328733444213867;91.07407927513123;272.67877197265625;6.958898067474365
2023-10-12T01:00:00;985.89828125;6.863610839843773;0.0;317.4075;0.005299568176269531;81.48407936096191;261.758544921875;6.724961757659912
2023-10-12T02:00:00;986.4121875;7.130029296875023;0.0;331.5875;1.4846134185791016;93.37984323501587;270.11212158203125;9.522378921508789
2023-10-12T03:00:00;987.527890625;7.095452880859398;0.0;297.67861111111114;0.3508888781070709;90.52797555923462;270.091552734375;9.346549987792969
2023-10-12T04:00:00;988.788125;9.177484130859398;0.0;341.4175;9.164139191852883e-05;86.33333444595337;272.81951904296875;8.218894958496094
2023-10-12T05:00:00;990.267421875;9.158807373046898;0.0;341.07166666666666;0.007646305486559868;86.13649010658264;281.16278076171875;8.775250434875488
2023-10-12T06:00:00;991.49875;8.580712890625023;0.0;339.0425;0.42104363441467285;91.62048697471619;285.2077331542969;8.501254081726074
2023-10-12T07:00:00;992.90140625;8.092919921875023;1.2444444444444445;337.5422222222222;0.48206156492233276;93.74605417251587;284.9425048828125;8.426475524902344
2023-10-12T08:00:00;994.8265625;8.022637939453148;6.72;338.4144444444444;0.6339318752288818;94.47082877159119;284.7379150390625;8.30313777923584
2023-10-12T09:00:00;996.316015625;8.367456054687523;103.36;303.38944444444445;0.19837097823619843;90.33408761024475;285.68829345703125;8.082428932189941
2023-10-12T10:00:00;997.51828125;7.806298828125023;15.52;337.4194444444444;0.7645007371902466;94.08913850784302;280.5105895996094;7.172826290130615
2023-10-12T11:00:00;998.9778125;7.521264648437523;21.084444444444443;338.01472222222225;0.6798880100250244;93.79305243492126;277.662109375;7.357816219329834
2023-10-12T12:00:00;1000.17375;7.614953613281273;34.595555555555556;333.3358333333333;0.2933475077152252;89.24742341041565;271.9994812011719;7.047016620635986
2023-10-12T13:00:00;1000.93109375;7.600183105468773;36.48;330.48583333333335;0.052221786230802536;83.82290005683899;265.1102600097656;6.5442423820495605
2023-10-12T14:00:00;1001.5234375;7.521356201171898;70.47111111111111;319.3713888888889;0.006633862853050232;82.50301480293274;263.0025634765625;6.451007843017578
2023-10-12T15:00:00;1001.57078125;7.092309570312523;23.964444444444446;321.7736111111111;0.03392130881547928;84.32644605636597;249.0679931640625;5.606324672698975
2023-10-12T16:00:00;1001.76921875;7.840325927734398;15.395555555555555;321.98805555555555;0.00011938469833694398;81.07478618621826;243.2906494140625;4.83131742477417
2023-10-12T17:00:00;1001.99375;7.353692626953148;0.9244444444444444;317.2891666666667;5.0116384954890236e-05;81.26710057258606;232.9365234375;4.0436601638793945
2023-10-12T18:00:00;1001.94078125;6.193078613281273;0.035555555555555556;282.9122222222222;2.3937282094266266e-05;85.5320155620575;204.9854278564453;3.2213244438171387
2023-10-12T19:00:00;1001.72828125;5.279321289062523;0.0;248.13111111111112;2.8553233278216794e-05;87.3936414718628;194.04420471191406;3.330085039138794
2023-10-12T20:00:00;1001.47484375;5.055413818359398;0.0;249.52277777777778;4.453965448192321e-05;88.15208077430725;190.11325073242188;3.1652817726135254
2023-10-12T21:00:00;1000.7840625;5.315698242187523;0.0;280.1488888888889;4.196788358967751e-05;86.63532137870789;181.24026489257812;2.3068933486938477
2023-10-12T22:00:00;1000.11546875;5.292352294921898;0.0;298.6175;0.0;86.67340874671936;179.6934051513672;1.658608078956604
2023-10-12T23:00:00;998.946015625;5.762689208984398;0.0;299.5422222222222;0.0;80.53934574127197;187.4456787109375;2.3894236087799072
2023-10-13T00:00:00;997.96859375;6.630975341796898;0.0;304.4772222222222;0.0;73.24868440628052;189.47943115234375;4.15427827835083
2023-10-13T01:00:00;996.8821875;7.233728027343773;0.0;313.93305555555554;0.0;73.40580821037292;188.58970642089844;4.7363762855529785
2023-10-13T02:00:00;995.35546875;7.593408203125023;0.0;319.71166666666664;0.0;72.52994775772095;179.22265625;4.522958755493164
2023-10-13T03:00:00;993.809375;7.797448730468773;0.0;320.0888888888889;0.0;70.60734033584595;182.99049377441406;3.4794845581054688
2023-10-13T04:00:00;992.512734375;7.479028320312523;0.0;312.5233333333333;0.0;74.23892021179199;181.59371948242188;2.5810658931732178
2023-10-13T05:00:00;991.40171875;7.798303222656273;0.0;298.4325;0.0;73.27913641929626;189.2748565673828;3.53406023979187
2023-10-13T06:00:00;990.0034375;7.932275390625023;0.0;295.8877777777778;0.0;73.83158802986145;179.9097442626953;3.056443929672241
2023-10-13T07:00:00;988.75609375;7.981866455078148;3.1822222222222223;307.1713888888889;0.0;74.83406662940979;181.28135681152344;2.356227159500122
2023-10-13T08:00:00;987.63140625;8.557763671875023;44.42666666666667;311.3963888888889;0.0;74.97753500938416;184.332275390625;3.349916696548462
2023-10-13T09:00:00;986.77671875;9.239373779296898;132.83555555555554;288.1461111111111;0.0;74.7593104839325;188.96875;3.392599582672119
2023-10-13T10:00:00;986.024453125;9.553155517578148;122.64888888888889;312.4913888888889;0.0;70.99640369415283;186.25091552734375;2.7852602005004883
2023-10-13T11:00:00;985.150078125;10.084252929687523;170.95111111111112;307.0341666666667;0.0;72.54667282104492;195.833740234375;2.4830543994903564
2023-10-13T12:00:00;984.2259375;10.284326171875023;177.38666666666666;310.9608333333333;0.0;73.1493890285492;194.08152770996094;2.658310890197754
2023-10-13T13:00:00;982.92078125;10.156335449218773;184.07111111111112;306.7866666666667;0.0;73.71702194213867;194.21731567382812;2.807581901550293
2023-10-13T14:00:00;981.756953125;9.451135253906273;88.53333333333333;321.4841666666667;0.0;75.68846940994263;199.67678833007812;2.93802809715271
2023-10-13T15:00:00;981.02859375;6.908532714843773;9.6;338.5086111111111;0.3183624744415283;99.15193319320679;300.8861389160156;2.3635928630828857
2023-10-13T16:00:00;979.14703125;9.335473632812523;44.16;301.3125;0.0;77.69201397895813;192.0894775390625;2.0928637981414795
2023-10-13T17:00:00;979.446015625;6.299859619140648;0.28444444444444444;335.30333333333334;3.0479609966278076;97.24767208099365;240.09259033203125;3.6859514713287354
2023-10-13T18:00:00;978.722734375;5.851220703125023;0.0;319.1713888888889;2.275881767272949;95.57083249092102;182.98846435546875;3.4083259105682373
2023-10-13T19:00:00;977.986953125;5.810662841796898;0.0;305.7783333333333;0.29326051473617554;95.21067142486572;148.9114990234375;2.6452701091766357
2023-10-13T20:00:00;976.97671875;5.302453613281273;0.0;258.22222222222223;1.4566756362910382e-05;92.63507723808289;158.43482971191406;1.430264949798584
2023-10-13T21:00:00;975.75703125;5.215386962890648;0.0;277.85833333333335;0.0001082877060980536;88.87530565261841;161.70303344726562;2.0394537448883057
2023-10-13T22:00:00;975.50328125;5.497521972656273;0.0;256.27194444444444;8.32105433801189e-05;86.66576743125916;180.53164672851562;1.7315315008163452
2023-10-13T23:00:00;974.937734375;5.449700927734398;0.0;290.0444444444444;0.00021019880659878254;90.7688319683075;151.73033142089844;0.6751805543899536
2023-10-14T00:00:00;974.95359375;5.163751220703148;0.0;305.0647222222222;0.4154502749443054;98.62250089645386;208.9452362060547;2.138899326324463
2023-10-14T01:00:00;974.67640625;5.113336181640648;0.0;302.5413888888889;0.11491996049880981;93.22705268859863;172.1829071044922;2.635014533996582
2023-10-14T02:00:00;974.32421875;4.969812011718773;0.0;296.8938888888889;0.032511211931705475;91.69358611106873;188.75936889648438;3.5037424564361572
2023-10-14T03:00:00;974.352109375;4.571740722656273;0.0;280.81416666666667;0.0011152515653520823;90.93218445777893;197.53262329101562;2.3764727115631104
2023-10-14T04:00:00;974.607109375;4.254479980468773;0.0;241.9663888888889;5.418352520791814e-05;87.80550956726074;195.3000946044922;2.516484022140503
2023-10-14T05:00:00;975.0309375;4.154595947265648;0.0;247.64666666666668;0.02930225059390068;87.25930452346802;208.08982849121094;2.358344793319702
2023-10-14T06:00:00;975.02015625;4.402581787109398;0.0;307.0725;0.6713572144508362;92.4365758895874;187.5157928466797;2.403139352798462
2023-10-14T07:00:00;975.5821875;4.420190429687523;3.8755555555555556;317.8497222222222;0.7378311157226562;95.47007083892822;199.40518188476562;3.7039408683776855
2023-10-14T08:00:00;975.19765625;4.347406005859398;18.862222222222222;326.4663888888889;0.36765047907829285;96.00275158882141;189.9652862548828;3.616856098175049
2023-10-14T09:00:00;976.0365625;4.818444824218773;21.564444444444444;330.1041666666667;0.8995388150215149;96.73972725868225;206.32870483398438;2.503077745437622
2023-10-14T10:00:00;977.04953125;7.519586181640648;40.46222222222222;332.3161111111111;0.20797236263751984;88.72115015983582;285.5880126953125;5.284626007080078
2023-10-14T11:00:00;978.04703125;7.848413085937523;42.346666666666664;332.00166666666667;0.00015732235624454916;84.65161323547363;273.89862060546875;5.738583087921143
2023-10-14T12:00:00;978.6309375;7.938226318359398;65.31555555555556;325.37416666666667;0.0002597626007627696;83.94978046417236;259.44158935546875;5.193238735198975
2023-10-14T13:00:00;979.7325;6.548425292968773;31.68;331.9483333333333;3.1410341262817383;98.00767302513123;288.8335876464844;3.712923288345337
2023-10-14T14:00:00;980.8603125;6.853295898437523;12.942222222222222;336.3313888888889;1.3873984813690186;97.2860038280487;320.3089904785156;4.744658946990967
2023-10-14T15:00:00;982.21609375;6.688165283203148;5.6177777777777775;336.68194444444447;1.9726842641830444;97.08917140960693;327.2572326660156;4.67809534072876
2023-10-14T16:00:00;984.87546875;6.152764892578148;4.48;329.3688888888889;0.7094383835792542;94.15485858917236;296.219970703125;6.681199073791504
2023-10-14T17:00:00;986.70671875;6.335351562500023;0.28444444444444444;317.45944444444444;1.230565071105957;96.49243354797363;315.1767272949219;6.649355411529541
2023-10-14T18:00:00;987.983125;7.025750732421898;0.0;331.2294444444444;4.064884185791016;96.97166681289673;331.2760314941406;7.849817752838135
2023-10-14T19:00:00;990.0940625;7.095117187500023;-0.035555555555555556;333.7655555555556;0.7013802528381348;91.34416580200195;334.3453063964844;8.312051773071289
2023-10-14T20:00:00;992.093671875;7.281152343750023;0.0;329.21694444444444;0.16158448159694672;83.4844172000885;333.9674072265625;7.643623352050781
2023-10-14T21:00:00;993.8040625;7.163903808593773;0.0;324.0258333333333;0.0010448636021465063;79.2318344116211;334.7901611328125;6.994399070739746
2023-10-14T22:00:00;995.1071875;6.920281982421898;0.0;315.8388888888889;6.29302448942326e-05;77.41297483444214;336.9961853027344;6.354115009307861
2023-10-14T23:00:00;996.5834375;6.773217773437523;0.0;311.9841666666667;4.275838364264928e-05;75.07530450820923;337.31072998046875;5.932037353515625
2023-10-15T00:00:00;997.821484375;6.603417968750023;0.0;308.1019444444444;4.902984801447019e-05;74.68937635421753;339.4946594238281;5.599146366119385
2023-10-15T01:00:00;999.078203125;6.680535888671898;0.0;311.12944444444446;8.817555499263108e-05;74.52154755592346;340.49627685546875;5.489268779754639
2023-10-15T02:00:00;1000.012265625;6.491693115234398;0.0;312.66027777777776;0.0010572972241789103;77.04078555107117;337.260986328125;5.7738728523254395
2023-10-15T03:00:00;1000.911640625;6.412408447265648;0.0;304.7713888888889;0.0006489658262580633;75.2599835395813;338.5793762207031;5.272914886474609
2023-10-15T04:00:00;1000.996875;6.987359619140648;0.0;316.00916666666666;0.0;78.24769616127014;337.915283203125;4.610228538513184
2023-10-15T05:00:00;1001.84140625;6.942163085937523;0.0;316.41777777777776;5.584397149505094e-05;78.63532900810242;335.34552001953125;4.157517910003662
2023-10-15T06:00:00;1002.60203125;6.822290039062523;0.0;314.9275;0.0;77.01488733291626;330.6659851074219;3.502140760421753
2023-10-15T07:00:00;1003.1246875;6.755029296875023;3.4844444444444442;310.33972222222224;3.006983024533838e-05;74.12319779396057;327.8642578125;3.5757720470428467
2023-10-15T08:00:00;1003.8778125;6.641534423828148;54.471111111111114;279.1525;2.434224370517768e-05;74.30337071418762;323.86517333984375;3.5095860958099365
2023-10-15T09:00:00;1004.750859375;6.681054687500023;68.83555555555556;304.1452777777778;0.0041090985760092735;74.88927245140076;336.5427551269531;3.87048602104187
2023-10-15T10:00:00;1005.46609375;6.945794677734398;196.4622222222222;266.565;0.10495160520076752;77.10019946098328;318.55792236328125;5.171083927154541
2023-10-15T11:00:00;1005.7853125;6.469232177734398;124.48;300.98583333333335;0.1324247568845749;79.4805109500885;326.877685546875;4.969761848449707
2023-10-15T12:00:00;1006.37421875;6.372857666015648;243.4488888888889;267.5775;0.0033467833418399096;81.91266655921936;312.3267517089844;4.837085723876953
2023-10-15T13:00:00;1007.44703125;5.119836425781273;227.05777777777777;259.6761111111111;0.37016159296035767;87.20135688781738;283.8272399902344;5.0066819190979
2023-10-15T14:00:00;1007.92625;5.099084472656273;71.75111111111111;308.0275;1.4349004030227661;93.98082494735718;322.01995849609375;5.997124671936035
2023-10-15T15:00:00;1008.04453125;4.875909423828148;102.89777777777778;273.14;0.00599188357591629;90.19358158111572;295.8039245605469;2.8489327430725098
2023-10-15T16:00:00;1009.023828125;5.640985107421898;27.27111111111111;296.7269444444444;0.09014247357845306;93.50790977478027;310.52349853515625;3.1099836826324463
2023-10-15T17:00:00;1009.3984375;5.364617919921898;0.8888888888888888;276.4811111111111;0.1489441692829132;93.9977765083313;312.00567626953125;3.167836904525757
2023-10-15T18:00:00;1009.65015625;5.203424072265648;0.0;278.57194444444445;0.1376192271709442;92.98460483551025;312.57659912109375;4.311591625213623
2023-10-15T19:00:00;1010.2059375;5.450921630859398;0.0;283.69444444444446;0.021329211071133614;87.51283288002014;314.28009033203125;4.519150257110596
2023-10-15T20:00:00;1010.6740625;5.554437255859398;0.0;284.16194444444443;0.0020193769596517086;84.79834198951721;311.802490234375;5.431469917297363
2023-10-15T21:00:00;1011.413125;5.398370361328148;0.0;299.7661111111111;0.0057051717303693295;81.10876083374023;309.85113525390625;5.815324306488037
2023-10-15T22:00:00;1011.94859375;4.897485351562523;0.0;314.3230555555556;0.030280448496341705;83.27396512031555;309.32977294921875;5.12948751449585
2023-10-15T23:00:00;1012.45484375;4.688043212890648;0.0;307.6111111111111;0.007076099514961243;80.06504774093628;305.5752868652344;4.863965034484863
2023-10-16T00:00:00;1012.878671875;4.464624023437523;0.0;306.12055555555554;0.005340115632861853;78.36819291114807;301.27423095703125;4.822098731994629
2023-10-16T01:00:00;1013.309453125;4.266168212890648;0.0;300.2263888888889;0.00457373633980751;76.14951133728027;293.9637145996094;4.814489364624023
2023-10-16T02:00:00;1013.948203125;4.172296142578148;0.0;298.6308333333333;0.003216237761080265;73.59053492546082;284.3549499511719;4.523669242858887
2023-10-16T03:00:00;1014.1865625;4.137261962890648;0.0;299.94916666666666;0.001854743342846632;73.26399683952332;277.6406555175781;4.167924404144287
2023-10-16T04:00:00;1014.366640625;3.7126708984375227;0.0;312.31916666666666;0.5608435869216919;96.72595262527466;265.3335266113281;3.975933313369751
2023-10-16T05:00:00;1013.95484375;3.5328613281250227;0.0;319.6852777777778;0.7997759580612183;98.16638827323914;222.71217346191406;3.441542387008667
2023-10-16T06:00:00;1013.37;3.4321228027343977;0.0;320.77805555555557;0.5371613502502441;98.48682284355164;202.4490203857422;3.667011022567749
2023-10-16T07:00:00;1012.65296875;3.1108337402343977;3.9644444444444447;302.7969444444444;0.5259329080581665;97.39278554916382;200.68603515625;3.840984344482422
2023-10-16T08:00:00;1012.03484375;3.7792297363281477;34.43555555555555;276.56805555555553;0.17798060178756714;95.27791738510132;203.24337768554688;4.277622222900391
2023-10-16T09:00:00;1011.497109375;5.005334472656273;96.28444444444445;281.5647222222222;0.0;91.19768142700195;203.02249145507812;5.324610233306885
2023-10-16T10:00:00;1011.383125;5.528192138671898;73.22666666666667;312.2655555555556;0.09297171235084534;90.58881998062134;206.84878540039062;5.654012203216553
2023-10-16T11:00:00;1010.796015625;5.620568847656273;49.92;325.40222222222224;0.2829836905002594;93.8221275806427;202.62911987304688;6.298643589019775
2023-10-16T12:00:00;1010.573203125;5.893823242187523;34.16888888888889;331.87805555555553;0.9586413502693176;96.04225158691406;212.00643920898438;6.048922061920166
2023-10-16T13:00:00;1010.52421875;7.245874023437523;13.511111111111111;337.87583333333333;1.2230639457702637;98.88037443161011;226.03330993652344;6.212429046630859
2023-10-16T14:00:00;1010.368984375;7.422021484375023;9.03111111111111;342.0136111111111;0.7333572506904602;98.78882765769958;232.5386962890625;5.763395309448242
2023-10-16T15:00:00;1009.9903125;6.682794189453148;23.75111111111111;328.22027777777777;1.243407130241394;96.72430753707886;215.38037109375;4.546773433685303
2023-10-16T16:00:00;1009.4425;6.840692138671898;3.7333333333333334;338.34777777777776;1.5115761756896973;97.23709225654602;213.62759399414062;5.774713516235352
2023-10-16T17:00:00;1009.24328125;8.356774902343773;0.035555555555555556;343.00083333333333;1.4415555000305176;98.87135624885559;246.55517578125;5.141289710998535
2023-10-16T18:00:00;1008.9;8.524774169921898;-0.035555555555555556;346.5997222222222;3.461526393890381;98.83018732070923;236.9110107421875;4.584713459014893
2023-10-16T19:00:00;1008.74890625;8.057092285156273;0.035555555555555556;345.90944444444443;5.719817638397217;96.87403440475464;229.0400848388672;4.2772016525268555
2023-10-16T20:00:00;1008.16453125;7.637353515625023;0.0;343.9975;2.74927020072937;97.45540022850037;211.7539520263672;5.0879225730896
2023-10-16T21:00:00;1007.968125;8.497735595703148;0.0;345.24194444444447;3.2841057777404785;99.20557737350464;241.6815643310547;5.477521896362305
2023-10-16T22:00:00;1007.7646875;8.486199951171898;0.0;347.41;2.9262852668762207;99.99887943267822;236.48098754882812;5.123515605926514
2023-10-16T23:00:00;1007.26484375;8.589654541015648;0.0;346.3980555555556;3.5517730712890625;99.13998246192932;239.8908233642578;5.418145179748535
2023-10-17T00:00:00;1006.98671875;8.714410400390648;0.0;347.80833333333334;7.741089344024658;97.24488258361816;237.16293334960938;6.263731956481934
2023-10-17T01:00:00;1006.666484375;8.628320312500023;0.0;346.37611111111113;5.4563140869140625;97.90867567062378;237.40020751953125;6.9960832595825195
2023-10-17T02:00:00;1006.59109375;8.643121337890648;0.0;345.0161111111111;4.4670000076293945;96.73981070518494;259.7403564453125;6.417228698730469
2023-10-17T03:00:00;1005.986875;9.006707763671898;0.0;345.0258333333333;3.1650497913360596;97.53777980804443;251.76132202148438;7.344875812530518
2023-10-17T04:00:00;1005.814765625;9.161035156250023;0.0;350.63166666666666;0.6974806785583496;98.42440485954285;266.56268310546875;7.113095283508301
2023-10-17T05:00:00;1006.0365625;8.849816894531273;0.0;351.01444444444445;2.9634790420532227;98.16182255744934;279.4706726074219;7.628666400909424
2023-10-17T06:00:00;1006.6525;8.544488525390648;0.0;346.0422222222222;0.18253427743911743;94.32415962219238;270.3683166503906;7.419823169708252
2023-10-17T07:00:00;1007.202265625;8.213281250000023;0.32;343.1405555555556;0.805408239364624;95.97228765487671;265.976806640625;7.052548885345459
2023-10-17T08:00:00;1007.662109375;7.999108886718773;3.2888888888888888;342.49111111111114;1.166011095046997;98.43948483467102;272.47039794921875;6.177356719970703
2023-10-17T09:00:00;1008.355234375;7.996728515625023;19.75111111111111;339.3963888888889;0.1292935013771057;92.46894121170044;271.2851867675781;6.815474987030029
2023-10-17T10:00:00;1008.96140625;7.635980224609398;23.982222222222223;336.105;0.08266443014144897;91.43126010894775;266.5908508300781;6.325882911682129
2023-10-17T11:00:00;1009.7834375;7.098931884765648;37.56444444444445;332.2111111111111;0.22385293245315552;92.5726056098938;265.385009765625;6.154123306274414
2023-10-17T12:00:00;1010.5575;6.820855712890648;39.89333333333333;332.9872222222222;0.22450430691242218;94.23118233680725;258.1527404785156;5.649522304534912
2023-10-17T13:00:00;1011.3746875;6.823541259765648;27.235555555555557;334.44694444444445;0.556574285030365;96.20106220245361;256.81134033203125;5.3929057121276855
2023-10-17T14:00:00;1011.995625;7.180139160156273;17.066666666666666;336.6333333333333;0.7285727262496948;97.94961214065552;276.43505859375;4.838218688964844
2023-10-17T15:00:00;1012.63015625;7.198663330078148;29.724444444444444;332.6097222222222;0.7919925451278687;98.53871464729309;300.880615234375;3.9022645950317383
2023-10-17T16:00:00;1013.8478125;7.546990966796898;23.786666666666665;297.5588888888889;0.00022322009317576885;94.34868693351746;314.97161865234375;2.085045576095581
2023-10-17T17:00:00;1014.534375;6.589105224609398;0.28444444444444444;255.8997222222222;0.0002337532350793481;94.1335916519165;315.92340087890625;1.2449512481689453
2023-10-17T18:00:00;1015.252421875;6.195336914062523;-0.035555555555555556;252.54833333333335;0.0020894792396575212;93.59951615333557;315.427001953125;1.335275411605835
2023-10-17T19:00:00;1015.9178125;6.151391601562523;0.0;261.54555555555555;0.01479363813996315;95.9524154663086;343.8909912109375;1.1251074075698853
2023-10-17T20:00:00;1016.460625;5.966668701171898;0.0;250.64055555555555;0.005654491484165192;94.9040949344635;3.8028528690338135;0.9516848921775818
2023-10-17T21:00:00;1016.829453125;5.796075439453148;0.0;251.79166666666666;0.002884357236325741;94.32893395423889;7.054815292358398;0.9877635836601257
2023-10-17T22:00:00;1016.783125;5.643457031250023;0.0;275.5052777777778;0.05064935237169266;94.81717944145203;55.18173599243164;1.1061416864395142
2023-10-17T23:00:00;1017.19546875;5.871057128906273;0.0;314.8525;0.060089677572250366;91.74864888191223;65.65771484375;1.0907167196273804
2023-10-18T00:00:00;1017.50125;5.655267333984398;0.0;285.5475;0.03168347477912903;90.88335633277893;55.82488250732422;1.0536035299301147
2023-10-18T01:00:00;1017.964375;4.996911621093773;0.0;248.26277777777779;0.0007187973242253065;91.10612273216248;76.07440185546875;1.1482031345367432
2023-10-18T02:00:00;1018.124375;4.895776367187523;0.0;254.4725;7.405350334011018e-05;87.8346860408783;91.81394958496094;1.4421231746673584
2023-10-18T03:00:00;1018.28140625;4.765679931640648;0.0;252.93916666666667;0.00025766543694771826;87.62868642807007;98.11321258544922;1.5637019872665405
2023-10-18T04:00:00;1018.67234375;4.426843261718773;0.0;272.3955555555556;0.0030865201260894537;88.48926424980164;92.65264129638672;1.5343154668807983
2023-10-18T05:00:00;1018.62015625;4.052972412109398;0.0;265.6636111111111;0.0013216447550803423;92.34349727630615;85.71092987060547;2.0168001651763916
2023-10-18T06:00:00;1018.52671875;4.095117187500023;0.0;266.7730555555556;0.0003024777688551694;92.55408048629761;85.91604614257812;2.1343953609466553
2023-10-18T07:00:00;1018.1228125;4.170800781250023;4.017777777777778;268.6669444444444;7.703240407863632e-05;91.74084067344666;85.8399429321289;2.222961664199829
2023-10-18T08:00:00;1017.84921875;4.757623291015648;42.18666666666667;275.4188888888889;0.0001807658263714984;90.02277851104736;81.09246063232422;2.6978554725646973
2023-10-18T09:00:00;1017.3553125;5.418206787109398;92.60444444444444;272.8038888888889;5.284051439957693e-05;86.10892295837402;78.18638610839844;2.9472756385803223
2023-10-18T10:00:00;1017.021328125;5.681665039062523;150.68444444444444;267.29555555555555;0.00023605742899235338;80.85220456123352;67.63963317871094;2.7634429931640625
2023-10-18T11:00:00;1016.718125;6.408990478515648;172.33777777777777;272.53055555555557;0.0;79.16762232780457;69.17223358154297;3.028276205062866
2023-10-18T12:00:00;1016.431875;6.855065917968773;168.21333333333334;280.49055555555555;5.661784598487429e-05;79.53385710716248;68.64059448242188;2.973663091659546
2023-10-18T13:00:00;1016.16625;7.232659912109398;165.36888888888888;274.3752777777778;5.7275869949080516e-06;78.38636636734009;67.90805053710938;2.958245277404785
2023-10-18T14:00:00;1015.824453125;7.260125732421898;123.66222222222223;277.60583333333335;1.101794282476476e-06;78.73115539550781;71.70303344726562;2.887007236480713
2023-10-18T15:00:00;1015.484765625;6.918328857421898;114.20444444444445;249.66333333333333;0.0;79.66510057449341;79.458984375;2.7654242515563965
2023-10-18T16:00:00;1015.304375;4.994897460937523;39.217777777777776;235.8936111111111;0.0;81.18324875831604;84.34178924560547;2.6526119709014893
2023-10-18T17:00:00;1015.218671875;4.515679931640648;0.035555555555555556;235.62916666666666;0.0;82.07285404205322;91.56046295166016;2.8493340015411377
2023-10-18T18:00:00;1015.1709375;4.156976318359398;0.035555555555555556;234.27027777777778;0.0;75.4612147808075;96.7459487915039;2.938215732574463
2023-10-18T19:00:00;1015.331171875;4.027093505859398;0.0;231.95416666666668;0.0;64.98604416847229;105.09728240966797;2.9573426246643066
2023-10-18T20:00:00;1015.154375;3.8634887695312727;0.0;230.69861111111112;0.0;63.99124264717102;105.62432861328125;2.902815103530884
2023-10-18T21:00:00;1014.801875;3.6217590332031477;0.0;229.2475;0.0;63.95611763000488;103.79259490966797;3.014188528060913
2023-10-18T22:00:00;1014.3784375;3.4832397460937727;0.0;226.79472222222222;0.0;65.55361747741699;106.10499572753906;2.9155192375183105
2023-10-18T23:00:00;1013.85640625;3.3236938476562727;0.0;223.99388888888888;0.0;60.99733114242554;109.8848876953125;2.792052984237671
2023-10-19T00:00:00;1013.48296875;3.1660400390625227;0.0;220.77416666666667;0.0;57.97606706619263;108.83256530761719;2.7495875358581543
2023-10-19T01:00:00;1013.33765625;2.9478088378906477;0.0;219.7686111111111;0.0;56.73857927322388;104.49359893798828;2.71968150138855
2023-10-19T02:00:00;1012.99625;3.0974975585937727;0.0;219.79777777777778;0.0;53.39382290840149;105.58743286132812;2.882206916809082
2023-10-19T03:00:00;1012.512578125;2.7667480468750227;0.0;218.9975;0.0;56.10841512680054;107.71766662597656;2.966857671737671
2023-10-19T04:00:00;1012.44046875;2.6796508789062727;0.0;221.45333333333335;0.0;60.0482702255249;113.4076919555664;3.0312576293945312
2023-10-19T05:00:00;1012.065234375;2.5342651367187727;0.0;218.5427777777778;0.0;58.830589056015015;117.23506164550781;2.9995405673980713
2023-10-19T06:00:00;1011.76390625;2.6453796386718977;0.0;219.0088888888889;0.0;61.16364002227783;125.08335876464844;3.0205283164978027
2023-10-19T07:00:00;1011.399140625;2.6133361816406477;4.604444444444445;218.095;0.0;62.44081258773804;123.36775970458984;3.1023592948913574
2023-10-19T08:00:00;1011.423125;3.2351013183593977;68.60444444444444;217.40944444444443;0.0;57.72579908370972;115.84178161621094;3.0108509063720703
2023-10-19T09:00:00;1011.48390625;4.210717773437523;157.04888888888888;218.1911111111111;0.0;60.777658224105835;107.90475463867188;3.0091984272003174
2023-10-19T10:00:00;1011.308828125;5.643609619140648;231.07555555555555;220.7213888888889;0.0;55.113619565963745;114.58890533447266;2.9286839962005615
2023-10-19T11:00:00;1011.3234375;6.641992187500023;277.81333333333333;220.88972222222222;0.0;58.59556794166565;103.3003921508789;3.1148722171783447
2023-10-19T12:00:00;1011.34546875;6.884545898437523;289.81333333333333;220.4675;0.0;53.0109167098999;107.26778411865234;3.3958280086517334
2023-10-19T13:00:00;1011.583515625;6.868493652343773;265.1377777777778;220.03166666666667;0.0;54.71234321594238;109.79232025146484;3.1918833255767822
2023-10-19T14:00:00;1011.584375;6.201684570312523;207.4311111111111;218.19972222222222;0.0;55.8139443397522;115.66278839111328;3.0801539421081543
2023-10-19T15:00:00;1011.868046875;5.120599365234398;125.22666666666667;215.02555555555554;0.0;55.82001805305481;116.63092041015625;3.0609641075134277
2023-10-19T16:00:00;1013.19640625;2.9505859375000227;36.8;211.85972222222222;0.0;48.07940721511841;126.75775909423828;2.580876350402832
2023-10-19T17:00:00;1013.311484375;1.8842712402343977;0.0;209.56305555555556;0.0;48.5966682434082;125.92134857177734;2.4482455253601074
2023-10-19T18:00:00;1013.63171875;1.3735595703125227;0.0;209.79833333333335;0.0;52.37933397293091;118.99347686767578;2.480658769607544
2023-10-19T19:00:00;1014.078359375;1.2374511718750227;0.0;209.41722222222222;0.0;56.949299573898315;119.56631469726562;2.7090885639190674
2023-10-19T20:00:00;1014.54;1.1358276367187727;0.0;209.82805555555555;0.0;57.300275564193726;122.58047485351562;2.713724136352539
2023-10-19T21:00:00;1014.6496875;1.1279541015625227;0.0;210.11027777777778;0.0;54.23781871795654;126.51436614990234;2.632099151611328
2023-10-19T22:00:00;1014.97390625;1.2268005371093977;0.0;210.6888888888889;0.0;51.92288160324097;135.24534606933594;2.638129472732544
2023-10-19T23:00:00;1015.159375;1.2994628906250227;0.0;210.9711111111111;0.0;50.06283521652222;133.1117401123047;2.707237958908081
2023-10-20T00:00:00;1015.2396875;1.4009643554687727;0.0;211.2302777777778;0.0;53.58460545539856;128.71461486816406;2.9026272296905518
2023-10-20T01:00:00;1015.35125;1.4098144531250227;0.0;211.2111111111111;0.0;53.077930212020874;127.77144622802734;3.0038321018218994
2023-10-20T02:00:00;1015.597421875;1.3397460937500227;0.0;210.3161111111111;0.0;52.53170728683472;126.84947967529297;3.0914499759674072
2023-10-20T03:00:00;1015.41671875;1.1681152343750227;0.0;209.60083333333333;0.0;53.93552780151367;124.07970428466797;3.1910061836242676
2023-10-20T04:00:00;1016.324765625;1.2275939941406477;0.0;210.54638888888888;0.0;46.0970938205719;128.5223846435547;2.784074544906616
2023-10-20T05:00:00;1016.163125;0.8029113769531477;0.0;208.86083333333335;0.0;55.17452955245972;121.66921997070312;2.8345794677734375
2023-10-20T06:00:00;1015.989140625;0.9122863769531477;0.0;209.00833333333333;0.0;58.6063027381897;114.39702606201172;2.8860182762145996
2023-10-20T07:00:00;1015.92171875;0.7526184082031477;3.466666666666667;208.89527777777778;0.0;60.869139432907104;110.73756408691406;2.917917251586914
2023-10-20T08:00:00;1016.2709375;1.3958374023437727;63.75111111111111;210.33555555555554;0.0;61.865562200546265;112.44361877441406;2.9820470809936523
2023-10-20T09:00:00;1016.1671875;2.7963500976562727;150.73777777777778;211.86805555555554;0.0;58.6642861366272;111.84799194335938;3.022768020629883
2023-10-20T10:00:00;1016.01328125;3.8561950683593977;224.0888888888889;213.88944444444445;0.0;53.73406410217285;113.31574249267578;3.0752456188201904
2023-10-20T11:00:00;1015.91125;4.710137939453148;269.90222222222224;215.3111111111111;0.0;48.98253679275513;118.12327575683594;3.0742297172546387
2023-10-20T12:00:00;1016.0396875;5.177026367187523;280.78222222222223;216.90083333333334;0.0;46.7989981174469;125.75398254394531;3.1647777557373047
2023-10-20T13:00:00;1016.06296875;5.367547607421898;255.68;218.44916666666666;0.0;48.84219169616699;123.7452392578125;2.9959983825683594
2023-10-20T14:00:00;1015.8065625;5.066369628906273;198.4;218.84416666666667;0.0;55.78790903091431;112.53057861328125;2.5293197631835938
2023-10-20T15:00:00;1015.59875;4.246850585937523;117.33333333333333;218.48555555555555;0.0;62.44078874588013;113.38605499267578;2.3754711151123047
2023-10-20T16:00:00;1015.755;1.7839599609375227;32.0;213.66944444444445;0.0;62.55670785903931;111.53743743896484;2.5038275718688965
2023-10-20T17:00:00;1015.555859375;1.4455200195312727;0.0;213.83305555555555;0.0;61.476391553878784;115.28398132324219;3.4301140308380127
2023-10-20T18:00:00;1015.26921875;1.3025756835937727;0.0;213.84027777777777;0.0;61.0887885093689;115.8528823852539;3.795395612716675
2023-10-20T19:00:00;1014.977890625;1.3858581542968977;0.0;213.07972222222222;0.0;58.17127823829651;116.10392761230469;4.561360836029053
2023-10-20T20:00:00;1014.53765625;1.5675292968750227;0.0;212.44;0.0;57.03761577606201;117.70259857177734;5.181752681732178
2023-10-20T21:00:00;1013.974140625;1.7566772460937727;0.0;212.32194444444445;0.0;57.64486789703369;118.52996826171875;5.713870525360107
2023-10-20T22:00:00;1013.74671875;1.9196105957031477;0.0;211.3786111111111;0.0;51.26206874847412;121.5291748046875;5.643211841583252
2023-10-20T23:00:00;1013.30203125;1.9824462890625227;0.0;210.9625;0.0;50.43962001800537;117.92459106445312;4.86619234085083
2023-10-21T00:00:00;1012.9246875;1.2610717773437727;0.0;209.20083333333332;0.0;58.67171287536621;123.96754455566406;3.719024419784546
2023-10-21T01:00:00;1012.600234375;1.6292968750000227;0.0;208.57638888888889;0.0;49.290674924850464;132.83216857910156;4.762568950653076
2023-10-21T02:00:00;1012.12046875;1.0078979492187727;0.0;205.6563888888889;0.0;51.72595977783203;148.52853393554688;2.5440709590911865
2023-10-21T03:00:00;1010.7515625;0.8130126953125227;0.0;205.63861111111112;0.0;48.69861602783203;149.45065307617188;2.7712314128875732
2023-10-21T04:00:00;1010.28671875;0.8474670410156477;0.0;210.06583333333333;0.0;51.86176300048828;132.87477111816406;3.640650510787964
2023-10-21T05:00:00;1009.8603125;1.2610412597656477;0.0;211.8775;0.0;52.961909770965576;128.46279907226562;3.6644647121429443
2023-10-21T06:00:00;1009.186328125;1.3720642089843977;0.0;213.6436111111111;0.0;53.29608917236328;114.05339813232422;4.929310321807861
2023-10-21T07:00:00;1008.63578125;1.5273681640625227;2.471111111111111;214.565;0.0;54.100239276885986;119.06388092041016;4.058318138122559
2023-10-21T08:00:00;1007.851875;2.2543273925781477;59.28888888888889;214.6586111111111;0.0;53.90337109565735;108.71074676513672;4.5826592445373535
2023-10-21T09:00:00;1007.2153125;3.3362976074218977;142.11555555555555;217.95777777777778;0.0;51.783961057662964;111.25067901611328;4.360403060913086
2023-10-21T10:00:00;1007.4275;3.6889892578125227;217.1911111111111;216.98083333333332;0.0;52.2966742515564;116.48046112060547;3.4022974967956543
2023-10-21T11:00:00;1007.003203125;4.795068359375023;249.9911111111111;224.80972222222223;0.0;51.098865270614624;116.25686645507812;3.1835153102874756
2023-10-21T12:00:00;1006.6034375;5.048791503906273;175.82222222222222;252.56166666666667;0.0;53.79358530044556;118.213134765625;2.785133123397827
2023-10-21T13:00:00;1006.175625;4.998559570312523;149.51111111111112;257.62083333333334;0.0;58.43377113342285;112.32328033447266;2.406569004058838
2023-10-21T14:00:00;1005.67375;5.120263671875023;156.8;241.6288888888889;0.0;60.35640239715576;128.36756896972656;1.8460301160812378
2023-10-21T15:00:00;1005.36078125;4.703240966796898;69.97333333333333;259.22555555555556;0.0;57.05748200416565;139.89564514160156;2.096229314804077
2023-10-21T16:00:00;1005.28125;3.7708679199218977;19.59111111111111;257.75138888888887;0.0;62.841975688934326;121.11597442626953;3.1672322750091553
2023-10-21T17:00:00;1005.0671875;3.5838256835937727;-0.035555555555555556;260.9555555555556;0.0;64.41057920455933;130.21607971191406;2.568814754486084
2023-10-21T18:00:00;1004.649765625;3.5017639160156477;0.0;253.66083333333333;0.0;64.72646594047546;132.86790466308594;2.734337568283081
2023-10-21T19:00:00;1004.38515625;3.9720703125000227;0.0;287.34472222222223;0.0;64.40751552581787;130.5770721435547;2.504706621170044
2023-10-21T20:00:00;1003.986875;4.207696533203148;0.0;294.8905555555556;0.0;62.37046718597412;139.88339233398438;2.493117332458496
2023-10-21T21:00:00;1004.034453125;3.9809204101562727;0.0;289.3522222222222;0.0;64.28241729736328;141.77932739257812;2.4547436237335205
2023-10-21T22:00:00;1004.2890625;3.3603149414062727;0.0;250.5288888888889;0.0;62.65888214111328;143.06089782714844;2.370128870010376
2023-10-21T23:00:00;1004.35;2.8925109863281477;0.0;242.20222222222222;0.0;64.31908011436462;134.15711975097656;2.4205615520477295
2023-10-22T00:00:00;1004.146015625;2.7629638671875227;0.0;244.6861111111111;0.0;64.31143879890442;138.031494140625;2.35933518409729
2023-10-22T01:00:00;1003.936640625;2.7986083984375227;0.0;256.6961111111111;0.0;64.0580952167511;139.03509521484375;2.1431148052215576
2023-10-22T02:00:00;1003.435390625;3.0216308593750227;0.0;267.60277777777776;0.0;65.44057130813599;128.3570556640625;1.9108190536499023
2023-10-22T03:00:00;1003.157421875;3.3065429687500227;0.0;277.2597222222222;0.0;65.51686525344849;131.69285583496094;1.8919657468795776
2023-10-22T04:00:00;1003.028125;3.6472717285156477;0.0;260.9602777777778;0.0;65.16739130020142;144.5001220703125;1.8117185831069946
2023-10-22T05:00:00;1003.11203125;3.6810546875000227;0.0;262.62583333333333;0.0;65.25128483772278;141.40097045898438;1.748747706413269
2023-10-22T06:00:00;1003.125;3.8033081054687727;0.0;258.75194444444446;0.0;66.22024178504944;130.22055053710938;1.7900077104568481
2023-10-22T07:00:00;1003.40234375;4.003930664062523;1.3511111111111112;258.4288888888889;0.0;64.94922041893005;141.22702026367188;1.7789678573608398
2023-10-22T08:00:00;1003.51265625;5.182702636718773;44.49777777777778;263.7338888888889;0.0;58.15451741218567;132.8776397705078;1.630109429359436
2023-10-22T09:00:00;1003.5471875;6.663690185546898;116.10666666666667;262.5597222222222;0.0;52.06010937690735;114.6163330078125;1.2836732864379883
2023-10-22T10:00:00;1003.26015625;7.614373779296898;154.84444444444443;274.4075;0.0;45.64075469970703;181.55325317382812;1.1305286884307861
2023-10-22T11:00:00;1003.41765625;8.401116943359398;156.9777777777778;292.4941666666667;0.0;51.434528827667236;164.5699005126953;1.1900113821029663
2023-10-22T12:00:00;1003.73890625;8.552758789062523;149.47555555555556;303.07944444444445;0.0;57.70135521888733;128.18186950683594;0.8332476615905762
2023-10-22T13:00:00;1004.095;8.628869628906273;126.93333333333334;308.09;0.0;56.70648217201233;207.54164123535156;0.48889145255088806
2023-10-22T14:00:00;1004.02359375;8.276727294921898;115.84;300.3016666666667;0.0;66.45073890686035;40.02629089355469;0.49681928753852844
2023-10-22T15:00:00;1004.013046875;7.717614746093773;57.67111111111111;304.5702777777778;0.0;68.8692569732666;103.09574890136719;1.1744438409805298
2023-10-22T16:00:00;1003.78875;7.104608154296898;13.297777777777778;300.80611111111114;0.0;64.12378549575806;122.39873504638672;1.5336215496063232
2023-10-22T17:00:00;1004.10296875;7.994012451171898;0.0;318.63055555555553;0.0;56.50966167449951;133.4564971923828;1.1016000509262085
2023-10-22T18:00:00;1004.6221875;7.879418945312523;0.0;328.28777777777776;0.0;56.22432827949524;170.03001403808594;0.7551946640014648
2023-10-22T19:00:00;1004.92359375;7.728997802734398;0.0;320.7913888888889;0.0;60.75164079666138;106.32484436035156;1.2747070789337158
2023-10-22T20:00:00;1005.0028125;8.043725585937523;0.0;312.8411111111111;0.019977722316980362;59.31273102760315;137.48500061035156;1.7417798042297363
2023-10-22T21:00:00;1004.99640625;8.065545654296898;0.0;311.00055555555554;0.011888386681675911;56.685131788253784;108.00078582763672;1.5368715524673462
2023-10-22T22:00:00;1005.47296875;6.995538330078148;0.0;320.6575;0.003541350830346346;61.02321743965149;117.59548950195312;1.4858933687210083
2023-10-22T23:00:00;1005.83140625;7.263970947265648;0.0;328.08;0.029063962399959564;63.50885033607483;146.34939575195312;1.1665781736373901
2023-10-23T00:00:00;1005.9525;7.454309082031273;0.0;326.2175;0.002437363378703594;62.79933452606201;130.9834442138672;1.2335679531097412
2023-10-23T01:00:00;1006.311328125;7.409570312500023;0.0;323.78805555555556;4.550166704575531e-05;63.34407925605774;136.9309539794922;1.7111157178878784
2023-10-23T02:00:00;1006.52125;6.951226806640648;0.0;325.59583333333336;0.0002672788396012038;69.19276714324951;162.6078643798828;1.1937505006790161
2023-10-23T03:00:00;1006.651484375;6.462457275390648;0.0;290.4161111111111;0.0;71.22830748558044;170.33909606933594;1.2827880382537842
2023-10-23T04:00:00;1007.04546875;5.894036865234398;0.0;331.4263888888889;0.0002935388183686882;74.01148676872253;168.22496032714844;1.2325825691223145
2023-10-23T05:00:00;1007.260703125;6.569360351562523;0.0;326.2138888888889;0.00016037243767641485;67.6180899143219;159.27249145507812;1.215238094329834
2023-10-23T06:00:00;1007.59203125;7.420098876953148;0.0;329.17027777777776;0.00019181723473593593;58.26597213745117;226.10922241210938;0.8302739858627319
2023-10-23T07:00:00;1007.95125;7.087640380859398;0.5155555555555555;310.8586111111111;3.0449444238911383e-05;61.5481972694397;302.62115478515625;0.8617172241210938
2023-10-23T08:00:00;1008.73703125;6.839562988281273;29.973333333333333;290.53305555555556;0.011782846413552761;70.65313458442688;287.8366394042969;0.7861759066581726
2023-10-23T09:00:00;1009.080625;7.093072509765648;69.12;296.3183333333333;0.01946992799639702;75.11481046676636;79.26869201660156;0.6255924105644226
2023-10-23T10:00:00;1009.308671875;8.094750976562523;86.89777777777778;322.14194444444445;8.495718248013873e-06;70.41047811508179;87.69767761230469;0.6883914470672607
2023-10-23T11:00:00;1009.691171875;8.300683593750023;69.88444444444444;331.135;2.123929562003468e-06;71.27264142036438;128.24026489257812;1.177647590637207
2023-10-23T12:00:00;1010.12171875;8.388513183593773;61.653333333333336;333.65;0.0;75.93882083892822;132.51803588867188;0.9696032404899597
2023-10-23T13:00:00;1010.73390625;8.182366943359398;44.693333333333335;335.55861111111113;0.029508955776691437;83.47367644309998;171.31298828125;0.6509027481079102
2023-10-23T14:00:00;1011.43671875;7.709863281250023;13.297777777777778;341.045;0.4810570478439331;92.21850633621216;199.5264892578125;0.8747377395629883
2023-10-23T15:00:00;1011.85140625;7.363641357421898;4.195555555555556;343.1066666666667;0.9039990901947021;96.43906354904175;208.04214477539062;1.4709904193878174
2023-10-23T16:00:00;1012.369375;7.588342285156273;1.208888888888889;339.57722222222225;0.19371119141578674;95.88663578033447;208.9125518798828;2.1689610481262207
2023-10-23T17:00:00;1012.73625;7.517572021484398;0.0;334.4508333333333;0.19720537960529327;96.39173746109009;225.0223846435547;2.0924630165100098
2023-10-23T18:00:00;1013.3015625;7.493157958984398;0.0;344.705;0.4349812865257263;99.99438524246216;234.8643035888672;1.8236733675003052
2023-10-23T19:00:00;1013.663046875;7.361962890625023;0.0;339.01944444444445;0.08733909577131271;99.78840947151184;228.4733428955078;1.466049313545227
2023-10-23T20:00:00;1013.7128125;6.844171142578148;0.0;324.69916666666666;0.006381829269230366;98.58449697494507;207.40428161621094;1.1435786485671997
2023-10-23T21:00:00;1013.79078125;6.024255371093773;0.0;280.9863888888889;9.585852239979431e-05;96.787029504776;193.2726287841797;0.9694947004318237
2023-10-23T22:00:00;1013.85375;5.595361328125023;0.0;275.87916666666666;8.61758308019489e-05;97.53152132034302;132.50498962402344;1.1348544359207153
2023-10-23T23:00:00;1013.9221875;5.758630371093773;0.0;277.40472222222223;0.000649208202958107;92.13613867759705;116.52364349365234;1.5201375484466553
2023-10-24T00:00:00;1014.19546875;6.059350585937523;0.0;293.0372222222222;0.004975765943527222;86.94355487823486;122.17003631591797;1.1785175800323486
2023-10-24T01:00:00;1014.467109375;6.670617675781273;0.0;305.4169444444444;0.006808201316744089;78.1559944152832;110.66805267333984;1.38185453414917
2023-10-24T02:00:00;1014.67515625;6.645898437500023;0.0;305.3222222222222;0.009294785559177399;77.11676955223083;106.43719482421875;1.389945149421692
2023-10-24T03:00:00;1014.511953125;6.251000976562523;0.0;295.38166666666666;0.0071385083720088005;78.78918051719666;99.71580505371094;1.4711837768554688
2023-10-24T04:00:00;1014.508515625;5.345697021484398;0.0;300.0252777777778;0.001009433064609766;87.7674400806427;99.88453674316406;1.2047004699707031
2023-10-24T05:00:00;1014.36671875;5.199273681640648;0.0;294.48805555555555;0.0007349209627136588;87.82089352607727;91.05331420898438;0.9251701831817627
2023-10-24T06:00:00;1014.033125;4.889978027343773;0.0;267.245;3.759680112125352e-05;89.09345269203186;76.48048400878906;1.0124720335006714
2023-10-24T07:00:00;1013.8275;5.020043945312523;0.49777777777777776;261.83194444444445;0.00012034051906084642;88.60516548156738;75.89164733886719;1.3072705268859863
2023-10-24T08:00:00;1013.56890625;5.336877441406273;40.693333333333335;257.96;3.711091630975716e-05;88.86458277702332;78.39895629882812;1.112606167793274
2023-10-24T09:00:00;1013.46875;6.157617187500023;118.43555555555555;254.54833333333335;0.0001241902500623837;87.94901967048645;68.11962127685547;1.0501490831375122
2023-10-24T10:00:00;1013.00734375;7.047875976562523;184.21333333333334;254.57583333333332;0.0;86.8671178817749;76.96507263183594;1.2540335655212402
2023-10-24T11:00:00;1012.83328125;7.896600341796898;198.84444444444443;264.79277777777776;0.0;86.29034161567688;57.43693923950195;1.0181878805160522
2023-10-24T12:00:00;1012.728671875;8.385339355468773;225.9911111111111;259.5786111111111;2.8637934974540258e-06;86.9968593120575;43.71087646484375;0.7976882457733154
2023-10-24T13:00:00;1012.765625;8.635339355468773;201.28;261.65555555555557;0.0;86.95722222328186;42.753910064697266;0.5475376844406128
2023-10-24T14:00:00;1012.27671875;8.505059814453148;160.42666666666668;257.19194444444446;7.732242374913767e-05;89.5526647567749;32.67154312133789;0.45568209886550903
2023-10-24T15:00:00;1011.916484375;7.742791748046898;80.0;261.4186111111111;0.0;91.48440361022949;114.02295684814453;0.793578028678894
2023-10-24T16:00:00;1011.984375;6.490197753906273;14.933333333333334;265.41805555555555;0.0;91.58511161804199;66.54119110107422;0.7783926725387573
2023-10-24T17:00:00;1012.114609375;5.660119628906273;-0.035555555555555556;277.10027777777776;0.0;96.64337038993835;52.255245208740234;0.4976697564125061
2023-10-24T18:00:00;1012.12203125;5.383843994140648;0.0;287.9511111111111;0.0003355808730702847;97.68406748771667;52.64106369018555;0.9556937217712402
2023-10-24T19:00:00;1012.131640625;5.254418945312523;0.0;291.84194444444444;0.00022979550703894347;95.17099857330322;72.69010925292969;0.7945691347122192
2023-10-24T20:00:00;1012.0778125;5.556787109375023;0.0;282.1125;0.0;83.72220396995544;74.72876739501953;1.2475993633270264
2023-10-24T21:00:00;1011.4765625;5.282495117187523;0.0;264.8288888888889;4.295690087019466e-05;83.55901837348938;126.05685424804688;1.4530785083770752
2023-10-24T22:00:00;1011.27640625;5.142938232421898;0.0;255.42194444444445;5.543014049180783e-05;78.45653295516968;130.76112365722656;1.7670044898986816
2023-10-24T23:00:00;1010.79421875;4.875634765625023;0.0;255.55416666666667;1.6158090147655457e-05;79.38881516456604;125.96855163574219;1.593934416770935
2023-10-25T00:00:00;1010.4678125;4.775964355468773;0.0;255.1688888888889;5.9492926084203646e-05;81.51434063911438;115.44913482666016;1.621836543083191
2023-10-25T01:00:00;1010.3175;4.929956054687523;0.0;255.37583333333333;5.39543034392409e-05;80.30734062194824;107.75468444824219;1.7435983419418335
2023-10-25T02:00:00;1010.32484375;5.115411376953148;0.0;254.83916666666667;0.00016615859931334853;78.49161624908447;106.79508209228516;1.8018909692764282
2023-10-25T03:00:00;1009.951796875;5.068780517578148;0.0;253.5222222222222;2.8587390261236578e-05;75.48859715461731;115.45116424560547;1.6114109754562378
2023-10-25T04:00:00;1009.9490625;4.827233886718773;0.0;252.855;0.0;75.65340995788574;111.06210327148438;1.8798986673355103
2023-10-25T05:00:00;1009.74125;4.599114990234398;0.0;252.26361111111112;0.0;76.76123380661011;116.46537780761719;1.8549591302871704
2023-10-25T06:00:00;1009.51453125;4.713952636718773;0.0;251.33833333333334;0.0;73.77359867095947;122.5543212890625;1.900339126586914
2023-10-25T07:00:00;1009.270234375;4.713250732421898;0.19555555555555557;252.5638888888889;0.0;71.3810384273529;126.31844329833984;1.9364116191864014
2023-10-25T08:00:00;1008.90828125;4.966546630859398;36.46222222222222;252.40694444444443;0.0;69.59116458892822;118.89656829833984;1.6633186340332031
2023-10-25T09:00:00;1008.758125;5.803094482421898;110.93333333333334;250.49388888888888;0.0;66.38991832733154;107.10000610351562;1.5465342998504639
2023-10-25T10:00:00;1008.40609375;7.152276611328148;175.37777777777777;254.17138888888888;0.0;66.55612587928772;77.99449920654297;1.4968903064727783
2023-10-25T11:00:00;1007.996875;8.122125244140648;224.7288888888889;252.47805555555556;0.0;69.81854438781738;67.8282241821289;0.8512952327728271
2023-10-25T12:00:00;1007.77953125;8.600579833984398;235.34222222222223;253.9038888888889;0.0;70.79499363899231;35.70160675048828;0.7199136018753052
2023-10-25T13:00:00;1007.666015625;8.718133544921898;208.96;255.93055555555554;0.0;74.59454536437988;44.398681640625;0.4753950238227844
2023-10-25T14:00:00;1007.26921875;8.495141601562523;155.16444444444446;255.57888888888888;0.0;82.9319953918457;80.69940948486328;0.5042862296104431
2023-10-25T15:00:00;1006.927421875;7.553826904296898;81.63555555555556;254.70472222222222;0.0;82.26968050003052;116.75407409667969;0.7873995304107666
2023-10-25T16:00:00;1006.97421875;6.292687988281273;11.875555555555556;265.1591666666667;0.0;77.19476819038391;138.05523681640625;1.8520753383636475
2023-10-25T17:00:00;1006.9765625;5.823541259765648;0.0;259.56944444444446;0.0;69.97430324554443;144.13755798339844;1.9724647998809814
2023-10-25T18:00:00;1007.063515625;5.602838134765648;0.0;255.71555555555557;0.0;66.63559675216675;137.2825469970703;2.1873385906219482
2023-10-25T19:00:00;1007.10578125;5.462976074218773;0.0;252.3475;0.0;67.26581454277039;143.4039306640625;2.359055757522583
2023-10-25T20:00:00;1006.86296875;5.241082763671898;0.0;246.57805555555555;0.0;68.34612488746643;135.5594940185547;2.371429920196533
2023-10-25T21:00:00;1006.65203125;4.912316894531273;0.0;243.43027777777777;0.0;64.99070525169373;134.98870849609375;2.2878453731536865
2023-10-25T22:00:00;1005.987421875;4.482293701171898;0.0;246.05694444444444;0.0;63.04676532745361;150.5587158203125;1.9780021905899048
2023-10-25T23:00:00;1005.81703125;4.598443603515648;0.0;243.68777777777777;0.0;58.39584469795227;155.55422973632812;1.819339632987976
2023-10-26T00:00:00;1005.793828125;5.286645507812523;0.0;242.34722222222223;0.0;52.19459533691406;166.30270385742188;1.3207756280899048
2023-10-26T01:00:00;1005.937734375;6.576959228515648;0.0;242.75222222222223;0.0;45.96900939941406;158.06887817382812;1.0736515522003174
2023-10-26T02:00:00;1005.61640625;6.091912841796898;0.0;243.94166666666666;0.0;47.8854775428772;126.68357849121094;1.2670328617095947
2023-10-26T03:00:00;1005.4309375;5.946832275390648;0.0;244.64111111111112;0.0;47.40031361579895;138.41989135742188;1.4229665994644165
2023-10-26T04:00:00;1005.0965625;5.647851562500023;-4.409515576749475e-14;242.29444444444445;0.0;41.71334505081177;111.94345092773438;1.7269649505615234
2023-10-26T05:00:00;1004.942890625;5.641198730468773;0.0;240.80305555555555;0.0;41.66449308395386;149.86373901367188;1.522100806236267
2023-10-26T06:00:00;1004.74;5.501702880859398;0.0;241.29833333333335;0.0;46.95931077003479;169.8229217529297;1.2653518915176392
2023-10-26T07:00:00;1004.470546875;5.106530761718773;0.044444444444444446;239.94333333333333;0.0;54.38722372055054;191.1220703125;1.308298945426941
2023-10-26T08:00:00;1004.609609375;4.573602294921898;35.83111111111111;238.72722222222222;0.0;64.72817659378052;207.76632690429688;1.0583285093307495
2023-10-26T09:00:00;1004.663046875;4.686822509765648;111.84;238.61805555555554;0.0;69.26308274269104;183.32894897460938;0.9669235944747925
2023-10-26T10:00:00;1004.4428125;5.984155273437523;179.57333333333332;238.06305555555556;0.0;49.59600567817688;168.32711791992188;0.48268136382102966
2023-10-26T11:00:00;1004.46140625;6.572503662109398;222.43555555555557;238.61583333333334;0.0;55.43560981750488;279.58306884765625;0.8456403613090515
2023-10-26T12:00:00;1004.54484375;6.927850341796898;231.82222222222222;239.7761111111111;0.0;63.26635479927063;265.39605712890625;1.0304579734802246
2023-10-26T13:00:00;1004.43390625;6.980950927734398;208.03555555555556;240.045;0.0;67.64878630638123;277.580322265625;0.9807419180870056
2023-10-26T14:00:00;1004.32;6.629174804687523;153.9911111111111;240.14527777777778;0.0;70.31445503234863;282.13262939453125;0.8082200884819031
2023-10-26T15:00:00;1004.15640625;5.637780761718773;79.92888888888889;239.3986111111111;0.0;77.36552357673645;196.6992645263672;0.5939981341362
2023-10-26T16:00:00;1003.97515625;3.7578979492187727;12.017777777777777;236.13083333333333;0.0;75.57409405708313;65.04862976074219;0.728614330291748
2023-10-26T17:00:00;1003.88203125;2.8782287597656477;0.0;235.56805555555556;0.0;85.48775315284729;19.000019073486328;0.8506782054901123
2023-10-26T18:00:00;1003.823984375;2.7812133789062727;0.0;236.20583333333335;0.0;83.47970247268677;25.650136947631836;0.9235398769378662
2023-10-26T19:00:00;1003.82234375;2.3915954589843977;0.0;235.36833333333334;0.0;85.72887182235718;25.288244247436523;0.9843803644180298
2023-10-26T20:00:00;1003.749296875;2.1964965820312727;0.0;238.085;0.0;93.75191330909729;5.285222053527832;0.7731714844703674
2023-10-26T21:00:00;1003.57125;2.3554626464843977;0.0;236.7577777777778;0.0;91.20063781738281;0.5673112273216248;0.5304857492446899
2023-10-26T22:00:00;1003.5746875;1.7782531738281477;0.0;232.95833333333334;0.0;84.76448059082031;66.2625503540039;1.2874900102615356
2023-10-26T23:00:00;1003.27609375;1.6008850097656477;0.0;232.8825;0.0;89.74952101707458;51.59067153930664;0.947446882724762
2023-10-27T00:00:00;1003.10921875;1.8749633789062727;0.0;232.99833333333333;0.0;86.81530952453613;38.68626022338867;0.8245487809181213
2023-10-27T01:00:00;1003.07015625;1.8091979980468977;0.0;231.6136111111111;0.0;88.37776780128479;45.06239318847656;0.9118214249610901
2023-10-27T02:00:00;1002.90765625;1.8207336425781477;0.0;230.64583333333334;0.0;89.1514003276825;55.495479583740234;0.9595510363578796
2023-10-27T03:00:00;1002.71765625;1.8310180664062727;0.0;229.5975;0.0;86.71759963035583;75.82120513916016;1.0618062019348145
2023-10-27T04:00:00;1003.0759375;0.9035583496093977;-4.409515576749475e-14;227.03944444444446;0.0;84.12061333656311;93.25736236572266;1.3615666627883911
2023-10-27T05:00:00;1002.678125;0.9188781738281477;0.0;226.92361111111111;0.0;85.26186347007751;88.38743591308594;1.3403186798095703
2023-10-27T06:00:00;1002.2453125;0.9159790039062727;0.0;226.34083333333334;0.0;82.85093307495117;81.1745376586914;1.4961475133895874
2023-10-27T07:00:00;1001.89734375;0.9857116699218977;0.0;225.7397222222222;0.0;81.72181844711304;75.33963775634766;1.5537924766540527
2023-10-27T08:00:00;1001.776796875;1.4782653808593977;32.46222222222222;225.375;0.0;77.84008383750916;71.83526611328125;1.4521161317825317
2023-10-27T09:00:00;1001.6590625;2.4157653808593977;108.49777777777778;225.7411111111111;0.0;76.17381811141968;58.167423248291016;1.432334065437317
2023-10-27T10:00:00;1001.674296875;3.3353820800781477;176.48;225.13;0.0;69.83538269996643;52.42665481567383;1.5871491432189941
2023-10-27T11:00:00;1001.51984375;4.235650634765648;219.09333333333333;226.4686111111111;0.0;66.30146503448486;50.8023796081543;1.5186734199523926
2023-10-27T12:00:00;1001.27625;4.795648193359398;228.9777777777778;228.0561111111111;0.0;65.5385434627533;47.810882568359375;1.2449640035629272
2023-10-27T13:00:00;1001.107890625;5.148889160156273;204.8711111111111;229.3111111111111;0.0;64.38651084899902;48.21073532104492;1.0120718479156494
2023-10-27T14:00:00;1001.045;4.929681396484398;150.68444444444444;229.45777777777778;0.0;69.24031972885132;55.31120681762695;0.970966100692749
2023-10-27T15:00:00;1000.9934375;4.250268554687523;76.44444444444444;228.55333333333334;0.0;66.88284277915955;82.06947326660156;1.0782631635665894
2023-10-27T16:00:00;1001.736875;1.4637695312500227;10.097777777777777;225.14027777777778;0.0;76.94443464279175;129.04586791992188;0.8411445617675781
2023-10-27T17:00:00;1001.79875;0.7107177734375227;0.035555555555555556;225.05055555555555;0.0;77.7409315109253;70.81041717529297;0.6247916221618652
2023-10-27T18:00:00;1002.022109375;0.18666992187502274;0.0;225.945;0.0;83.48580598831177;348.20648193359375;0.58282870054245
2023-10-27T19:00:00;1002.078828125;0.5667358398437727;0.0;228.3022222222222;0.0;82.49700665473938;302.20196533203125;0.6273006200790405
2023-10-27T20:00:00;1002.09578125;0.9560485839843977;0.0;228.16222222222223;0.00026539459940977395;82.05757141113281;302.087646484375;0.725574791431427
2023-10-27T21:00:00;1002.15875;1.1559997558593977;0.0;228.73777777777778;5.847677675774321e-05;77.86904573440552;283.0992431640625;0.7058668732643127
2023-10-27T22:00:00;1002.6209375;2.4364868164062727;0.0;225.89916666666667;0.0;48.5416054725647;189.07183837890625;1.2472693920135498
2023-10-27T23:00:00;1002.6590625;2.0878540039062727;0.0;227.6461111111111;0.0;52.46460437774658;224.369140625;0.7913675308227539
2023-10-28T00:00:00;1002.7734375;2.2715698242187727;0.0;227.6688888888889;0.0;50.16206502914429;228.68202209472656;0.9258221983909607
2023-10-28T01:00:00;1003.10359375;2.1443115234375227;0.0;227.35166666666666;0.0;55.496495962142944;223.6304931640625;0.9406341314315796
2023-10-28T02:00:00;1003.355625;2.0273681640625227;0.0;226.67;0.0;54.67410087585449;220.254150390625;0.7596784234046936
2023-10-28T03:00:00;1003.425546875;1.9999023437500227;0.0;228.01055555555556;0.0;57.4282705783844;274.62054443359375;0.7596493363380432
2023-10-28T04:00:00;1003.7859375;1.6500183105468977;-4.409515576749475e-14;224.15944444444443;5.834979310748167e-05;48.15860390663147;105.95659637451172;1.4430989027023315
2023-10-28T05:00:00;1003.691640625;1.1497131347656477;0.0;224.1363888888889;0.0;55.84750175476074;91.83323669433594;1.2100353240966797
2023-10-28T06:00:00;1003.73453125;0.7629638671875227;0.0;223.45583333333335;4.3672847823472694e-05;63.81102800369263;117.5999755859375;1.4875333309173584
2023-10-28T07:00:00;1003.69421875;1.3826843261718977;0.0;223.42527777777778;5.5128020903794095e-05;56.47917985916138;122.52320861816406;1.3359410762786865
2023-10-28T08:00:00;1003.804765625;1.6155334472656477;28.906666666666666;224.00194444444443;0.0;52.89028882980347;83.33975219726562;0.8219881653785706
2023-10-28T09:00:00;1003.99375;1.9623046875000227;103.14666666666666;224.6175;0.0;62.01355457305908;108.92001342773438;0.5506020784378052
2023-10-28T10:00:00;1004.41171875;2.5078063964843977;170.61333333333334;222.54194444444445;0.0;63.51810097694397;35.07123565673828;0.6698006391525269
2023-10-28T11:00:00;1004.411796875;3.3882690429687727;213.26222222222222;223.02055555555555;0.0;60.34742593765259;32.86093521118164;0.46632978320121765
2023-10-28T12:00:00;1004.3553125;3.9036499023437727;224.0;222.4936111111111;0.0;52.33653783798218;62.42439270019531;0.4393726885318756
2023-10-28T13:00:00;1004.58109375;4.090142822265648;200.5688888888889;221.84444444444443;0.0;57.17664361000061;25.307096481323242;0.449072927236557
2023-10-28T14:00:00;1004.65265625;3.7106262207031477;146.48888888888888;221.06555555555556;0.0;60.37787199020386;38.041900634765625;0.4121900200843811
2023-10-28T15:00:00;1004.722890625;2.7059265136718977;72.53333333333333;219.56861111111112;0.0;66.6705846786499;110.41908264160156;0.6554827690124512
2023-10-28T16:00:00;1005.36671875;0.5880676269531477;8.391111111111112;216.13;0.0;77.86899209022522;60.307655334472656;1.1486881971359253
2023-10-28T17:00:00;1005.596640625;0.23632202148439774;0.0;215.69722222222222;0.0;75.76171159744263;55.42331314086914;1.2157728672027588
2023-10-28T18:00:00;1005.818046875;0.37215576171877274;0.0;215.85222222222222;0.0;69.5361077785492;69.40782165527344;1.3016530275344849
2023-10-28T19:00:00;1005.77796875;0.17125854492189774;0.0;215.855;0.0;68.32910776138306;58.34407424926758;1.1658333539962769
2023-10-28T20:00:00;1005.630625;0.5383544921875227;0.0;216.89444444444445;0.0;66.11352562904358;57.2623405456543;1.2316628694534302
2023-10-28T21:00:00;1005.45953125;0.5859008789062727;0.0;217.52583333333334;0.0;64.61203694343567;60.941917419433594;1.3683538436889648
2023-10-28T22:00:00;1005.58578125;0.15889892578127274;0.0;210.78944444444446;0.0;58.12097787857056;70.55254364013672;1.3934388160705566
2023-10-28T23:00:00;1005.37078125;0.24892578125002274;0.0;210.06083333333333;0.0;58.360493183135986;63.699424743652344;1.378290057182312
2023-10-29T00:00:00;1005.285625;0.32634887695314774;0.0;210.96833333333333;0.0;61.15444302558899;70.83895111083984;1.414171814918518
2023-10-29T01:00:00;1005.37515625;0.38540039062502274;0.0;211.31055555555557;0.0;62.21336126327515;71.25019073486328;1.5810433626174927
2023-10-29T02:00:00;1005.292421875;0.5311828613281477;0.0;212.14694444444444;0.0;62.755054235458374;74.10426330566406;1.7640067338943481
2023-10-29T03:00:00;1004.95859375;0.5411315917968977;0.0;212.5836111111111;0.0;63.765209913253784;71.58540344238281;1.9179552793502808
2023-10-29T04:00:00;1004.86890625;0.19936523437502274;-4.409515576749475e-14;210.7175;0.0;55.179089307785034;67.12593841552734;2.3852391242980957
2023-10-29T05:00:00;1004.6071875;0.37990722656252274;0.0;212.33527777777778;0.0;59.765833616256714;67.64007568359375;2.3659768104553223
2023-10-29T06:00:00;1004.284296875;0.5323425292968977;0.0;213.09666666666666;0.0;63.30744028091431;66.83377075195312;2.4677538871765137
2023-10-29T07:00:00;1003.86375;0.6131835937500227;0.0;213.62833333333333;0.0;66.05706810951233;68.17395782470703;2.5713512897491455
2023-10-29T08:00:00;1003.61296875;0.9847656250000227;25.76;214.48916666666668;0.0;66.23714566230774;68.7398452758789;2.6524100303649902
2023-10-29T09:00:00;1003.25296875;1.7831970214843977;99.36;216.07888888888888;0.0;67.35718250274658;63.44247055053711;2.9030110836029053
2023-10-29T10:00:00;1003.09953125;2.3424011230468977;166.4;216.5561111111111;0.0;61.474937200546265;64.37227630615234;3.065734624862671
2023-10-29T11:00:00;1002.79203125;3.1397644042968977;208.51555555555555;218.38583333333332;0.0;65.36446809768677;56.89556884765625;3.5617377758026123
2023-10-29T12:00:00;1002.515078125;3.5387207031250227;218.66666666666666;218.7411111111111;0.0;66.95138812065125;54.304725646972656;4.081882953643799
2023-10-29T13:00:00;1002.30046875;3.5547729492187727;194.63111111111112;218.9088888888889;0.0;68.58408451080322;52.72615432739258;4.086806297302246
2023-10-29T14:00:00;1002.070078125;3.2564941406250227;140.37333333333333;218.65583333333333;0.0;72.27210402488708;54.317108154296875;3.681741952896118
2023-10-29T15:00:00;1001.7046875;2.5369201660156477;67.05777777777777;217.9622222222222;0.0;76.56590342521667;57.70841598510742;3.4476401805877686
2023-10-29T16:00:00;1001.69390625;0.9034057617187727;6.613333333333333;210.10583333333332;0.0;71.75024747848511;64.02095794677734;3.5025413036346436
2023-10-29T17:00:00;1001.53234375;0.8302551269531477;0.0;211.75861111111112;0.0;75.48097968101501;64.682861328125;3.6483771800994873
2023-10-29T18:00:00;1001.41546875;0.7792297363281477;0.0;212.83694444444444;0.0;77.63089537620544;64.85246276855469;3.6579413414001465
2023-10-29T19:00:00;1001.395;0.7264343261718977;0.0;213.16027777777776;0.0;77.61256694793701;64.02615356445312;3.587083339691162
2023-10-29T20:00:00;1000.991875;0.6584106445312727;0.0;212.89694444444444;0.0;77.06323862075806;63.0792236328125;3.5189003944396973
2023-10-29T21:00:00;1000.5634375;0.5400939941406477;0.0;212.14638888888888;0.0;77.22806334495544;61.856590270996094;3.412144184112549
2023-10-29T22:00:00;1000.405078125;0.43004760742189774;0.0;210.1288888888889;0.0;72.22017645835876;65.5809326171875;3.25260066986084
2023-10-29T23:00:00;1000.40515625;0.43609008789064774;0.0;211.55444444444444;0.0;73.87723326683044;66.14806365966797;3.1179003715515137
2023-10-30T00:00:00;1000.43875;0.38436279296877274;0.0;211.36;0.0;73.73530268669128;62.75750732421875;2.9555211067199707
2023-10-30T01:00:00;1000.5046875;0.27303466796877274;0.0;211.23361111111112;0.0;75.03837943077087;62.23675537109375;2.8609189987182617
2023-10-30T02:00:00;1000.47484375;0.18636474609377274;0.0;210.34916666666666;0.0;76.81151628494263;60.2194709777832;2.7633070945739746
2023-10-30T03:00:00;1000.49625;0.07137451171877274;0.0;210.03305555555556;0.0;78.37550044059753;60.08998107910156;2.7217190265655518
2023-10-30T04:00:00;1000.36515625;-0.11911621093747726;-4.409515576749475e-14;211.15194444444444;0.0;70.72932720184326;70.00272369384766;2.8448708057403564
2023-10-30T05:00:00;1000.406484375;-0.04559936523435226;0.0;211.545;0.0;71.09087705612183;71.02882385253906;2.876826047897339
2023-10-30T06:00:00;1000.49671875;-0.08402099609372726;0.0;212.04333333333332;0.0;71.9438910484314;68.37815856933594;2.693972587585449
2023-10-30T07:00:00;1000.6646875;-0.013647460937477263;0.0;211.58444444444444;0.0;70.57216167449951;64.26592254638672;2.681840419769287
2023-10-30T08:00:00;1000.9828125;0.24154052734377274;22.293333333333333;211.47666666666666;0.0;69.76644992828369;62.89552688598633;2.7349202632904053
2023-10-30T09:00:00;1001.11484375;1.0419250488281477;93.90222222222222;211.5613888888889;0.0;66.91765785217285;57.38143539428711;2.835028648376465
2023-10-30T10:00:00;1001.28453125;1.6292053222656477;160.8;210.98055555555555;0.0;60.946863889694214;63.80668258666992;2.9654593467712402
2023-10-30T11:00:00;1001.397265625;2.3561645507812727;202.75555555555556;212.5263888888889;0.0;62.455928325653076;54.10909652709961;3.1044013500213623
2023-10-30T12:00:00;1001.61046875;2.7492309570312727;212.90666666666667;212.77777777777777;0.0;59.69718098640442;50.60851287841797;3.1907477378845215
2023-10-30T13:00:00;1001.8309375;2.6969543457031477;189.12;212.4775;0.0;64.10239338874817;45.95163345336914;2.981308937072754
2023-10-30T14:00:00;1002.12859375;2.2820068359375227;135.2888888888889;211.5225;0.0;64.98430371284485;45.144432067871094;2.7223167419433594
2023-10-30T15:00:00;1002.2315625;1.4511657714843977;62.93333333333333;209.70333333333335;0.0;67.80716180801392;48.41404724121094;2.324064254760742
2023-10-30T16:00:00;1002.369375;0.14351806640627274;5.12;207.04611111111112;0.0;71.01458311080933;62.89414978027344;2.364429235458374
2023-10-30T17:00:00;1002.7253125;-0.18402709960935226;0.0;207.1136111111111;0.0;73.97480010986328;63.485355377197266;2.3056464195251465
2023-10-30T18:00:00;1003.06171875;-0.32016601562497726;0.0;206.42055555555555;0.0;72.9189932346344;62.91244888305664;2.267615556716919
2023-10-30T19:00:00;1003.32984375;-0.36661376953122726;0.0;205.30555555555554;0.0;70.68210244178772;66.84968566894531;2.1379690170288086
2023-10-30T20:00:00;1003.74015625;-0.43701782226560226;0.0;205.11166666666668;0.0;70.53552865982056;69.88436126708984;2.02013897895813
2023-10-30T21:00:00;1003.861875;-0.35849609374997726;0.0;204.96416666666667;0.0;67.00467467308044;67.34552001953125;2.1342451572418213
2023-10-30T22:00:00;1003.924765625;-0.9015563964843523;0.0;203.18027777777777;0.0;67.52803325653076;70.44876098632812;1.9288040399551392
2023-10-30T23:00:00;1004.01515625;-0.8688110351562273;0.0;203.87055555555557;0.0;68.1322455406189;71.99964141845703;1.7852075099945068
2023-10-31T00:00:00;1004.27859375;-0.8809570312499773;0.0;203.91916666666665;0.0;67.56768226623535;76.06330871582031;1.9063822031021118
2023-10-31T01:00:00;1004.52078125;-0.8320373535156023;0.0;203.295;0.0;65.68013429641724;79.7643814086914;1.9575591087341309
2023-10-31T02:00:00;1004.4840625;-0.7177490234374773;0.0;203.11;0.0;61.84866428375244;74.32660675048828;1.9837149381637573
2023-10-31T03:00:00;1004.2884375;-0.7126525878906023;0.0;202.95444444444445;0.0;61.04608774185181;68.02767181396484;2.106327772140503
2023-10-31T04:00:00;1004.614375;-1.6536621093749773;-4.409515576749475e-14;203.72444444444446;0.0;67.15410947799683;70.5264663696289;1.8223592042922974
2023-10-31T05:00:00;1004.760390625;-1.5633605957031023;0.0;203.28833333333333;0.0;67.57220029830933;72.08153533935547;2.038618803024292
2023-10-31T06:00:00;1005.03;-1.5802062988281023;0.0;202.25055555555556;0.0;68.54122877120972;67.60530853271484;2.125868558883667
2023-10-31T07:00:00;1005.294140625;-1.6633972167968523;0.0;201.66694444444445;0.0;71.47399187088013;66.64801788330078;2.1482901573181152
2023-10-31T08:00:00;1005.00453125;-1.5239929199218523;20.106666666666666;201.70416666666668;0.0;71.48625254631042;67.25867462158203;2.1995151042938232
2023-10-31T09:00:00;1004.82328125;-0.6972106933593523;90.45333333333333;204.09666666666666;0.0;68.27119588851929;65.05481719970703;2.6089322566986084
2023-10-31T10:00:00;1005.00453125;-0.34784545898435226;157.5822222222222;200.90972222222223;0.0;57.91655778884888;65.40115356445312;2.9120705127716064
2023-10-31T11:00:00;1004.87109375;0.9406677246093977;198.8088888888889;205.07666666666665;0.0;57.62814283370972;59.19055938720703;3.414318084716797
2023-10-31T12:00:00;1004.755546875;1.4353881835937727;207.4311111111111;209.34305555555557;0.0;60.53512096405029;55.44816970825195;3.8699264526367188
2023-10-31T13:00:00;1004.89234375;1.7072692871093977;182.61333333333334;212.52555555555554;0.0;64.10872340202332;58.185909271240234;3.8843016624450684
2023-10-31T14:00:00;1004.412890625;1.3847900390625227;128.92444444444445;214.21;0.0;67.8593397140503;58.04512405395508;3.9319515228271484
2023-10-31T15:00:00;1004.61015625;0.8099609375000227;57.955555555555556;214.26611111111112;0.0;73.9292860031128;61.34571838378906;3.4336163997650146
2023-10-31T16:00:00;1005.309765625;-0.34830322265622726;3.8755555555555556;212.19555555555556;0.0;73.46233129501343;80.33907318115234;3.0840818881988525
2023-10-31T17:00:00;1005.39953125;-0.6889404296874773;0.0;212.43916666666667;0.0;76.52931809425354;78.51022338867188;2.8011507987976074
2023-10-31T18:00:00;1005.363046875;-0.7978271484374773;0.0;212.35222222222222;0.0;77.15951204299927;84.28192138671875;2.6504955291748047
2023-10-31T19:00:00;1005.14765625;-1.1070312499999773;0.0;211.85722222222222;0.0;78.85470390319824;81.5048599243164;2.6406912803649902
2023-10-31T20:00:00;1004.82296875;-1.0961975097656023;0.0;211.31833333333333;0.0;74.95912313461304;82.94532775878906;2.6242270469665527
2023-10-31T21:00:00;1004.490546875;-1.2815917968749773;0.0;212.6663888888889;0.0;75.14379024505615;78.94454956054688;2.6446728706359863
2023-10-31T22:00:00;1004.06671875;-1.4084838867187273;0.0;224.2575;0.0;72.98164367675781;95.67233276367188;2.4648749828338623
2023-10-31T23:00:00;1003.86109375;-1.1645874023437273;0.0;213.05055555555555;0.0;68.16132664680481;100.63243865966797;2.695958375930786
2023-11-01T00:00:00;1003.720703125;-1.2956298828124773;0.0;211.8361111111111;0.0;68.10638308525085;101.42446899414062;2.788142204284668
2023-11-01T01:00:00;1003.63921875;-1.0481018066406023;0.0;218.33833333333334;0.0;68.4818685054779;105.88095092773438;2.533958911895752
2023-11-01T02:00:00;1003.33453125;-1.2119201660156023;0.0;216.07472222222222;0.0;68.56881380081177;99.7921371459961;2.3603525161743164
2023-11-01T03:00:00;1002.82375;-1.4346679687499773;0.0;212.9411111111111;0.0;68.6039686203003;98.84004211425781;2.221409797668457
2023-11-01T04:00:00;1001.68265625;-1.8075927734374773;-4.409515576749475e-14;212.24777777777777;0.0;71.86010479927063;102.492431640625;2.342634439468384
2023-11-01T05:00:00;1001.6159375;-2.1898864746093523;0.0;213.35666666666665;0.0;73.73700737953186;120.08085632324219;1.6464029550552368
2023-11-01T06:00:00;1001.50703125;-1.9727233886718523;0.0;218.12666666666667;0.0;93.87850761413574;217.62127685546875;1.3994712829589844
2023-11-01T07:00:00;1001.468828125;-1.3145202636718523;0.0;248.89;0.0022566691040992737;96.26203775405884;196.93289184570312;1.5367388725280762
2023-11-01T08:00:00;1001.7496875;-0.8371643066406023;13.066666666666666;257.5966666666667;0.0017832873854786158;98.07632565498352;175.51864624023438;1.3944826126098633
2023-11-01T09:00:00;1001.67109375;-0.44617309570310226;64.72888888888889;249.24055555555555;0.0004500019713304937;96.994549036026;166.3852081298828;1.2785102128982544
2023-11-01T10:00:00;1001.5021875;0.7546020507812727;126.41777777777777;235.91666666666666;8.591380719735753e-06;74.6525764465332;174.36801147460938;1.153227686882019
2023-11-01T11:00:00;1001.078125;1.6452880859375227;152.4622222222222;242.4075;7.159483629948227e-06;74.56703782081604;67.1954116821289;1.4774556159973145
2023-11-01T12:00:00;1000.74484375;2.1720520019531477;167.50222222222223;240.57861111111112;0.0;74.04057383537292;95.14738464355469;1.4814990758895874
2023-11-01T13:00:00;1000.649921875;2.6360412597656477;156.83555555555554;239.1822222222222;0.0012915708357468247;63.402122259140015;96.3395004272461;1.9310659170150757
2023-11-01T14:00:00;999.84109375;2.4156738281250227;109.33333333333333;237.7436111111111;4.868448741035536e-05;61.7969810962677;83.77239990234375;1.9338760375976562
2023-11-01T15:00:00;998.94359375;1.2784667968750227;52.266666666666666;223.69083333333333;5.7275869949080516e-06;75.68548321723938;82.33139038085938;1.6800988912582397
2023-11-01T16:00:00;998.18921875;0.04259643554689774;2.8444444444444446;214.94916666666666;0.0;65.76883792877197;85.15589904785156;2.2731940746307373
2023-11-01T17:00:00;997.4175;-0.09396972656247726;0.0;214.32166666666666;0.0;65.0394082069397;93.20635223388672;2.59903883934021
2023-11-01T18:00:00;996.716171875;-0.25769653320310226;0.0;213.66555555555556;0.0;67.47016310691833;95.50037384033203;2.627812147140503
2023-11-01T19:00:00;996.082578125;0.07232055664064774;0.035555555555555556;212.3425;0.0;59.92010831832886;103.19124603271484;2.822237014770508
2023-11-01T20:00:00;995.079765625;0.14925537109377274;0.0;218.9636111111111;0.0;59.54171419143677;102.50254821777344;2.9982588291168213
2023-11-01T21:00:00;994.01390625;0.7809387207031477;0.0;251.57527777777779;0.0;54.81145977973938;102.4881820678711;2.9173147678375244
2023-11-01T22:00:00;993.12921875;0.6045776367187727;0.0;252.15055555555554;0.0;53.8547158241272;103.37053680419922;3.0932600498199463
2023-11-01T23:00:00;992.27359375;1.4665466308593977;0.0;281.4136111111111;0.0;55.0357460975647;108.7829818725586;2.762173652648926
2023-11-02T00:00:00;991.33375;1.8116699218750227;0.0;274.65194444444444;0.0;60.040634870529175;116.28271484375;2.581533193588257
2023-11-02T01:00:00;990.38625;2.1866088867187727;0.0;288.3544444444444;0.0;64.85937237739563;124.05472564697266;2.5484025478363037
2023-11-02T02:00:00;990.01828125;2.1830993652343977;0.0;243.57611111111112;0.0;65.11876583099365;130.7771453857422;2.504546880722046
2023-11-02T03:00:00;989.59671875;2.1078735351562727;0.0;242.79222222222222;0.0;66.64311289787292;130.18234252929688;2.5148239135742188
2023-11-02T04:00:00;988.6140625;3.1345764160156477;-4.409515576749475e-14;295.26;0.0;64.30703401565552;142.9203643798828;2.70786190032959
2023-11-02T05:00:00;988.52109375;3.2848754882812727;0.0;296.5525;0.0;64.5115077495575;139.4356231689453;2.548201322555542
2023-11-02T06:00:00;988.821328125;3.4473510742187727;0.0;296.46444444444444;0.0;65.7855749130249;145.2555694580078;2.434019088745117
2023-11-02T07:00:00;989.311796875;3.5580993652343977;0.0;302.35055555555556;0.0;68.14608573913574;149.67393493652344;1.8074517250061035
2023-11-02T08:00:00;989.65734375;3.4703308105468977;6.702222222222222;294.5494444444444;0.0;69.29661631584167;157.7216033935547;1.5473592281341553
2023-11-02T09:00:00;989.661328125;3.7138916015625227;47.39555555555555;274.69;0.0;69.16238069534302;130.29190063476562;1.5381704568862915
2023-11-02T10:00:00;989.1784375;4.263940429687523;90.02666666666667;274.6761111111111;7.203860877780244e-05;66.72551035881042;132.6084747314453;1.7050999402999878
2023-11-02T11:00:00;989.37484375;4.986779785156273;105.93777777777778;286.4747222222222;9.222030348610133e-05;68.90140771865845;127.87628936767578;1.8055071830749512
2023-11-02T12:00:00;989.721484375;5.813134765625023;160.4622222222222;266.5788888888889;7.1616632340010256e-06;69.9908971786499;141.02560424804688;1.4124735593795776
2023-11-02T13:00:00;989.965625;6.380609130859398;163.41333333333333;252.58416666666668;0.00016665527073200792;67.14361310005188;138.70401000976562;1.2823435068130493
2023-11-02T14:00:00;990.11671875;5.953637695312523;113.56444444444445;251.425;0.0;69.82764005661011;119.00740814208984;1.6026884317398071
2023-11-02T15:00:00;989.58015625;5.087792968750023;44.44444444444444;257.12805555555553;0.00013617063814308494;71.16886973381042;121.03097534179688;1.950908899307251
2023-11-02T16:00:00;989.20375;4.272088623046898;1.528888888888889;262.2397222222222;0.0;64.23076391220093;134.1139373779297;2.484515428543091
2023-11-02T17:00:00;989.23015625;4.039575195312523;0.0;266.4447222222222;0.0;66.40521883964539;128.59686279296875;2.507237434387207
2023-11-02T18:00:00;989.1340625;4.098138427734398;0.0;261.97027777777777;0.0;66.38680696487427;131.90859985351562;2.6032276153564453
2023-11-02T19:00:00;988.87125;4.389428710937523;0.0;274.90444444444444;0.0;65.25774002075195;131.2166290283203;2.603297472000122
2023-11-02T20:00:00;988.5103125;4.618798828125023;0.0;277.5758333333333;0.0;67.02314615249634;127.83087158203125;3.5692803859710693
2023-11-02T21:00:00;987.71984375;5.060632324218773;0.0;271.1972222222222;0.0;65.81465005874634;129.73294067382812;4.198609352111816
2023-11-02T22:00:00;987.735;5.253930664062523;0.0;256.18305555555554;0.0;57.605379819869995;131.4844512939453;3.7679948806762695
2023-11-02T23:00:00;987.20875;5.536157226562523;0.0;270.56388888888887;0.0;57.837313413619995;133.23611450195312;3.5546369552612305
2023-11-03T00:00:00;987.450546875;6.216699218750023;0.0;277.6094444444444;0.0;57.52604007720947;142.60748291015625;3.905050754547119
2023-11-03T01:00:00;987.78;5.921716308593773;0.0;261.5461111111111;0.0;60.83715558052063;132.81971740722656;2.881232976913452
2023-11-03T02:00:00;987.84265625;5.907403564453148;0.0;290.3516666666667;0.0;60.22527813911438;125.30797576904297;2.3778178691864014
2023-11-03T03:00:00;987.331875;5.948022460937523;0.0;297.30083333333334;0.0;61.10574007034302;126.23750305175781;2.7463936805725098
2023-11-03T04:00:00;987.18015625;5.715081787109398;-4.409515576749475e-14;302.13055555555553;0.0;66.42951369285583;129.025390625;3.26033353805542
2023-11-03T05:00:00;987.1671875;6.171472167968773;0.0;304.15277777777777;0.0;67.15119481086731;135.08975219726562;3.4151768684387207
2023-11-03T06:00:00;986.84875;6.615258789062523;0.0;307.27;0.0;64.3268346786499;142.8153076171875;2.987663984298706
2023-11-03T07:00:00;986.605625;6.582086181640648;0.0;306.91833333333335;0.0;63.96369934082031;138.88580322265625;2.5987932682037354
2023-11-03T08:00:00;986.023359375;6.556604003906273;3.7511111111111113;304.5938888888889;0.0;67.95230507850647;125.56272888183594;3.380251407623291
2023-11-03T09:00:00;985.572578125;6.899102783203148;51.022222222222226;281.65805555555556;0.0;65.96248745918274;129.13168334960938;3.2894158363342285
2023-11-03T10:00:00;985.3096875;6.622186279296898;68.64;285.82972222222224;2.100605888699647e-05;66.96354746818542;125.51713562011719;4.034112930297852
2023-11-03T11:00:00;985.06171875;6.793389892578148;59.022222222222226;295.2188888888889;0.00020115365623496473;63.865941762924194;133.55787658691406;3.1543869972229004
2023-11-03T12:00:00;984.7240625;6.973840332031273;90.80888888888889;284.4819444444444;0.0001514086761744693;63.17625641822815;134.80551147460938;2.7880258560180664
2023-11-03T13:00:00;984.79640625;6.575708007812523;92.44444444444444;275.6747222222222;8.814450120553374e-05;72.69325256347656;103.01705932617188;3.300882577896118
2023-11-03T14:00:00;984.5028125;6.151818847656273;51.69777777777778;282.86083333333335;3.8023164961487055e-05;70.44714093208313;105.3045425415039;3.3289406299591064
2023-11-03T15:00:00;983.5946875;5.836145019531273;14.506666666666666;296.9263888888889;2.4628108803881332e-05;70.02609968185425;104.08744812011719;3.4077651500701904
2023-11-03T16:00:00;983.069140625;5.848474121093773;0.21333333333333335;297.12611111111113;0.0;65.9428060054779;118.78677368164062;3.4219119548797607
2023-11-03T17:00:00;982.67546875;5.579400634765648;0.0;291.9186111111111;0.0;64.59717154502869;122.60664367675781;2.879516124725342
2023-11-03T18:00:00;982.244375;5.525720214843773;0.0;291.71527777777777;0.0;66.74255728721619;120.05677795410156;3.216663360595703
2023-11-03T19:00:00;981.915;5.978936767578148;0.0;299.1225;0.0;64.98321890830994;129.1134490966797;3.297107696533203
2023-11-03T20:00:00;980.984921875;5.854211425781273;0.0;297.6302777777778;0.0;62.451791763305664;130.63690185546875;2.7721076011657715
2023-11-03T21:00:00;980.74703125;5.543847656250023;0.0;284.89666666666665;0.0;61.98943853378296;131.02110290527344;2.574789047241211
2023-11-03T22:00:00;980.831875;4.877923583984398;0.0;255.90666666666667;0.0;59.25959348678589;138.0132293701172;2.635653257369995
2023-11-03T23:00:00;980.7146875;5.220910644531273;0.0;280.53277777777777;0.0;57.617729902267456;139.12359619140625;2.817477226257324
2023-11-04T00:00:00;980.7128125;5.239007568359398;0.0;273.1927777777778;0.0;58.099913597106934;138.50741577148438;2.921670436859131
2023-11-04T01:00:00;980.65625;5.181054687500023;0.0;275.03555555555556;0.0;59.271788597106934;137.0837860107422;2.738081693649292
2023-11-04T02:00:00;979.64890625;5.315698242187523;0.0;280.4186111111111;0.0;61.774224042892456;134.1128692626953;2.8354673385620117
2023-11-04T03:00:00;979.1746875;5.777917480468773;0.0;275.4775;0.0;59.81808304786682;142.08258056640625;3.123281478881836
2023-11-04T04:00:00;979.314375;5.514855957031273;-4.409515576749475e-14;250.36916666666667;0.0;60.62217950820923;139.57032775878906;2.9875035285949707
2023-11-04T05:00:00;979.07890625;5.800927734375023;0.0;253.6838888888889;0.0;61.226534843444824;132.41397094726562;3.451314926147461
2023-11-04T06:00:00;978.934375;5.982385253906273;0.0;250.9463888888889;0.0;61.12126708030701;130.92330932617188;3.2346417903900146
2023-11-04T07:00:00;978.900703125;5.826501464843773;0.0;249.835;0.0;60.677194595336914;138.9521484375;2.868018865585327
2023-11-04T08:00:00;979.1090625;5.924432373046898;9.777777777777779;250.90666666666667;0.0;60.70002317428589;135.2767791748047;2.9431793689727783
2023-11-04T09:00:00;978.61390625;6.389367675781273;67.92888888888889;251.91583333333332;0.0;61.67808771133423;134.49014282226562;2.42093825340271
2023-11-04T10:00:00;978.135625;7.634027099609398;126.88;257.1688888888889;0.0;61.66127324104309;142.37913513183594;2.2018473148345947
2023-11-04T11:00:00;978.300625;8.222985839843773;159.41333333333333;262.06166666666667;0.0;63.367193937301636;126.09320831298828;2.0026745796203613
2023-11-04T12:00:00;978.38875;8.395135498046898;113.31555555555556;295.3636111111111;0.0;63.75323534011841;129.52296447753906;1.8927322626113892
2023-11-04T13:00:00;978.37203125;8.291070556640648;105.92;281.30555555555554;0.0;64.15301561355591;131.73623657226562;1.859838604927063
2023-11-04T14:00:00;978.4734375;7.836724853515648;77.29777777777778;275.1719444444444;0.0;64.50549364089966;139.1793670654297;1.6979424953460693
2023-11-04T15:00:00;978.2284375;7.041406250000023;30.435555555555556;273.205;0.0;64.87473249435425;136.09336853027344;1.9145184755325317
2023-11-04T16:00:00;977.664765625;6.907464599609398;0.35555555555555557;293.96166666666664;0.0;62.079405784606934;151.94154357910156;2.00036883354187
2023-11-04T17:00:00;977.804140625;6.779748535156273;0.035555555555555556;315.77472222222224;0.0;62.21523880958557;143.37489318847656;1.8477251529693604
2023-11-04T18:00:00;977.88796875;6.188958740234398;-0.035555555555555556;288.2758333333333;0.0;65.65001606941223;153.64573669433594;1.705376386642456
2023-11-04T19:00:00;978.101328125;5.631433105468773;0.0;263.7613888888889;0.0;69.07867193222046;149.51998901367188;1.628053903579712
2023-11-04T20:00:00;978.4959375;5.361413574218773;0.0;263.9091666666667;0.0;69.35476064682007;136.17015075683594;1.7565031051635742
2023-11-04T21:00:00;978.61921875;5.336358642578148;0.0;270.4575;0.0;69.29216980934143;124.38705444335938;1.3863860368728638
2023-11-04T22:00:00;978.42;7.679040527343773;0.0;275.0286111111111;0.0;45.30071020126343;154.8651123046875;1.2984751462936401
2023-11-04T23:00:00;978.775859375;8.222467041015648;0.0;292.63666666666666;0.0;41.69512987136841;179.5334930419922;1.446720838546753
2023-11-05T00:00:00;978.91484375;7.728204345703148;0.0;288.83805555555557;0.0;47.60034680366516;163.26995849609375;1.2994190454483032
2023-11-05T01:00:00;979.12171875;7.925469970703148;0.0;283.3666666666667;0.0;46.474266052246094;161.3656005859375;1.5225274562835693
2023-11-05T02:00:00;978.79875;7.816461181640648;0.0;271.5136111111111;0.0;48.25184941291809;126.97161102294922;1.112877368927002
2023-11-05T03:00:00;978.82796875;7.276116943359398;0.0;280.23277777777776;0.0;50.71313977241516;99.01740264892578;1.5534040927886963
2023-11-05T04:00:00;979.28546875;6.449304199218773;-4.409515576749475e-14;272.3333333333333;4.7968540457077324e-05;56.02782368659973;83.23731231689453;1.3462456464767456
2023-11-05T05:00:00;979.25734375;5.860345458984398;0.0;273.6952777777778;0.0;60.19810438156128;103.80961608886719;1.312528371810913
2023-11-05T06:00:00;979.41984375;5.784783935546898;0.0;288.98805555555555;0.0;60.678720474243164;111.75565338134766;1.3637049198150635
2023-11-05T07:00:00;979.49125;6.087243652343773;0.0;307.8588888888889;0.0;58.68749022483826;102.53719329833984;1.2197593450546265
2023-11-05T08:00:00;979.84921875;5.941522216796898;2.1333333333333333;313.8938888888889;0.0;62.496066093444824;99.8349609375;1.591995120048523
2023-11-05T09:00:00;980.242421875;6.289971923828148;15.964444444444444;318.8302777777778;0.0;64.49786424636841;128.11404418945312;1.405456781387329
2023-11-05T10:00:00;980.216796875;5.980249023437523;60.977777777777774;297.58805555555557;0.0;66.3138210773468;106.30757141113281;1.4277279376983643
2023-11-05T11:00:00;980.419140625;6.350823974609398;36.96;320.4561111111111;0.0;70.65484523773193;123.41651153564453;0.7650216817855835
2023-11-05T12:00:00;980.57203125;6.926812744140648;74.38222222222223;308.1458333333333;0.0;72.0190703868866;101.31874084472656;0.8313891887664795
2023-11-05T13:00:00;980.94296875;7.194543457031273;108.55111111111111;281.1147222222222;0.0;73.50218892097473;115.77072143554688;1.131495714187622
2023-11-05T14:00:00;981.240546875;6.932214355468773;86.04444444444445;267.3513888888889;0.0;74.40550923347473;135.5320587158203;1.0170559883117676
2023-11-05T15:00:00;981.40546875;6.257897949218773;14.506666666666666;312.95944444444444;0.0;73.46860766410828;156.2259979248047;1.0586062669754028
2023-11-05T16:00:00;982.129765625;5.450708007812523;0.17777777777777778;296.8227777777778;0.0;75.2705454826355;108.05156707763672;1.5448861122131348
2023-11-05T17:00:00;982.4721875;5.364129638671898;-0.035555555555555556;299.1983333333333;0.0;77.50146985054016;95.05914306640625;1.397569179534912
2023-11-05T18:00:00;982.9584375;5.496423339843773;0.0;299.31666666666666;0.0;77.39622592926025;92.30618286132812;1.686155080795288
2023-11-05T19:00:00;983.2590625;5.412866210937523;0.0;294.8475;6.996393494773656e-05;79.06550168991089;79.55464935302734;1.6613092422485352
2023-11-05T20:00:00;983.68875;5.333306884765648;0.0;293.6138888888889;1.7077813026844524e-05;81.66409134864807;75.54232788085938;1.4165645837783813
2023-11-05T21:00:00;984.087109375;5.072930908203148;0.0;290.62555555555554;5.50897141238238e-07;82.65281319618225;77.6729736328125;1.3523505926132202
2023-11-05T22:00:00;984.41015625;4.237115478515648;0.0;274.7266666666667;0.0;86.8093490600586;109.33065795898438;1.391686201095581
2023-11-05T23:00:00;984.9096875;3.8861633300781477;0.0;265.2863888888889;0.0;90.22276401519775;126.24530029296875;1.3021442890167236
2023-11-06T00:00:00;985.2915625;4.133477783203148;0.0;279.5083333333333;0.0;88.57171535491943;106.6783447265625;0.8622611165046692
2023-11-06T01:00:00;985.812734375;3.9072814941406477;0.0;289.3575;0.0;91.87983274459839;78.42422485351562;0.9613696932792664
2023-11-06T02:00:00;986.08640625;4.439233398437523;0.0;300.15722222222223;0.0002548776101320982;97.50125408172607;9.595861434936523;0.7585357427597046
2023-11-06T03:00:00;986.6015625;4.666833496093773;0.0;300.3902777777778;0.0009725476847961545;93.61017942428589;75.73560333251953;1.1809418201446533
2023-11-06T04:00:00;987.011875;4.179132080078148;-4.409515576749475e-14;284.2441666666667;0.0;73.94316792488098;112.19747161865234;1.2595102787017822
2023-11-06T05:00:00;987.267890625;4.106286621093773;0.0;292.85833333333335;7.492201257264242e-05;75.41567087173462;132.7894287109375;1.1236015558242798
2023-11-06T06:00:00;987.49703125;4.365930175781273;0.0;274.39;1.3772429156233557e-05;72.84151911735535;101.87712860107422;0.7344450950622559
2023-11-06T07:00:00;987.87953125;4.898522949218773;0.0;273.8775;0.0002384665422141552;71.50328755378723;107.84819030761719;0.8117057085037231
2023-11-06T08:00:00;988.4809375;4.515557861328148;4.764444444444444;285.5511111111111;0.003503932384774089;78.16381454467773;87.98098754882812;1.1647875308990479
2023-11-06T09:00:00;988.8509375;5.101342773437523;47.04;272.4555555555556;0.008995265699923038;77.26504802703857;118.71841430664062;0.9664821624755859
2023-11-06T10:00:00;989.3634375;5.381250000000023;114.4888888888889;250.67805555555555;8.229655213654041e-05;67.03096032142639;99.87422943115234;1.0649328231811523
2023-11-06T11:00:00;989.746875;5.867791748046898;154.48888888888888;250.8336111111111;5.441207395051606e-05;73.21079969406128;19.157331466674805;0.4148508310317993
2023-11-06T12:00:00;990.1628125;6.293847656250023;163.41333333333333;251.70444444444445;4.725259350379929e-05;80.71512579917908;52.14812469482422;0.5303237438201904
2023-11-06T13:00:00;990.69046875;6.317987060546898;133.51111111111112;256.495;0.0;82.45608806610107;78.25814056396484;0.7702048420906067
2023-11-06T14:00:00;990.9925;5.883996582031273;80.99555555555555;263.45916666666665;0.0;87.20918893814087;42.417320251464844;0.44021663069725037
2023-11-06T15:00:00;991.41671875;4.967279052734398;27.875555555555554;261.1902777777778;0.0;90.03821611404419;112.1236343383789;0.8466350436210632
2023-11-06T16:00:00;992.558125;3.5354248046875227;0.10666666666666667;249.29972222222221;0.0;93.17840337753296;13.592968940734863;0.7244607210159302
2023-11-06T17:00:00;992.97546875;3.7968688964843977;0.0;266.85277777777776;0.0027648494578897953;90.60887694358826;27.354705810546875;0.7325505018234253
2023-11-06T18:00:00;993.33484375;3.4493652343750227;-0.035555555555555556;256.19555555555553;0.0038821122143417597;99.14921522140503;172.33050537109375;0.6782402396202087
2023-11-06T19:00:00;993.74671875;3.7352539062500227;0.035555555555555556;282.12361111111113;0.0032228422351181507;97.76361584663391;6.581045150756836;0.8107080459594727
2023-11-06T20:00:00;993.937265625;3.6607604980468977;0.0;290.4561111111111;0.008337386883795261;97.03123569488525;74.6802749633789;0.8875702023506165
2023-11-06T21:00:00;994.10125;3.5626464843750227;0.0;279.3255555555556;0.005464210640639067;98.34503531455994;2.44293475151062;0.7463601231575012
2023-11-06T22:00:00;994.58;4.604058837890648;0.0;278.24611111111113;0.003515306394547224;70.10102272033691;175.00912475585938;0.8966679573059082
2023-11-06T23:00:00;995.0609375;4.634759521484398;0.0;278.2913888888889;0.003534463467076421;70.17585039138794;141.6168670654297;1.5996230840682983
2023-11-07T00:00:00;995.453125;4.290856933593773;0.0;291.4825;0.007171844132244587;75.07548332214355;149.810546875;1.2625073194503784
2023-11-07T01:00:00;995.9021875;4.678887939453148;0.0;294.1361111111111;0.004149349872022867;74.30176734924316;166.6280517578125;1.1074485778808594
2023-11-07T02:00:00;996.24140625;4.927880859375023;0.0;286.39694444444444;0.005366754252463579;72.26782441139221;164.9598846435547;1.5510724782943726
2023-11-07T03:00:00;996.1178125;4.954125976562523;0.0;288.56944444444446;0.008847649209201336;73.84712100028992;167.19049072265625;1.2323265075683594
2023-11-07T04:00:00;996.82265625;4.359979248046898;-4.409515576749475e-14;281.74305555555554;0.0032173164654523134;73.602956533432;159.00730895996094;1.275681734085083
2023-11-07T05:00:00;997.05625;4.410455322265648;0.0;288.5733333333333;0.004023085813969374;75.7650375366211;187.39105224609375;1.1611770391464233
2023-11-07T06:00:00;997.0715625;4.569177246093773;0.0;285.87;0.003151174169033766;77.72582173347473;197.5866241455078;1.2259879112243652
2023-11-07T07:00:00;997.32203125;4.591668701171898;0.0;281.64166666666665;0.0009071065578609705;78.73894572257996;190.89805603027344;1.3458819389343262
2023-11-07T08:00:00;997.684765625;5.053277587890648;1.9733333333333334;307.0672222222222;0.01119326613843441;75.7697343826294;200.8629913330078;0.9986911416053772
2023-11-07T09:00:00;997.92796875;4.878320312500023;10.56;326.78055555555557;0.4825316369533539;88.95022869110107;210.30111694335938;1.1664842367172241
2023-11-07T10:00:00;998.389609375;5.092797851562523;65.06666666666666;309.4575;0.0016278031980618834;78.84273529052734;223.64598083496094;0.9923877716064453
2023-11-07T11:00:00;998.7134375;5.590325927734398;93.19111111111111;302.90472222222223;0.0012745512649416924;80.90264797210693;209.74864196777344;0.8527814149856567
2023-11-07T12:00:00;999.0346875;5.807153320312523;107.41333333333333;290.43944444444446;0.000535340397618711;86.56815886497498;281.02880859375;0.6319085955619812
2023-11-07T13:00:00;999.46625;5.842736816406273;84.90666666666667;287.96666666666664;0.0013359596487134695;94.247967004776;205.37603759765625;0.843904972076416
2023-11-07T14:00:00;999.5821875;5.465264892578148;66.24;272.5425;0.01685270108282566;97.65982031822205;191.97885131835938;0.8913909792900085
2023-11-07T15:00:00;999.61546875;5.043359375000023;9.315555555555555;321.3672222222222;0.9460684061050415;99.98686909675598;208.13768005371094;0.6195811629295349
2023-11-07T16:00:00;1000.14796875;3.9113708496093977;0.0;277.3197222222222;0.001757816062308848;99.21470880508423;204.8530731201172;1.202184796333313
2023-11-07T17:00:00;1000.18671875;3.8322692871093977;0.0;285.3688888888889;0.00011739254841813818;99.28797483444214;182.86720275878906;1.3628952503204346
2023-11-07T18:00:00;1000.235625;3.7554565429687727;0.0;280.93888888888887;0.00017514389764983207;97.0204770565033;180.87149047851562;1.3504496812820435
2023-11-07T19:00:00;1000.298125;4.067102050781273;0.0;314.39194444444445;5.965397576801479e-05;93.89707446098328;182.87765502929688;1.2176772356033325
2023-11-07T20:00:00;1000.115625;4.750939941406273;0.0;321.7336111111111;0.011748922988772392;87.81188726425171;203.8868865966797;1.0797834396362305
2023-11-07T21:00:00;1000.363203125;5.063958740234398;0.0;329.8983333333333;0.024668175727128983;85.9565258026123;174.16957092285156;1.322540283203125
2023-11-07T22:00:00;1000.5;4.355432128906273;0.0;290.3858333333333;0.006749478634446859;79.39217686653137;236.32284545898438;0.9989842176437378
2023-11-07T23:00:00;1000.68734375;4.551782226562523;0.0;297.21166666666664;0.0042695580050349236;78.48729491233826;222.45994567871094;0.8747817277908325
2023-11-08T00:00:00;1000.808359375;4.515100097656273;0.0;313.20166666666665;0.007385477423667908;82.22563862800598;236.13037109375;1.0969771146774292
2023-11-08T01:00:00;1000.949375;4.968896484375023;0.0;328.6508333333333;0.007306231651455164;81.08429312705994;175.62893676757812;1.5068358182907104
2023-11-08T02:00:00;1000.831953125;4.619256591796898;0.0;327.57722222222225;0.024591397494077682;84.32376980781555;170.26768493652344;1.3547654151916504
2023-11-08T03:00:00;1000.6625;4.307397460937523;0.0;304.9891666666667;0.010612435638904572;86.85362339019775;213.2371063232422;1.0171009302139282
2023-11-08T04:00:00;1000.77859375;4.140374755859398;-4.409515576749475e-14;285.8988888888889;0.002676609205082059;76.97345614433289;187.1513671875;1.2373923063278198
2023-11-08T05:00:00;1000.58765625;4.358148193359398;0.0;301.1825;0.00539504736661911;72.89487719535828;177.0332794189453;1.0541354417800903
2023-11-08T06:00:00;1000.51;4.822564697265648;0.0;317.4144444444444;0.008050283417105675;72.84457683563232;187.32566833496094;0.9686006307601929
2023-11-08T07:00:00;1000.281875;4.932519531250023;0.0;290.49;0.008812535554170609;71.27747535705566;146.51292419433594;1.888388752937317
2023-11-08T08:00:00;1000.252421875;4.582574462890648;3.537777777777778;286.3616666666667;0.010171196423470974;72.65384793281555;141.34657287597656;1.7182074785232544
2023-11-08T09:00:00;1000.22234375;4.658776855468773;39.84;287.7838888888889;0.006845069583505392;71.30802869796753;127.29280853271484;1.1815484762191772
2023-11-08T10:00:00;1000.4365625;5.360223388671898;84.09777777777778;286.1438888888889;0.007386439014226198;69.23115253448486;111.00731658935547;1.3983566761016846
2023-11-08T11:00:00;1000.38734375;5.598077392578148;119.37777777777778;278.55694444444447;0.002023528330028057;73.39991331100464;46.88026428222656;0.9197205901145935
2023-11-08T12:00:00;1000.591484375;6.384332275390648;139.4488888888889;259.88305555555553;3.722931433003396e-05;72.60798215866089;110.30133056640625;1.1568547487258911
2023-11-08T13:00:00;1000.63609375;6.122613525390648;102.22222222222223;278.8325;0.00027332332683727145;75.35003423690796;80.81499481201172;0.9860699772834778
2023-11-08T14:00:00;1000.279296875;5.574517822265648;58.702222222222225;286.31888888888886;8.323830115841702e-05;77.39769220352173;78.35592651367188;1.465743064880371
2023-11-08T15:00:00;1000.076875;4.457360839843773;23.893333333333334;252.045;4.756197449751198e-05;88.38554620742798;103.08625793457031;1.5690696239471436
2023-11-08T16:00:00;999.5009375;2.8623596191406477;-0.017777777777777778;242.75722222222223;0.0;86.20505928993225;101.67985534667969;1.627928614616394
2023-11-08T17:00:00;999.0078125;2.6128479003906477;0.0;242.98;0.0;87.22739815711975;97.99798583984375;1.851054310798645
2023-11-08T18:00:00;998.448671875;2.4272399902343977;0.0;243.32083333333333;2.9353883292060345e-05;89.24769759178162;105.27540588378906;2.168509006500244
2023-11-08T19:00:00;997.646875;2.5415588378906477;0.0;243.27555555555554;0.0;85.70148348808289;98.2400894165039;2.2046289443969727
2023-11-08T20:00:00;997.031796875;2.6187072753906477;0.0;240.85166666666666;4.152500332565978e-05;83.75901579856873;108.6427001953125;2.0970473289489746
2023-11-08T21:00:00;996.2865625;2.9208923339843977;0.0;243.63305555555556;5.7275869949080516e-06;75.61846375465393;109.519775390625;2.3419084548950195
2023-11-08T22:00:00;995.5334375;2.6570068359375227;0.0;253.30916666666667;0.0;70.79521417617798;109.78271484375;2.6398427486419678
2023-11-08T23:00:00;994.7803125;3.0538269042968977;0.0;262.50694444444446;0.0;64.71453905105591;123.375732421875;2.6324915885925293
2023-11-09T00:00:00;994.07703125;3.3291259765625227;0.0;273.8177777777778;0.0;62.16784119606018;127.25315856933594;2.437443494796753
2023-11-09T01:00:00;993.53671875;3.5324951171875227;0.0;263.965;0.0;62.114548683166504;130.23858642578125;2.5402798652648926
2023-11-09T02:00:00;993.5134375;3.8966918945312727;0.0;277.4266666666667;0.0;58.000677824020386;143.97169494628906;2.2859411239624023
2023-11-09T03:00:00;993.350703125;4.309381103515648;0.0;295.0125;0.0;56.94330930709839;148.64968872070312;2.1166021823883057
2023-11-09T04:00:00;993.95328125;4.261773681640648;-4.409515576749475e-14;294.27777777777777;0.0;64.66430425643921;145.0399169921875;1.7305865287780762
2023-11-09T05:00:00;994.09640625;4.039758300781273;0.0;295.795;0.0;70.920330286026;167.29539489746094;1.317903995513916
2023-11-09T06:00:00;994.21015625;4.232080078125023;0.0;297.44694444444445;6.781921547371894e-05;74.14758205413818;186.29440307617188;1.8442368507385254
2023-11-09T07:00:00;994.371484375;3.7276855468750227;0.0;277.4636111111111;7.958377864270005e-06;74.72432851791382;167.3525848388672;1.5049455165863037
2023-11-09T08:00:00;994.6615625;3.3813110351562727;2.062222222222222;271.73305555555555;0.0;74.43440556526184;144.73675537109375;1.0420129299163818
2023-11-09T09:00:00;995.13078125;3.5390563964843977;30.00888888888889;287.3177777777778;3.4601643505993707e-07;76.0579526424408;119.44866943359375;1.082639455795288
2023-11-09T10:00:00;995.30890625;3.9060913085937727;42.586666666666666;300.6611111111111;0.0;67.22010374069214;121.43936920166016;1.1728339195251465
2023-11-09T11:00:00;995.4371875;4.390313720703148;56.906666666666666;301.23083333333335;0.0;69.99875903129578;128.05767822265625;0.9711337089538574
2023-11-09T12:00:00;995.59140625;5.046044921875023;66.84444444444445;299.96694444444444;0.0;74.04387593269348;108.7603988647461;0.7337093949317932
2023-11-09T13:00:00;995.9378125;5.131463623046898;47.60888888888889;309.7338888888889;0.0;69.71792578697205;206.6980438232422;1.0484230518341064
2023-11-09T14:00:00;995.63625;5.052362060546898;26.275555555555556;307.61277777777775;0.0;70.66239714622498;217.90969848632812;1.046560525894165
2023-11-09T15:00:00;995.288125;4.632836914062523;10.097777777777777;295.29277777777776;0.0;73.45932126045227;169.2456512451172;1.3357855081558228
2023-11-09T16:00:00;995.31140625;4.525598144531273;0.0;297.6138888888889;0.0;72.44311571121216;80.410400390625;1.3092762231826782
2023-11-09T17:00:00;995.215625;4.269403076171898;0.0;294.3616666666667;0.0;72.84138798713684;84.52750396728516;1.5268754959106445
2023-11-09T18:00:00;995.208125;4.054315185546898;0.0;295.27694444444444;0.0;72.97566533088684;93.9082260131836;1.7231577634811401
2023-11-09T19:00:00;995.14375;3.5027709960937727;0.0;285.08;0.0;76.42410397529602;84.06819152832031;1.5118013620376587
2023-11-09T20:00:00;995.303515625;3.2729125976562727;0.0;273.58916666666664;0.0;75.72987675666809;103.99019622802734;1.529057264328003
2023-11-09T21:00:00;995.1634375;3.0732971191406477;0.0;286.96194444444444;0.0;77.42822170257568;102.38308715820312;1.446757197380066
2023-11-09T22:00:00;995.25125;2.1363464355468977;0.0;256.68111111111114;0.0;72.56518006324768;98.64104461669922;1.8167535066604614
2023-11-09T23:00:00;995.201328125;2.0701538085937727;0.0;252.37083333333334;0.0;74.24216270446777;95.67293548583984;1.4458345174789429
2023-11-10T00:00:00;995.1703125;2.2791076660156477;0.0;277.39472222222224;0.0;73.6790657043457;118.48562622070312;1.2694470882415771
2023-11-10T01:00:00;995.271640625;2.1945434570312727;0.0;259.9811111111111;0.0;75.37572979927063;155.85888671875;0.6268039345741272
2023-11-10T02:00:00;995.2171875;1.9768005371093977;0.0;252.94722222222222;0.0;84.53410863876343;48.263954162597656;0.7952385544776917
2023-11-10T03:00:00;994.855625;2.0768676757812727;0.0;244.07805555555555;0.0;85.82800626754761;27.117835998535156;0.7349386811256409
2023-11-10T04:00:00;995.3553125;2.7532592773437727;-4.409515576749475e-14;266.1408333333333;0.0;59.57689881324768;46.86955642700195;1.0638799667358398
2023-11-10T05:00:00;995.49828125;3.1590209960937727;0.0;266.30805555555554;0.0;61.98017597198486;93.66816711425781;1.0416463613510132
2023-11-10T06:00:00;995.503359375;2.7672363281250227;0.0;270.70472222222224;0.0;63.32745552062988;73.89315032958984;1.2115851640701294
2023-11-10T07:00:00;995.2265625;2.4025512695312727;0.0;260.43888888888887;0.0;67.12525486946106;125.01197814941406;1.1837785243988037
2023-11-10T08:00:00;994.90453125;2.5363708496093977;1.4222222222222223;265.2375;0.0;63.161152601242065;96.76315307617188;1.6255664825439453
2023-11-10T09:00:00;994.788125;3.1553283691406477;29.45777777777778;268.72027777777777;0.0;57.91670083999634;107.84202575683594;1.4798390865325928
2023-11-10T10:00:00;995.1459375;3.0911804199218977;78.11555555555556;251.86416666666668;0.0;64.60769772529602;96.57612609863281;1.569004774093628
2023-11-10T11:00:00;995.12765625;3.7658935546875227;99.5911111111111;257.4977777777778;0.0;64.88233208656311;76.55392456054688;1.1345528364181519
2023-11-10T12:00:00;995.13484375;4.142541503906273;110.20444444444445;257.0316666666667;0.0;65.92758893966675;67.23705291748047;1.1680047512054443
2023-11-10T13:00:00;995.40078125;4.505700683593773;104.60444444444444;251.63888888888889;0.0;63.6448860168457;88.88581085205078;1.384181022644043
2023-11-10T14:00:00;995.663671875;4.068017578125023;65.38666666666667;251.9036111111111;0.0;64.94647264480591;99.7750473022461;1.565324306488037
2023-11-10T15:00:00;995.67984375;3.4542175292968977;15.644444444444444;261.82;0.0;66.61880016326904;97.11803436279297;1.8473639488220215
2023-11-10T16:00:00;995.874375;2.5949951171875227;0.0;273.93416666666667;0.0;73.0259656906128;93.42621612548828;1.8157947063446045
2023-11-10T17:00:00;996.03765625;2.7911315917968977;0.0;281.02666666666664;0.0;73.38459491729736;96.27276611328125;1.682584285736084
2023-11-10T18:00:00;996.44890625;2.8377319335937727;0.0;288.6433333333333;0.0;72.04639315605164;107.50288391113281;1.3993462324142456
2023-11-10T19:00:00;996.835859375;3.2968078613281477;0.0;293.7752777777778;0.0;68.01042556762695;99.47486114501953;1.4052671194076538
2023-11-10T20:00:00;996.98890625;3.4331604003906477;0.0;293.80916666666667;0.0;66.44183397293091;116.74945068359375;1.5529356002807617
2023-11-10T21:00:00;997.07140625;2.8806701660156477;0.0;262.73083333333335;0.0;71.82959914207458;109.70979309082031;1.6151020526885986
2023-11-10T22:00:00;997.27984375;2.4996887207031477;0.0;253.31166666666667;0.0;72.53620028495789;104.56089782714844;1.7989393472671509
2023-11-10T23:00:00;997.53328125;2.3785339355468977;0.0;236.43583333333333;0.0;74.32137727737427;103.7223892211914;2.0764312744140625
2023-11-11T00:00:00;997.718046875;2.0880981445312727;0.0;235.66972222222222;0.0;77.18703746795654;99.80582427978516;2.053701639175415
2023-11-11T01:00:00;998.09515625;2.0089660644531477;0.0;236.20666666666668;0.0;77.72719860076904;99.43010711669922;2.1139273643493652
2023-11-11T02:00:00;998.596796875;2.3034606933593977;0.0;236.41944444444445;0.0;71.97772860527039;103.8598861694336;1.9640616178512573
2023-11-11T03:00:00;998.79484375;2.1200805664062727;0.0;236.19805555555556;0.0;73.06720614433289;100.27056121826172;1.8609247207641602
2023-11-11T04:00:00;999.656875;2.4787536621093977;-4.4087260848208526e-14;233.1925;0.0;50.98770260810852;100.28584289550781;1.2065224647521973
2023-11-11T05:00:00;999.93484375;2.2209716796875227;0.0;233.66972222222222;0.0;55.527204275131226;105.05307006835938;1.319730520248413
2023-11-11T06:00:00;1000.40921875;2.1625305175781477;0.0;233.35222222222222;0.0;58.24476480484009;132.5074005126953;1.2072968482971191
2023-11-11T07:00:00;1000.921171875;3.4048400878906477;0.0;234.56444444444443;0.0;50.154632329940796;150.2854461669922;0.8921211361885071
2023-11-11T08:00:00;1001.20046875;3.0699401855468977;1.36;237.155;0.0;51.11281871795654;123.12413024902344;1.1553984880447388
2023-11-11T09:00:00;1001.3796875;3.8691040039062727;40.275555555555556;237.1472222222222;0.0;50.06454586982727;157.23043823242188;1.5510491132736206
2023-11-11T10:00:00;1002.045;3.5098510742187727;86.39111111111112;242.8763888888889;2.7564010451897047e-05;49.73493814468384;150.68109130859375;0.7859311699867249
2023-11-11T11:00:00;1002.201328125;3.9580017089843977;130.38222222222223;237.63055555555556;2.1836423911736347e-05;48.790442943573;128.47520446777344;0.6009064316749573
2023-11-11T12:00:00;1002.51765625;4.452539062500023;141.24444444444444;236.8136111111111;0.0;48.415058851242065;127.23042297363281;0.6037290692329407
2023-11-11T13:00:00;1002.882734375;4.689965820312523;120.03555555555556;237.27916666666667;1.2887070624856278e-05;50.615394115448;201.88304138183594;0.5910943746566772
2023-11-11T14:00:00;1003.08953125;4.420037841796898;73.74222222222222;237.88972222222222;1.3603018487629015e-05;50.577181577682495;219.27560424804688;1.0774354934692383
2023-11-11T15:00:00;1003.59234375;4.141809082031273;17.84888888888889;236.63444444444445;0.0;52.571529150009155;189.32351684570312;1.1600967645645142
2023-11-11T16:00:00;1004.31734375;2.8088317871093977;0.0;234.1797222222222;0.0;58.284491300582886;196.68016052246094;1.1860401630401611
2023-11-11T17:00:00;1004.844375;3.0160766601562727;0.0;233.7927777777778;0.0;54.19204831123352;160.24566650390625;0.4561353921890259
2023-11-11T18:00:00;1005.43890625;2.6012512207031477;0.0;235.09027777777777;0.0;52.44801640510559;152.7909393310547;1.0138654708862305
2023-11-11T19:00:00;1005.8428125;2.2705322265625227;0.0;236.19833333333332;0.0;58.82003903388977;181.8278350830078;1.211645245552063
2023-11-11T20:00:00;1006.18;1.7459350585937727;0.0;236.22194444444443;0.0;70.3221082687378;159.4412384033203;1.6426551342010498
2023-11-11T21:00:00;1006.422109375;1.0700927734375227;0.0;235.85916666666665;0.0;83.81396532058716;156.79998779296875;1.6467206478118896
2023-11-11T22:00:00;1006.481875;2.4000793457031477;0.0;233.66805555555555;0.0;58.9756965637207;154.6760711669922;1.6476961374282837
2023-11-11T23:00:00;1006.64953125;3.8146301269531477;0.0;236.14027777777778;0.0;46.72444462776184;115.24173736572266;0.9643895030021667
2023-11-12T00:00:00;1006.75359375;3.1646362304687727;0.0;236.705;0.0;55.07097244262695;120.1350326538086;1.5365877151489258
2023-11-12T01:00:00;1006.76015625;3.4728942871093977;0.0;236.85;0.0;51.4531135559082;116.70061492919922;1.4392591714859009
2023-11-12T02:00:00;1006.7196875;3.0019775390625227;0.0;237.62194444444444;0.0;56.98895454406738;125.71451568603516;1.4595764875411987
2023-11-12T03:00:00;1006.688984375;3.2917419433593977;0.0;236.1172222222222;0.0;53.699153661727905;93.68158721923828;1.1773982048034668
2023-11-12T04:00:00;1006.846328125;1.0508972167968977;-4.4087260848208526e-14;232.23694444444445;0.0;69.39281821250916;119.77963256835938;1.6130774021148682
2023-11-12T05:00:00;1006.818046875;1.0409790039062727;0.0;232.4363888888889;0.0;70.66547274589539;105.51054382324219;1.4358437061309814
2023-11-12T06:00:00;1007.023046875;1.0594116210937727;0.0;231.62583333333333;0.0;71.56718969345093;141.11557006835938;1.0805854797363281
2023-11-12T07:00:00;1007.1215625;0.9292541503906477;0.0;231.52444444444444;0.0;76.1890709400177;260.9545593261719;0.7402931451797485
2023-11-12T08:00:00;1007.106171875;0.7750183105468977;0.8177777777777778;233.43944444444443;0.0;87.71865963935852;302.5482482910156;0.8220368027687073
2023-11-12T09:00:00;1007.47015625;1.1729980468750227;36.54222222222222;234.35833333333332;0.0;90.39195775985718;351.53466796875;0.6975809335708618
2023-11-12T10:00:00;1007.3459375;3.4509826660156477;91.7688888888889;233.04805555555555;0.0;47.93131351470947;92.77593231201172;0.8722468018531799
2023-11-12T11:00:00;1007.550625;3.7104736328125227;128.58666666666667;234.2925;0.0;52.017611265182495;7.466785430908203;0.5357325077056885
2023-11-12T12:00:00;1007.7303125;4.403039550781273;137.40444444444444;234.28527777777776;0.0;53.11775803565979;133.31158447265625;0.6428489089012146
2023-11-12T13:00:00;1007.881875;4.028039550781273;116.16;235.3486111111111;0.0;54.748958349227905;90.63587188720703;0.9323616027832031
2023-11-12T14:00:00;1007.577421875;3.9561096191406477;70.43555555555555;234.37527777777777;0.0;51.71706676483154;124.60444641113281;1.1831938028335571
2023-11-12T15:00:00;1007.681328125;3.6818176269531477;15.751111111111111;235.63805555555555;0.0;53.06136608123779;138.5078887939453;1.2786980867385864
2023-11-12T16:00:00;1007.756484375;3.5677734375000227;0.0;235.38777777777779;0.0;46.98989987373352;95.67514038085938;1.6075387001037598
2023-11-12T17:00:00;1007.975625;3.2870422363281477;-0.017777777777777778;237.11166666666668;0.0;49.22077655792236;121.2691879272461;0.8073309659957886
2023-11-12T18:00:00;1008.2290625;3.7046447753906477;0.017777777777777778;233.95416666666668;0.0;48.154157400131226;142.018798828125;1.785805106163025
2023-11-12T19:00:00;1008.295625;3.4626708984375227;0.0;235.35666666666665;0.0;50.00656247138977;143.71641540527344;1.588552713394165
2023-11-12T20:00:00;1008.15265625;2.9432006835937727;0.0;238.83805555555554;0.0;50.774019956588745;118.03434753417969;1.4744118452072144
2023-11-12T21:00:00;1007.94796875;3.4070678710937727;0.0;241.3113888888889;0.0;49.33508634567261;103.99274444580078;1.669777750968933
2023-11-12T22:00:00;1008.2746875;2.2792602539062727;1.470101818057401e-14;230.65694444444443;0.0;54.44985628128052;143.8614044189453;1.5943760871887207
2023-11-12T23:00:00;1008.11703125;2.5383544921875227;1.4685170517885698e-14;233.51166666666666;0.0;52.827852964401245;153.4222412109375;1.1554189920425415
2023-11-13T00:00:00;1008.31109375;2.5975891113281477;1.470101818057401e-14;235.0286111111111;5.655992208630778e-05;49.115365743637085;95.8128890991211;1.8145420551300049
2023-11-13T01:00:00;1008.4040625;2.3910766601562727;1.470101818057401e-14;241.83166666666668;0.0;56.32057785987854;132.9665069580078;1.978893756866455
2023-11-13T02:00:00;1008.01375;1.6734252929687727;1.470101818057401e-14;242.8436111111111;0.0;64.54961895942688;95.94355773925781;1.347313642501831
2023-11-13T03:00:00;1007.6784375;1.8442626953125227;1.4685228342001563e-14;238.03055555555557;3.651336737675592e-05;61.122411489486694;73.27381896972656;1.0130783319473267
2023-11-13T04:00:00;1008.01328125;2.5728698730468977;-4.4087260848208526e-14;230.13833333333332;2.8637934974540258e-06;47.734397649765015;112.9765853881836;1.744507908821106
2023-11-13T05:00:00;1007.4475;1.8601318359375227;0.0;230.55972222222223;4.725259350379929e-05;56.48065209388733;99.09422302246094;1.1777735948562622
2023-11-13T06:00:00;1007.1721875;2.4829956054687727;0.0;230.6675;7.159483743635064e-07;50.13745427131653;108.36289978027344;1.0968713760375977
2023-11-13T07:00:00;1006.82046875;1.8475891113281477;0.0;230.72944444444445;7.875432493165135e-05;59.53855514526367;58.38133239746094;1.1080909967422485
2023-11-13T08:00:00;1006.9478125;1.5926452636718977;0.43555555555555553;230.95666666666668;0.0;62.70319223403931;67.02861022949219;1.224614143371582
2023-11-13T09:00:00;1006.27078125;2.2310119628906477;33.92888888888889;230.60222222222222;7.016293238848448e-05;59.28677320480347;95.39403533935547;1.4763963222503662
2023-11-13T10:00:00;1005.71453125;1.9941955566406477;88.34666666666666;228.15472222222223;0.0;63.96198868751526;88.33894348144531;1.1341049671173096
2023-11-13T11:00:00;1005.27859375;2.5308471679687727;124.88888888888889;229.36777777777777;3.579741678549908e-05;68.69226098060608;68.95946502685547;1.1931087970733643
2023-11-13T12:00:00;1004.8659375;3.1848388671875227;134.1511111111111;229.35944444444445;0.0;66.75902009010315;78.88162994384766;1.1958087682724
2023-11-13T13:00:00;1004.31796875;3.1386657714843977;113.31555555555556;229.23277777777778;1.7182761439471506e-05;65.7366693019867;72.8518295288086;1.3389763832092285
2023-11-13T14:00:00;1003.82453125;2.5088745117187727;67.48444444444445;229.175;2.0046554709551856e-05;70.60266733169556;87.62033081054688;1.216202974319458
2023-11-13T15:00:00;1003.234453125;2.0566040039062727;13.902222222222223;229.22611111111112;1.4318967259896453e-05;70.62710523605347;78.76178741455078;1.1983165740966797
2023-11-13T16:00:00;1003.06375;0.8737121582031477;0.0;227.61416666666668;0.0;75.04296898841858;81.76593780517578;1.809924602508545
2023-11-13T17:00:00;1002.42234375;0.6902404785156477;0.0;226.5822222222222;0.0;74.3639588356018;89.6417007446289;1.6476682424545288
2023-11-13T18:00:00;1002.01125;0.6020751953125227;0.0;225.53027777777777;0.0;75.63964128494263;88.11695861816406;1.840710997581482
2023-11-13T19:00:00;1001.64734375;0.5461975097656477;0.0;225.30527777777777;0.0;74.12590384483337;91.7613296508789;1.885563850402832
2023-11-13T20:00:00;1001.30078125;0.7820068359375227;0.0;224.84722222222223;0.0;70.9626853466034;105.4014663696289;1.9602038860321045
2023-11-13T21:00:00;1001.08515625;0.7172790527343977;0.0;223.86194444444445;0.0;70.63469886779785;108.5628433227539;2.0659098625183105
2023-11-13T22:00:00;1000.931015625;0.5429931640625227;1.470101818057401e-14;222.2175;0.0;64.7356390953064;116.66771697998047;2.042015552520752
2023-11-13T23:00:00;1000.629296875;0.8122497558593977;1.4685170517885698e-14;221.9311111111111;0.0;63.28912377357483;119.81968688964844;2.208364963531494
2023-11-14T00:00:00;1000.396484375;0.6666809082031477;1.470101818057401e-14;222.34027777777777;0.0;64.4899845123291;122.73200225830078;2.1485607624053955
2023-11-14T01:00:00;1000.411171875;0.6475463867187727;1.470101818057401e-14;221.93833333333333;0.0;64.5433783531189;110.71395111083984;2.002702474594116
2023-11-14T02:00:00;1000.40484375;0.9524475097656477;1.470101818057401e-14;222.765;0.0;60.07406711578369;114.28659057617188;2.1180808544158936
2023-11-14T03:00:00;1000.306015625;0.8576293945312727;1.4685228342001563e-14;223.1611111111111;0.0;61.47482991218567;115.5755386352539;2.0658583641052246
2023-11-14T04:00:00;1000.9275;2.0036865234375227;-4.4087260848208526e-14;225.71416666666667;0.0;45.509594678878784;113.10285949707031;1.8268585205078125
2023-11-14T05:00:00;1000.86609375;2.7515502929687727;0.0;228.72416666666666;0.0;40.974682569503784;126.53043365478516;1.6689739227294922
2023-11-14T06:00:00;1000.7903125;2.2983642578125227;0.0;238.97972222222222;0.0;41.27380847930908;100.92529296875;1.8487789630889893
2023-11-14T07:00:00;1000.951875;1.8029113769531477;0.0;254.6161111111111;0.0;54.18268442153931;114.64835357666016;1.7649853229522705
2023-11-14T08:00:00;1001.4028125;1.7159667968750227;0.17777777777777778;243.21194444444444;0.0;57.20089077949524;126.088623046875;1.8569241762161255
2023-11-14T09:00:00;1001.7671875;1.2328735351562727;29.44;232.9425;0.0;65.6846821308136;118.42288970947266;1.705811858177185
2023-11-14T10:00:00;1002.13203125;1.8984008789062727;82.74666666666667;229.8163888888889;0.0;50.06738305091858;101.1668472290039;1.303562879562378
2023-11-14T11:00:00;1002.2615625;2.0565124511718977;105.28;242.56333333333333;0.0;61.0063910484314;87.15106201171875;0.8309459090232849
2023-11-14T12:00:00;1002.49265625;2.3200317382812727;110.54222222222222;245.98166666666665;0.0;62.68332600593567;82.08181762695312;1.0323851108551025
2023-11-14T13:00:00;1002.711640625;2.4926086425781477;85.65333333333334;257.0163888888889;0.0;64.08565044403076;85.81947326660156;1.090957760810852
2023-11-14T14:00:00;1003.0278125;2.0209289550781477;49.03111111111111;261.20972222222224;0.0;65.1094913482666;109.47581481933594;1.1686960458755493
2023-11-14T15:00:00;1003.2065625;1.1773315429687727;10.666666666666666;241.89555555555555;0.0;68.3047354221344;99.29484558105469;1.0433847904205322
2023-11-14T16:00:00;1003.78375;0.28960571289064774;-0.017777777777777778;255.12222222222223;0.0;68.35804581642151;100.26219177246094;1.0642035007476807
2023-11-14T17:00:00;1004.16328125;0.6086669921875227;0.0;270.1438888888889;0.0;74.23733472824097;20.429990768432617;0.8531808853149414
2023-11-14T18:00:00;1004.580859375;0.8025756835937727;-0.017777777777777778;256.0158333333333;0.0;69.03560161590576;73.92068481445312;0.9647546410560608
2023-11-14T19:00:00;1004.8775;0.8252502441406477;0.0;251.7888888888889;0.0;67.79041290283203;65.2911605834961;0.7975694537162781
2023-11-14T20:00:00;1005.043125;0.5736022949218977;0.0;263.95166666666665;0.0;73.50800037384033;20.654428482055664;0.5387566685676575
2023-11-14T21:00:00;1005.26984375;1.1309143066406477;0.0;262.99805555555554;0.0;73.91380071640015;352.2439270019531;0.7271198034286499
2023-11-14T22:00:00;1006.209765625;0.6792236328125227;1.470101818057401e-14;269.215;0.0;69.42161321640015;94.33729553222656;0.7242050170898438
2023-11-14T23:00:00;1006.44546875;0.48439941406252274;1.4685170517885698e-14;266.2388888888889;0.0;72.7159857749939;119.93538665771484;0.8015409111976624
2023-11-15T00:00:00;1006.72703125;0.45632324218752274;1.470101818057401e-14;261.57;0.0;75.47171711921692;32.79399490356445;0.6450678110122681
2023-11-15T01:00:00;1007.120859375;0.39074096679689774;1.470101818057401e-14;264.7525;0.0;84.19669270515442;10.406689643859863;0.7116286754608154
2023-11-15T02:00:00;1007.58453125;0.8723999023437727;1.470101818057401e-14;263.8586111111111;0.0;79.4329047203064;47.822147369384766;0.6675743460655212
2023-11-15T03:00:00;1007.9175;0.5718933105468977;1.4685228342001563e-14;254.34333333333333;0.0;80.69024682044983;65.21981048583984;0.7689282894134521
2023-11-15T04:00:00;1008.94484375;0.20089111328127274;-4.4087260848208526e-14;254.91305555555556;0.0;79.1842520236969;82.5385513305664;1.0887690782546997
2023-11-15T05:00:00;1009.192265625;-0.21344604492185226;0.0;250.24972222222223;0.0;83.55131149291992;46.29597854614258;0.8982360363006592
2023-11-15T06:00:00;1009.190625;0.08858642578127274;0.0;251.38777777777779;0.0;76.03938579559326;33.69036102294922;0.5522286295890808
2023-11-15T07:00:00;1009.458671875;-0.32651367187497726;0.0;234.55305555555555;0.0;78.76155376434326;73.27625274658203;0.827284038066864
2023-11-15T08:00:00;1009.88125;-0.7392944335937273;0.02666666666666667;221.13916666666665;0.0;79.10025119781494;54.3626594543457;0.8713317513465881
2023-11-15T09:00:00;1010.161875;-0.7060913085937273;24.15111111111111;224.96944444444443;0.0;75.84712505340576;24.721969604492188;0.7055621147155762
2023-11-15T10:00:00;1010.95171875;0.36086425781252274;67.45777777777778;227.46444444444444;0.0;65.42536616325378;68.35230255126953;0.889832079410553
2023-11-15T11:00:00;1011.2353125;0.9490905761718977;98.22222222222223;228.98;0.0;60.66315174102783;72.79769897460938;0.46097758412361145
2023-11-15T12:00:00;1011.605625;0.7107482910156477;119.92888888888889;216.51083333333332;0.0;64.93707299232483;357.58001708984375;0.5858337879180908
2023-11-15T13:00:00;1012.0453125;0.8879943847656477;108.44444444444444;208.78694444444446;0.0;67.85154342651367;158.21572875976562;0.6666532158851624
2023-11-15T14:00:00;1012.1771875;0.7654968261718977;62.72;208.7422222222222;0.0;60.077208280563354;150.92355346679688;0.5503191947937012
2023-11-15T15:00:00;1012.2615625;0.47625122070314774;10.773333333333333;208.96972222222223;0.0;53.88976335525513;78.09323120117188;0.6850171089172363
2023-11-15T16:00:00;1012.7059375;-0.9137634277343523;0.0;208.94805555555556;0.0;78.21224927902222;77.24537658691406;0.9513657689094543
2023-11-15T17:00:00;1012.71453125;-1.3748840332031023;0.0;210.4111111111111;0.0;77.52102017402649;70.8387222290039;0.8733103275299072
2023-11-15T18:00:00;1012.666796875;-1.1911376953124773;0.0;212.86;0.0;84.26086902618408;28.717056274414062;0.8097776174545288
2023-11-15T19:00:00;1012.83;-1.1289733886718523;0.0;213.21694444444444;0.0;81.1144471168518;46.89940643310547;0.8005833029747009
2023-11-15T20:00:00;1012.86640625;-1.0322631835937273;0.0;213.86777777777777;0.0;85.70128679275513;28.054227828979492;0.7174792289733887
2023-11-15T21:00:00;1012.83875;-0.9563049316406023;0.0;214.13666666666666;0.0;86.71292066574097;65.89640045166016;0.5589059591293335
2023-11-15T22:00:00;1013.500625;-0.9886840820312273;1.470101818057401e-14;211.19083333333333;0.0;69.4247305393219;116.16290283203125;1.397573471069336
2023-11-15T23:00:00;1013.508359375;-0.8894714355468523;1.4685170517885698e-14;211.36916666666667;0.0;65.20266532897949;111.3268814086914;1.2459288835525513
2023-11-16T00:00:00;1013.5021875;-0.7364562988281023;1.470101818057401e-14;211.4322222222222;0.0;56.8606436252594;97.4606704711914;1.0173419713974
2023-11-16T01:00:00;1013.56625;-1.0729125976562273;1.470101818057401e-14;210.7697222222222;0.0;62.09138631820679;105.36884307861328;1.0068517923355103
2023-11-16T02:00:00;1013.46375;-0.8447021484374773;1.470101818057401e-14;211.2325;0.0;68.82819533348083;128.4182891845703;1.1383885145187378
2023-11-16T03:00:00;1013.62953125;-0.011358642578102263;1.4685228342001563e-14;212.77527777777777;0.0;60.21454930305481;67.34453582763672;0.6090619564056396
2023-11-16T04:00:00;1014.12875;-1.5467895507812273;-4.4087260848208526e-14;210.73638888888888;0.0;73.10366034507751;59.0190544128418;1.1805362701416016
2023-11-16T05:00:00;1014.04671875;-1.4338745117187273;0.0;211.11666666666667;0.0;75.85937976837158;56.51384735107422;0.9130836129188538
2023-11-16T06:00:00;1013.80125;-1.7984374999999773;0.0;211.33027777777778;0.0;79.89075779914856;65.79334259033203;0.9036803245544434
2023-11-16T07:00:00;1013.51921875;-1.8211730957031023;0.0;213.4125;0.0;85.31372547149658;24.135583877563477;0.7327139973640442
2023-11-16T08:00:00;1013.6209375;-1.5328124999999773;0.0;212.97416666666666;0.0;82.37634301185608;0.351285457611084;0.4551023840904236
2023-11-16T09:00:00;1013.68609375;-1.4549316406249773;24.73777777777778;214.51166666666666;0.0;91.26303791999817;351.8354187011719;0.7003786563873291
2023-11-16T10:00:00;1014.156640625;-0.35797729492185226;78.04444444444445;211.0822222222222;0.0;61.62894368171692;23.62198257446289;0.5241805911064148
2023-11-16T11:00:00;1014.38265625;0.07732543945314774;114.73777777777778;211.10805555555555;0.0;63.88269066810608;286.0908508300781;0.7150322794914246
2023-11-16T12:00:00;1014.65765625;0.48967895507814774;123.89333333333333;211.68916666666667;0.0;69.30873990058899;123.02023315429688;0.7463505268096924
2023-11-16T13:00:00;1014.91640625;0.7765136718750227;103.18222222222222;212.74055555555555;0.0;59.84528660774231;177.4416046142578;0.8483303785324097
2023-11-16T14:00:00;1015.26984375;0.8054138183593977;58.31111111111111;213.12833333333333;0.0;54.129403829574585;164.23965454101562;0.8117096424102783
2023-11-16T15:00:00;1015.31484375;1.3499389648437727;8.96;213.98638888888888;0.0;40.94880223274231;202.92788696289062;0.9666374325752258
2023-11-16T16:00:00;1015.567734375;-0.05661621093747726;0.0;212.15444444444444;0.0;55.72386384010315;168.37075805664062;1.0893796682357788
2023-11-16T17:00:00;1015.7471875;-0.5707458496093523;0.0;216.78194444444443;0.0;59.82853174209595;257.85052490234375;1.0750831365585327
2023-11-16T18:00:00;1015.88828125;0.15007934570314774;0.0;214.23638888888888;0.0;52.56830453872681;191.99520874023438;1.1037770509719849
2023-11-16T19:00:00;1016.0859375;-0.17972412109372726;0.0;217.2111111111111;0.0;56.41812086105347;199.55641174316406;1.2909705638885498
2023-11-16T20:00:00;1016.1071875;-0.0035156249999772626;0.0;216.21583333333334;0.0;59.72781777381897;228.6214599609375;1.0396702289581299
2023-11-16T21:00:00;1016.290859375;0.16787109375002274;0.0;216.66166666666666;0.0;60.10313630104065;236.29925537109375;1.0136076211929321
2023-11-16T22:00:00;1016.6340625;-0.25220336914060226;1.7227396207106537e-14;216.65055555555554;1.0023277354775928e-05;56.022948026657104;207.33253479003906;1.019132137298584
2023-11-16T23:00:00;1016.86640625;0.34765014648439774;1.7227330673108553e-14;218.37972222222223;8.591380719735753e-06;52.67362594604492;154.4617462158203;1.1784576177597046
2023-11-17T00:00:00;1017.163203125;0.29937133789064774;1.7243182190737923e-14;220.3125;8.591380719735753e-06;51.96105241775513;134.43698120117188;1.1567318439483643
2023-11-17T01:00:00;1017.414453125;0.30666503906252274;1.7227392352165477e-14;222.8975;8.591380719735753e-06;55.482882261276245;130.87864685058594;1.1985055208206177
2023-11-17T02:00:00;1017.75859375;0.31926879882814774;1.7227392352165477e-14;224.39055555555555;7.159483629948227e-06;58.769577741622925;103.8323745727539;1.3784641027450562
2023-11-17T03:00:00;1017.6046875;0.9338317871093977;1.7243182190737923e-14;234.1175;0.0002935388183686882;53.8532018661499;123.52865600585938;1.3352606296539307
2023-11-17T04:00:00;1018.21765625;0.42675170898439774;-5.1697963040127825e-14;220.0038888888889;0.0;60.75772047042847;229.25485229492188;1.1103565692901611
2023-11-17T05:00:00;1018.69171875;0.17522583007814774;0.0;222.1663888888889;0.0;68.10036301612854;244.86331176757812;1.0836429595947266
2023-11-17T06:00:00;1019.11703125;0.7760253906250227;0.0;219.4686111111111;0.0002634690026752651;62.8635048866272;110.08872985839844;1.2647467851638794
2023-11-17T07:00:00;1019.40359375;0.7072692871093977;0.0;234.5727777777778;0.0011354940943419933;60.73805093765259;115.29134368896484;1.319271206855774
2023-11-17T08:00:00;1019.310546875;0.9769836425781477;0.0;245.48555555555555;0.0019488114630803466;57.99899697303772;143.33465576171875;1.4830409288406372
2023-11-17T09:00:00;1019.4409375;1.0877014160156477;19.76;243.92305555555555;0.0014548071194440126;57.15674161911011;152.76690673828125;1.3787696361541748
2023-11-17T10:00:00;1019.938046875;1.1545654296875227;67.48444444444445;232.31416666666667;0.00030570992385037243;61.71453595161438;255.87265014648438;1.0722980499267578
2023-11-17T11:00:00;1020.49109375;1.4920898437500227;109.8488888888889;217.79861111111111;3.364957228768617e-05;63.03138732910156;15.474385261535645;0.9676647782325745
2023-11-17T12:00:00;1021.283203125;1.8617492675781477;119.71555555555555;217.69416666666666;0.0;62.623876333236694;68.76759338378906;1.0609570741653442
2023-11-17T13:00:00;1021.94796875;1.8582092285156477;99.37777777777778;218.03944444444446;0.0;61.917585134506226;82.6213150024414;1.0436166524887085
2023-11-17T14:00:00;1022.12890625;1.8131958007812727;53.83111111111111;221.94694444444445;0.00023053537006489933;60.13381481170654;118.40335083007812;1.207657814025879
2023-11-17T15:00:00;1022.0734375;1.9187561035156477;6.4;241.1375;0.0009135500877164304;54.87711429595947;144.74229431152344;1.7369519472122192
2023-11-17T16:00:00;1021.98328125;-0.17539062499997726;-0.017777777777777778;228.40555555555557;2.0046554709551856e-05;89.12995457649231;156.2657470703125;1.6122585535049438
2023-11-17T17:00:00;1022.075;-0.31967773437497726;0.017777777777777778;228.46972222222223;1.9330605937284417e-05;90.19346237182617;165.4478302001953;1.7611300945281982
2023-11-17T18:00:00;1022.37859375;0.47048339843752274;0.0;231.19055555555556;0.0;82.6144278049469;167.7523193359375;1.4275919198989868
2023-11-17T19:00:00;1022.409453125;2.3964782714843977;0.0;232.24722222222223;0.0008920716936700046;59.7461462020874;168.34466552734375;1.3120203018188477
2023-11-17T20:00:00;1022.357890625;2.1188903808593977;0.0;266.21472222222224;0.005455814301967621;64.33448791503906;154.56201171875;1.6881049871444702
2023-11-17T21:00:00;1022.337734375;2.2201782226562727;0.0;269.0238888888889;0.00689957058057189;60.94089150428772;133.51727294921875;1.9601786136627197
2023-11-17T22:00:00;1022.001640625;1.8887878417968977;1.7227396207106537e-14;259.00333333333333;0.002490635961294174;57.57021903991699;118.08984375;1.8180360794067383
2023-11-17T23:00:00;1022.161953125;1.6820312500000227;1.7227330673108553e-14;250.70944444444444;0.000773799023590982;65.58409333229065;105.42352294921875;1.5672574043273926
2023-11-18T00:00:00;1022.28203125;2.7158447265625227;1.7243182190737923e-14;260.5086111111111;0.0016091647557914257;58.96333456039429;128.28176879882812;1.4794132709503174
2023-11-18T01:00:00;1022.6015625;1.9596801757812727;1.7227392352165477e-14;262.52;0.003499619197100401;69.9877917766571;201.48831176757812;1.0339438915252686
2023-11-18T02:00:00;1022.4409375;2.1379638671875227;1.7227392352165477e-14;255.36111111111111;0.001813426730223;69.52089667320251;195.1114959716797;0.9602494835853577
2023-11-18T03:00:00;1022.05453125;2.3591857910156477;1.7243182190737923e-14;257.09805555555556;0.0032960064709186554;68.20406913757324;134.92967224121094;1.5034946203231812
2023-11-18T04:00:00;1021.773046875;1.8074279785156477;1.7235291126392758e-14;249.0675;0.001263648853637278;64.84557390213013;121.13851165771484;1.6797354221343994
2023-11-18T05:00:00;1021.476875;1.1433654785156477;-6.893325416652058e-14;255.2613888888889;0.0010825139470398426;78.24585437774658;117.28483581542969;1.4177204370498657
2023-11-18T06:00:00;1020.95484375;0.5177856445312727;0.0;229.1688888888889;0.0;88.3837103843689;129.08372497558594;1.507357120513916
2023-11-18T07:00:00;1020.558125;0.36052856445314774;0.0;228.56972222222223;2.5774141249712557e-05;88.64627480506897;135.8745880126953;1.687380313873291
2023-11-18T08:00:00;1019.93359375;0.29332885742189774;0.0;252.18472222222223;0.0;89.46868181228638;123.12252044677734;1.1725006103515625
2023-11-18T09:00:00;1019.39109375;-0.16019287109372726;18.96;229.1988888888889;6.873104575788602e-05;96.23138904571533;66.56218719482422;1.1449588537216187
2023-11-18T10:00:00;1018.85546875;2.9286743164062727;68.58666666666667;229.8022222222222;0.0;45.56007981300354;71.50102996826172;1.2070664167404175
2023-11-18T11:00:00;1018.6390625;3.8245178222656477;102.20444444444445;233.91583333333332;0.0;45.364755392074585;109.6124038696289;1.583107590675354
2023-11-18T12:00:00;1018.636875;3.5878234863281477;112.60444444444444;233.82916666666668;0.0;46.52901291847229;105.59092712402344;0.7573357820510864
2023-11-18T13:00:00;1018.16796875;3.8389221191406477;86.96888888888888;235.40416666666667;0.0;44.916146993637085;121.97834777832031;1.656422734260559
2023-11-18T14:00:00;1017.30375;2.8725524902343977;43.022222222222226;240.07972222222222;0.0;50.18798112869263;118.08292388916016;1.8981451988220215
2023-11-18T15:00:00;1016.2553125;1.6953674316406477;5.511111111111111;234.1625;0.0;61.56653165817261;119.8178939819336;2.061598062515259
2023-11-18T16:00:00;1015.6765625;0.8248229980468977;0.0;245.30527777777777;7.875431947468314e-06;63.94534111022949;123.47064971923828;1.9180443286895752
2023-11-18T17:00:00;1014.894609375;1.2350402832031477;0.0;250.9611111111111;1.0023277354775928e-05;62.98254728317261;123.17157745361328;2.1863508224487305
2023-11-18T18:00:00;1013.79734375;1.6817260742187727;0.0;250.3322222222222;0.0;57.3367714881897;112.3234634399414;2.174107313156128
2023-11-18T19:00:00;1012.961796875;1.7537780761718977;0.0;255.34777777777776;0.0;57.368797063827515;109.76925659179688;2.4496283531188965
2023-11-18T20:00:00;1012.11625;1.8235717773437727;0.0;258.37833333333333;0.0;57.10179805755615;114.93756103515625;2.227743625640869
2023-11-18T21:00:00;1011.21578125;1.5931945800781477;0.0;261.1086111111111;0.0;57.519859075546265;116.9463119506836;2.0398237705230713
2023-11-18T22:00:00;1010.17453125;1.6571594238281477;1.470101818057401e-14;257.5697222222222;0.0;54.82674241065979;111.45730590820312;2.4222986698150635
2023-11-18T23:00:00;1009.43515625;1.4745117187500227;1.4685170517885698e-14;256.94972222222225;0.0;60.34889817237854;115.72840118408203;2.1935465335845947
2023-11-19T00:00:00;1008.80734375;1.4542785644531477;1.470101818057401e-14;258.14972222222224;0.0;60.68004369735718;124.6794204711914;2.0155704021453857
2023-11-19T01:00:00;1008.060859375;1.3719116210937727;1.470101818057401e-14;244.39583333333334;0.0;55.85521459579468;144.6732940673828;1.5899885892868042
2023-11-19T02:00:00;1007.61421875;1.4171997070312727;1.470101818057401e-14;235.25583333333333;0.0;52.73931622505188;140.0025177001953;1.6546871662139893
2023-11-19T03:00:00;1006.6784375;1.3035827636718977;1.4685228342001563e-14;250.98583333333335;0.0;55.11205792427063;138.85755920410156;1.8549609184265137
2023-11-19T04:00:00;1006.3309375;1.4298950195312727;1.470101818057401e-14;248.0822222222222;0.0;51.04866623878479;93.02101135253906;2.453152656555176
2023-11-19T05:00:00;1005.50765625;1.4883361816406477;-5.878827902878254e-14;266.41027777777776;0.0;55.250972509384155;97.80397033691406;2.2517035007476807
2023-11-19T06:00:00;1004.77265625;1.4703308105468977;0.0;270.4347222222222;0.0;56.972140073776245;94.04415893554688;2.1886675357818604
2023-11-19T07:00:00;1004.0809375;1.8083740234375227;0.0;275.67;0.0;56.183189153671265;89.1082992553711;2.012273073196411
2023-11-19T08:00:00;1003.51640625;1.9607788085937727;0.0;273.08194444444445;0.0;54.92890477180481;93.08296966552734;1.9527291059494019
2023-11-19T09:00:00;1003.2871875;1.8984008789062727;13.075555555555555;263.485;0.0;57.74267911911011;91.53116607666016;2.090559244155884
2023-11-19T10:00:00;1003.260390625;1.8396240234375227;46.76444444444444;254.82888888888888;0.0;54.86791729927063;78.45591735839844;2.0733587741851807
2023-11-19T11:00:00;1003.445859375;2.1647888183593977;68.07111111111111;255.96083333333334;0.0;56.62727952003479;77.38294219970703;2.0699334144592285
2023-11-19T12:00:00;1003.413984375;2.2977233886718977;70.73777777777778;257.5519444444444;0.0;58.02507400512695;67.4996566772461;2.0098090171813965
2023-11-19T13:00:00;1003.5015625;2.1645141601562727;60.51555555555556;256.3938888888889;0.0;59.65759754180908;70.04559326171875;1.7135008573532104
2023-11-19T14:00:00;1003.39109375;1.6044250488281477;36.65777777777778;249.0847222222222;0.0;62.8742516040802;76.85919952392578;1.6030198335647583
2023-11-19T15:00:00;1003.54328125;0.9419494628906477;4.515555555555555;231.93805555555556;0.0;66.44626259803772;77.20435333251953;1.4462065696716309
2023-11-19T16:00:00;1004.15296875;1.6114135742187727;0.0;243.54527777777778;0.0;53.555577993392944;77.43755340576172;0.9362717270851135
2023-11-19T17:00:00;1004.385546875;1.4153076171875227;0.0;253.59833333333333;0.0;55.569833517074585;6.700136661529541;0.7418526411056519
2023-11-19T18:00:00;1004.658515625;1.6519714355468977;0.0;255.57527777777779;0.0;53.07198166847229;64.4489517211914;0.6096567511558533
2023-11-19T19:00:00;1004.974375;1.8581481933593977;0.0;257.30583333333334;0.0;49.11688566207886;112.69023895263672;0.8119385838508606
2023-11-19T20:00:00;1005.0725;0.9760070800781477;0.0;250.82361111111112;0.0;63.40370178222656;38.749977111816406;1.1118767261505127
2023-11-19T21:00:00;1005.534765625;0.8937316894531477;0.0;234.17833333333334;0.0;63.73629570007324;98.35126495361328;1.1369222402572632
2023-11-19T22:00:00;1006.29515625;-0.06958618164060226;1.470101818057401e-14;222.99944444444444;0.0;67.40597486495972;99.14488220214844;1.1879602670669556
2023-11-19T23:00:00;1006.51546875;-0.03845825195310226;1.4685170517885698e-14;217.54833333333335;0.0;64.07802104949951;83.84552764892578;0.9377849698066711
2023-11-20T00:00:00;1006.87390625;0.46614990234377274;1.470101818057401e-14;229.51;0.0;52.84455418586731;98.32283782958984;1.2261667251586914
2023-11-20T01:00:00;1007.281328125;0.40349731445314774;1.470101818057401e-14;243.26555555555555;0.0;58.92519950866699;66.98943328857422;1.1196684837341309
2023-11-20T02:00:00;1007.576875;0.36330566406252274;1.470101818057401e-14;241.51388888888889;0.0;63.835471868515015;72.12734985351562;0.9856895804405212
2023-11-20T03:00:00;1007.82671875;0.07616577148439774;1.4685228342001563e-14;240.41027777777776;0.0;66.85062646865845;73.86659240722656;1.143347144126892
2023-11-20T04:00:00;1008.529140625;-0.7969726562499773;1.470101818057401e-14;211.94;0.0;64.99975323677063;82.31734466552734;1.6212040185928345
2023-11-20T05:00:00;1008.86328125;-1.0176757812499773;-5.878827902878254e-14;209.64083333333335;0.0;63.46621513366699;76.31578063964844;1.584328055381775
2023-11-20T06:00:00;1009.28609375;-0.8933776855468523;0.0;208.95555555555555;0.0;68.45281720161438;65.31610870361328;1.504867672920227
2023-11-20T07:00:00;1009.680390625;-0.9975341796874773;0.0;208.1027777777778;0.0;70.24112343788147;67.3709487915039;1.6902668476104736
2023-11-20T08:00:00;1009.9496875;-1.0293945312499773;0.0;207.685;0.0;72.5970983505249;67.38849639892578;1.792022943496704
2023-11-20T09:00:00;1010.362734375;-0.8382324218749773;15.617777777777778;207.23888888888888;0.0;71.00251913070679;62.76759719848633;1.8105608224868774
2023-11-20T10:00:00;1011.16625;-0.49680175781247726;61.724444444444444;209.16805555555555;0.0;65.35983085632324;61.45833969116211;1.9806575775146484
2023-11-20T11:00:00;1011.83140625;0.17131958007814774;82.35555555555555;221.75583333333333;0.0;65.91672897338867;54.36174774169922;1.7106049060821533
2023-11-20T12:00:00;1012.367734375;0.5700927734375227;88.26666666666667;225.3625;0.0;65.85875153541565;52.86351776123047;1.5992003679275513
2023-11-20T13:00:00;1012.930546875;0.49443969726564774;81.35111111111111;215.16361111111112;0.0;67.9766833782196;45.61905288696289;1.5087084770202637
2023-11-20T14:00:00;1013.42859375;-0.07407226562497726;44.23111111111111;211.0911111111111;0.0;70.20595669746399;51.15522384643555;1.5321623086929321
2023-11-20T15:00:00;1013.8028125;-0.8631958007812273;4.408888888888889;206.48527777777778;0.0;72.61836528778076;56.319759368896484;1.574796199798584
2023-11-20T16:00:00;1014.74703125;-1.4810546874999773;-0.017777777777777778;211.61138888888888;0.0;78.85306477546692;67.52754211425781;1.3925716876983643
2023-11-20T17:00:00;1015.298828125;-1.7092041015624773;0.0;213.00444444444443;0.0;80.37135004997253;67.11153411865234;1.0177147388458252
2023-11-20T18:00:00;1016.03546875;-1.7745117187499773;0.0;211.9688888888889;0.0;82.48928189277649;63.6533203125;0.907026469707489
2023-11-20T19:00:00;1016.910703125;-2.0531677246093523;0.0;203.9897222222222;0.0;84.41494703292847;69.91390991210938;1.1129647493362427
2023-11-20T20:00:00;1017.539375;-2.0769104003906023;0.0;201.74444444444444;0.0;84.71857905387878;61.47908401489258;1.2613208293914795
2023-11-20T21:00:00;1018.01359375;-2.2904418945312273;0.0;201.74388888888888;0.0;84.9871039390564;77.80943298339844;1.0235806703567505
2023-11-20T22:00:00;1018.696796875;-2.3240112304687273;1.470101818057401e-14;202.29805555555555;0.0;83.88242721557617;83.98129272460938;1.3850634098052979
2023-11-20T23:00:00;1019.3371875;-2.5631774902343523;1.4685170517885698e-14;200.91027777777776;0.0;80.52399754524231;89.85296630859375;1.1232929229736328
2023-11-21T00:00:00;1020.0934375;-2.7393859863281023;1.470101818057401e-14;200.59833333333333;0.0;84.3340277671814;96.46512603759766;0.9274427890777588
2023-11-21T01:00:00;1020.82;-2.6447509765624773;1.470101818057401e-14;201.13722222222222;0.0;85.62951683998108;94.21414947509766;1.0643669366836548
2023-11-21T02:00:00;1021.2628125;-2.6130432128906023;1.470101818057401e-14;201.2863888888889;0.0;84.54614877700806;101.40908813476562;1.1964545249938965
2023-11-21T03:00:00;1021.625625;-2.5036376953124773;1.4685228342001563e-14;201.31444444444443;0.0;78.61356139183044;96.71353912353516;1.4406459331512451
2023-11-21T04:00:00;1022.152421875;-2.9622558593749773;1.7227396207106537e-14;201.7763888888889;0.0;89.67616558074951;90.36536407470703;1.465448260307312
2023-11-21T05:00:00;1022.4971875;-3.0774902343749773;-6.891746432794813e-14;201.91555555555556;0.0;92.90640354156494;86.97642517089844;1.184439778327942
2023-11-21T06:00:00;1022.72171875;-2.9902099609374773;0.0;202.68583333333333;0.0;97.96467423439026;73.72720336914062;1.2729839086532593
2023-11-21T07:00:00;1023.040546875;-2.8639892578124773;0.0;203.8175;0.0;96.05733752250671;93.4059066772461;1.2860729694366455
2023-11-21T08:00:00;1023.120234375;-3.0143493652343523;0.0;203.14027777777778;0.0;96.53034806251526;84.28954315185547;0.8796014785766602
2023-11-21T09:00:00;1022.785625;-3.0338806152343523;11.013333333333334;216.38888888888889;0.0010023277718573809;95.3965961933136;50.21857833862305;0.9543372988700867
2023-11-21T10:00:00;1022.4403125;-2.3223327636718523;54.87111111111111;217.80277777777778;0.0;90.66480994224548;58.0382194519043;1.064140796661377
2023-11-21T11:00:00;1022.2534375;-1.8166564941406023;82.56;223.54111111111112;0.0002145301696145907;89.68369364738464;68.53921508789062;0.5376450419425964
2023-11-21T12:00:00;1022.147890625;-1.5361694335937273;92.76444444444445;221.77833333333334;2.3529117243015207e-05;78.78741025924683;225.9073944091797;1.0175658464431763
2023-11-21T13:00:00;1021.95546875;-0.8894714355468523;75.16444444444444;224.08583333333334;3.598570765461773e-05;70.22729516029358;216.45562744140625;1.1174559593200684
2023-11-21T14:00:00;1022.304140625;-0.004827880859352263;36.51555555555556;230.32166666666666;1.93769192264881e-05;58.40943455696106;186.7185516357422;1.3832594156265259
2023-11-21T15:00:00;1022.0696875;0.6143432617187727;3.1644444444444444;222.46166666666667;2.7681314804794965e-06;56.14808797836304;199.9128875732422;1.5496125221252441
2023-11-21T16:00:00;1022.070859375;-1.4566711425781023;0.0;227.13666666666666;0.0;72.45810627937317;197.4565887451172;1.6955547332763672
2023-11-21T17:00:00;1021.348671875;-0.9120849609374773;0.0;244.08277777777778;0.0;69.17901635169983;179.98150634765625;1.7351104021072388
2023-11-21T18:00:00;1020.34890625;-0.22327270507810226;0.0;252.40555555555557;0.0;64.12685513496399;191.35633850097656;1.9374876022338867
2023-11-21T19:00:00;1019.4384375;0.31380615234377274;0.0;244.28944444444446;0.0;66.02813005447388;198.51039123535156;2.0950191020965576
2023-11-21T20:00:00;1017.91140625;0.9479614257812727;0.0;265.99694444444447;0.0;64.17415738105774;192.97918701171875;2.3860692977905273
2023-11-21T21:00:00;1016.607578125;1.6385131835937727;0.0;275.66;0.0;62.41024732589722;197.78843688964844;2.807340383529663
2023-11-21T22:00:00;1015.24078125;2.6794677734375227;1.7227396207106537e-14;288.7730555555556;0.0;61.29486560821533;202.79571533203125;4.035660266876221
2023-11-21T23:00:00;1014.45703125;2.9913269042968977;1.7235225592394777e-14;292.36277777777775;0.0;66.72244668006897;202.92344665527344;4.728443622589111
2023-11-22T00:00:00;1012.35390625;3.5065246582031477;1.7227392352165477e-14;292.355;0.0;72.3499059677124;193.52061462402344;7.8966546058654785
2023-11-22T01:00:00;1010.613046875;3.9204345703125227;1.7227392352165477e-14;294.33444444444444;0.0;73.00145626068115;197.4500732421875;9.008484840393066
2023-11-22T02:00:00;1009.02921875;4.073114013671898;1.7227392352165477e-14;294.7236111111111;0.0;74.67841506004333;194.88673400878906;9.874544143676758
2023-11-22T03:00:00;1006.68515625;4.085687255859398;1.7243182190737923e-14;304.79777777777775;0.0;75.85793733596802;195.19131469726562;10.30880069732666
2023-11-22T04:00:00;1004.943125;4.378991699218773;1.7227396207106537e-14;313.6827777777778;0.0032289307564496994;78.1009316444397;199.89353942871094;10.663483619689941
2023-11-22T05:00:00;1002.846875;4.152978515625023;-6.891746432794813e-14;315.50111111111113;0.044821493327617645;88.30758333206177;198.30311584472656;10.350646018981934
2023-11-22T06:00:00;1001.064453125;4.132379150390648;0.0;316.995;0.10048047453165054;92.15892553329468;195.87698364257812;10.160300254821777
2023-11-22T07:00:00;998.821484375;4.373864746093773;0.0;318.6897222222222;0.1009676605463028;90.75828194618225;194.6044921875;9.812759399414062
2023-11-22T08:00:00;995.87390625;4.848352050781273;0.0;320.44138888888887;0.09463679790496826;89.38048481941223;198.41542053222656;10.730311393737793
2023-11-22T09:00:00;995.634375;4.293542480468773;0.7644444444444445;320.7477777777778;1.2363357543945312;94.23981308937073;215.45095825195312;9.520490646362305
2023-11-22T10:00:00;995.108125;5.267816162109398;1.7333333333333334;325.4530555555556;7.159981727600098;99.14320111274719;227.5905303955078;5.98532247543335
2023-11-22T11:00:00;994.99703125;6.847589111328148;3.937777777777778;331.04583333333335;1.2098934650421143;88.24525475502014;261.9899597167969;8.55360221862793
2023-11-22T12:00:00;994.913359375;6.143487548828148;6.204444444444444;330.60833333333335;0.9921462535858154;95.92801928520203;259.57867431640625;8.306873321533203
2023-11-22T13:00:00;995.379375;6.429132080078148;9.351111111111111;327.2658333333333;1.575086389493663e-05;84.50835347175598;270.709228515625;9.621904373168945
2023-11-22T14:00:00;995.45921875;6.014947509765648;9.848888888888888;304.175;0.0024159494787454605;79.69895005226135;266.03070068359375;8.634332656860352
2023-11-22T15:00:00;994.89640625;5.822076416015648;0.8177777777777778;305.8375;3.722931433003396e-05;79.41057085990906;260.31695556640625;8.204044342041016
2023-11-22T16:00:00;993.48421875;6.706414794921898;0.0;303.33944444444444;0.0;79.1305661201477;258.60986328125;8.418990135192871
2023-11-22T17:00:00;992.80828125;6.487695312500023;0.0;273.45416666666665;0.0;81.37819170951843;258.6466979980469;8.481744766235352
2023-11-22T18:00:00;992.32109375;6.276574707031273;0.0;274.37333333333333;0.01996651664376259;84.60312485694885;265.76007080078125;9.323237419128418
2023-11-22T19:00:00;992.04125;6.095025634765648;0.0;299.37694444444446;0.02435688115656376;81.68255686759949;260.0094299316406;9.093989372253418
2023-11-22T20:00:00;990.8765625;6.026361083984398;0.0;312.53833333333336;0.0005278323078528047;82.02126026153564;264.2506408691406;9.169130325317383
2023-11-22T21:00:00;989.995078125;5.933404541015648;0.0;316.6022222222222;0.005607369355857372;79.4103741645813;258.5619812011719;8.611237525939941
2023-11-22T22:00:00;988.83625;5.862603759765648;1.4693123261287788e-14;303.2602777777778;7.117172935977578e-05;79.26526069641113;259.4809265136719;9.12204360961914
2023-11-22T23:00:00;987.81890625;5.594567871093773;1.4700960356458144e-14;285.5236111111111;0.0003068104851990938;80.86586594581604;258.46832275390625;9.418452262878418
2023-11-23T00:00:00;987.115625;4.909814453125023;1.470101818057401e-14;289.5997222222222;1.3017797470092773;85.70602536201477;259.7733459472656;9.585880279541016
2023-11-23T01:00:00;986.5309375;3.1289306640625227;1.4716808019146455e-14;309.2911111111111;0.6176643967628479;95.34507393836975;245.74551391601562;7.961452007293701
2023-11-23T02:00:00;985.711875;3.5689331054687727;1.470101818057401e-14;271.63944444444445;0.007577028591185808;85.35507321357727;249.11013793945312;7.428955554962158
2023-11-23T03:00:00;984.54765625;5.381005859375023;1.4716808019146455e-14;311.2297222222222;0.026014240458607674;73.9170789718628;271.48370361328125;8.972384452819824
2023-11-23T04:00:00;984.5021875;5.347192382812523;1.4708913099860234e-14;304.13305555555553;0.025894029065966606;81.93399906158447;276.26702880859375;9.359797477722168
2023-11-23T05:00:00;983.63609375;5.556756591796898;-5.883564854449987e-14;313.6672222222222;0.004742962308228016;78.57552766799927;270.6467590332031;9.151302337646484
2023-11-23T06:00:00;983.0234375;5.008172607421898;0.0;301.83;0.04102490469813347;78.22002172470093;272.74365234375;9.397934913635254
2023-11-23T07:00:00;983.399453125;3.4133544921875227;0.0;307.22194444444443;0.6622450947761536;94.68427896499634;286.71343994140625;10.809864044189453
2023-11-23T08:00:00;983.611953125;1.5628601074218977;0.0;308.82;1.1005641222000122;99.99589920043945;289.9712829589844;6.526177406311035
2023-11-23T09:00:00;982.97828125;2.5542236328125227;3.457777777777778;304.11583333333334;0.7524388432502747;81.1253547668457;284.0211181640625;5.262601375579834
2023-11-23T10:00:00;983.34390625;2.0086303710937727;13.662222222222223;294.78055555555557;0.7326709032058716;96.0576057434082;299.5423889160156;6.2393670082092285
2023-11-23T11:00:00;984.24984375;0.6890808105468977;7.217777777777778;309.8888888888889;3.6306099891662598;99.9180257320404;256.3975524902344;4.869391441345215
2023-11-23T12:00:00;985.75546875;1.4872680664062727;20.622222222222224;299.8847222222222;1.710413932800293;98.4440267086029;295.1988220214844;7.855203151702881
2023-11-23T13:00:00;986.57328125;1.9531799316406477;23.644444444444446;289.7363888888889;0.8669823408126831;92.49311089515686;282.08575439453125;3.8181965351104736
2023-11-23T14:00:00;987.864609375;2.4385314941406477;15.11111111111111;294.5875;0.057293619960546494;90.51709771156311;320.2449951171875;7.594521999359131
2023-11-23T15:00:00;989.45421875;1.0561767578125227;0.39111111111111113;305.8902777777778;0.8205763101577759;89.96777534484863;312.73565673828125;8.820300102233887
2023-11-23T16:00:00;989.7303125;2.1559082031250227;0.0;292.3980555555556;0.004524822812527418;72.2569227218628;309.185302734375;6.983584403991699
2023-11-23T17:00:00;990.6171875;2.0617004394531477;0.0;285.9511111111111;0.028651006519794464;67.06721782684326;305.01446533203125;7.923795223236084
2023-11-23T18:00:00;990.713203125;1.8066955566406477;0.0;293.32944444444445;0.046099502593278885;77.88573503494263;298.6399841308594;8.51245403289795
2023-11-23T19:00:00;990.524140625;1.3324523925781477;0.0;299.2127777777778;0.3048133850097656;85.44197082519531;287.645751953125;9.11232852935791
2023-11-23T20:00:00;989.7671875;0.9213806152343977;0.0;304.92944444444447;0.9137357473373413;99.42668080329895;283.2355651855469;8.360231399536133
2023-11-23T21:00:00;989.151328125;0.5391784667968977;0.0;307.2688888888889;0.991392195224762;96.75322771072388;288.1167907714844;8.007234573364258
2023-11-23T22:00:00;988.78625;0.7703491210937727;1.5498405028482568e-14;297.7775;1.0372942686080933;84.75221395492554;296.9722900390625;6.7325873374938965
2023-11-23T23:00:00;988.442421875;0.8207336425781477;1.554571672008404e-14;288.55611111111114;0.7334603667259216;99.15502667427063;287.58807373046875;5.487517833709717
2023-11-24T00:00:00;988.03234375;0.6941772460937727;1.560103897920347e-14;293.25138888888887;0.03541010990738869;97.3421573638916;271.13250732421875;7.780200481414795
2023-11-24T01:00:00;987.915625;0.8128906250000227;1.5616828817775918e-14;295.68666666666667;0.022253993898630142;84.28071737289429;297.51947021484375;8.193896293640137
2023-11-24T02:00:00;987.03734375;1.2604614257812727;1.564840849492081e-14;298.0183333333333;0.7971178889274597;84.97040867805481;313.8904724121094;7.281661510467529
2023-11-24T03:00:00;987.1828125;1.6262756347656477;1.566419833349326e-14;278.53;0.11886081844568253;83.69632363319397;330.59716796875;6.41687536239624
2023-11-24T04:00:00;988.6515625;3.2605224609375227;1.5569459302058576e-14;238.66472222222222;0.0;71.13667130470276;323.4290771484375;6.0713887214660645
2023-11-24T05:00:00;990.686796875;3.6848999023437727;-6.235678254615549e-14;279.98277777777776;0.004291394725441933;66.58511757850647;1.5199579000473022;8.886846542358398
2023-11-24T06:00:00;993.593125;3.4943786621093977;0.0;277.7841666666667;4.334710683906451e-05;65.26061296463013;13.748671531677246;7.6572723388671875
2023-11-24T07:00:00;996.082265625;2.6579833984375227;0.0;272.3516666666667;0.09259027987718582;81.23356699943542;21.921865463256836;9.247761726379395
2023-11-24T08:00:00;998.72859375;2.0479980468750227;0.0;274.5572222222222;0.08565317094326019;92.0627236366272;44.45307159423828;6.428778648376465
2023-11-24T09:00:00;1000.6284375;2.9750305175781477;7.911111111111111;258.36305555555555;0.0001108909782487899;71.44502401351929;29.279672622680664;6.81411600112915
2023-11-24T10:00:00;1002.41703125;1.9928527832031477;22.773333333333333;271.16305555555556;2.5592478777980432e-05;87.2973620891571;34.4545783996582;2.440742015838623
2023-11-24T11:00:00;1003.85859375;2.9656005859375227;17.084444444444443;297.56944444444446;0.00012780592078343034;74.2572546005249;353.7660217285156;4.120670795440674
2023-11-24T12:00:00;1004.915;3.2943054199218977;45.81333333333333;274.5527777777778;1.4874223779770546e-05;70.59670090675354;340.4549865722656;3.299258232116699
2023-11-24T13:00:00;1004.856953125;3.3493591308593977;37.013333333333335;280.5447222222222;9.329820750281215e-05;73.90481233596802;317.3077087402344;2.612851619720459
2023-11-24T14:00:00;1003.7884375;3.0389038085937727;23.964444444444446;260.8147222222222;1.7079020835808478e-05;75.80294609069824;270.5035400390625;2.8705248832702637
2023-11-24T15:00:00;1003.63375;1.5022216796875227;0.35555555555555557;300.92527777777775;1.927875280380249;99.99575018882751;307.9013671875;4.439650058746338
2023-11-24T16:00:00;1003.308515625;4.229821777343773;0.017777777777777778;316.4288888888889;0.27842798829078674;91.54847264289856;320.78759765625;6.577829837799072
2023-11-24T17:00:00;1002.8621875;4.097528076171898;0.0;313.225;0.3582940697669983;94.85201835632324;327.45782470703125;6.9912590980529785
2023-11-24T18:00:00;1002.92609375;4.816461181640648;0.0;308.22333333333336;0.14878198504447937;86.7786169052124;336.890380859375;8.771316528320312
2023-11-24T19:00:00;1003.508125;3.4750000000000227;0.0;306.615;2.414808988571167;98.08692336082458;358.6447448730469;8.184263229370117
2023-11-24T20:00:00;1003.693671875;3.5607238769531477;0.0;311.0286111111111;1.880178451538086;91.21898412704468;354.5541076660156;7.559022426605225
2023-11-24T21:00:00;1004.7584375;2.6086059570312727;0.0;285.47333333333336;0.8327025771141052;98.45327138900757;7.251497268676758;4.859954833984375
2023-11-24T22:00:00;1005.97953125;4.410272216796898;1.5443140593479005e-14;311.42861111111114;7.1616632340010256e-06;80.3837776184082;5.789399147033691;6.716710567474365
2023-11-24T23:00:00;1007.0746875;4.410699462890648;1.5435187850076916e-14;312.22222222222223;6.448646308854222e-05;79.82521653175354;22.959617614746094;5.4809675216674805
2023-11-25T00:00:00;1007.821875;4.400567626953148;1.5427350754906556e-14;310.22083333333336;1.2538575901999138e-05;81.32050633430481;19.925508499145508;4.932648658752441
2023-11-25T01:00:00;1008.481484375;4.364038085937523;1.5427350754906556e-14;310.8725;0.056230559945106506;85.15202403068542;17.173683166503906;5.166709899902344
2023-11-25T02:00:00;1009.08890625;4.143273925781273;1.5395771077761664e-14;303.1311111111111;0.027333751320838928;84.47147011756897;19.11728286743164;4.821669578552246
2023-11-25T03:00:00;1009.980078125;4.212121582031273;1.541156091633411e-14;309.30027777777775;3.954857311327942e-05;79.24535274505615;15.482008934020996;4.389040470123291
2023-11-25T04:00:00;1010.36765625;4.103204345703148;1.5403665997047886e-14;311.4088888888889;2.6562820494291373e-06;85.68155765533447;4.919916152954102;3.6414248943328857
2023-11-25T05:00:00;1011.01;4.240869140625023;-6.164623981039538e-14;313.9938888888889;2.033448799920734e-05;82.43908286094666;3.8672475814819336;4.079726696014404
2023-11-25T06:00:00;1011.68265625;4.175531005859398;0.0;315.9011111111111;0.029492711648344994;84.38758254051208;3.422110080718994;4.188608646392822
2023-11-25T07:00:00;1011.984921875;3.9989868164062727;0.0;314.8808333333333;0.01609649322926998;83.20353031158447;9.346561431884766;3.982091188430786
2023-11-25T08:00:00;1012.285234375;3.6951232910156477;0.0;310.9761111111111;1.753987089614384e-05;82.09261298179626;19.03813362121582;3.5852465629577637
2023-11-25T09:00:00;1012.616640625;3.5840087890625227;0.7288888888888889;310.99944444444446;6.614151789108291e-05;80.91005086898804;18.618703842163086;2.815831184387207
2023-11-25T10:00:00;1012.631640625;3.0566955566406477;5.8133333333333335;308.7005555555556;1.8252365407533944e-05;87.70175576210022;28.111053466796875;1.4120537042617798
2023-11-25T11:00:00;1012.86859375;3.3354736328125227;10.222222222222221;308.9488888888889;4.384334897622466e-05;85.14747023582458;8.328262329101562;2.109419345855713
2023-11-25T12:00:00;1013.1925;3.4750610351562727;19.52;305.5361111111111;2.532814505684655e-06;82.91968107223511;1.2034744024276733;2.3602607250213623
2023-11-25T13:00:00;1013.345390625;3.2667785644531477;33.67111111111111;282.2861111111111;3.148581163259223e-05;84.05799865722656;359.10284423828125;1.9644248485565186
2023-11-25T14:00:00;1013.12234375;2.8374267578125227;27.30666666666667;241.89166666666668;6.122748163761571e-05;87.03650832176208;1.1504452228546143;1.6265692710876465
2023-11-25T15:00:00;1013.13109375;2.2427001953125227;1.1022222222222222;231.49333333333334;0.0;89.70836997032166;8.763891220092773;0.9121080040931702
2023-11-25T16:00:00;1013.320625;1.5547119140625227;0.0;229.26694444444445;0.0;91.9848620891571;354.13531494140625;1.086292028427124
2023-11-25T17:00:00;1013.19625;1.4666992187500227;-0.017777777777777778;231.16555555555556;2.365231375733856e-05;92.68995523452759;17.010223388671875;0.9860153198242188
2023-11-25T18:00:00;1013.02390625;1.1787353515625227;0.0;229.49055555555555;1.1968641047133133e-05;94.36847567558289;21.82864761352539;1.0035488605499268
2023-11-25T19:00:00;1012.82046875;1.0677429199218977;0.0;233.97944444444445;0.0;98.63788485527039;351.67706298828125;1.0699489116668701
2023-11-25T20:00:00;1012.433046875;1.4044433593750227;0.0;272.7413888888889;0.003197404555976391;98.30829501152039;327.49493408203125;1.3893275260925293
2023-11-25T21:00:00;1012.200546875;1.8029418945312727;0.0;297.58916666666664;0.09572664648294449;99.98065829277039;310.3662414550781;0.9883953332901001
2023-11-25T22:00:00;1011.551953125;1.6722961425781477;1.5277347288468315e-14;272.7161111111111;0.008711457252502441;91.1397635936737;218.3869171142578;1.3559179306030273
2023-11-25T23:00:00;1011.3915625;1.8389831542968977;1.5269394545066225e-14;286.43111111111114;0.0245213583111763;94.13960576057434;221.2777862548828;1.6382696628570557
2023-11-26T00:00:00;1011.1103125;1.8819824218750227;1.5253662530609644e-14;308.3638888888889;0.04194524884223938;96.92437648773193;240.83428955078125;1.0312485694885254
2023-11-26T01:00:00;1010.775078125;2.0984436035156477;1.526945236918209e-14;292.2438888888889;0.0024505448527634144;88.83722424507141;222.96351623535156;1.123841404914856
2023-11-26T02:00:00;1010.48265625;1.4436889648437727;1.5253662530609644e-14;315.18194444444447;0.7650429010391235;98.16644787788391;275.5415344238281;2.111227035522461
2023-11-26T03:00:00;1009.879375;1.0537048339843977;1.541156091633411e-14;315.18361111111113;2.3459482192993164;99.99747276306152;56.47171401977539;0.9131105542182922
2023-11-26T04:00:00;1009.539375;1.7742553710937727;1.5237872692037198e-14;293.5513888888889;0.2944146692752838;99.9975860118866;225.58277893066406;1.4194856882095337
2023-11-26T05:00:00;1009.028828125;1.5056701660156477;-6.099096150963885e-14;303.9786111111111;0.1175149604678154;99.59768056869507;176.60958862304688;1.498821496963501
2023-11-26T06:00:00;1008.81765625;1.4521423339843977;0.0;290.9169444444444;0.00017078810196835548;99.9898910522461;188.27317810058594;1.2016103267669678
2023-11-26T07:00:00;1008.574375;1.2766967773437727;0.0;305.0213888888889;0.014910047873854637;99.98219013214111;56.190494537353516;1.073808193206787
2023-11-26T08:00:00;1008.56015625;1.0284667968750227;0.0;312.2911111111111;0.08772788196802139;99.87845420837402;61.87553787231445;1.626366376876831
2023-11-26T09:00:00;1008.4515625;0.8055358886718977;3.5733333333333333;285.70166666666665;0.007925618439912796;99.98065233230591;94.13679504394531;1.2794941663742065
2023-11-26T10:00:00;1008.3975;1.6194702148437727;24.017777777777777;298.05694444444447;0.056566257029771805;86.4780843257904;78.28199768066406;1.6380401849746704
2023-11-26T11:00:00;1008.313125;1.4387451171875227;61.297777777777775;261.3019444444444;0.0033018668182194233;90.93359708786011;68.24879455566406;1.7545275688171387
2023-11-26T12:00:00;1008.404765625;1.2821899414062727;78.34666666666666;236.5613888888889;0.00020366627722978592;97.69936800003052;64.28784942626953;1.8619537353515625
2023-11-26T13:00:00;1008.71078125;1.1879211425781477;67.02222222222223;226.36777777777777;1.3221531844465062e-05;98.29752445220947;62.95934295654297;2.165212392807007
2023-11-26T14:00:00;1009.00875;0.5326477050781477;30.4;220.49527777777777;6.883955211378634e-05;85.52443981170654;59.84822082519531;2.609753131866455
2023-11-26T15:00:00;1009.09109375;-0.27799072265622726;0.8177777777777778;215.53861111111112;8.768672705627978e-05;76.86814069747925;65.11891174316406;2.659355878829956
2023-11-26T16:00:00;1009.050703125;-0.32016601562497726;-0.017777777777777778;214.2888888888889;0.0;87.1647834777832;64.72657012939453;2.451552152633667
2023-11-26T17:00:00;1009.154375;-0.6579040527343523;0.0;211.75472222222223;0.0;82.12615847587585;60.70915222167969;2.448737859725952
2023-11-26T18:00:00;1009.254765625;-0.8990539550781023;0.0;213.44444444444446;0.0;79.21321988105774;66.95878601074219;2.4042980670928955
2023-11-26T19:00:00;1009.31484375;-0.8700317382812273;0.0;216.04722222222222;0.0;77.02362537384033;69.82025146484375;2.434143543243408
2023-11-26T20:00:00;1009.420234375;-0.7110351562499773;0.0;213.73222222222222;0.0;76.11269354820251;75.54196166992188;2.4528968334198
2023-11-26T21:00:00;1009.5940625;-0.5471252441406023;0.0;212.465;0.0;74.21446442604065;82.44070434570312;2.5221879482269287
2023-11-26T22:00:00;1009.79984375;-0.5916198730468523;1.5158923499174965e-14;213.1238888888889;0.0;75.19108057022095;82.06129455566406;2.504880905151367
2023-11-26T23:00:00;1010.105625;-0.7201599121093523;1.5150970755772875e-14;212.9488888888889;0.0;78.12074422836304;95.27169799804688;2.283994436264038
2023-11-27T00:00:00;1010.4796875;-0.6721252441406023;1.512734382203007e-14;212.77916666666667;0.0;71.55950665473938;100.94354248046875;2.1254289150238037
2023-11-27T01:00:00;1010.958359375;-0.5557617187499773;1.512734382203007e-14;212.6811111111111;0.0;63.658469915390015;96.6712646484375;2.389010190963745
2023-11-27T02:00:00;1011.190703125;-0.7327331542968523;1.512734382203007e-14;212.80305555555555;0.0;65.67871570587158;96.01544952392578;2.4786367416381836
2023-11-27T03:00:00;1011.30171875;-0.41724243164060226;1.5095764144885178e-14;213.32333333333332;0.0;64.63502645492554;99.20111846923828;2.48103666305542
2023-11-27T04:00:00;1011.3515625;-1.0699218749999773;1.51036590641714e-14;212.6352777777778;1.3501778084901161e-05;68.47416758537292;98.63201904296875;2.41066837310791
2023-11-27T05:00:00;1011.78890625;-0.45926513671872726;-6.046200191746188e-14;213.79972222222221;6.42941813566722e-06;61.86405420303345;101.58116149902344;2.493372917175293
2023-11-27T06:00:00;1012.1171875;-0.6222595214843523;0.0;213.51833333333335;1.0287069017067552e-05;64.24751281738281;96.53581237792969;2.4183504581451416
2023-11-27T07:00:00;1012.4478125;-0.5056823730468523;0.0;212.53305555555556;6.42941813566722e-06;65.08672833442688;86.97311401367188;2.433544635772705
2023-11-27T08:00:00;1012.855;-0.5128234863281023;0.0;211.54861111111111;6.42941813566722e-06;66.75451993942261;80.54206085205078;2.4563372135162354
2023-11-27T09:00:00;1013.33328125;-0.45786132812497726;4.515555555555555;210.51361111111112;3.857650881400332e-06;68.21939945220947;78.17488861083984;2.6674752235412598
2023-11-27T10:00:00;1013.377109375;-0.6727966308593523;42.0;207.72583333333333;9.97386723611271e-06;62.408822774887085;68.75902557373047;2.670377254486084
2023-11-27T11:00:00;1013.76796875;-0.09537353515622726;75.6;208.07194444444445;0.0;64.29480314254761;67.81193542480469;2.957569122314453
2023-11-27T12:00:00;1014.148125;0.23186645507814774;85.54666666666667;207.69722222222222;0.0;65.39042592048645;63.98418045043945;3.024991273880005
2023-11-27T13:00:00;1014.36984375;0.03197631835939774;68.44444444444444;206.2302777777778;0.0;65.4299795627594;64.82379150390625;2.9219014644622803
2023-11-27T14:00:00;1014.525;-0.39227905273435226;29.83111111111111;204.7861111111111;0.0;64.93716835975647;67.87397766113281;2.6240320205688477
2023-11-27T15:00:00;1014.5375;-0.9716857910156023;0.6044444444444445;202.46777777777777;0.0;64.6182656288147;67.32136535644531;2.9641687870025635
2023-11-27T16:00:00;1014.2540625;-2.0894836425781023;0.0;200.25722222222223;0.0;68.86172890663147;71.33598327636719;2.484983444213867
2023-11-27T17:00:00;1014.441875;-2.1103881835937273;-0.017777777777777778;200.5625;0.0;70.63179612159729;72.08238983154297;2.723515033721924
2023-11-27T18:00:00;1014.5475;-2.1583007812499773;0.0;198.36444444444444;0.0;68.71516704559326;61.5670166015625;4.281813144683838
2023-11-27T19:00:00;1014.6071875;-2.3314880371093523;0.0;197.08638888888888;0.0;66.97412133216858;49.51065444946289;5.185374736785889
2023-11-27T20:00:00;1014.79515625;-2.6860107421874773;0.0;195.18027777777777;0.0;63.95297646522522;49.7270393371582;5.194785118103027
2023-11-27T21:00:00;1014.8884375;-3.2598022460937273;0.0;191.33805555555554;0.0;62.72468566894531;48.81843566894531;4.779702186584473
2023-11-27T22:00:00;1014.320390625;-4.121191406249977;1.4993130194164274e-14;190.00583333333333;0.0;68.17508339881897;48.92177963256836;4.5787034034729
2023-11-27T23:00:00;1013.78140625;-4.708410644531227;1.500096728933463e-14;188.16305555555556;0.0;67.75245070457458;49.75300216674805;4.79525089263916
2023-11-28T00:00:00;1013.39859375;-5.373815917968727;1.498523527487805e-14;188.0625;0.0;73.1601893901825;54.551395416259766;4.95337438583374
2023-11-28T01:00:00;1013.48546875;-5.519567871093727;1.5001025113450496e-14;188.95694444444445;0.0;75.69160461425781;58.695743560791016;5.025650978088379
2023-11-28T02:00:00;1013.394375;-5.624365234374977;1.498523527487805e-14;186.61111111111111;0.0;71.50157690048218;67.50241088867188;4.791143417358398
2023-11-28T03:00:00;1013.5596875;-6.133734130859352;1.5001025113450496e-14;182.2575;0.0;61.55133843421936;75.8814926147461;4.040868282318115
2023-11-28T04:00:00;1013.3565625;-5.915502929687477;1.4993130194164274e-14;184.10916666666665;0.0;66.24634861946106;89.88005065917969;3.4192886352539062
2023-11-28T05:00:00;1013.36015625;-6.202795410156227;-5.996462200242981e-14;182.34527777777777;0.0;61.275047063827515;86.38158416748047;3.406853675842285
2023-11-28T06:00:00;1013.22796875;-6.263525390624977;0.0;181.77694444444444;0.0;57.01780915260315;85.27147674560547;3.44994854927063
2023-11-28T07:00:00;1013.291875;-6.207159423828102;0.0;182.14638888888888;0.0;58.85646939277649;84.164306640625;3.6412527561187744
2023-11-28T08:00:00;1013.56265625;-5.897222900390602;0.0;185.61805555555554;0.0;58.053940534591675;80.28179931640625;3.945260763168335
2023-11-28T09:00:00;1013.653515625;-5.591070556640602;3.7066666666666666;186.0413888888889;0.0;66.80024862289429;72.9696044921875;4.021045207977295
2023-11-28T10:00:00;1013.62703125;-5.797979736328102;35.111111111111114;197.45166666666665;0.0;63.26470971107483;75.21976470947266;3.04398512840271
2023-11-28T11:00:00;1013.371796875;-5.117681884765602;61.644444444444446;207.0913888888889;0.0;62.440723180770874;66.35873413085938;3.2813401222229004
2023-11-28T12:00:00;1013.19984375;-4.468603515624977;68.46222222222222;210.47277777777776;0.0;66.23870730400085;59.89411926269531;4.0813307762146
2023-11-28T13:00:00;1012.646875;-4.304541015624977;49.422222222222224;216.02916666666667;0.0;65.66963195800781;59.729156494140625;3.0611989498138428
2023-11-28T14:00:00;1012.57296875;-4.433477783203102;26.524444444444445;199.77694444444444;0.0;66.35316610336304;61.7982063293457;2.5883827209472656
2023-11-28T15:00:00;1012.25046875;-4.635229492187477;0.32;211.815;0.0;65.5033826828003;56.46805953979492;2.4785208702087402
2023-11-28T16:00:00;1012.3209375;-5.372015380859352;0.0;239.24;0.0;67.28096008300781;59.072208404541016;3.6871843338012695
2023-11-28T17:00:00;1012.07953125;-5.103704833984352;-0.017777777777777778;215.02083333333334;0.0;77.34267115592957;62.90305709838867;5.328988075256348
2023-11-28T18:00:00;1011.6815625;-5.255926513671852;0.0;217.79694444444445;0.0;88.4266197681427;55.895809173583984;5.6053147315979
2023-11-28T19:00:00;1011.248125;-4.883154296874977;0.0;218.5872222222222;0.0;84.69129800796509;59.1734504699707;5.402706146240234
2023-11-28T20:00:00;1010.61296875;-4.707891845703102;0.0;214.33916666666667;0.0;78.05379629135132;69.53326416015625;3.9784929752349854
2023-11-28T21:00:00;1009.8240625;-4.491339111328102;0.0;220.0536111111111;0.0;77.214515209198;72.51834106445312;2.2487268447875977
2023-11-28T22:00:00;1009.555625;-4.820715332031227;1.7622142171417702e-14;230.14583333333334;0.0;70.00618577003479;73.22884368896484;1.7046525478363037
2023-11-28T23:00:00;1009.3053125;-4.294683837890602;1.7614181718133497e-14;234.29888888888888;0.0;69.60801482200623;66.77610778808594;1.703860878944397
2023-11-29T00:00:00;1009.2009375;-3.9776977539062273;1.7606348477904197e-14;227.96694444444444;0.0;72.02353477478027;69.74994659423828;2.091172695159912
2023-11-29T01:00:00;1009.209765625;-3.6881469726562273;1.7622138316476646e-14;214.5661111111111;0.0;71.68760299682617;73.65655517578125;2.807023763656616
2023-11-29T02:00:00;1008.991875;-3.6571105957031023;1.7622138316476646e-14;215.39333333333335;0.0;73.77824187278748;75.43492889404297;3.2809691429138184
2023-11-29T03:00:00;1008.493125;-3.4581054687499773;1.7606348477904197e-14;227.17333333333335;0.0;74.06355738639832;74.444580078125;3.3395302295684814
2023-11-29T04:00:00;1009.55484375;-4.231024169921852;1.7614247252131478e-14;240.3322222222222;0.0;67.75711178779602;88.66568756103516;3.8612654209136963
2023-11-29T05:00:00;1009.099296875;-3.7158569335937273;-7.045697358876168e-14;239.775;0.0;69.20209527015686;87.5793685913086;3.6252315044403076
2023-11-29T06:00:00;1008.7590625;-3.4917663574218523;0.0;228.55416666666667;0.0;71.52146100997925;83.11458587646484;2.900437593460083
2023-11-29T07:00:00;1008.5753125;-3.3408874511718523;0.0;217.99694444444444;0.0;72.42783308029175;77.72698211669922;2.4707894325256348
2023-11-29T08:00:00;1008.494140625;-3.1268371582031023;0.0;215.57055555555556;0.0;75.77259540557861;79.9783935546875;2.5978245735168457
2023-11-29T09:00:00;1008.63484375;-2.9987548828124773;2.7733333333333334;211.40472222222223;0.0;76.88956260681152;80.02928924560547;2.594836711883545
2023-11-29T10:00:00;1008.85765625;-3.1082519531249773;36.12888888888889;209.36277777777778;0.0;70.10395526885986;83.9528579711914;3.182492733001709
2023-11-29T11:00:00;1009.083125;-2.0322937011718523;65.03111111111112;219.4886111111111;0.0;70.71727514266968;81.74018859863281;3.2228293418884277
2023-11-29T12:00:00;1009.10359375;-1.1875671386718523;55.87555555555556;256.73805555555555;0.0;69.78342533111572;84.88768005371094;3.3679544925689697
2023-11-29T13:00:00;1009.17140625;-0.9903320312499773;48.49777777777778;243.36555555555555;0.0;71.11104726791382;80.96649169921875;2.855750322341919
2023-11-29T14:00:00;1009.101875;-1.3328918457031023;22.293333333333333;226.37694444444443;0.0;75.37124752998352;80.60624694824219;2.583444595336914
2023-11-29T15:00:00;1009.2865625;-1.5544799804687273;0.21333333333333335;226.9275;0.0;76.87874436378479;71.29918670654297;2.3413708209991455
2023-11-29T16:00:00;1009.5946875;-2.7558349609374773;0.017777777777777778;211.25944444444445;0.0;67.67919063568115;83.23023223876953;2.4358088970184326
2023-11-29T17:00:00;1009.606796875;-2.4771484374999773;-0.017777777777777778;242.21694444444444;0.0;70.76758146286011;80.9608154296875;2.525865316390991
2023-11-29T18:00:00;1009.498203125;-1.9844116210937273;0.0;230.76194444444445;0.0;67.72347688674927;77.90728759765625;2.3591525554656982
2023-11-29T19:00:00;1009.494609375;-2.1088317871093523;0.0;213.2086111111111;0.0;70.17713785171509;74.97042083740234;2.086181402206421
2023-11-29T20:00:00;1009.118984375;-2.0676330566406023;0.0;226.39833333333334;0.0;70.89423537254333;86.74404907226562;2.174943447113037
2023-11-29T21:00:00;1008.94421875;-1.7446960449218523;0.0;242.6302777777778;0.0;71.7579185962677;78.59396362304688;1.8213069438934326
2023-11-29T22:00:00;1009.046015625;-2.7813781738281023;1.759056249427281e-14;246.2061111111111;0.0;65.36146402359009;60.14113998413086;1.4907675981521606
2023-11-29T23:00:00;1008.68375;-2.2790588378906023;1.7590496960274826e-14;254.54805555555555;0.0;67.95231103897095;65.43932342529297;1.244128942489624
2023-11-30T00:00:00;1008.55609375;-2.0849365234374773;1.7606348477904197e-14;258.05611111111114;0.0;71.47263288497925;53.15885543823242;0.9569847583770752
2023-11-30T01:00:00;1008.764296875;-2.2128356933593523;1.7574768800759305e-14;266.3888888888889;0.0;81.6654920578003;5.743936538696289;0.7287946343421936
2023-11-30T02:00:00;1008.81734375;-2.3155273437499773;1.759055863933175e-14;262.7633333333333;0.0;87.25316524505615;268.4680480957031;1.2069785594940186
2023-11-30T03:00:00;1008.8109375;-2.0501159667968523;1.759055863933175e-14;258.37888888888887;0.0;79.99299764633179;215.80386352539062;1.8938357830047607
2023-11-30T04:00:00;1009.34234375;-0.5139221191406023;1.759056249427281e-14;252.08555555555554;0.0;43.71534585952759;144.15243530273438;0.6134718060493469
2023-11-30T05:00:00;1009.33046875;-0.9382690429687273;-7.0362234557327e-14;249.39138888888888;0.0;45.90190052986145;196.07884216308594;1.6937594413757324
2023-11-30T06:00:00;1009.32296875;-0.7504638671874773;0.0;269.6638888888889;0.0;47.94971942901611;221.50955200195312;1.2824115753173828
2023-11-30T07:00:00;1009.273046875;-1.1737426757812273;0.0;261.33972222222224;0.0;57.48333930969238;199.31309509277344;1.118554949760437
2023-11-30T08:00:00;1009.034765625;-1.4191955566406023;0.0;242.05666666666667;0.0;64.24147486686707;190.6630096435547;1.0217071771621704
2023-11-30T09:00:00;1009.12109375;-0.9704956054687273;1.7155555555555555;240.43833333333333;0.0;59.453284740448;198.34024047851562;1.1995021104812622
2023-11-30T10:00:00;1009.52546875;-1.4469970703124773;32.64888888888889;214.81583333333333;0.0;48.593538999557495;87.70553588867188;0.8659366965293884
2023-11-30T11:00:00;1009.61171875;-1.3390869140624773;62.888888888888886;217.85;0.0;56.48689270019531;166.84732055664062;1.1229161024093628
2023-11-30T12:00:00;1009.652734375;-0.44867553710935226;70.98666666666666;222.45916666666668;0.0;56.75239562988281;162.81158447265625;1.2111350297927856
2023-11-30T13:00:00;1009.804453125;-0.5659851074218523;51.89333333333333;233.03972222222222;0.0;54.35221791267395;256.846923828125;0.6925597190856934
2023-11-30T14:00:00;1010.023828125;-0.5986083984374773;16.355555555555554;258.7502777777778;0.0;59.24111008644104;187.2283935546875;1.1731131076812744
2023-11-30T15:00:00;1009.98875;-0.5052551269531023;0.035555555555555556;255.17916666666667;0.0;71.96542024612427;198.96719360351562;1.095644474029541
2023-11-30T16:00:00;1010.57546875;-1.4538024902343523;0.0;212.70638888888888;0.0;53.76473069190979;112.31130981445312;1.5354769229888916
2023-11-30T17:00:00;1010.52859375;-0.8249267578124773;0.0;212.61222222222221;0.0;45.95375657081604;113.12991333007812;1.2290056943893433
2023-11-30T18:00:00;1010.64671875;-1.7358154296874773;0.0;214.83833333333334;0.0;57.86164999008179;107.8885498046875;1.3386149406433105
2023-11-30T19:00:00;1010.783125;-1.8231567382812273;0.0;251.8738888888889;0.0;66.27385020256042;147.59939575195312;1.7307779788970947
2023-11-30T20:00:00;1010.8421875;-1.4935058593749773;0.0;249.07166666666666;0.0;64.54205513000488;140.32891845703125;1.3846722841262817
2023-11-30T21:00:00;1010.85984375;-1.4090026855468523;0.0;217.56305555555556;0.0;62.72925138473511;132.06436157226562;1.4653809070587158
2023-11-30T22:00:00;1011.597109375;-1.1889404296874773;1.7582667574986586e-14;208.53861111111112;8.94935419637477e-06;43.435972929000854;124.40577697753906;1.6605932712554932
2023-11-30T23:00:00;1011.73359375;-0.8734191894531023;1.7582602040988605e-14;212.66583333333332;8.591380719735753e-06;43.42231750488281;119.91229248046875;1.9143882989883423
2023-12-01T00:00:00;1011.9165625;-1.3569091796874773;1.755897896218686e-14;212.77694444444444;7.875431947468314e-06;52.40211486816406;132.2947998046875;1.6192162036895752
2023-12-01T01:00:00;1012.056171875;-0.9383911132812273;1.7574768800759305e-14;214.16305555555556;0.0;52.42493748664856;132.1951446533203;1.2673386335372925
2023-12-01T02:00:00;1012.085625;-0.34583129882810226;1.7574768800759305e-14;218.31416666666667;0.00013459828915074468;46.89062833786011;150.2958984375;1.1968578100204468
2023-12-01T03:00:00;1011.66828125;-0.8571533203124773;1.7574768800759305e-14;214.77055555555555;0.0;51.96874141693115;127.7069091796875;1.527698278427124
2023-12-01T04:00:00;1011.994453125;-1.1583007812499773;1.757477265570036e-14;213.8138888888889;0.0;46.206945180892944;129.3878936767578;1.3162275552749634
2023-12-01T05:00:00;1011.890625;-1.2002014160156023;-7.030697012232344e-14;214.8713888888889;0.0;51.92599892616272;136.88229370117188;1.544253945350647
2023-12-01T06:00:00;1011.910390625;-1.4148925781249773;0.0;215.15805555555556;0.0;58.937424421310425;75.3327407836914;1.0317412614822388
2023-12-01T07:00:00;1011.794453125;-2.7978881835937273;0.0;247.76611111111112;0.0009648090344853699;97.65203595161438;79.2094497680664;1.2245513200759888
2023-12-01T08:00:00;1011.6028125;-1.8914245605468523;0.0;261.99861111111113;0.03347937762737274;94.82762813568115;300.826416015625;1.2498054504394531
2023-12-01T09:00:00;1011.695;-2.2242187499999773;0.8666666666666667;279.93305555555554;0.32266831398010254;96.47103548049927;213.79820251464844;0.811909019947052
2023-12-01T10:00:00;1011.89140625;-1.4644531249999773;18.15111111111111;267.595;0.0043933275155723095;69.84444260597229;181.00852966308594;1.2287901639938354
2023-12-01T11:00:00;1011.898671875;-0.5755065917968523;17.333333333333332;291.96944444444443;1.0774275064468384;73.4424889087677;201.11264038085938;1.4350112676620483
2023-12-01T12:00:00;1011.65515625;-0.9013122558593523;47.36;270.5925;0.11101538687944412;80.24942874908447;227.98568725585938;0.7076576352119446
2023-12-01T13:00:00;1011.60046875;-1.3282836914062273;34.61333333333334;280.68861111111113;0.006913162302225828;94.71474885940552;109.47067260742188;0.8099595904350281
2023-12-01T14:00:00;1011.70296875;-1.7897094726562273;15.786666666666667;257.07944444444445;0.0010717185214161873;99.45262670516968;81.3358383178711;1.0510822534561157
2023-12-01T15:00:00;1011.556875;-2.0217346191406023;0.0;251.3525;0.0012316080974414945;97.67341613769531;45.811405181884766;1.1955492496490479
2023-12-01T16:00:00;1011.43953125;-1.1444763183593523;0.0;275.5002777777778;0.0007200395921245217;96.07118368148804;87.59510040283203;0.941114604473114
2023-12-01T17:00:00;1011.205390625;-0.5807250976562273;0.0;264.9997222222222;0.00010309656499885023;82.67857432365417;108.64411163330078;1.0792832374572754
2023-12-01T18:00:00;1011.2690625;-1.0233215332031023;0.0;289.8441666666667;0.7918198704719543;82.97158479690552;60.49923324584961;1.7789506912231445
2023-12-01T19:00:00;1011.138125;-1.7175964355468523;0.0;282.99861111111113;0.2680508494377136;98.58435392379761;44.35564422607422;1.3724650144577026
2023-12-01T20:00:00;1011.191796875;-1.7959960937499773;0.0;279.81194444444446;0.009651580825448036;96.08349204063416;82.08219146728516;1.6569509506225586
2023-12-01T21:00:00;1011.2890625;-1.5203002929687273;0.0;256.9741666666667;0.0018080768641084433;97.76041507720947;57.59671401977539;1.0826563835144043
2023-12-01T22:00:00;1010.864375;-1.3415283203124773;1.792214910429419e-14;254.0336111111111;0.002410140121355653;78.33908200263977;56.157196044921875;1.1576128005981445
2023-12-01T23:00:00;1010.93296875;-1.7193054199218523;1.7929978489582432e-14;253.18805555555556;0.001167572452686727;86.65657043457031;52.37226104736328;1.1586973667144775
2023-12-02T00:00:00;1011.04609375;-1.8980468749999773;1.7922145249353132e-14;239.5025;2.2227475710678846e-05;95.37848830223083;57.6695556640625;1.0973296165466309
2023-12-02T01:00:00;1011.2896875;-2.0392211914062273;1.7922145249353132e-14;245.36194444444445;6.266863783821464e-05;98.60726594924927;56.1738166809082;1.3483846187591553
2023-12-02T02:00:00;1011.20625;-2.1514038085937273;1.7922145249353132e-14;246.21916666666667;0.0001788862718967721;91.30289554595947;48.77396011352539;1.385171890258789
2023-12-02T03:00:00;1011.06625;-2.2880920410156023;1.7922145249353132e-14;247.1352777777778;3.65596788469702e-05;91.54554605484009;44.19986343383789;1.5008255243301392
2023-12-02T04:00:00;1011.18234375;-2.9892333984374773;1.792214910429419e-14;246.23194444444445;4.653664291254245e-05;95.29760479927063;51.5498046875;1.7840912342071533
2023-12-02T05:00:00;1011.061953125;-2.9924682617187273;-7.168858099741253e-14;236.25194444444443;0.0006350461626425385;97.09507822990417;46.66703414916992;1.5382503271102905
2023-12-02T06:00:00;1011.0434375;-2.9868530273437273;0.0;222.32888888888888;7.302673475351185e-05;96.19788527488708;53.439674377441406;1.3303821086883545
2023-12-02T07:00:00;1011.03859375;-3.1126159667968523;0.0;226.06277777777777;0.0;94.25851106643677;64.20991516113281;1.1891252994537354
2023-12-02T08:00:00;1011.181484375;-3.0959228515624773;0.0;227.8986111111111;0.0;89.49317336082458;73.3715591430664;1.2995195388793945
2023-12-02T09:00:00;1011.26328125;-3.3955444335937273;1.0844444444444445;216.41166666666666;2.2910347979632206e-05;86.97699904441833;79.40158081054688;1.5078617334365845
2023-12-02T10:00:00;1011.24453125;-3.4659790039062273;29.155555555555555;206.25472222222223;4.295690087019466e-05;77.65386700630188;61.33202362060547;1.809827446937561
2023-12-02T11:00:00;1011.316484375;-3.0945800781249773;61.89333333333333;202.64083333333335;7.159483629948227e-06;80.03575801849365;57.67892074584961;1.6876853704452515
2023-12-02T12:00:00;1011.2965625;-2.7751831054687273;72.10666666666667;203.15;3.436552287894301e-05;76.37364864349365;64.73112487792969;1.7806451320648193
2023-12-02T13:00:00;1011.45046875;-2.6348632812499773;56.0;203.78861111111112;0.0;71.02857828140259;80.23873138427734;1.7795990705490112
2023-12-02T14:00:00;1011.343515625;-3.2994140624999773;20.40888888888889;203.49527777777777;8.591380719735753e-06;74.80509281158447;77.98080444335938;1.7295293807983398
2023-12-02T15:00:00;1011.4284375;-3.5501159667968523;0.0;203.45527777777778;5.7275869949080516e-06;74.86763596534729;71.5316390991211;1.568676471710205
2023-12-02T16:00:00;1011.544375;-3.9524902343749773;0.0;216.4011111111111;2.9711858587688766e-05;81.4853847026825;41.4200325012207;1.3492934703826904
2023-12-02T17:00:00;1011.43796875;-4.286077880859352;0.0;211.0836111111111;6.65831976220943e-05;89.62438702583313;41.798583984375;1.5701589584350586
2023-12-02T18:00:00;1011.326640625;-3.8565734863281023;0.0;210.36111111111111;0.0;85.8402669429779;52.328433990478516;1.3876968622207642
2023-12-02T19:00:00;1011.12296875;-4.037420654296852;0.0;214.91722222222222;6.157156167319044e-05;89.55731391906738;96.8334732055664;1.6712977886199951
2023-12-02T20:00:00;1011.1465625;-3.5294860839843523;0.0;218.44027777777777;0.0;82.90595412254333;115.71326446533203;0.9084973335266113
2023-12-02T21:00:00;1011.28390625;-2.9771789550781023;0.0;217.99583333333334;8.305000665131956e-05;78.74945402145386;12.333620071411133;1.3760932683944702
2023-12-02T22:00:00;1012.2596875;-3.7722534179687273;1.7906359265721743e-14;208.0575;7.612361059727846e-06;75.63826441764832;72.59186553955078;1.7027688026428223
2023-12-02T23:00:00;1012.443671875;-3.2815612792968523;1.7898398812437537e-14;247.6938888888889;2.7681314804794965e-06;70.4028844833374;108.7993392944336;1.5642054080963135
2023-12-03T00:00:00;1012.5809375;-2.3408264160156023;1.7890565572208237e-14;265.0808333333333;2.7681314804794965e-06;58.02805423736572;100.11763763427734;1.506255865097046
2023-12-03T01:00:00;1012.80921875;-1.7462524414062273;1.7906355410780683e-14;260.215;4.844229806622025e-06;52.29066610336304;105.69815063476562;1.7648639678955078
2023-12-03T02:00:00;1012.768203125;-2.5438903808593523;1.7906355410780683e-14;261.43666666666667;8.996426913654432e-06;62.46825456619263;77.53787231445312;1.325995922088623
2023-12-03T03:00:00;1012.67015625;-2.7423461914062273;1.7906355410780683e-14;268.8652777777778;8.996426913654432e-06;73.73236417770386;39.80253219604492;1.346002221107483
2023-12-03T04:00:00;1013.15578125;-2.4797119140624773;1.7898464346435518e-14;264.1091666666667;0.0;65.18293023109436;109.7651138305664;1.3947033882141113
2023-12-03T05:00:00;1013.2384375;-2.3627075195312273;-7.158594704669162e-14;252.99388888888888;0.0;66.69504642486572;105.65067291259766;1.304815411567688
2023-12-03T06:00:00;1013.23953125;-1.6710571289062273;0.0;270.5238888888889;0.0;63.12748193740845;73.3701171875;0.985787570476532
2023-12-03T07:00:00;1013.416484375;-1.5597900390624773;0.0;273.46222222222224;0.0;65.56281447410583;84.80441284179688;0.9013651013374329
2023-12-03T08:00:00;1013.60109375;-1.8073486328124773;0.0;275.3041666666667;0.0;71.46641612052917;24.535860061645508;1.0870712995529175
2023-12-03T09:00:00;1013.88140625;-1.6322998046874773;0.5688888888888889;263.31944444444446;0.0;70.95825672149658;10.735602378845215;1.1034660339355469
2023-12-03T10:00:00;1014.846640625;-2.3102478027343523;26.533333333333335;216.9886111111111;0.0;68.8342809677124;14.044172286987305;0.5554937720298767
2023-12-03T11:00:00;1015.248203125;-1.1971191406249773;58.702222222222225;214.85666666666665;0.0;67.95382499694824;4.811589241027832;0.6325748562812805
2023-12-03T12:00:00;1015.81375;-0.7577880859374773;63.92888888888889;222.65305555555557;0.0;67.6638662815094;147.57676696777344;0.7250311374664307
2023-12-03T13:00:00;1016.111015625;-0.09290161132810226;46.897777777777776;233.61333333333334;0.0;54.01643514633179;352.6056823730469;0.2918316423892975
2023-12-03T14:00:00;1016.180078125;-1.3157714843749773;18.63111111111111;214.6313888888889;0.0;64.70673680305481;62.34668731689453;1.1589192152023315
2023-12-03T15:00:00;1016.13328125;-2.2080749511718523;0.035555555555555556;213.06666666666666;0.0;70.55688500404358;98.80181121826172;1.4080963134765625
2023-12-03T16:00:00;1016.59328125;-1.7833007812499773;-0.017777777777777778;211.14916666666667;0.0;53.48541736602783;135.75450134277344;0.9442448019981384
2023-12-03T17:00:00;1016.65171875;-2.1511596679687273;0.0;211.62194444444444;0.0;59.10371541976929;89.48490905761719;0.4859778881072998
2023-12-03T18:00:00;1017.00484375;-2.1052612304687273;0.0;210.75722222222223;0.0;60.9622061252594;175.07974243164062;0.9940071702003479
2023-12-03T19:00:00;1017.353046875;-2.0885070800781023;0.0;212.56166666666667;0.0;62.20428943634033;113.9823226928711;0.958565890789032
2023-12-03T20:00:00;1017.5271875;-2.7799438476562273;0.0;215.765;0.0;76.79016590118408;138.13357543945312;1.5809694528579712
2023-12-03T21:00:00;1017.18921875;-3.3065551757812273;0.0;228.67444444444445;0.0;93.15829873085022;77.50636291503906;0.6702580451965332
2023-12-03T22:00:00;1017.2415625;-1.2636779785156023;1.7866884669290626e-14;223.49583333333334;0.0;48.7308144569397;141.55487060546875;1.3118351697921753
2023-12-03T23:00:00;1017.235;-1.9368347167968523;1.7874714054578866e-14;230.50222222222223;0.0;55.81544041633606;54.56591796875;1.1235514879226685
2023-12-04T00:00:00;1017.076875;-2.8437866210937273;1.787477573363579e-14;228.14166666666668;0.0;74.51357245445251;116.91104888916016;1.153923749923706
2023-12-04T01:00:00;1017.11140625;-3.0480712890624773;1.787477573363579e-14;220.505;0.0;81.3128411769867;161.71482849121094;1.1687090396881104
2023-12-04T02:00:00;1017.235;-3.1164306640624773;1.7858985895063345e-14;228.7097222222222;7.732242374913767e-05;93.51082444190979;10.233173370361328;1.0988835096359253
2023-12-04T03:00:00;1016.9353125;-3.0039428710937273;1.787477573363579e-14;238.6888888888889;0.0015176130691543221;95.35869359970093;53.21952438354492;1.1722640991210938
2023-12-04T04:00:00;1017.17875;-1.0760864257812273;1.78589897500044e-14;238.0661111111111;0.00022122803784441203;52.97882556915283;93.93705749511719;1.408411979675293
2023-12-04T05:00:00;1016.87625;-1.6935485839843523;-7.147541817668449e-14;250.70527777777778;0.002412126399576664;62.459176778793335;77.17449951171875;1.283142328262329
2023-12-04T06:00:00;1016.636640625;-1.7299560546874773;0.0;234.75861111111112;0.00013531424337998033;68.89075040817261;95.11666107177734;1.1036741733551025
2023-12-04T07:00:00;1016.43859375;-1.4373535156249773;0.0;233.70527777777778;0.001401551184244454;61.58181428909302;92.46200561523438;0.9757049679756165
2023-12-04T08:00:00;1016.7940625;-2.2846740722656023;0.0;240.09805555555556;0.0008361065411008894;79.64515686035156;101.95135498046875;1.0538620948791504
2023-12-04T09:00:00;1016.715;-2.1798767089843523;0.4088888888888889;232.2786111111111;2.3529117243015207e-05;86.84120178222656;128.79925537109375;1.1997520923614502
2023-12-04T10:00:00;1016.60828125;-1.7272094726562273;22.871111111111112;227.6563888888889;0.0002935388183686882;62.08219528198242;103.1641616821289;1.3821336030960083
2023-12-04T11:00:00;1016.4728125;-1.2911743164062273;51.55555555555556;221.79666666666665;0.00040164703386835754;63.945382833480835;88.48810577392578;1.28423011302948
2023-12-04T12:00:00;1016.378046875;-1.8860534667968523;61.44;220.63222222222223;3.794526128331199e-05;76.12495422363281;75.21582794189453;1.1064599752426147
2023-12-04T13:00:00;1016.36046875;-1.5336975097656023;51.66222222222222;211.39083333333335;0.0;80.53008317947388;81.89070129394531;1.135185718536377
2023-12-04T14:00:00;1016.26984375;-1.6608032226562273;17.42222222222222;211.03527777777776;9.736897482071072e-05;70.13433575630188;65.01119995117188;1.1920433044433594
2023-12-04T15:00:00;1016.115;-2.0755065917968523;0.0;224.4113888888889;0.0007689285557717085;73.71101379394531;72.36872100830078;1.332791805267334
2023-12-04T16:00:00;1016.4653125;-2.4741577148437273;0.0;212.48166666666665;0.0;71.73345685005188;97.43130493164062;1.4040460586547852
2023-12-04T17:00:00;1016.295703125;-3.1665405273437273;0.0;207.42166666666665;2.434224370517768e-05;81.13738894462585;112.5667724609375;1.3404414653778076
2023-12-04T18:00:00;1016.08359375;-3.7013305664062273;0.0;205.88;0.0;91.50727391242981;110.12779235839844;1.185650110244751
2023-12-04T19:00:00;1016.0209375;-3.7663330078124773;0.0;205.7277777777778;1.861465716501698e-05;93.80532503128052;98.58208465576172;1.1923573017120361
2023-12-04T20:00:00;1015.95234375;-3.7297729492187273;0.0;213.44055555555556;0.0002477181260474026;95.20448446273804;42.98993682861328;0.770197331905365
2023-12-04T21:00:00;1015.699921875;-3.0534118652343523;0.0;215.60583333333332;0.00014318966714199632;88.1549596786499;47.670616149902344;0.9716691374778748
2023-12-04T22:00:00;1015.79671875;-2.4615844726562273;1.78589897500044e-14;215.2588888888889;0.0008727043750695884;58.43377709388733;61.54722213745117;1.309105634689331
2023-12-04T23:00:00;1015.753515625;-2.8617614746093523;1.785892421600642e-14;218.7422222222222;0.00018911722872871906;72.13013172149658;79.85328674316406;1.1815675497055054
2023-12-05T00:00:00;1015.761171875;-2.0643066406249773;1.7858985895063345e-14;210.60666666666665;1.1072525921917986e-05;59.7201406955719;93.36101531982422;1.3846237659454346
2023-12-05T01:00:00;1015.760625;-1.9709228515624773;1.78431960564909e-14;216.95805555555555;7.589052256662399e-05;57.24366903305054;94.3690185546875;1.4476826190948486
2023-12-05T02:00:00;1015.591875;-1.9491333007812273;1.7858985895063345e-14;214.35472222222222;3.460164180069114e-06;56.175559759140015;96.47844696044922;1.3121559619903564
2023-12-05T03:00:00;1015.243515625;-2.0921386718749773;1.7858985895063345e-14;213.20111111111112;5.536262960958993e-06;55.6125283241272;91.02388763427734;1.1721924543380737
2023-12-05T04:00:00;1015.35515625;-3.5137390136718523;1.785109483071818e-14;209.90833333333333;4.7968540457077324e-05;87.73835301399231;24.762760162353516;1.1159700155258179
2023-12-05T05:00:00;1015.4021875;-2.7852844238281023;-7.142015374168093e-14;216.34222222222223;0.0;73.26081991195679;87.9694595336914;1.1948256492614746
2023-12-05T06:00:00;1015.42640625;-2.7128051757812273;0.0;219.07333333333332;0.0;75.32381415367126;42.18825912475586;0.7640989422798157
2023-12-05T07:00:00;1015.383125;-2.2311462402343523;0.0;222.68555555555557;3.508146619424224e-05;73.33402037620544;56.50260543823242;0.8420220017433167
2023-12-05T08:00:00;1015.1040625;-2.3027404785156023;0.0;226.395;0.0;74.69511032104492;86.7177505493164;0.81613689661026
2023-12-05T09:00:00;1015.18140625;-1.8571838378906023;0.2222222222222222;229.49166666666667;2.0046554709551856e-05;76.12031698226929;40.22936248779297;0.7570310235023499
2023-12-05T10:00:00;1015.815078125;-2.8815063476562273;19.69333333333333;228.40027777777777;5.7275869949080516e-06;67.88972616195679;64.47223663330078;0.6203862428665161
2023-12-05T11:00:00;1015.801875;-1.7530578613281023;45.57333333333333;229.8563888888889;1.4610794096370228e-05;77.03889608383179;29.482473373413086;1.1855169534683228
2023-12-05T12:00:00;1015.8653125;-1.7114624023437273;53.404444444444444;231.63861111111112;1.425282061973121e-05;84.51414704322815;63.631221771240234;0.9963605403900146
2023-12-05T13:00:00;1016.011328125;-1.2289184570312273;38.93333333333333;238.8661111111111;6.443535312428139e-06;83.81838798522949;54.641136169433594;1.0245234966278076
2023-12-05T14:00:00;1016.11796875;-1.4867309570312273;12.337777777777777;247.1875;3.460164180069114e-06;94.15314197540283;31.82752227783203;0.7718313336372375
2023-12-05T15:00:00;1016.04546875;-1.5079711914062273;0.0;253.87333333333333;0.00015993075794540346;95.03360986709595;7.598686695098877;0.911255955696106
2023-12-05T16:00:00;1017.132421875;-2.7192443847656023;0.0;239.41666666666666;4.152197107032407e-06;78.42434048652649;27.9569091796875;0.8096278309822083
2023-12-05T17:00:00;1017.1209375;-2.7950805664062273;0.0;248.26083333333332;4.3252052819298115e-06;92.95532703399658;61.67939376831055;0.9392407536506653
2023-12-05T18:00:00;1017.14015625;-2.4320129394531023;0.0;260.7627777777778;0.0004891952848993242;92.54627823829651;159.24258422851562;1.1463193893432617
2023-12-05T19:00:00;1016.90765625;-1.5888732910156023;0.0;257.5133333333333;4.498213456827216e-05;82.83421993255615;261.235595703125;0.44681116938591003
2023-12-05T20:00:00;1016.96734375;-1.6143249511718523;0.0;265.72;0.0021399310790002346;97.60164022445679;263.7259826660156;0.6903468370437622
2023-12-05T21:00:00;1016.96359375;-0.8770202636718523;0.0;282.7394444444444;0.0028038714081048965;98.37073683738708;300.094970703125;0.46873775124549866
2023-12-05T22:00:00;1017.575859375;-1.5964416503906023;1.7843199911431955e-14;273.1375;1.3494640370481648e-05;73.17834496498108;173.58641052246094;0.7316800355911255
2023-12-05T23:00:00;1017.575625;-1.0550598144531023;1.782734453886153e-14;266.83916666666664;4.832651393371634e-05;82.31837749481201;174.88095092773438;1.106895089149475
2023-12-06T00:00:00;1017.7525;-0.30624999999997726;1.78431960564909e-14;292.42944444444447;0.004569611512124538;75.0537097454071;180.9622802734375;1.715512990951538
2023-12-06T01:00:00;1017.802421875;-0.11792602539060226;1.782740621791845e-14;299.26666666666665;0.01121447328478098;77.77587175369263;189.478759765625;0.9337538480758667
2023-12-06T02:00:00;1017.725625;-0.6492065429687273;1.78431960564909e-14;302.1438888888889;0.060613710433244705;93.3383047580719;219.06394958496094;1.1151416301727295
2023-12-06T03:00:00;1017.46328125;-0.13327636718747726;1.78431960564909e-14;307.6177777777778;0.1101948618888855;96.41299843788147;217.2427215576172;1.5396630764007568
2023-12-06T04:00:00;1018.021328125;-0.8107360839843523;1.783530499214573e-14;284.5316666666667;0.003144291928038001;73.27452301979065;185.4741973876953;1.6177151203155518
2023-12-06T05:00:00;1017.930390625;-1.1384948730468523;-7.133330962953247e-14;290.4797222222222;0.0009873465169221163;86.32076978683472;214.7836151123047;1.0918766260147095
2023-12-06T06:00:00;1018.00578125;-1.3378051757812273;0.0;298.19555555555553;0.09296302497386932;99.71646070480347;192.40707397460938;1.3263916969299316
2023-12-06T07:00:00;1018.02640625;-0.7179321289062273;0.0;300.8305555555556;0.1971273571252823;97.14532494544983;203.9325408935547;1.6200593709945679
2023-12-06T08:00:00;1017.74625;-0.7845214843749773;0.0;286.77666666666664;0.6149511337280273;99.62489008903503;220.39877319335938;1.6992114782333374
2023-12-06T09:00:00;1018.062890625;-0.5854858398437273;0.017777777777777778;298.4213888888889;0.9503676891326904;98.9367663860321;214.58938598632812;2.5264272689819336
2023-12-06T10:00:00;1018.496328125;-2.4814514160156023;9.608888888888888;270.4691666666667;4.498213456827216e-06;89.96920585632324;233.44334411621094;1.1175402402877808
2023-12-06T11:00:00;1018.476640625;-1.6355041503906023;23.715555555555557;274.9586111111111;0.0;86.36358380317688;223.2803497314453;0.9985358119010925
2023-12-06T12:00:00;1018.458203125;-0.9217590332031023;21.26222222222222;289.43333333333334;1.4318967487270129e-06;90.61312675476074;234.59371948242188;1.1460775136947632
2023-12-06T13:00:00;1018.63984375;-0.28409423828122726;19.093333333333334;280.43638888888887;4.725259350379929e-05;86.90376281738281;224.18795776367188;1.5076396465301514
2023-12-06T14:00:00;1018.670390625;-0.5856384277343523;5.475555555555555;282.1011111111111;3.854011811199598e-05;94.80633735656738;197.63685607910156;1.678054928779602
2023-12-06T15:00:00;1018.94015625;-0.48261108398435226;0.0;281.4888888888889;0.0;91.8994128704071;190.59674072265625;1.608219027519226
2023-12-06T16:00:00;1019.91203125;0.36528930664064774;0.0;276.3752777777778;0.0;50.88833570480347;180.28318786621094;1.4981714487075806
2023-12-06T17:00:00;1019.73359375;0.5694824218750227;-0.017777777777777778;279.9166666666667;0.0;59.991711378097534;193.2301788330078;1.4317923784255981
2023-12-06T18:00:00;1019.90921875;0.6374755859375227;0.0;282.6452777777778;0.0;65.46655893325806;179.24664306640625;1.724481463432312
2023-12-06T19:00:00;1019.59921875;1.0597778320312727;0.0;281.2133333333333;0.0;61.04304790496826;187.36688232421875;1.3691990375518799
2023-12-06T20:00:00;1019.4303125;0.28334960937502274;0.0;283.7586111111111;0.00017182760348077863;68.55036616325378;147.58187866210938;1.5352362394332886
2023-12-06T21:00:00;1019.291953125;-0.21542968749997726;0.0;261.07138888888886;1.4318967487270129e-06;77.22957134246826;130.1184539794922;1.5204001665115356
2023-12-06T22:00:00;1019.65828125;-1.8806823730468523;1.783530499214573e-14;259.1352777777778;0.0;84.97034907341003;351.9278259277344;0.91744464635849
2023-12-06T23:00:00;1019.79546875;-1.5076660156249773;1.783523945814775e-14;248.34055555555557;0.0;75.12688636779785;303.07623291015625;0.8444923162460327
2023-12-07T00:00:00;1019.8265625;-1.5005249023437273;1.7811616379346004e-14;248.1836111111111;0.0;90.50776362419128;3.6272084712982178;0.9166305065155029
2023-12-07T01:00:00;1020.18828125;-1.3432983398437273;1.78431960564909e-14;256.7733333333333;0.0;83.90375971794128;225.23727416992188;0.9538832902908325
2023-12-07T02:00:00;1020.0871875;-0.6265319824218523;1.782740621791845e-14;270.1775;0.0;78.70053052902222;297.8247985839844;0.8267296552658081
2023-12-07T03:00:00;1019.896171875;-0.6255249023437273;1.78431960564909e-14;269.8647222222222;0.0;82.75173902511597;194.8595428466797;1.1715036630630493
2023-12-07T04:00:00;1020.174140625;-0.6787780761718523;1.782741007285951e-14;290.7002777777778;0.0;85.71040630340576;165.01730346679688;0.9525390267372131
2023-12-07T05:00:00;1020.10140625;-1.1646179199218523;-7.131751979096002e-14;280.67277777777775;0.0;95.3722894191742;119.05765533447266;1.6263761520385742
2023-12-07T06:00:00;1019.9390625;-0.10471191406247726;0.0;260.28444444444443;0.0;77.06480026245117;128.69644165039062;1.9262205362319946
2023-12-07T07:00:00;1019.87390625;0.7705017089843977;0.0;264.6311111111111;0.0;63.07557225227356;160.51870727539062;1.720023274421692
2023-12-07T08:00:00;1019.9575;-0.09186401367185226;0.0;264.6041666666667;0.00013221532572060823;74.90269541740417;238.60726928710938;0.8775144219398499
2023-12-07T09:00:00;1020.15578125;0.26552734375002274;0.017777777777777778;294.3983333333333;2.0934092390234582e-05;77.87360548973083;136.24371337890625;1.7221406698226929
2023-12-07T10:00:00;1020.49109375;-1.1736511230468523;19.333333333333332;224.53416666666666;2.720603697525803e-05;79.72758412361145;185.6876678466797;1.3722797632217407
2023-12-07T11:00:00;1020.45328125;-0.29154052734372726;49.83111111111111;220.6638888888889;4.295690087019466e-05;73.56606721878052;167.89761352539062;1.610607624053955
2023-12-07T12:00:00;1020.506875;0.6188903808593977;58.72;225.20166666666665;0.0;65.69100618362427;200.13644409179688;1.3300296068191528
2023-12-07T13:00:00;1020.58703125;0.8966308593750227;29.351111111111113;272.13;3.364957228768617e-05;71.60225510597229;198.75750732421875;1.4261044263839722
2023-12-07T14:00:00;1020.458046875;0.5035949707031477;12.48;234.055;0.0;69.97263431549072;183.9280548095703;1.3204485177993774
2023-12-07T15:00:00;1020.4371875;0.5672851562500227;0.035555555555555556;232.69333333333333;0.00020189743372611701;74.86154437065125;235.32443237304688;1.1433930397033691
2023-12-07T16:00:00;1020.0728125;0.13195190429689774;0.0;231.0175;0.0014139980776235461;58.945125341415405;132.4404296875;1.2737550735473633
2023-12-07T17:00:00;1019.811875;-0.08023681640622726;0.0;244.10361111111112;0.0016080200439319015;60.68759560585022;115.6484603881836;1.7556196451187134
2023-12-07T18:00:00;1019.71;0.7549377441406477;0.0;241.68666666666667;0.001519242417998612;55.455392599105835;114.41939544677734;1.9419639110565186
2023-12-07T19:00:00;1019.419765625;-0.09448852539060226;0.0;232.61166666666668;0.00038518020301125944;65.84054827690125;100.35616302490234;1.6085443496704102
2023-12-07T20:00:00;1019.01875;0.5172363281250227;0.0;218.9025;0.0;61.5512490272522;108.0438232421875;1.5778961181640625
2023-12-07T21:00:00;1018.632265625;0.47182617187502274;0.0;225.89138888888888;0.00022337588598020375;58.71932506561279;98.0716552734375;1.5950963497161865
2023-12-07T22:00:00;1017.93703125;-1.7244323730468523;1.7819515153573285e-14;213.32916666666668;1.0023277354775928e-05;71.30922675132751;104.20999908447266;1.6829718351364136
2023-12-07T23:00:00;1017.48578125;-1.7273315429687273;1.781155470028908e-14;213.36416666666668;0.0;74.74241256713867;91.10492706298828;1.8351324796676636
2023-12-08T00:00:00;1017.1684375;-1.8476623535156023;1.7811616379346004e-14;211.49805555555557;0.0;76.75806283950806;86.18734741210938;2.235321521759033
2023-12-08T01:00:00;1016.81796875;-1.8915771484374773;1.7811616379346004e-14;209.4038888888889;0.0;74.7455358505249;110.10504913330078;2.1201536655426025
2023-12-08T02:00:00;1016.529375;-2.0313476562499773;1.7811616379346004e-14;207.38472222222222;0.0;70.5157995223999;112.53771209716797;2.1499581336975098
2023-12-08T03:00:00;1016.0709375;-2.0809692382812273;1.7811616379346004e-14;207.1275;0.0;65.32321572303772;110.700439453125;2.042579412460327
2023-12-08T04:00:00;1015.43953125;-2.4358581542968523;1.7811620234287063e-14;204.1461111111111;0.0;57.313770055770874;119.90196990966797;2.1949498653411865
2023-12-08T05:00:00;1015.424921875;-1.9086364746093523;-7.123857059809779e-14;204.11222222222221;0.0;53.111469745635986;139.13673400878906;1.9720489978790283
2023-12-08T06:00:00;1015.0015625;-1.7204040527343523;0.0;204.60916666666665;0.0;54.34136390686035;128.1122589111328;2.2216830253601074
2023-12-08T07:00:00;1014.885546875;-0.14633789062497726;0.0;205.62194444444444;0.0;39.944642782211304;153.23355102539062;1.8103415966033936
2023-12-08T08:00:00;1014.99640625;-0.40930786132810226;0.0;208.02916666666667;0.0;43.23447942733765;199.04795837402344;1.4164936542510986
2023-12-08T09:00:00;1014.593359375;-0.17066040039060226;0.0;214.16444444444446;0.0;47.82431125640869;163.1654052734375;1.681664228439331
2023-12-08T10:00:00;1013.9815625;-1.4032653808593523;15.404444444444444;222.75194444444443;0.0;42.95068383216858;217.1873321533203;0.9062965512275696
2023-12-08T11:00:00;1013.80734375;-0.7246459960937273;38.906666666666666;227.48583333333335;0.0;42.373865842819214;270.6808776855469;0.7401807904243469
2023-12-08T12:00:00;1013.79984375;0.6381164550781477;44.10666666666667;234.57333333333332;0.0;35.23286581039429;192.82728576660156;1.0124366283416748
2023-12-08T13:00:00;1013.954140625;-0.34940185546872726;31.92888888888889;241.1352777777778;0.0;46.57618999481201;269.66375732421875;0.6313889622688293
2023-12-08T14:00:00;1014.0184375;-0.6989807128906023;10.275555555555556;236.9411111111111;0.0;59.21353101730347;173.7427215576172;1.2713136672973633
2023-12-08T15:00:00;1013.758203125;-1.2298034667968523;0.0;230.725;0.0;72.85640239715576;180.9622802734375;1.365429162979126
2023-12-08T16:00:00;1013.57625;-1.6770996093749773;0.0;229.48305555555555;1.9330605937284417e-05;48.00739884376526;350.45074462890625;0.8387029767036438
2023-12-08T17:00:00;1013.35171875;-1.9021362304687273;0.0;227.16194444444446;0.0;57.779115438461304;41.748836517333984;0.9911375045776367
2023-12-08T18:00:00;1013.2771875;-2.2226013183593523;0.0;229.3661111111111;1.1455173989816103e-05;65.1949405670166;12.52027702331543;0.9216147661209106
2023-12-08T19:00:00;1013.37390625;-1.6954101562499773;0.0;240.3088888888889;1.0739225217548665e-05;64.91570472717285;343.1928405761719;1.0447139739990234
2023-12-08T20:00:00;1013.02921875;-1.9370178222656023;0.0;244.92833333333334;7.875431947468314e-06;67.66378283500671;118.14004516601562;1.2413983345031738
2023-12-08T21:00:00;1012.436015625;-2.0530456542968523;0.0;244.87805555555556;4.295690359867876e-06;69.56806182861328;20.641942977905273;0.9419960975646973
2023-12-08T22:00:00;1012.085234375;-0.28745117187497726;1.7787935476428393e-14;243.71444444444444;0.0;34.96723771095276;115.10707092285156;1.109615445137024
2023-12-08T23:00:00;1011.951875;-0.31168212890622726;1.7787869942430412e-14;248.23166666666665;0.0;40.883034467697144;63.727848052978516;0.839242696762085
2023-12-09T00:00:00;1011.95796875;-0.20273437499997726;1.7764246863628666e-14;251.05944444444444;0.0;43.843281269073486;57.00503158569336;1.0908658504486084
2023-12-09T01:00:00;1012.017890625;0.39248046875002274;1.7795826540773558e-14;255.56944444444446;0.0;40.114033222198486;76.45651245117188;1.180328369140625
2023-12-09T02:00:00;1011.39890625;0.23681030273439774;1.7780036702201112e-14;258.20166666666665;0.0;40.55047035217285;124.16309356689453;1.947731614112854
2023-12-09T03:00:00;1010.74515625;0.10259399414064774;1.7764246863628666e-14;257.29833333333335;0.0;45.695656538009644;113.73784637451172;1.7646090984344482
2023-12-09T04:00:00;1010.840234375;0.40645751953127274;1.7780040557142168e-14;252.35666666666665;0.0;36.870014667510986;117.55440521240234;1.8887206315994263
2023-12-09T05:00:00;1010.171328125;-0.25153198242185226;-7.111225188951822e-14;253.31194444444444;0.0;45.74451446533203;106.2199935913086;1.7058591842651367
2023-12-09T06:00:00;1009.521875;-1.1590942382812273;0.0;248.21138888888888;0.0;63.2204532623291;114.71263122558594;1.744112253189087
2023-12-09T07:00:00;1008.81625;-1.4392150878906023;0.0;235.20166666666665;0.0;73.30806851387024;103.89256286621094;1.9133479595184326
2023-12-09T08:00:00;1008.01390625;-1.4999755859374773;0.0;225.15805555555556;0.0;75.43057799339294;115.16036224365234;2.102403402328491
2023-12-09T09:00:00;1007.123203125;-1.2421936035156023;0.0;223.11388888888888;0.0;74.28011894226074;115.38743591308594;2.244607925415039
2023-12-09T10:00:00;1006.28046875;-0.6369079589843523;17.26222222222222;219.19805555555556;0.0;63.39436173439026;137.9165496826172;2.58217191696167
2023-12-09T11:00:00;1005.723125;-0.17328491210935226;48.33777777777778;220.1063888888889;0.0;64.14062976837158;142.29566955566406;2.2806615829467773
2023-12-09T12:00:00;1005.06125;0.47533569335939774;58.13333333333333;220.545;0.0;61.008042097091675;139.8307342529297;2.1847798824310303
2023-12-09T13:00:00;1004.46546875;0.17318115234377274;43.84;220.02027777777778;0.0;64.56635594367981;130.4704132080078;2.097730875015259
2023-12-09T14:00:00;1004.053046875;-0.15564575195310226;12.693333333333333;219.16222222222223;0.0;65.95643162727356;128.44210815429688;2.3374226093292236
2023-12-09T15:00:00;1003.50875;-0.7074035644531023;-0.035555555555555556;218.5611111111111;0.0;72.86556959152222;125.3857192993164;2.3228960037231445
2023-12-09T16:00:00;1002.54953125;-0.8567871093749773;0.0;222.06944444444446;0.0;67.6653504371643;148.5123291015625;2.229799747467041
2023-12-09T17:00:00;1002.25671875;-0.7511047363281023;0.0;225.52416666666667;0.0;70.73996067047119;142.87681579589844;2.079180955886841
2023-12-09T18:00:00;1002.03234375;-0.8453430175781023;0.0;230.53694444444446;0.0;76.66493654251099;142.14425659179688;1.8016879558563232
2023-12-09T19:00:00;1001.89984375;-0.24423828124997726;0.0;253.51444444444445;0.0;73.3186662197113;139.17062377929688;1.6267014741897583
2023-12-09T20:00:00;1002.081484375;-0.21689453124997726;0.0;261.15;0.0;74.77893233299255;121.4815673828125;1.5214669704437256
2023-12-09T21:00:00;1001.609375;-0.06116333007810226;0.0;260.8313888888889;0.0;74.59433674812317;102.42851257324219;1.3836548328399658
2023-12-09T22:00:00;1001.329453125;0.21398315429689774;1.7748460879997276e-14;231.7763888888889;0.0;63.53325843811035;145.8885955810547;1.9953079223632812
2023-12-09T23:00:00;1001.60609375;1.0250183105468977;1.7748395345999295e-14;228.3661111111111;0.0;56.39832615852356;153.53538513183594;1.793688178062439
2023-12-10T00:00:00;1001.97890625;2.1938720703125227;1.7748457025056217e-14;268.15944444444443;0.0;43.87860298156738;118.52490234375;1.5330796241760254
2023-12-10T01:00:00;1002.72546875;2.3689819335937727;1.7748457025056217e-14;282.0466666666667;0.0;46.806782484054565;125.72019958496094;1.15777587890625
2023-12-10T02:00:00;1002.6484375;1.8113952636718977;1.7748457025056217e-14;287.8513888888889;0.0;53.039902448654175;72.40100860595703;1.2511128187179565
2023-12-10T03:00:00;1003.04984375;2.2957702636718977;1.7764246863628666e-14;286.31944444444446;0.0;49.05736446380615;92.98986053466797;1.3033002614974976
2023-12-10T04:00:00;1003.8203125;1.6648803710937727;1.7740565960711052e-14;259.3283333333333;0.0;48.08394908905029;154.0367889404297;1.455904245376587
2023-12-10T05:00:00;1004.025234375;1.4442993164062727;-7.098593318093864e-14;239.49;5.7275869949080516e-06;49.69368577003479;166.14468383789062;1.4190782308578491
2023-12-10T06:00:00;1004.471875;1.5068298339843977;0.0;244.90416666666667;6.443535312428139e-06;49.71051216125488;191.50360107421875;1.1983892917633057
2023-12-10T07:00:00;1004.93625;1.5031982421875227;0.0;250.58333333333334;5.011638677387964e-06;63.71358633041382;208.71615600585938;1.6378384828567505
2023-12-10T08:00:00;1004.94234375;1.2282348632812727;0.0;267.42583333333334;5.011638677387964e-06;84.91102457046509;217.50790405273438;1.4142791032791138
2023-12-10T09:00:00;1005.34984375;0.6860290527343977;0.0;288.94194444444446;6.443535312428139e-06;90.41029214859009;187.3550262451172;1.2862821817398071
2023-12-10T10:00:00;1005.0796875;1.8693786621093977;10.568888888888889;256.2658333333333;0.0;48.94604682922363;142.67677307128906;1.455339789390564
2023-12-10T11:00:00;1005.39171875;1.7444091796875227;35.208888888888886;250.42944444444444;0.0;53.31001281738281;161.36636352539062;1.1059762239456177
2023-12-10T12:00:00;1005.41125;1.8193908691406477;49.86666666666667;237.73694444444445;0.0;55.26468753814697;101.55586242675781;1.2314908504486084
2023-12-10T13:00:00;1005.43484375;1.6173645019531477;34.91555555555556;247.22472222222223;0.0;57.553499937057495;84.80475616455078;1.2688164710998535
2023-12-10T14:00:00;1005.7090625;1.8880859375000227;7.466666666666667;275.93361111111113;0.0;59.50666666030884;87.06729125976562;0.9661640524864197
2023-12-10T15:00:00;1005.46109375;1.4126831054687727;0.0;294.7338888888889;0.0;63.37012052536011;75.18479919433594;1.027777075767517
2023-12-10T16:00:00;1004.811328125;1.9566894531250227;0.017777777777777778;275.20222222222225;0.0;54.79627251625061;92.35865020751953;1.520739197731018
2023-12-10T17:00:00;1004.629765625;1.5951477050781477;0.0;271.8611111111111;0.0;59.131306409835815;64.87364959716797;1.4735692739486694
2023-12-10T18:00:00;1004.43859375;1.3557373046875227;0.0;240.22277777777776;0.0;62.40893602371216;78.08627319335938;1.4382038116455078
2023-12-10T19:00:00;1004.135;0.9289489746093977;0.0;236.39944444444444;0.0;65.85739850997925;69.41832733154297;1.0329567193984985
2023-12-10T20:00:00;1003.822421875;0.04113159179689774;0.0;235.7563888888889;0.0;73.92008304595947;103.1263656616211;1.4830645322799683
2023-12-10T21:00:00;1003.087265625;-0.5479187011718523;0.0;232.16944444444445;0.0;86.0081672668457;96.28661346435547;1.4270838499069214
2023-12-10T22:00:00;1002.8125;-0.04321899414060226;1.771688120285238e-14;232.3488888888889;0.0;74.77160096168518;109.37110137939453;1.851300597190857
2023-12-10T23:00:00;1002.485625;-0.15836181640622726;1.77168156688544e-14;233.95916666666668;0.0;79.71847653388977;93.91455841064453;1.6926052570343018
2023-12-11T00:00:00;1002.59015625;-0.17685546874997726;1.7716877347911325e-14;228.63777777777779;0.0;74.46631193161011;92.81864929199219;1.9809679985046387
2023-12-11T01:00:00;1002.5640625;-0.15097656249997726;1.773266718648377e-14;231.08777777777777;0.0;78.45037579536438;98.49150848388672;2.1371729373931885
2023-12-11T02:00:00;1002.536875;-0.32483520507810226;1.7716877347911325e-14;230.54972222222221;0.0;79.47422862052917;89.30358123779297;1.9462862014770508
2023-12-11T03:00:00;1002.54171875;-0.27548828124997726;1.7716877347911325e-14;230.53305555555556;0.0;78.82422208786011;84.40435028076172;1.9534497261047363
2023-12-11T04:00:00;1002.78;-0.9556335449218523;1.771688120285238e-14;223.35861111111112;0.0;74.83710646629333;88.81880950927734;1.9641743898391724
2023-12-11T05:00:00;1002.8109375;-1.0023864746093523;-7.087540431093152e-14;223.2697222222222;0.0;77.83544063568115;90.98446655273438;1.8638768196105957
2023-12-11T06:00:00;1003.160546875;-0.7315429687499773;0.0;223.01361111111112;0.0;71.9104528427124;90.84320068359375;1.8338470458984375
2023-12-11T07:00:00;1003.212421875;-0.6686767578124773;0.0;222.32694444444445;0.0;69.30274367332458;93.0941162109375;1.9959386587142944
2023-12-11T08:00:00;1003.318046875;-0.5281433105468523;0.0;221.70555555555555;0.0;66.99113845825195;97.10762023925781;1.9069677591323853
2023-12-11T09:00:00;1003.57109375;-0.6823791503906023;0.0;221.46138888888888;0.0;65.09286165237427;97.4990005493164;1.6302975416183472
2023-12-11T10:00:00;1004.0046875;-1.1645568847656023;14.346666666666666;221.48777777777778;0.0;73.0457603931427;87.73991394042969;1.411739706993103
2023-12-11T11:00:00;1004.20421875;-0.7634643554687273;43.76888888888889;221.42527777777778;0.0;69.17465925216675;88.9139175415039;1.243062138557434
2023-12-11T12:00:00;1004.56375;-0.6645263671874773;54.64888888888889;221.32416666666666;0.0;71.9334363937378;85.69733428955078;0.9323616623878479
2023-12-11T13:00:00;1004.93234375;-0.5983032226562273;42.044444444444444;220.88722222222222;0.0;77.29072570800781;76.202880859375;0.9264851808547974
2023-12-11T14:00:00;1005.35890625;-0.9717163085937273;11.768888888888888;221.00972222222222;0.0;85.30169129371643;67.95025634765625;0.965419590473175
2023-12-11T15:00:00;1005.83890625;-0.9094299316406023;0.0;224.37;0.0;90.60558676719666;12.84219741821289;0.6222658753395081
2023-12-11T16:00:00;1006.48078125;-0.5648559570312273;0.0;221.34416666666667;0.0;61.86720132827759;108.76776885986328;0.9173956513404846
2023-12-11T17:00:00;1006.79828125;-0.15817871093747726;-0.017777777777777778;222.95166666666665;0.0;57.61920213699341;319.3975524902344;0.9483526349067688
2023-12-11T18:00:00;1007.3046875;-0.022100830078102263;0.0;226.1811111111111;0.00018113493570126593;60.78689098358154;107.4903335571289;0.8523143529891968
2023-12-11T19:00:00;1007.5428125;0.06224975585939774;0.0;234.08333333333334;0.00035153061617165804;61.52836084365845;179.6102752685547;1.005617618560791
2023-12-11T20:00:00;1007.5509375;-0.27042236328122726;0.0;223.06027777777777;2.2910347979632206e-05;55.17619848251343;212.45542907714844;1.1317616701126099
2023-12-11T21:00:00;1007.79125;0.36889038085939774;0.0;222.51361111111112;0.0;54.709261655807495;166.49310302734375;1.371575951576233
2023-12-11T22:00:00;1008.22109375;0.0025878906250227374;1.770898628356616e-14;220.29805555555555;1.217112185258884e-05;48.37377667427063;142.13357543945312;1.918219804763794
2023-12-11T23:00:00;1008.20703125;-0.43640747070310226;1.7701025830281954e-14;221.12305555555557;1.217112185258884e-05;53.453248739242554;237.06796264648438;0.8321946859359741
2023-12-12T00:00:00;1008.531875;-0.18619384765622726;1.770108750933888e-14;219.99444444444444;0.0;57.91517496109009;202.78945922851562;1.5256720781326294
2023-12-12T01:00:00;1008.71140625;0.020501708984397737;1.770108750933888e-14;220.4188888888889;0.0;57.481849193573;262.9541931152344;0.7663057446479797
2023-12-12T02:00:00;1008.8559375;-0.12933959960935226;1.770108750933888e-14;225.15805555555556;0.00017469139129389077;70.87287306785583;237.05938720703125;1.2483232021331787
2023-12-12T03:00:00;1008.825703125;-0.37128295898435226;1.770108750933888e-14;241.3075;0.0014229095540940762;77.4204671382904;256.9382019042969;0.8999229669570923
2023-12-12T04:00:00;1009.27015625;-0.10764160156247726;1.769319644499371e-14;245.42333333333335;0.0027571171522140503;61.34229302406311;172.15408325195312;1.6085587739944458
2023-12-12T05:00:00;1009.11984375;-0.40311279296872726;-7.079645511806929e-14;257.80944444444447;0.0027929143980145454;72.84430861473083;228.05624389648438;1.2354302406311035
2023-12-12T06:00:00;1009.3471875;-0.07858886718747726;0.0;230.1161111111111;0.0004911405849270523;69.68421339988708;184.46746826171875;1.5943570137023926
2023-12-12T07:00:00;1009.20703125;-0.23416748046872726;0.0;254.46;0.0033993227407336235;70.32662630081177;228.0696563720703;0.9159401655197144
2023-12-12T08:00:00;1009.2390625;-0.18829956054685226;0.0;263.9163888888889;0.0039369999431073666;69.77726817131042;165.3689422607422;1.4500409364700317
2023-12-12T09:00:00;1009.092109375;-0.34549560546872726;0.0;284.5202777777778;0.0054702251218259335;78.57087254524231;246.94491577148438;0.8573766350746155
2023-12-12T10:00:00;1009.40546875;0.6376892089843977;13.413333333333334;220.47277777777776;0.0;52.725547552108765;138.78675842285156;1.9233030080795288
2023-12-12T11:00:00;1009.440703125;0.5722290039062727;40.471111111111114;225.8852777777778;0.0001782711478881538;55.099767446517944;151.27523803710938;1.9123144149780273
2023-12-12T12:00:00;1009.4021875;0.30635986328127274;54.4;222.85666666666665;0.0;63.65536451339722;124.51934051513672;1.8429992198944092
2023-12-12T13:00:00;1009.3584375;1.2637268066406477;39.733333333333334;227.14694444444444;2.2194399207364768e-05;55.75742721557617;171.34715270996094;1.2362099885940552
2023-12-12T14:00:00;1009.339375;0.7846923828125227;10.595555555555556;230.05166666666668;5.942371717537753e-05;61.46119236946106;129.34420776367188;1.7359833717346191
2023-12-12T15:00:00;1009.06390625;0.45192871093752274;0.0;240.86805555555554;0.0008985152235254645;60.615891218185425;124.22554016113281;2.2731592655181885
2023-12-12T16:00:00;1009.28;-0.8055786132812273;0.0;223.9986111111111;0.0;59.66222286224365;121.45753479003906;2.145190954208374
2023-12-12T17:00:00;1009.197265625;0.32698974609377274;0.017777777777777778;219.32111111111112;0.0;53.89288663864136;125.01539611816406;1.8352307081222534
2023-12-12T18:00:00;1009.1309375;-0.0021118164062272626;0.0;230.7625;0.0002649008820299059;58.28130841255188;106.50117492675781;2.061494827270508
2023-12-12T19:00:00;1008.99875;1.0540405273437727;0.0;249.93527777777777;0.00195453898049891;50.47793984413147;117.20574188232422;2.3500590324401855
2023-12-12T20:00:00;1008.92921875;1.3136230468750227;0.0;257.81416666666667;0.00021406856831163168;51.49262547492981;124.74334716796875;2.3082592487335205
2023-12-12T21:00:00;1008.6025;1.0002990722656477;0.0;251.08333333333334;0.00020834097813349217;56.07026815414429;118.7364730834961;1.9234859943389893
2023-12-12T22:00:00;1008.83421875;-0.8456481933593523;1.768530152570749e-14;233.6525;5.083233554614708e-05;69.33635473251343;148.84237670898438;1.6058828830718994
2023-12-12T23:00:00;1008.774140625;-0.6881164550781023;1.7685235991709508e-14;224.735;0.0;73.71560335159302;134.55352783203125;1.6487938165664673
2023-12-13T00:00:00;1008.88078125;-0.20606079101560226;1.768529767076643e-14;227.48333333333332;1.1455173989816103e-05;66.33337736129761;172.78482055664062;1.4444923400878906
2023-12-13T01:00:00;1009.05359375;1.2117248535156477;1.768529767076643e-14;235.71722222222223;4.4388798414729536e-05;52.678364515304565;136.89407348632812;1.6397714614868164
2023-12-13T02:00:00;1008.77828125;0.10885009765627274;1.768529767076643e-14;243.10944444444445;0.0;58.4384560585022;95.46116638183594;1.010511040687561
2023-12-13T03:00:00;1008.753046875;0.7630859375000227;1.7669507832193984e-14;247.51555555555555;0.0;56.393831968307495;229.47853088378906;0.9332802891731262
2023-12-13T04:00:00;1009.285625;0.5167785644531477;1.768530152570749e-14;232.34305555555557;8.662974869366735e-05;64.41850066184998;207.58282470703125;0.9770437479019165
2023-12-13T05:00:00;1009.519453125;0.6536499023437727;-7.073329576377951e-14;266.1458333333333;0.00280365371145308;70.02288103103638;176.452880859375;1.253616213798523
2023-12-13T06:00:00;1009.773984375;0.7742553710937727;0.0;284.6336111111111;0.006696981377899647;68.43306422233582;156.69757080078125;1.7624895572662354
2023-12-13T07:00:00;1009.96125;0.44014892578127274;0.0;303.2336111111111;0.006300476845353842;73.08244705200195;160.3041534423828;1.5111083984375
2023-12-13T08:00:00;1009.52296875;0.47051391601564774;0.0;289.26416666666665;0.0036249314434826374;78.95092368125916;148.26258850097656;1.5333796739578247
2023-12-13T09:00:00;1009.613125;0.6475769042968977;0.0;269.92055555555555;0.003297705901786685;78.31311821937561;188.53440856933594;1.281497597694397
2023-12-13T10:00:00;1009.61625;0.6953979492187727;12.266666666666667;224.30138888888888;0.0;68.1340217590332;228.35891723632812;1.161065936088562
2023-12-13T11:00:00;1009.85359375;1.0913330078125227;40.16;226.36027777777778;0.0003551103873178363;71.47101163864136;226.58700561523438;1.1890971660614014
2023-12-13T12:00:00;1010.13;0.7815795898437727;45.528888888888886;240.4038888888889;0.0013140947557985783;78.21398973464966;203.16644287109375;1.2685139179229736
2023-12-13T13:00:00;1010.60765625;1.0928283691406477;37.47555555555556;230.0811111111111;0.00023701915051788092;71.47107124328613;212.89833068847656;1.3089752197265625
2023-12-13T14:00:00;1011.631875;0.6769958496093977;8.64;240.10777777777778;0.0008150271023623645;78.21540832519531;225.83335876464844;1.228936791419983
2023-12-13T15:00:00;1011.64109375;0.7377258300781477;0.035555555555555556;229.71444444444444;0.00021401920821517706;79.26210165023804;224.8666534423828;1.449393391609192
2023-12-13T16:00:00;1011.7875;0.31560668945314774;0.0;224.9713888888889;0.0;73.46230745315552;192.35800170898438;1.7355839014053345
2023-12-13T17:00:00;1011.4775;0.44350585937502274;-0.017777777777777778;222.07777777777778;0.0;68.37651133537292;177.51499938964844;1.766740083694458
2023-12-13T18:00:00;1011.252109375;0.9843994140625227;0.0;224.52027777777778;0.0;61.15752458572388;176.6295166015625;1.669822096824646
2023-12-13T19:00:00;1011.106015625;0.15242919921877274;0.0;223.5236111111111;0.0;63.73026371002197;193.3432159423828;1.448747992515564
2023-12-13T20:00:00;1011.35734375;-0.20349731445310226;0.0;220.99138888888888;0.0;74.40680861473083;196.32162475585938;1.5563784837722778
2023-12-13T21:00:00;1011.85453125;-0.24429931640622726;0.0;221.06166666666667;0.0;78.59673500061035;187.4862060546875;2.36069393157959
2023-12-13T22:00:00;1011.24375;-0.25159301757810226;1.766161676784882e-14;222.70388888888888;0.0;69.90395188331604;167.7035369873047;2.415531873703003
2023-12-13T23:00:00;1010.799609375;-0.05631103515622726;1.7661551233850838e-14;222.71583333333334;0.0;69.08453702926636;161.54685974121094;2.61293363571167
2023-12-14T00:00:00;1010.51890625;-0.6670288085937273;1.7669507832193984e-14;221.49555555555557;0.0;74.85846877098083;167.1306915283203;2.178043842315674
2023-12-14T01:00:00;1010.6128125;-1.1269897460937273;1.7653717993621538e-14;222.50611111111112;0.0;78.28091979026794;169.8236083984375;1.7333056926727295
2023-12-14T02:00:00;1010.5503125;-0.8118652343749773;1.7669507832193984e-14;239.11111111111111;0.0;83.58028531074524;194.489990234375;1.8671735525131226
2023-12-14T03:00:00;1010.325703125;-0.42725219726560226;1.7653717993621538e-14;240.00194444444443;0.0;84.85747575759888;185.22080993652344;2.1965198516845703
2023-12-14T04:00:00;1010.02859375;-0.6184143066406023;1.7653721848562594e-14;232.86;0.0;76.69400572776794;170.4955596923828;1.8092319965362549
2023-12-14T05:00:00;1009.63796875;-0.34470214843747726;-7.063855673234482e-14;239.05055555555555;0.0;74.74395632743835;178.67959594726562;2.0276966094970703
2023-12-14T06:00:00;1009.085859375;-0.19373168945310226;0.0;250.70166666666665;0.0;74.52271580696106;160.1566925048828;1.772454023361206
2023-12-14T07:00:00;1008.70546875;-0.12885131835935226;0.0;259.8038888888889;0.0;74.68746304512024;164.86471557617188;1.379521369934082
2023-12-14T08:00:00;1008.417578125;-0.016333007812477263;0.0;270.36861111111114;0.0;76.62689685821533;149.6945343017578;1.3971140384674072
2023-12-14T09:00:00;1008.258671875;0.25829467773439774;0.0;269.7038888888889;0.0;74.39757585525513;151.99453735351562;1.3152170181274414
2023-12-14T10:00:00;1008.48921875;0.6893554687500227;7.128888888888889;268.93055555555554;0.0;67.47320890426636;192.40296936035156;1.820930004119873
2023-12-14T11:00:00;1008.4640625;0.8512207031250227;23.626666666666665;265.31388888888887;0.0;66.92541241645813;199.8155517578125;2.1046512126922607
2023-12-14T12:00:00;1008.187890625;1.0176025390625227;17.955555555555556;285.6019444444444;0.0;63.452476263046265;190.45729064941406;2.5739505290985107
2023-12-14T13:00:00;1007.85328125;0.9844909667968977;15.928888888888888;285.06555555555553;0.0;66.58815741539001;179.03785705566406;1.8449385166168213
2023-12-14T14:00:00;1007.474375;1.1985717773437727;3.9466666666666668;292.0411111111111;0.0;78.90811562538147;173.18325805664062;3.3047642707824707
2023-12-14T15:00:00;1006.8946875;1.6213012695312727;0.0;294.4686111111111;0.0;74.69672560691833;178.40325927734375;2.445634603500366
2023-12-14T16:00:00;1007.30359375;1.9410949707031477;0.0;289.1119444444444;0.0;73.2334315776825;190.7323760986328;2.915330171585083
2023-12-14T17:00:00;1007.05140625;2.1823364257812727;0.0;277.82055555555553;0.0;73.23033809661865;190.44143676757812;3.546165704727173
2023-12-14T18:00:00;1007.113671875;2.3868347167968977;0.0;246.19194444444443;0.0;74.6554970741272;196.79396057128906;3.4427602291107178
2023-12-14T19:00:00;1007.2084375;2.7199340820312727;0.0;248.04916666666668;0.0;77.42345929145813;196.6263427734375;4.797238349914551
2023-12-14T20:00:00;1007.53453125;2.8486572265625227;0.0;237.41361111111112;0.0;79.96406555175781;196.05276489257812;4.877099514007568
2023-12-14T21:00:00;1007.4521875;2.9352966308593977;0.0;239.63305555555556;0.0;81.95077776908875;193.86199951171875;4.401280403137207
2023-12-14T22:00:00;1007.60421875;2.9093566894531477;1.7637932009990148e-14;245.97611111111112;0.0;79.07452583312988;192.38497924804688;4.671027183532715
2023-12-14T23:00:00;1008.493359375;2.9150939941406477;1.7637866475992167e-14;300.0208333333333;0.6408162117004395;94.34399604797363;196.65000915527344;5.4418439865112305
2023-12-15T00:00:00;1008.923046875;3.0483947753906477;1.7622138316476646e-14;317.41333333333336;0.9896067380905151;95.57227492332458;199.49139404296875;4.7384490966796875
2023-12-15T01:00:00;1009.46140625;3.4468627929687727;1.7637928155049092e-14;312.79305555555555;0.13786837458610535;94.82770562171936;194.26771545410156;4.620269775390625
2023-12-15T02:00:00;1009.587265625;3.6798339843750227;1.7622138316476646e-14;303.0733333333333;0.19606709480285645;95.55246829986572;195.64242553710938;4.207418441772461
2023-12-15T03:00:00;1009.46328125;3.6979003906250227;1.7637928155049092e-14;298.1061111111111;1.5112855434417725;95.38153409957886;203.36407470703125;3.450376510620117
2023-12-15T04:00:00;1009.83546875;3.4547668457031477;1.7630037090703927e-14;323.1075;1.3580982685089111;95.78744173049927;191.4996795654297;3.482828140258789
2023-12-15T05:00:00;1010.32015625;3.7335449218750227;-7.052802786233769e-14;324.12611111111113;0.2396148145198822;94.62469220161438;200.21163940429688;3.711822271347046
2023-12-15T06:00:00;1010.73375;4.193414306640648;0.0;326.9772222222222;0.513321042060852;96.85554504394531;215.455322265625;3.7878146171569824
2023-12-15T07:00:00;1011.116484375;4.886041259765648;0.0;330.23277777777776;0.5488589406013489;99.22823905944824;223.24343872070312;4.553192138671875
2023-12-15T08:00:00;1010.976640625;5.291467285156273;0.0;327.5252777777778;0.12842978537082672;98.54772090911865;234.24661254882812;4.498887062072754
2023-12-15T09:00:00;1011.271171875;5.585809326171898;0.0;326.59055555555557;0.06633468717336655;96.69532179832458;239.85650634765625;5.112374782562256
2023-12-15T10:00:00;1012.021640625;4.456719970703148;0.9333333333333333;327.51722222222224;0.07061565667390823;95.75234055519104;216.760009765625;4.58991003036499
2023-12-15T11:00:00;1012.54046875;5.265100097656273;8.115555555555556;324.2661111111111;0.020820213481783867;96.18114233016968;231.19410705566406;5.5294718742370605
2023-12-15T12:00:00;1013.169140625;5.296502685546898;10.062222222222223;324.885;0.1789361983537674;97.25534915924072;233.1510467529297;5.15925407409668
2023-12-15T13:00:00;1013.90765625;5.440728759765648;3.7155555555555555;326.7897222222222;0.10857245326042175;96.85550332069397;233.25518798828125;4.631534099578857
2023-12-15T14:00:00;1014.45546875;5.502404785156273;0.9244444444444444;326.13194444444446;0.08793364465236664;96.40222787857056;231.6367950439453;4.304691314697266
2023-12-15T15:00:00;1014.5209375;5.496362304687523;0.035555555555555556;321.5775;0.029564283788204193;96.30454182624817;228.84263610839844;4.312394142150879
2023-12-15T16:00:00;1014.141328125;6.066217041015648;0.0;325.5161111111111;0.06165071949362755;95.35247683525085;229.79885864257812;4.968111038208008
2023-12-15T17:00:00;1014.5271875;6.164361572265648;0.0;331.57194444444445;0.14383359253406525;96.75315618515015;231.5397491455078;5.106009006500244
2023-12-15T18:00:00;1014.22453125;6.307885742187523;0.0;332.7561111111111;0.12420780956745148;96.54114246368408;227.6017608642578;5.795283794403076
2023-12-15T19:00:00;1013.63953125;6.072930908203148;0.0;310.0722222222222;0.007764944341033697;93.2620644569397;217.44422912597656;5.310300827026367
2023-12-15T20:00:00;1012.777421875;5.886254882812523;0.0;273.6122222222222;5.197537029744126e-05;90.973299741745;211.72683715820312;5.010256767272949
2023-12-15T21:00:00;1012.1740625;5.591729736328148;0.0;263.4602777777778;0.0;90.9336507320404;199.65908813476562;3.542448043823242
2023-12-15T22:00:00;1010.4834375;5.385705566406273;1.4929970839874487e-14;313.0236111111111;0.04070606082677841;88.3885145187378;198.1779022216797;4.9557013511657715
2023-12-15T23:00:00;1008.879609375;5.288629150390648;1.4922018096472398e-14;300.1202777777778;0.19037337601184845;92.96462535858154;196.968994140625;4.924514293670654
2023-12-16T00:00:00;1007.58375;5.672723388671898;1.4906286082015817e-14;317.8591666666667;0.5166333913803101;91.77138805389404;200.2164764404297;8.07986831665039
2023-12-16T01:00:00;1007.13046875;6.111962890625023;1.4922075920588263e-14;333.6616666666667;0.48999106884002686;93.43612790107727;205.7659912109375;8.00141429901123
2023-12-16T02:00:00;1007.32703125;7.296411132812523;1.489049624344337e-14;339.7997222222222;1.6667133569717407;97.67196774482727;215.96786499023438;7.582841873168945
2023-12-16T03:00:00;1007.06140625;8.612390136718773;1.4906286082015817e-14;347.79555555555555;2.1463418006896973;99.23754334449768;232.34725952148438;8.512094497680664
2023-12-16T04:00:00;1006.923359375;9.089929199218773;1.4882601324157146e-14;352.16055555555556;1.1429049968719482;99.32909607887268;232.9039764404297;8.425336837768555
2023-12-16T05:00:00;1005.884375;9.034478759765648;-5.959356079597732e-14;352.7961111111111;1.0006227493286133;99.48931336402893;228.94252014160156;8.504927635192871
2023-12-16T06:00:00;1005.3315625;9.053582763671898;0.0;352.44083333333333;2.7408320903778076;98.90944957733154;229.766845703125;9.520692825317383
2023-12-16T07:00:00;1003.94828125;9.115197753906273;0.0;352.68416666666667;2.6041343212127686;99.23287630081177;226.97653198242188;9.875107765197754
2023-12-16T08:00:00;1002.89140625;8.998864746093773;0.0;352.09472222222223;2.2495102882385254;98.08235764503479;225.93240356445312;10.262213706970215
2023-12-16T09:00:00;1002.227109375;8.812005615234398;0.0;350.0525;2.230067014694214;97.52845764160156;226.9686737060547;10.496111869812012
2023-12-16T10:00:00;1001.1415625;8.889306640625023;0.1511111111111111;348.4941666666667;2.999476194381714;96.87533974647522;225.15377807617188;10.48965072631836
2023-12-16T11:00:00;999.77859375;8.740472412109398;0.5422222222222223;347.5727777777778;2.6002259254455566;96.78682088851929;227.10508728027344;11.156102180480957
2023-12-16T12:00:00;998.71953125;8.681939697265648;0.6044444444444445;348.2625;1.561171293258667;97.79236912727356;230.60108947753906;11.726580619812012
2023-12-16T13:00:00;998.091171875;8.731378173828148;0.4444444444444444;349.1663888888889;1.8467936515808105;98.07922840118408;233.82553100585938;12.183649063110352
2023-12-16T14:00:00;1000.446171875;6.665185546875023;0.07111111111111111;345.655;3.945704460144043;97.92816042900085;267.12548828125;9.891494750976562
2023-12-16T15:00:00;1001.53296875;6.506250000000023;0.0;336.5538888888889;3.309948682785034;96.28632664680481;259.36468505859375;9.926300048828125
2023-12-16T16:00:00;1004.317578125;6.148828125000023;0.0;336.4222222222222;1.024222731590271;97.16678261756897;280.8992004394531;8.020488739013672
2023-12-16T17:00:00;1007.03328125;5.714746093750023;0.0;331.39444444444445;0.08849401772022247;92.68530607223511;275.17657470703125;7.254567623138428
2023-12-16T18:00:00;1009.118828125;5.924371337890648;0.0;322.7552777777778;0.006612565368413925;79.77794408798218;266.8124694824219;7.441506385803223
2023-12-16T19:00:00;1010.640234375;5.885919189453148;0.0;313.2447222222222;0.00012566905934363604;71.92118167877197;268.5740966796875;7.385158061981201
2023-12-16T20:00:00;1011.19671875;5.388574218750023;0.0;301.62166666666667;0.00014984402514528483;68.87094974517822;266.4119567871094;6.559797763824463
2023-12-16T21:00:00;1011.4628125;5.003503417968773;0.0;277.7472222222222;0.0;71.69381976127625;258.21844482421875;5.298160552978516
2023-12-16T22:00:00;1012.362265625;4.168298339843773;1.4756282615577575e-14;247.56277777777777;0.0;82.93653726577759;229.65541076660156;4.397597312927246
2023-12-16T23:00:00;1012.68734375;3.4833618164062727;1.476411971074793e-14;246.93694444444444;5.129329292685725e-05;83.1135630607605;217.8470458984375;4.076790809631348
2023-12-17T00:00:00;1012.859921875;3.3223510742187727;1.474838769629135e-14;265.0997222222222;0.0;81.43054246902466;214.57589721679688;4.369485855102539
2023-12-17T01:00:00;1012.68984375;3.2231079101562727;1.474838769629135e-14;245.73055555555555;6.228471465874463e-05;82.43457078933716;214.7998504638672;4.608395576477051
2023-12-17T02:00:00;1012.131875;3.5783325195312727;1.4764177534863797e-14;258.3911111111111;6.59485231153667e-05;84.61963534355164;215.79452514648438;4.912881851196289
2023-12-17T03:00:00;1011.4271875;4.210046386718773;1.4732597857718905e-14;291.7397222222222;2.9065378839732148e-05;86.32863163948059;218.9222869873047;5.005865573883057
2023-12-17T04:00:00;1010.104375;3.9966064453125227;1.4740492777005126e-14;318.54027777777776;0.4427396059036255;92.46573448181152;201.337158203125;3.4739415645599365
2023-12-17T05:00:00;1008.78921875;3.8215881347656477;-5.899354693022434e-14;313.6847222222222;0.43370985984802246;92.17280745506287;197.32919311523438;3.503727436065674
2023-12-17T06:00:00;1007.414921875;3.8786254882812727;0.0;308.10055555555556;0.24726873636245728;94.15795803070068;198.67466735839844;3.772404193878174
2023-12-17T07:00:00;1006.314765625;4.040093994140648;0.0;315.0702777777778;0.8127020597457886;95.9829032421112;197.17088317871094;3.5359110832214355
2023-12-17T08:00:00;1005.1340625;3.9600158691406477;0.0;314.19166666666666;0.8698774576187134;97.27230072021484;197.73521423339844;2.138033866882324
2023-12-17T09:00:00;1003.75265625;3.8285156250000227;0.0;323.37805555555553;1.20082426071167;97.69648909568787;187.0644073486328;1.2685035467147827
2023-12-17T10:00:00;1002.801796875;3.9067932128906477;0.4177777777777778;329.3363888888889;1.6649590730667114;97.21590876579285;181.58663940429688;1.2860409021377563
2023-12-17T11:00:00;1002.34625;4.254998779296898;1.1466666666666667;333.7;3.3830909729003906;99.48492050170898;192.76828002929688;1.3429468870162964
2023-12-17T12:00:00;1002.04375;4.756250000000023;1.1555555555555554;337.9844444444444;3.197598457336426;99.98996257781982;199.28045654296875;1.2352584600448608
2023-12-17T13:00:00;1001.966875;5.119775390625023;0.9066666666666666;339.9533333333333;3.000117301940918;99.98689889907837;200.96031188964844;1.1890859603881836
2023-12-17T14:00:00;1001.921953125;5.554040527343773;0.28444444444444444;341.4433333333333;2.035024404525757;99.98995661735535;231.96865844726562;0.9473494291305542
2023-12-17T15:00:00;1001.8571875;5.637902832031273;0.035555555555555556;342.2575;2.030616044998169;99.99147653579712;231.11973571777344;0.7235715389251709
2023-12-17T16:00:00;1002.71609375;6.244897460937523;-0.017777777777777778;343.84027777777777;1.152258276939392;99.36729669570923;219.99510192871094;1.950965166091919
2023-12-17T17:00:00;1002.684609375;6.745690917968773;0.017777777777777778;346.01694444444445;0.5350022912025452;99.98829960823059;221.35202026367188;2.2533986568450928
2023-12-17T18:00:00;1002.6909375;7.245385742187523;0.0;347.7225;0.1854816973209381;99.99897480010986;219.4154510498047;2.4585845470428467
2023-12-17T19:00:00;1003.203125;7.940637207031273;0.0;349.12166666666667;1.0823111534118652;99.99895691871643;225.572265625;4.445331573486328
2023-12-17T20:00:00;1003.48671875;8.458642578125023;0.0;350.74361111111114;0.676609218120575;99.99895095825195;230.7040557861328;5.650673866271973
2023-12-17T21:00:00;1003.571171875;8.494104003906273;0.0;351.12666666666667;0.12577366828918457;99.41301345825195;238.59072875976562;5.496981143951416
2023-12-17T22:00:00;1004.08078125;8.500726318359398;1.4716808019146455e-14;349.6163888888889;0.8784682750701904;98.78281950950623;240.77294921875;6.320671081542969
2023-12-17T23:00:00;1004.4246875;8.351007080078148;1.470885527574437e-14;349.74583333333334;0.8519717454910278;99.03765916824341;243.751708984375;6.727522373199463
2023-12-18T00:00:00;1005.288671875;7.764855957031273;1.4716808019146455e-14;347.73;1.6725611686706543;98.82861375808716;256.9759521484375;7.1782965660095215
2023-12-18T01:00:00;1005.9309375;7.340356445312523;1.470101818057401e-14;344.36805555555554;1.2344138622283936;98.56768250465393;255.5790252685547;6.772484302520752
2023-12-18T02:00:00;1007.412734375;6.843835449218773;1.4716808019146455e-14;338.7030555555556;0.13620209693908691;96.92584276199341;258.0768127441406;7.6204938888549805
2023-12-18T03:00:00;1008.31203125;6.291772460937523;1.470101818057401e-14;302.8258333333333;0.2218104600906372;89.15455341339111;251.48785400390625;7.004000186920166
2023-12-18T04:00:00;1008.39765625;7.023126220703148;1.4708913099860234e-14;286.31888888888886;1.0381250831414945e-05;95.45329809188843;233.6538543701172;6.200322151184082
2023-12-18T05:00:00;1008.181640625;7.121636962890648;-5.883564854449987e-14;318.2944444444444;1.3474364095600322e-05;92.95850992202759;231.83773803710938;6.302123069763184
2023-12-18T06:00:00;1008.1140625;7.261926269531273;0.0;333.2138888888889;2.2645104763796553e-05;90.50033688545227;233.2566375732422;6.650872707366943
2023-12-18T07:00:00;1008.054765625;7.136560058593773;0.0;331.3258333333333;5.945614248048514e-05;89.4139289855957;229.70050048828125;6.708024501800537
2023-12-18T08:00:00;1007.36484375;6.484246826171898;0.0;275.1952777777778;4.868448741035536e-05;86.98472380638123;212.98597717285156;5.434782028198242
2023-12-18T09:00:00;1007.37390625;6.454248046875023;0.0;304.84222222222223;0.00012318954395595938;86.89783811569214;211.8921356201172;4.610535621643066
2023-12-18T10:00:00;1007.29609375;6.384759521484398;3.7777777777777777;311.5213888888889;0.0;87.52633333206177;212.70846557617188;4.9039106369018555
2023-12-18T11:00:00;1006.9834375;6.508905029296898;10.373333333333333;325.08166666666665;0.0013902686769142747;88.52896690368652;212.47927856445312;4.984309196472168
2023-12-18T12:00:00;1006.31921875;6.369836425781273;12.426666666666666;328.65222222222224;0.005095155443996191;91.17178916931152;210.3046417236328;4.521326541900635
2023-12-18T13:00:00;1005.130078125;6.111566162109398;13.528888888888888;320.745;0.00018169583927374333;91.54714345932007;200.99044799804688;4.714109420776367
2023-12-18T14:00:00;1003.350546875;5.646234130859398;5.866666666666666;282.98555555555555;1.2765651263180189e-05;90.9841001033783;197.9803466796875;4.61147928237915
2023-12-18T15:00:00;1001.409921875;5.419641113281273;0.0;304.4225;0.040548328310251236;89.51616883277893;201.7111053466797;4.429849624633789
2023-12-18T16:00:00;999.103125;5.816552734375023;0.017777777777777778;299.98527777777775;1.740264087857213e-05;85.52294373512268;196.01585388183594;6.065126419067383
2023-12-18T17:00:00;997.1028125;5.923852539062523;-0.017777777777777778;309.4561111111111;7.887234824011102e-05;83.87038111686707;194.62362670898438;4.836938858032227
2023-12-18T18:00:00;995.091875;5.548944091796898;0.0;326.58222222222224;0.16733196377754211;90.86653590202332;201.9710693359375;4.1444878578186035
2023-12-18T19:00:00;993.004765625;5.633294677734398;0.0;328.6336111111111;0.13796429336071014;91.35633111000061;201.14129638671875;5.420472621917725
2023-12-18T20:00:00;990.4346875;6.189050292968773;0.0;331.3797222222222;0.21943242847919464;94.48591470718384;213.02496337890625;6.641879081726074
2023-12-18T21:00:00;992.4265625;3.5662170410156477;0.0;327.6327777777778;3.884084701538086;96.9700574874878;235.56739807128906;7.830330848693848
2023-12-18T22:00:00;992.309140625;4.292199707031273;1.4740492777005126e-14;307.63138888888886;0.06414508819580078;84.6271276473999;233.95382690429688;8.447636604309082
2023-12-18T23:00:00;991.510234375;5.149896240234398;1.4732540033603036e-14;310.8822222222222;4.889767660642974e-05;73.35099577903748;232.97354125976562;9.943962097167969
2023-12-19T00:00:00;991.04109375;3.1703125000000227;1.4732597857718905e-14;309.79333333333335;1.084369421005249;98.43493700027466;238.77755737304688;10.801556587219238
2023-12-19T01:00:00;992.9428125;4.231164550781273;1.4764177534863797e-14;317.18444444444447;0.39521312713623047;85.82051396369934;269.0768737792969;12.781621932983398
2023-12-19T02:00:00;994.662265625;4.337396240234398;1.474838769629135e-14;316.2052777777778;0.08013234287500381;75.784832239151;283.5152893066406;11.47024917602539
2023-12-19T03:00:00;996.05265625;4.258416748046898;1.4764177534863797e-14;310.6111111111111;0.00019760173745453358;73.96751046180725;279.9989013671875;9.907807350158691
2023-12-19T04:00:00;996.36625;5.194512939453148;1.4740492777005126e-14;313.3355555555556;5.129417331772856e-06;73.28380346298218;275.6581115722656;7.0907769203186035
2023-12-19T05:00:00;996.66875;4.779199218750023;1.4748329872175486e-14;306.43694444444446;6.777288945158944e-05;73.8911509513855;269.6317138671875;5.834777355194092
2023-12-19T06:00:00;996.7953125;4.447534179687523;-7.375766664097228e-14;299.90694444444443;3.1536841561319306e-05;74.68305230140686;264.70355224609375;5.803647041320801
2023-12-19T07:00:00;996.96234375;4.179345703125023;0.0;284.7522222222222;0.00010836272122105584;75.1667857170105;267.9478454589844;6.146169185638428
2023-12-19T08:00:00;997.230625;3.8171325683593977;0.0;249.5375;4.2694529838627204e-05;75.45977830886841;270.98016357421875;6.235876560211182
2023-12-19T09:00:00;997.36109375;3.3952270507812727;0.0;241.46194444444444;8.378048369195312e-05;75.75886845588684;266.7922668457031;5.6939377784729
2023-12-19T10:00:00;997.965078125;3.0782714843750227;6.24;253.70694444444445;0.0;80.13359308242798;271.0052185058594;5.506284236907959
2023-12-19T11:00:00;998.3184375;3.1559082031250227;19.715555555555557;278.0125;0.0;77.24665999412537;267.87054443359375;4.761038303375244
2023-12-19T12:00:00;998.3865625;2.9287658691406477;22.186666666666667;287.75083333333333;0.0;77.56855487823486;270.5014343261719;4.100234508514404
2023-12-19T13:00:00;998.36421875;2.6187072753906477;23.36;268.49888888888887;0.0;80.30140399932861;251.45333862304688;2.946359872817993
2023-12-19T14:00:00;997.74;1.8259216308593977;8.426666666666666;233.4361111111111;0.0;87.422776222229;218.07574462890625;2.2428877353668213
2023-12-19T15:00:00;997.0175;1.2940307617187727;0.0;230.90194444444444;0.0;92.3177182674408;207.3385772705078;2.4431369304656982
2023-12-19T16:00:00;996.49484375;0.8039184570312727;0.0;226.69833333333332;0.0;88.69220614433289;214.59011840820312;1.8430825471878052
2023-12-19T17:00:00;995.85859375;0.6145874023437727;-0.017777777777777778;229.05138888888888;0.0;85.2360188961029;191.87596130371094;1.769612431526184
2023-12-19T18:00:00;994.975703125;0.7873168945312727;0.0;244.51416666666665;0.0;70.27918100357056;181.85813903808594;1.7034151554107666
2023-12-19T19:00:00;994.12203125;0.7165466308593977;0.0;233.54555555555555;0.0;67.8697943687439;164.63243103027344;1.7699222564697266
2023-12-19T20:00:00;992.775;0.46212158203127274;0.0;232.27805555555557;0.0;75.06899237632751;131.83033752441406;1.953948736190796
2023-12-19T21:00:00;991.17171875;-0.12329711914060226;0.0;248.30333333333334;0.0;83.83373618125916;104.33610534667969;1.9205394983291626
2023-12-19T22:00:00;990.43859375;2.2264038085937727;1.4708913099860234e-14;245.76833333333335;0.0;43.79306435585022;113.32360076904297;1.7230737209320068
2023-12-19T23:00:00;988.927578125;1.5889221191406477;1.471675019503059e-14;253.1125;0.0;49.12751913070679;98.16519927978516;2.20207142829895
2023-12-20T00:00:00;987.62890625;0.6788574218750227;1.4716808019146455e-14;262.95472222222224;0.0;59.711068868637085;95.6898193359375;2.5088951587677
2023-12-20T01:00:00;986.86515625;0.9347167968750227;1.4716808019146455e-14;271.87361111111113;0.0;61.26750707626343;115.50862884521484;2.350534677505493
2023-12-20T02:00:00;985.91953125;0.7931457519531477;1.4732597857718905e-14;267.0711111111111;0.0;68.80543828010559;120.26358795166016;1.9709725379943848
2023-12-20T03:00:00;985.09125;0.6122070312500227;1.4716808019146455e-14;253.53;0.0;76.20289325714111;127.7879409790039;1.8679630756378174
2023-12-20T04:00:00;986.761484375;0.9059387207031477;1.477207245415002e-14;297.83444444444444;0.7571099400520325;97.05854058265686;139.63079833984375;2.6720077991485596
2023-12-20T05:00:00;986.4953125;0.5625854492187727;1.495359777361729e-14;303.81305555555554;1.1122336387634277;97.12567925453186;107.3291015625;2.262809991836548
2023-12-20T06:00:00;986.22953125;0.27022705078127274;-7.388398534955185e-14;305.5708333333333;0.9643137454986572;99.98361468315125;121.7407455444336;2.1076319217681885
2023-12-20T07:00:00;986.3415625;1.8926330566406477;0.0;311.96222222222224;1.7626633644104004;93.828284740448;227.93385314941406;5.380221366882324
2023-12-20T08:00:00;986.85890625;1.5908142089843977;0.0;297.08416666666665;0.03989904001355171;99.15518164634705;237.52711486816406;6.864274024963379
2023-12-20T09:00:00;987.31296875;1.8693176269531477;0.0;306.17583333333334;0.10051386058330536;96.05761766433716;225.93426513671875;5.840030670166016
2023-12-20T10:00:00;987.15734375;1.6732421875000227;1.9644444444444444;305.96444444444444;0.07139359414577484;85.25435328483582;209.4241943359375;4.618678092956543
2023-12-20T11:00:00;987.233125;1.0656372070312727;27.191111111111113;256.95666666666665;5.41881236131303e-05;90.41807651519775;195.25616455078125;4.412716388702393
2023-12-20T12:00:00;987.55921875;0.9854370117187727;47.82222222222222;222.48055555555555;8.021805842872709e-05;85.42237877845764;195.51873779296875;4.157776355743408
2023-12-20T13:00:00;987.8596875;0.8474670410156477;37.12;221.42555555555555;6.810923514422029e-05;82.94736742973328;193.50613403320312;4.424177646636963
2023-12-20T14:00:00;987.15609375;0.6442504882812727;9.28;226.1888888888889;1.2670634532696567e-05;82.22562074661255;189.2755584716797;4.600671768188477
2023-12-20T15:00:00;986.59859375;0.5750366210937727;0.0;221.71305555555554;0.00017263875633943826;81.2246024608612;190.457275390625;4.7666521072387695
2023-12-20T16:00:00;987.173828125;0.7767578125000227;0.0;234.01166666666666;0.0;81.461101770401;190.30856323242188;4.286370754241943
2023-12-20T17:00:00;986.71984375;0.8717590332031477;0.0;246.3686111111111;0.0;79.75209951400757;184.27194213867188;4.095213890075684
2023-12-20T18:00:00;986.554140625;0.8692871093750227;0.0;247.32861111111112;0.0;79.21961545944214;191.85275268554688;4.079789161682129
2023-12-20T19:00:00;985.867578125;0.8851867675781477;0.0;237.86138888888888;0.0;79.78106141090393;193.2594757080078;4.719316482543945
2023-12-20T20:00:00;984.990859375;0.5074096679687727;0.0;275.47194444444443;0.258331298828125;95.42445540428162;198.3866424560547;5.197809219360352
2023-12-20T21:00:00;983.87125;1.1401306152343977;0.0;270.82722222222225;0.09650799632072449;81.47333264350891;196.27139282226562;4.321526050567627
2023-12-20T22:00:00;982.919375;1.2576843261718977;1.5308926965613207e-14;262.2336111111111;0.0;86.5895688533783;194.8397674560547;5.05107307434082
2023-12-20T23:00:00;981.60390625;1.2352233886718977;1.528518438363867e-14;304.31388888888887;0.0011987691977992654;92.66104698181152;193.26730346679688;4.625821590423584
2023-12-21T00:00:00;980.25796875;0.6726928710937727;1.531682188489943e-14;288.85333333333335;0.2248513102531433;97.14407920837402;196.3965301513672;4.580044269561768
2023-12-21T01:00:00;978.6834375;0.6557250976562727;1.5395771077761664e-14;271.6383333333333;0.31515640020370483;95.59684991836548;182.84046936035156;2.4898271560668945
2023-12-21T02:00:00;976.753515625;0.6576477050781477;1.5379981239189218e-14;270.34833333333336;0.00024092338571790606;83.10602307319641;190.22555541992188;2.345158576965332
2023-12-21T03:00:00;973.960390625;0.26897583007814774;1.541156091633411e-14;283.3280555555556;0.00010175183706451207;85.67100167274475;141.0454559326172;1.1497756242752075
2023-12-21T04:00:00;971.098125;-0.09198608398435226;1.5340506642758102e-14;290.14694444444444;0.00013840533210895956;88.77158164978027;86.84794616699219;2.001540184020996
2023-12-21T05:00:00;968.44390625;0.13741455078127274;1.5324658980069788e-14;288.4061111111111;0.028237417340278625;81.21842741966248;89.34307098388672;3.288882255554199
2023-12-21T06:00:00;965.771640625;0.13814697265627274;-7.67103664540198e-14;280.04583333333335;0.3566897511482239;89.54809904098511;98.4576187133789;3.9787721633911133
2023-12-21T07:00:00;963.662109375;0.8056579589843977;0.0;290.595;1.92814004549291e-05;80.6218147277832;101.00588989257812;3.1347413063049316
2023-12-21T08:00:00;962.04171875;0.9705139160156477;0.0;279.0163888888889;0.00016170564049389213;77.73335576057434;94.0418472290039;3.2473394870758057
2023-12-21T09:00:00;961.30609375;1.0462585449218977;0.0;286.2583333333333;0.0001106142153730616;75.20501613616943;87.3197021484375;2.5712130069732666
2023-12-21T10:00:00;963.37359375;0.22762451171877274;1.4044444444444444;284.65694444444443;0.03695027157664299;93.15854907035828;84.78370666503906;2.1239728927612305
2023-12-21T11:00:00;964.59515625;-0.36057128906247726;5.528888888888889;290.0683333333333;0.534362256526947;98.45178127288818;41.32891082763672;3.218928098678589
2023-12-21T12:00:00;966.07375;-0.36218872070310226;7.253333333333333;299.8597222222222;0.7974734306335449;98.72187376022339;23.042943954467773;2.079662322998047
2023-12-21T13:00:00;967.56203125;0.29549560546877274;7.502222222222223;289.1086111111111;0.05929107964038849;81.54956698417664;341.2312316894531;1.2407031059265137
2023-12-21T14:00:00;968.78390625;0.6494995117187727;1.8844444444444444;288.0541666666667;0.010993760079145432;92.25510358810425;68.47956848144531;1.2496984004974365
2023-12-21T15:00:00;969.636875;0.12526855468752274;0.0;283.83916666666664;0.4440990090370178;98.94453287124634;195.0879364013672;0.9718772172927856
2023-12-21T16:00:00;971.537421875;1.3281799316406477;0.0;273.3544444444444;2.787823905237019e-05;88.32119107246399;6.474767208099365;1.1512280702590942
2023-12-21T17:00:00;972.28984375;1.2878967285156477;0.0;273.30027777777775;4.176748188911006e-05;88.35940957069397;26.57098388671875;1.0357500314712524
2023-12-21T18:00:00;973.45;0.10396728515627274;0.0;297.2963888888889;2.871363639831543;99.61737990379333;293.1414794921875;2.3178224563598633
2023-12-21T19:00:00;974.25359375;0.21911010742189774;0.0;307.17805555555555;2.8993234634399414;99.58997964859009;339.4827575683594;1.7130722999572754
2023-12-21T20:00:00;974.726953125;1.8812500000000227;0.0;284.6152777777778;0.002754135988652706;84.0245246887207;5.406580924987793;3.5128517150878906
2023-12-21T21:00:00;976.21828125;1.4197631835937727;0.0;303.7275;0.2826743721961975;97.17297554016113;26.38960075378418;3.647064685821533
2023-12-21T22:00:00;977.264375;0.6289306640625227;1.5987890024228415e-14;310.37666666666667;2.0091376304626465;99.99579191207886;15.437861442565918;2.3671741485595703
2023-12-21T23:00:00;978.806484375;2.1579833984375227;1.6035201715829888e-14;296.7311111111111;0.023405713960528374;71.57325148582458;346.6158752441406;7.700440406799316
2023-12-22T00:00:00;980.191484375;1.2826171875000227;1.6043154459231978e-14;275.69055555555553;4.3520874896785244e-05;89.19264674186707;330.4404296875;8.196039199829102
2023-12-22T01:00:00;981.8178125;-0.20828857421872726;1.6043154459231978e-14;297.4794444444444;1.540311574935913;98.52024912834167;320.0063781738281;6.5568013191223145
2023-12-22T02:00:00;982.6925;1.0571228027343977;1.612210365209421e-14;295.9169444444444;0.39458805322647095;62.90465593338013;317.62945556640625;7.700022220611572
2023-12-22T03:00:00;983.767421875;0.5434204101562727;1.6137893490666657e-14;287.0313888888889;0.0013474851148203015;60.03900170326233;306.48114013671875;7.601020812988281
2023-12-22T04:00:00;984.312890625;0.5769897460937727;1.619315792567022e-14;289.64722222222224;0.00019176755449734628;59.55835580825806;309.0599060058594;6.93432092666626
2023-12-22T05:00:00;985.12796875;0.35216674804689774;1.617731026298191e-14;286.01416666666665;0.0003668975259643048;57.83730149269104;304.2467956542969;6.7076849937438965
2023-12-22T06:00:00;985.74296875;-0.023748779296852263;-8.081572448285593e-14;268.48833333333334;0.0003330657200422138;56.78442716598511;294.475830078125;6.303390026092529
2023-12-22T07:00:00;986.0040625;-0.6721862792968523;0.0;236.23305555555555;0.0004697709227912128;60.2832555770874;282.7607421875;5.847259521484375
2023-12-22T08:00:00;986.15859375;-0.9797424316406023;0.0;211.6002777777778;0.0006892039091326296;59.15249586105347;274.0821228027344;5.177979946136475
2023-12-22T09:00:00;986.466796875;-1.0652526855468523;0.0;259.96944444444443;0.0019094774033874273;64.14040923118591;264.35125732421875;5.350099563598633
2023-12-22T10:00:00;986.3753125;-1.5767272949218523;8.231111111111112;203.20194444444445;0.0;72.85046577453613;209.82493591308594;3.3846969604492188
2023-12-22T11:00:00;986.3165625;-1.5728820800781023;26.15111111111111;248.9897222222222;0.0;70.7844078540802;203.07354736328125;3.773935317993164
2023-12-22T12:00:00;986.44578125;-1.8870605468749773;34.364444444444445;246.37666666666667;0.0;76.66965126991272;199.60409545898438;5.297876358032227
2023-12-22T13:00:00;986.5278125;-2.9221862792968523;38.31111111111111;201.07194444444445;0.009130812250077724;87.4805748462677;191.97085571289062;4.462812900543213
2023-12-22T14:00:00;986.4890625;-2.8654235839843523;10.204444444444444;201.34694444444443;2.0046554709551856e-05;83.46751928329468;200.173828125;3.849653959274292
2023-12-22T15:00:00;986.5725;-3.1395019531249773;0.0;211.73416666666665;9.503276669420302e-05;82.21171498298645;195.67140197753906;2.8891708850860596
2023-12-22T16:00:00;987.87734375;-3.3261169433593523;0.0;201.31277777777777;9.30732858250849e-06;80.0281286239624;189.40191650390625;2.62595534324646
2023-12-22T17:00:00;988.36125;-3.3815979003906023;0.0;200.64111111111112;1.0023277354775928e-05;76.16629004478455;189.25540161132812;2.6994662284851074
2023-12-22T18:00:00;988.52453125;-3.6142944335937273;0.0;200.42805555555555;1.0739225217548665e-05;77.03754901885986;184.65113830566406;2.3681142330169678
2023-12-22T19:00:00;988.5796875;-3.8065856933593523;0.0;200.8086111111111;0.0;76.90930962562561;189.88003540039062;1.7372785806655884
2023-12-22T20:00:00;988.781640625;-4.214483642578102;0.0;202.00916666666666;0.0;92.29932427406311;237.50247192382812;1.3339120149612427
2023-12-22T21:00:00;989.251171875;-3.5584777832031023;0.0;218.3838888888889;0.0002505819429643452;95.4349935054779;230.0184326171875;1.5203689336776733
2023-12-22T22:00:00;990.09609375;-3.3457397460937273;1.6035259539945753e-14;207.28916666666666;0.0;89.92951512336731;227.82395935058594;1.7390679121017456
2023-12-22T23:00:00;990.4340625;-2.6273864746093523;1.6035201715829888e-14;237.38805555555555;0.0;83.8962972164154;237.90097045898438;1.7331414222717285
2023-12-23T00:00:00;990.6559375;-2.3769897460937273;1.6027364620659532e-14;248.26694444444445;0.0;85.55796146392822;225.0167236328125;1.6504052877426147
2023-12-23T01:00:00;991.04265625;-2.4548400878906023;1.6027364620659532e-14;238.295;0.0;87.1662437915802;207.52589416503906;1.4879499673843384
2023-12-23T02:00:00;990.90453125;-2.3762878417968523;1.6027364620659532e-14;225.71555555555557;0.0;88.50446343421936;211.59771728515625;1.857446551322937
2023-12-23T03:00:00;991.083125;-2.4200805664062273;1.6011574782087083e-14;207.95138888888889;0.0;89.57404494285583;210.9779052734375;2.0813236236572266
2023-12-23T04:00:00;991.8575;-2.4773010253906023;1.908270223936902e-14;209.97694444444446;0.0;80.85514903068542;197.49667358398438;1.879899501800537
2023-12-23T05:00:00;992.07921875;-1.8126281738281023;1.9074741786084815e-14;213.68083333333334;0.0;79.74734306335449;219.40896606445312;2.303122043609619
2023-12-23T06:00:00;992.2665625;-1.5662292480468523;-9.54213251623691e-14;218.8072222222222;0.0;87.18289732933044;225.05271911621094;3.4677326679229736
2023-12-23T07:00:00;992.700625;-0.6114257812499773;0.0;250.925;0.0;87.06548810005188;232.64923095703125;3.9917354583740234
2023-12-23T08:00:00;993.07921875;-0.5264038085937273;0.0;262.01666666666665;0.05046805739402771;87.49421238899231;242.44381713867188;2.533496618270874
2023-12-23T09:00:00;993.452734375;-0.6325439453124773;0.0;286.40833333333336;3.4104371070861816;99.20225739479065;222.87570190429688;3.2453866004943848
2023-12-23T10:00:00;994.33390625;-0.35846557617185226;3.2444444444444445;282.77444444444444;0.40322184562683105;92.65018701553345;213.40097045898438;2.67165207862854
2023-12-23T11:00:00;994.37046875;-0.24286499023435226;6.053333333333334;303.17277777777775;1.1091783046722412;98.16473722457886;209.16207885742188;3.574922800064087
2023-12-23T12:00:00;994.6746875;0.07726440429689774;17.68888888888889;297.7783333333333;0.3309623599052429;98.67583513259888;212.77645874023438;2.682481288909912
2023-12-23T13:00:00;995.23921875;0.06078491210939774;26.88;252.11638888888888;0.21600431203842163;96.21007442474365;237.1093292236328;1.7544715404510498
2023-12-23T14:00:00;995.42171875;-0.42291870117185226;1.5644444444444445;306.6761111111111;3.6164965629577637;98.77820014953613;201.03265380859375;1.541231393814087
2023-12-23T15:00:00;995.0978125;-0.07623901367185226;0.0;309.08666666666664;5.704422473907471;99.44033622741699;277.7861633300781;0.9379504323005676
2023-12-23T16:00:00;996.153671875;-0.35401000976560226;0.0;303.5472222222222;1.176581621170044;99.26025867462158;215.21951293945312;1.5065336227416992
2023-12-23T17:00:00;995.90234375;-0.47171630859372726;0.0;234.83277777777778;0.0015072827227413654;97.75730967521667;220.29483032226562;1.8665324449539185
2023-12-23T18:00:00;995.848125;-0.43726196289060226;0.0;248.2075;7.717501284787431e-05;93.74881386756897;228.90171813964844;1.6611939668655396
2023-12-23T19:00:00;995.686015625;-0.8334411621093523;0.0;228.64666666666668;0.0001288088533328846;93.82508397102356;221.84527587890625;1.6946184635162354
2023-12-23T20:00:00;995.991328125;-0.8143676757812273;0.0;223.95527777777778;5.520041668205522e-05;92.18478202819824;213.4822235107422;1.8948380947113037
2023-12-23T21:00:00;995.39109375;-0.6909240722656023;0.0;237.19472222222223;0.00013624472194351256;90.69700837135315;204.775390625;1.7983709573745728
2023-12-23T22:00:00;995.057734375;-0.26367797851560226;1.931954981795572e-14;246.85805555555555;0.0;79.74726557731628;214.9589080810547;1.7122032642364502
2023-12-23T23:00:00;994.416640625;-0.5855468749999773;1.9303694445385293e-14;251.1977777777778;2.0046554709551856e-05;81.48066997528076;201.80252075195312;1.3835949897766113
2023-12-24T00:00:00;993.68953125;-0.5038818359374773;1.931165104372844e-14;246.67;0.0;72.41380214691162;135.1958465576172;1.313080072402954
2023-12-24T01:00:00;992.941875;-0.45554199218747726;1.9295861205155993e-14;254.68805555555556;0.00013459828915074468;71.63578271865845;122.28999328613281;1.286000370979309
2023-12-24T02:00:00;991.9534375;0.5635314941406477;1.931165104372844e-14;270.2111111111111;0.00010381251195212826;60.3397011756897;112.6263198852539;1.0267831087112427
2023-12-24T03:00:00;990.37640625;-0.34039916992185226;1.9295861205155993e-14;276.525;0.000646501372102648;74.69215989112854;101.88408660888672;1.702017903327942
2023-12-24T04:00:00;989.91484375;-1.7439636230468523;1.929586506009705e-14;267.3836111111111;1.1097199603682384e-05;89.22911286354065;72.74436950683594;2.082369804382324
2023-12-24T05:00:00;988.36484375;-1.4920104980468523;1.9295799526099068e-14;257.4766666666667;6.65831976220943e-05;79.05912399291992;97.06371307373047;1.573892593383789
2023-12-24T06:00:00;986.89984375;-1.5255798339843523;-9.649503418529548e-14;249.6172222222222;0.0;74.54865574836731;80.38308715820312;1.474673867225647
2023-12-24T07:00:00;985.1215625;-1.2453979492187273;0.0;274.37888888888887;7.517457561334595e-05;74.42050576210022;74.5315933227539;1.97208571434021
2023-12-24T08:00:00;982.7009375;-1.2566894531249773;0.0;276.9561111111111;4.152500332565978e-05;79.22101616859436;97.49310302734375;2.1821842193603516
2023-12-24T09:00:00;980.436015625;-0.7049621582031023;0.0;272.9875;0.0;72.0494031906128;108.43431091308594;1.886940360069275
2023-12-24T10:00:00;978.915;-1.0516418457031023;2.5155555555555558;279.8236111111111;8.549029189452995e-06;55.9773325920105;117.9681396484375;1.4290562868118286
2023-12-24T11:00:00;977.08125;-0.04093017578122726;7.173333333333333;287.3988888888889;9.688899808679707e-06;64.26292657852173;128.8480224609375;2.626999616622925
2023-12-24T12:00:00;975.527578125;-0.5041259765624773;8.213333333333333;290.5941666666667;0.9305528998374939;96.08513712882996;110.43817138671875;3.306988000869751
2023-12-24T13:00:00;973.573046875;-0.42682495117185226;6.133333333333334;296.24194444444447;1.7077693939208984;99.06218647956848;95.78914642333984;4.079914569854736
2023-12-24T14:00:00;971.94390625;-0.13825073242185226;1.8844444444444444;299.2972222222222;1.1888808012008667;98.9461898803711;97.64551544189453;3.350846529006958
2023-12-24T15:00:00;970.8425;0.30602416992189774;-0.035555555555555556;305.4422222222222;0.45768627524375916;95.94788551330566;111.73246002197266;1.8654950857162476
2023-12-24T16:00:00;970.80234375;-0.18674316406247726;0.0;304.735;0.9111688137054443;99.6999204158783;98.83076477050781;2.3365261554718018
2023-12-24T17:00:00;969.876171875;0.33306274414064774;0.0;304.1636111111111;0.4078282117843628;98.5722303390503;109.90692138671875;1.5325181484222412
2023-12-24T18:00:00;969.4096875;0.6411071777343977;0.0;296.79333333333335;0.6768602132797241;96.53360247612;122.26339721679688;1.2331959009170532
2023-12-24T19:00:00;969.232890625;0.9796691894531477;0.0;307.9116666666667;0.4135473966598511;95.46546339988708;119.24916076660156;1.2374213933944702
2023-12-24T20:00:00;969.109921875;1.0190063476562727;0.0;312.62388888888887;1.1745563745498657;96.89210057258606;115.22660064697266;1.1438148021697998
2023-12-24T21:00:00;968.82703125;0.9720092773437727;0.0;307.3172222222222;0.47764310240745544;96.30151391029358;109.10685729980469;1.3382154703140259
2023-12-24T22:00:00;969.724296875;-0.24472656249997726;1.9651136427977098e-14;303.8613888888889;0.3721255660057068;99.94986653327942;75.74947357177734;1.3157886266708374
2023-12-24T23:00:00;969.90171875;0.8553100585937727;1.9666860732551566e-14;307.585;0.2832396924495697;96.24356031417847;63.737972259521484;0.809165358543396
2023-12-25T00:00:00;970.516328125;0.6119628906250227;1.9643237653749817e-14;312.2938888888889;0.24908262491226196;97.55581021308899;25.952495574951172;1.6740747690200806
2023-12-25T01:00:00;971.2965625;0.15169677734377274;1.9659027492322266e-14;309.65805555555556;0.3601248264312744;99.69817399978638;15.449552536010742;2.5667412281036377
2023-12-25T02:00:00;972.33875;-0.47580566406247726;1.9690607169467158e-14;300.3536111111111;0.21201926469802856;98.05176258087158;16.017030715942383;3.4851648807525635
2023-12-25T03:00:00;973.64265625;-0.8732360839843523;1.9674817330894712e-14;289.96527777777777;0.04040417820215225;91.36534333229065;26.504375457763672;2.6654112339019775
2023-12-25T04:00:00;976.4240625;-1.3745483398437273;1.969850594369444e-14;260.07;0.007232780568301678;98.31268191337585;3.666688919067383;0.7779129147529602
2023-12-25T05:00:00;977.8725;-1.0644287109374773;1.9698440409696458e-14;286.5702777777778;0.08703695237636566;98.43626022338867;19.266807556152344;1.0665782690048218
2023-12-25T06:00:00;979.2203125;-0.8592895507812273;-9.843718432970642e-14;245.99555555555557;0.0010728215565904975;92.54329800605774;255.71337890625;1.2766388654708862
2023-12-25T07:00:00;980.452578125;-0.49533691406247726;0.0;259.55083333333334;6.707739521516487e-05;90.94725251197815;242.06765747070312;1.6114469766616821
2023-12-25T08:00:00;981.34203125;-0.19367065429685226;0.0;265.56111111111113;0.00010758102871477604;90.7733678817749;257.99420166015625;1.5302479267120361
2023-12-25T09:00:00;982.44359375;-0.20041503906247726;0.0;238.0536111111111;3.2416377507615834e-05;92.69599318504333;258.7106628417969;1.8903696537017822
2023-12-25T10:00:00;983.764375;0.12929687500002274;3.12;288.11027777777775;0.23232188820838928;97.87029027938843;213.64698791503906;3.073981285095215
2023-12-25T11:00:00;984.539375;0.7253356933593977;15.03111111111111;292.52694444444444;0.12851718068122864;98.30824732780457;217.51898193359375;4.11517333984375
2023-12-25T12:00:00;985.0340625;1.3064819335937727;20.302222222222223;292.7030555555556;0.08563126623630524;93.49862933158875;222.31044006347656;4.202150821685791
2023-12-25T13:00:00;985.401484375;1.7479492187500227;17.013333333333332;288.2338888888889;3.147430106764659e-05;87.58886456489563;225.6615753173828;4.406155586242676
2023-12-25T14:00:00;985.493359375;1.9513183593750227;2.7733333333333334;293.03694444444443;4.009310941910371e-05;85.87219715118408;221.7996063232422;4.811009407043457
2023-12-25T15:00:00;985.5753125;1.8276306152343977;0.0;275.71972222222223;0.0003024103934876621;88.81561160087585;224.00762939453125;4.560701847076416
2023-12-25T16:00:00;985.609375;1.6135498046875227;0.0;246.6338888888889;0.0;88.73632550239563;203.03240966796875;4.667355060577393
2023-12-25T17:00:00;985.703359375;1.8856750488281477;0.0;243.95083333333332;0.00019358479767106473;88.62646222114563;216.12338256835938;4.93030309677124
2023-12-25T18:00:00;985.9090625;1.4251647949218977;0.0;266.62555555555554;1.01057767868042;99.99881982803345;223.86524963378906;4.728373050689697
2023-12-25T19:00:00;986.16890625;2.1545654296875227;0.0;317.2752777777778;1.0595921277999878;99.91948008537292;248.91659545898438;5.000762939453125
2023-12-25T20:00:00;986.11796875;1.7277160644531477;0.0;316.59277777777777;0.29892539978027344;99.99881386756897;215.37391662597656;4.815195083618164
2023-12-25T21:00:00;986.21640625;1.8388610839843977;0.0;297.0525;0.21267862617969513;97.44448661804199;211.57205200195312;4.0649003982543945
2023-12-25T22:00:00;986.634921875;1.5513854980468977;1.98879840065638e-14;311.6375;0.4113151431083679;98.83459806442261;211.7966766357422;3.509235143661499
2023-12-25T23:00:00;986.7784375;1.7008300781250227;1.988791847256582e-14;307.99805555555554;1.1306087970733643;99.59142804145813;235.0201416015625;3.2359423637390137
2023-12-26T00:00:00;987.271015625;1.3844543457031477;1.986429539376407e-14;312.92527777777775;0.5648593902587891;99.99579191207886;287.1664123535156;3.338820695877075
2023-12-26T01:00:00;987.72921875;0.9429565429687727;1.991166490948141e-14;313.8647222222222;0.3698572516441345;99.99734163284302;303.07537841796875;1.1851418018341064
2023-12-26T02:00:00;988.318125;0.45598754882814774;1.988008523233652e-14;293.21;0.04762819781899452;99.92864727973938;247.50460815429688;1.0652722120285034
2023-12-26T03:00:00;988.68765625;-0.07523193359372726;1.9895875070908965e-14;236.82694444444445;0.00039799229125492275;92.55868792533875;174.92503356933594;1.3420778512954712
2023-12-26T04:00:00;989.10953125;0.43584594726564774;1.9872194167991354e-14;242.10916666666665;0.00040412694215774536;95.00160813331604;218.4393768310547;1.5026071071624756
2023-12-26T05:00:00;989.587890625;0.6449218750000227;1.987212863399337e-14;266.43805555555554;0.0002109968918375671;94.99396085739136;226.95152282714844;1.55803382396698
2023-12-26T06:00:00;990.24984375;0.46648559570314774;-9.938457464405322e-14;233.82972222222222;7.41886324249208e-05;95.28387784957886;221.0257110595703;1.6503474712371826
2023-12-26T07:00:00;990.7425;0.6635681152343977;0.0;238.50166666666667;0.00021651727729476988;95.31134366989136;212.78883361816406;1.9900624752044678
2023-12-26T08:00:00;991.414375;0.8872009277343977;0.0;289.9769444444444;0.2546718716621399;97.70849943161011;242.00942993164062;2.2448947429656982
2023-12-26T09:00:00;992.18421875;0.9677062988281477;0.0;272.7605555555556;0.18223285675048828;97.2995936870575;217.7469024658203;2.2888407707214355
2023-12-26T10:00:00;993.35;1.3193908691406477;2.9155555555555557;290.0397222222222;0.6377609968185425;99.71963167190552;232.97108459472656;2.746828079223633
2023-12-26T11:00:00;994.52703125;1.6022888183593977;15.484444444444444;282.37583333333333;0.4264102578163147;99.56706762313843;322.05322265625;2.6029224395751953
2023-12-26T12:00:00;995.335;2.0733581542968977;20.835555555555555;284.14194444444445;0.33802783489227295;93.20868849754333;331.1631164550781;1.7959179878234863
2023-12-26T13:00:00;997.04;1.2042480468750227;19.68;279.8625;0.9457204341888428;99.99426603317261;332.66387939453125;1.4696067571640015
2023-12-26T14:00:00;998.87609375;0.9138732910156477;5.297777777777778;293.1144444444444;1.0580663681030273;99.99582767486572;351.4913330078125;3.943706750869751
2023-12-26T15:00:00;1000.163203125;2.3285766601562727;-0.035555555555555556;308.6425;1.4655451774597168;82.28957653045654;346.67901611328125;8.501461029052734
2023-12-26T16:00:00;1001.04890625;1.6745544433593977;0.017777777777777778;298.4861111111111;0.19650691747665405;99.99578595161438;328.3346862792969;4.719812393188477
2023-12-26T17:00:00;1002.6825;1.4084106445312727;-0.017777777777777778;287.625;0.048834528774023056;98.32944869995117;334.7969970703125;6.11605978012085
2023-12-26T18:00:00;1004.53984375;0.35625610351564774;0.0;279.2036111111111;0.2766802906990051;99.99722838401794;343.2077941894531;4.6892991065979
2023-12-26T19:00:00;1005.411484375;0.8284851074218977;0.0;307.75666666666666;2.2007246017456055;97.28724956512451;336.8217468261719;4.766236782073975
2023-12-26T20:00:00;1006.10046875;2.2039123535156477;0.0;289.75111111111113;0.024671263992786407;68.40388774871826;335.36785888671875;7.899048328399658
2023-12-26T21:00:00;1008.40078125;1.2964111328125227;0.0;270.0566666666667;0.04820292815566063;86.15443706512451;340.08502197265625;7.226493835449219
2023-12-26T22:00:00;1009.90546875;0.6052185058593977;2.0061672230860712e-14;263.9825;0.08432774245738983;88.1442129611969;10.560285568237305;3.320866346359253
2023-12-26T23:00:00;1011.1240625;0.46334228515627274;2.0069501616148956e-14;256.5252777777778;0.11982113867998123;89.99968767166138;352.3572998046875;2.731812000274658
2023-12-27T00:00:00;1012.6575;-0.08835449218747726;2.005377345663343e-14;261.12833333333333;0.07996581494808197;98.00291061401367;296.629638671875;3.5549309253692627
2023-12-27T01:00:00;1013.753984375;1.0400329589843977;2.0069563295205877e-14;215.05916666666667;0.00016031181439757347;72.0431387424469;339.40277099609375;4.794458389282227
2023-12-27T02:00:00;1014.87984375;0.41622314453127274;2.0069563295205877e-14;228.2302777777778;0.0004651673953048885;79.02404069900513;338.8881530761719;3.037364959716797
2023-12-27T03:00:00;1015.425078125;-0.012274169921852263;2.005377345663343e-14;231.0;0.00018443202134221792;85.6097400188446;311.0101623535156;3.4372193813323975
2023-12-27T04:00:00;1015.829375;0.6569763183593977;2.0045882392288266e-14;251.9663888888889;0.0;76.56742334365845;324.4793701171875;1.3921633958816528
2023-12-27T05:00:00;1016.25625;0.33855590820314774;2.0045816858290285e-14;230.20555555555555;0.0;76.4423131942749;296.039306640625;1.8067928552627563
2023-12-27T06:00:00;1016.653125;-0.020941162109352263;-1.0026880560411023e-13;214.85416666666666;0.0;77.90108919143677;293.1258239746094;1.842877984046936
2023-12-27T07:00:00;1016.909140625;-0.34750976562497726;0.0;213.72972222222222;0.0;79.41934466362;278.44378662109375;1.520133376121521
2023-12-27T08:00:00;1017.464375;-0.6749328613281023;0.0;213.34027777777777;0.0;81.22429251670837;265.49017333984375;1.5850722789764404
2023-12-27T09:00:00;1017.57734375;-0.5910705566406023;0.0;220.86555555555555;0.0;83.2004189491272;272.39935302734375;1.4332741498947144
2023-12-27T10:00:00;1017.22546875;-1.2396301269531023;8.106666666666667;210.20277777777778;0.0;84.8559319972992;278.9628601074219;1.1181505918502808
2023-12-27T11:00:00;1017.16859375;-1.4703124999999773;36.977777777777774;210.28277777777777;0.0;87.35531568527222;311.63555908203125;0.9870694875717163
2023-12-27T12:00:00;1017.1790625;-1.5587524414062273;47.59111111111111;219.28694444444446;0.0004539112560451031;94.91602182388306;5.505100727081299;1.410958170890808
2023-12-27T13:00:00;1016.898125;-1.3060058593749773;40.76444444444444;209.34805555555556;4.725259350379929e-05;82.47551321983337;88.06173706054688;1.5858213901519775
2023-12-27T14:00:00;1016.349296875;-1.6233581542968523;12.622222222222222;203.82666666666665;4.868448741035536e-05;79.77771759033203;120.87818908691406;1.79712975025177
2023-12-27T15:00:00;1015.46875;-2.5854553222656023;0.0;201.87333333333333;4.868448741035536e-05;91.24622344970703;109.72937774658203;2.0130088329315186
2023-12-27T16:00:00;1014.8715625;-2.6734069824218523;0.0;226.17361111111111;0.00021110741363372654;96.95605635643005;93.3427505493164;2.1405162811279297
2023-12-27T17:00:00;1013.5428125;-2.2100891113281023;0.0;229.50222222222223;5.508971753442893e-06;84.95808839797974;84.40686798095703;2.5293514728546143
2023-12-27T18:00:00;1011.91609375;-2.0979064941406023;0.0;231.57805555555555;0.00022184343833941966;79.41467761993408;83.50080871582031;2.803452968597412
2023-12-27T19:00:00;1010.66609375;-1.8666748046874773;0.0;230.8738888888889;3.1954605219652876e-05;78.51752042770386;87.72007751464844;3.4915647506713867
2023-12-27T20:00:00;1008.992890625;-1.4429992675781023;0.0;237.71472222222224;6.920328360138228e-06;80.27538061141968;83.49108123779297;3.772071361541748
2023-12-27T21:00:00;1006.91515625;-1.3994506835937273;0.0;242.6886111111111;9.68845961324405e-06;68.64663362503052;92.61063385009766;3.9818220138549805
2023-12-27T22:00:00;1004.60125;-1.9776062011718523;1.9974828118712255e-14;233.355;0.0;60.66625714302063;93.35559844970703;4.178232192993164
2023-12-27T23:00:00;1002.5184375;-1.8262390136718523;1.9974762584714274e-14;243.6611111111111;0.0;58.450692892074585;96.80252075195312;3.9034152030944824
2023-12-28T00:00:00;1000.34125;-1.8012451171874773;1.9959034425198752e-14;248.17138888888888;0.0;56.357210874557495;90.02738189697266;4.103521347045898
2023-12-28T01:00:00;998.44546875;-1.6181396484374773;1.9959034425198752e-14;259.3475;0.0;55.02661466598511;95.86740112304688;4.020156383514404
2023-12-28T02:00:00;996.18109375;-1.3326477050781023;1.9943244586626306e-14;265.8125;0.0;54.40722703933716;107.28572845458984;3.5370171070098877
2023-12-28T03:00:00;994.55640625;-0.9876770019531023;1.9959034425198752e-14;269.05444444444447;0.0;60.083627700805664;109.18544006347656;4.2418999671936035
2023-12-28T04:00:00;993.0140625;-1.2114929199218523;1.9943248441567363e-14;277.5113888888889;0.0;63.411444425582886;94.74876403808594;3.832172155380249
2023-12-28T05:00:00;991.06234375;-0.9292968749999773;1.9927393068996936e-14;269.21805555555557;0.0;64.89757895469666;110.45268249511719;3.146436929702759
2023-12-28T06:00:00;989.5025;-0.9248718261718523;-9.973195109264705e-14;261.3747222222222;0.0;64.11343812942505;118.52637481689453;2.548063278198242
2023-12-28T07:00:00;988.2696875;-0.9035400390624773;0.0;266.0938888888889;0.0;65.30649065971375;123.4431381225586;2.3946011066436768
2023-12-28T08:00:00;987.22265625;-0.7262634277343523;0.0;269.03;0.0;64.19121026992798;136.13275146484375;1.9957798719406128
2023-12-28T09:00:00;987.069453125;-0.41071166992185226;0.0;280.1325;0.0;63.725775480270386;145.3800048828125;1.5328093767166138
2023-12-28T10:00:00;986.82921875;-0.47406616210935226;2.8444444444444446;285.91583333333335;0.04003746807575226;82.83894658088684;140.53916931152344;4.026672840118408
2023-12-28T11:00:00;986.78703125;-0.5546020507812273;8.96;288.5597222222222;0.33104607462882996;81.70064687728882;136.92054748535156;3.4927196502685547
2023-12-28T12:00:00;986.15859375;0.08574829101564774;11.324444444444444;291.97805555555556;0.14629702270030975;70.03828883171082;120.10079193115234;3.3976199626922607
2023-12-28T13:00:00;985.303125;0.7786193847656477;13.635555555555555;290.19666666666666;2.7898069674847648e-05;72.37598299980164;117.22752380371094;3.6366496086120605
2023-12-28T14:00:00;984.35109375;0.8089843750000227;7.964444444444444;255.00277777777777;8.758602780289948e-05;71.54585123062134;116.56148529052734;3.363662004470825
2023-12-28T15:00:00;983.67109375;0.8673950195312727;0.0;259.63972222222225;4.082993837073445e-05;72.63990044593811;118.11680603027344;3.0577080249786377
2023-12-28T16:00:00;982.03484375;1.7781005859375227;0.0;277.6122222222222;0.0;65.99932909011841;148.48207092285156;2.5613853931427
2023-12-28T17:00:00;981.87546875;2.2683044433593977;0.0;304.29527777777776;0.0;69.56831812858582;145.00094604492188;2.2501659393310547
2023-12-28T18:00:00;981.74;2.3803039550781477;0.0;304.9772222222222;0.0;73.60433340072632;121.85514068603516;1.9130885601043701
2023-12-28T19:00:00;981.552890625;2.4196716308593977;0.0;295.3238888888889;0.0;76.25475525856018;137.660888671875;2.4398372173309326
2023-12-28T20:00:00;980.71234375;3.2637268066406477;0.0;283.69972222222225;0.0;72.45678305625916;151.0504150390625;3.1066811084747314
2023-12-28T21:00:00;980.52453125;3.3507324218750227;0.0;283.08666666666664;0.0;73.25488924980164;163.44845581054688;2.1307055950164795
2023-12-28T22:00:00;980.93578125;2.3917480468750227;1.9935353522281138e-14;273.50111111111113;0.0;73.33884239196777;115.38692474365234;3.0649755001068115
2023-12-28T23:00:00;980.739296875;2.2778869628906477;1.9943182907569382e-14;269.5675;0.0;73.210608959198;131.5323028564453;2.7281007766723633
2023-12-29T00:00:00;980.904296875;2.4268127441406477;1.9927454748053857e-14;290.7344444444444;0.0;70.87297439575195;136.1976776123047;2.7872977256774902
2023-12-29T01:00:00;980.57609375;2.6715942382812727;1.9943244586626306e-14;288.71194444444444;0.0;72.37594723701477;146.12159729003906;3.0216755867004395
2023-12-29T02:00:00;980.36421875;2.9161010742187727;1.9927454748053857e-14;290.4716666666667;0.0;68.32009553909302;150.09194946289062;2.8557960987091064
2023-12-29T03:00:00;980.22453125;2.6766296386718977;1.9927454748053857e-14;293.685;0.0;66.29530787467957;144.563720703125;2.4336113929748535
2023-12-29T04:00:00;981.0171875;2.1014343261718977;1.9919563683708692e-14;293.74694444444447;0.0;66.90412163734436;146.50149536132812;2.211909532546997
2023-12-29T05:00:00;980.9896875;2.2525878906250227;1.991949814971071e-14;297.3305555555556;0.0;67.60600209236145;164.10206604003906;1.8975567817687988
2023-12-29T06:00:00;981.045078125;1.5326171875000227;-9.962142222263992e-14;277.6247222222222;0.0;75.51006078720093;114.34001159667969;1.9119956493377686
2023-12-29T07:00:00;980.981875;1.4186340332031477;0.0;265.97277777777776;0.0;72.10739850997925;128.69989013671875;1.8619354963302612
2023-12-29T08:00:00;981.07703125;0.9483276367187727;0.0;257.24805555555554;0.0;74.74860548973083;122.07714080810547;1.6998977661132812
2023-12-29T09:00:00;981.428125;1.0201965332031477;0.0;271.35805555555555;0.0;71.13072276115417;115.75093078613281;1.7134203910827637
2023-12-29T10:00:00;982.23859375;3.2118469238281477;2.311111111111111;291.87583333333333;0.0;58.38820934295654;195.2972869873047;1.7480735778808594
2023-12-29T11:00:00;982.89015625;2.7796264648437727;7.342222222222222;294.56694444444446;0.0;67.77374744415283;224.2879180908203;1.421237826347351
2023-12-29T12:00:00;983.7059375;2.3954101562500227;12.48;293.41027777777776;0.0;74.11073446273804;210.17108154296875;1.09126877784729
2023-12-29T13:00:00;984.240546875;2.7124267578125227;12.391111111111112;294.84;0.0;73.38592410087585;181.6427764892578;1.0680848360061646
2023-12-29T14:00:00;984.78890625;2.6624389648437727;3.2355555555555555;317.24305555555554;0.0029597305692732334;72.61691093444824;142.7258758544922;1.102089285850525
2023-12-29T15:00:00;985.320625;3.2132202148437727;-0.035555555555555556;318.66305555555556;0.02898338995873928;76.08833312988281;151.95767211914062;1.7192559242248535
2023-12-29T16:00:00;985.611328125;2.6644531250000227;0.0;293.25666666666666;0.001249329885467887;65.57348370552063;176.17572021484375;1.322535753250122
2023-12-29T17:00:00;986.15375;2.3935791015625227;0.017777777777777778;289.1958333333333;0.0007424384821206331;77.03898549079895;223.17333984375;0.8593007326126099
2023-12-29T18:00:00;986.601875;2.1334167480468977;0.0;288.85777777777776;6.944698543520644e-05;80.59276342391968;188.7333526611328;1.1949164867401123
2023-12-29T19:00:00;987.156796875;2.1292358398437727;0.0;304.1538888888889;0.0;79.9671471118927;252.78829956054688;1.1103872060775757
2023-12-29T20:00:00;987.9409375;1.2763000488281477;0.0;270.1566666666667;2.434224370517768e-05;83.39270353317261;217.1477813720703;0.735027551651001
2023-12-29T21:00:00;988.311171875;0.6383605957031477;0.0;252.8025;0.00021478452254086733;89.83353972434998;308.3806457519531;0.7566503286361694
2023-12-29T22:00:00;989.5796875;-0.14234008789060226;1.9872194167991354e-14;246.03694444444446;0.0;93.94419193267822;85.2066650390625;0.850182056427002
2023-12-29T23:00:00;990.07609375;-0.18036499023435226;1.9856338795420924e-14;253.50611111111112;2.0046554709551856e-05;97.38045930862427;271.0289001464844;1.0537748336791992
2023-12-30T00:00:00;990.8159375;-0.23407592773435226;1.986429539376407e-14;252.42083333333332;8.591380719735753e-06;99.98671412467957;283.5633239746094;1.0145615339279175
2023-12-30T01:00:00;991.39890625;0.13384399414064774;1.9848505555191624e-14;252.39388888888888;0.00030714183230884373;99.40391182899475;293.23541259765625;1.0298928022384644
2023-12-30T02:00:00;991.804375;0.29039916992189774;1.986429539376407e-14;264.21944444444443;0.0;98.05652499198914;306.103759765625;1.0429954528808594
2023-12-30T03:00:00;992.374765625;0.33440551757814774;1.986429539376407e-14;263.0425;9.30732858250849e-05;97.38820791244507;312.4620361328125;1.0653899908065796
2023-12-30T04:00:00;993.813515625;-0.46521606445310226;1.6548433148491328e-14;235.3386111111111;0.00011622127203736454;99.98509883880615;5.7972412109375;0.8416199684143066
2023-12-30T05:00:00;994.733125;0.19167480468752274;1.6564157453065793e-14;289.99861111111113;0.00422034552320838;99.98963475227356;4.486937046051025;0.6783237457275391
2023-12-30T06:00:00;995.51734375;0.31020507812502274;-8.280524414298422e-14;277.5286111111111;0.007784751709550619;93.90755295753479;35.06828308105469;0.659679651260376
2023-12-30T07:00:00;996.42203125;-0.12360229492185226;0.0;267.10305555555556;0.007428975775837898;94.40040588378906;49.24998474121094;0.7944744229316711
2023-12-30T08:00:00;997.225234375;-0.25855102539060226;0.0;272.87694444444446;0.05152842029929161;98.59963655471802;67.60779571533203;0.7956709861755371
2023-12-30T09:00:00;998.4584375;-0.028570556640602263;0.0;290.6111111111111;0.11338429898023605;98.86060953140259;60.497371673583984;0.7576432824134827
2023-12-30T10:00:00;999.69140625;-0.5671752929687273;5.288888888888889;247.7488888888889;0.02943236380815506;99.9272108078003;88.79430389404297;1.0685620307922363
2023-12-30T11:00:00;1000.55671875;-0.5165466308593523;21.466666666666665;264.1061111111111;0.11907398700714111;99.98819231987;54.1562614440918;1.1449247598648071
2023-12-30T12:00:00;1001.43375;-0.20392456054685226;27.59111111111111;279.73055555555555;0.07491199672222137;99.99122023582458;43.39147186279297;1.4518719911575317
2023-12-30T13:00:00;1002.304296875;-0.24793090820310226;27.182222222222222;269.0933333333333;0.038580358028411865;99.9912440776825;52.75580596923828;1.4481481313705444
2023-12-30T14:00:00;1003.192265625;-0.29688110351560226;8.782222222222222;280.1488888888889;0.2887904644012451;99.98819231987;51.962669372558594;0.9354902505874634
2023-12-30T15:00:00;1003.59984375;-0.12399902343747726;0.0;306.24888888888887;0.279283344745636;99.99136328697205;37.67063903808594;1.650935411453247
2023-12-30T16:00:00;1004.0190625;-1.2934631347656023;0.0;239.9138888888889;0.0010343160247430205;99.9882459640503;76.96662139892578;1.1142078638076782
2023-12-30T17:00:00;1004.37828125;-1.3082031249999773;0.0;248.0961111111111;0.002280294196680188;99.89064335823059;47.61840057373047;1.2259492874145508
2023-12-30T18:00:00;1004.65734375;-1.5188049316406023;0.0;235.4638888888889;0.0013230704935267568;99.97442960739136;78.04443359375;1.347168207168579
2023-12-30T19:00:00;1004.815078125;-1.7065185546874773;0.0;223.0236111111111;3.4030701499432325e-05;99.91348385810852;81.58599090576172;1.5413093566894531
2023-12-30T20:00:00;1004.99625;-1.7389587402343523;0.0;222.3972222222222;0.00022738458937965333;99.57162737846375;79.61222839355469;1.6106922626495361
2023-12-30T21:00:00;1005.450625;-1.8395141601562273;0.0;215.77333333333334;8.742850332055241e-05;99.47250485420227;74.24755859375;1.3933576345443726
2023-12-30T22:00:00;1005.3190625;-1.6181091308593523;1.6532643309918882e-14;213.13166666666666;0.0;92.41989850997925;85.74598693847656;1.6305944919586182
2023-12-30T23:00:00;1005.390625;-1.4074768066406023;1.6548367614493347e-14;212.02194444444444;0.00010023276990978047;88.83560299873352;88.47991943359375;1.431159257888794
2023-12-31T00:00:00;1004.922734375;-1.1712707519531023;1.6516849616405376e-14;219.16166666666666;0.0;85.73343753814697;86.71820831298828;1.8702398538589478
2023-12-31T01:00:00;1005.35390625;-0.23822631835935226;1.6532639454977826e-14;240.515;0.0017039570957422256;69.90853548049927;92.53263854980469;1.4640800952911377
2023-12-31T02:00:00;1004.97609375;-1.2109130859374773;1.654842929355027e-14;245.8763888888889;0.002236622851341963;86.0049843788147;76.44380187988281;1.8260754346847534
2023-12-31T03:00:00;1004.41671875;-1.2742675781249773;1.6516849616405376e-14;223.63361111111112;5.584397149505094e-05;87.86664605140686;87.44727325439453;2.0134499073028564
2023-12-31T04:00:00;1004.678046875;-1.4425109863281023;1.9809034813701567e-14;228.29055555555556;9.30732858250849e-06;86.41241788864136;85.5887451171875;2.0091981887817383
2023-12-31T05:00:00;1004.052734375;-1.1156372070312273;1.980107436041736e-14;230.26333333333332;2.8637934974540258e-06;81.45489692687988;91.64582824707031;2.441223621368408
2023-12-31T06:00:00;1003.54640625;-0.6459106445312273;-9.90371981954594e-14;245.21527777777777;2.2194399207364768e-05;77.27546095848083;88.82321166992188;2.4606072902679443
2023-12-31T07:00:00;1003.280703125;-0.5324768066406023;0.0;238.27027777777778;6.443535312428139e-06;76.19513869285583;100.3450927734375;2.672152042388916
2023-12-31T08:00:00;1002.718671875;-0.06418457031247726;0.0;236.25027777777777;1.1455173989816103e-05;68.25290322303772;102.59397888183594;3.181806802749634
2023-12-31T09:00:00;1002.13171875;-0.009832763671852263;0.0;235.6725;1.789870839274954e-05;63.49988579750061;116.08708953857422;2.858487367630005
2023-12-31T10:00:00;1001.54125;0.30806884765627274;4.684444444444445;261.05805555555554;0.0;61.206382513046265;129.45445251464844;2.6859893798828125
2023-12-31T11:00:00;1001.22796875;0.9834228515625227;22.906666666666666;262.1797222222222;0.0;56.97367787361145;135.9710235595703;2.5874719619750977
2023-12-31T12:00:00;1000.925;1.5223327636718977;32.12444444444444;263.57194444444445;0.0;54.60696816444397;142.6646270751953;2.5375869274139404
2023-12-31T13:00:00;1000.792109375;1.5754333496093977;30.38222222222222;261.61083333333335;0.0;53.653401136398315;141.22134399414062;2.414416790008545
2023-12-31T14:00:00;1000.82171875;1.4444519042968977;9.777777777777779;261.96694444444444;0.0;54.00277376174927;141.47296142578125;2.3353843688964844
2023-12-31T15:00:00;1000.629609375;1.3001342773437727;-0.035555555555555556;261.4433333333333;0.0;55.91464638710022;135.34735107421875;2.388152837753296
2023-12-31T16:00:00;1001.38265625;1.0220275878906477;0.0;255.99305555555554;0.0;59.60118770599365;137.0841064453125;2.777278423309326
2023-12-31T17:00:00;1001.33984375;1.1257263183593977;-0.017777777777777778;259.70666666666665;0.0;59.70489978790283;138.15380859375;2.6153714656829834
2023-12-31T18:00:00;1001.241640625;1.2027832031250227;0.0;263.7941666666667;0.0;60.32587289810181;138.62921142578125;2.4267263412475586
2023-12-31T19:00:00;1001.20078125;1.1885620117187727;0.0;260.7416666666667;0.0;61.74505949020386;139.21932983398438;2.562340021133423
2023-12-31T20:00:00;1000.725;1.2925354003906477;0.0;260.47194444444443;0.0;62.9565954208374;136.35072326660156;2.5990993976593018
2023-12-31T21:00:00;1000.6434375;1.2130676269531477;0.0;256.4461111111111;0.0;63.86604905128479;143.07803344726562;2.629655599594116
2023-12-31T22:00:00;1000.3121875;1.6041809082031477;1.9753770378698e-14;258.0388888888889;0.0;61.890047788619995;137.82183837890625;3.069636344909668
2023-12-31T23:00:00;1000.38578125;1.7166076660156477;1.9737915006127574e-14;256.2633333333333;0.0;63.544052839279175;137.9306182861328;3.2928404808044434
2024-01-01T00:00:00;1000.47625;1.6710754394531477;1.9753766523756945e-14;251.9922222222222;0.0;63.70890140533447;141.3187713623047;3.429468870162964
2024-01-01T01:00:00;1000.655703125;1.3837524414062727;1.9816925878046732e-14;246.4152777777778;0.0;59.61489677429199;143.12037658691406;3.4380910396575928
2024-01-01T02:00:00;1000.76734375;1.2239013671875227;1.9785346200901837e-14;242.2538888888889;0.0;60.1962149143219;142.361572265625;3.804891586303711
2024-01-01T03:00:00;1000.673125;0.9727111816406477;1.9801136039474286e-14;235.30277777777778;0.0;61.88846230506897;138.580322265625;3.548456907272339
2024-01-01T04:00:00;1000.79015625;1.4621826171875227;1.9793244975129118e-14;261.53472222222223;0.0;58.58798623085022;135.8205108642578;3.8587381839752197
2024-01-01T05:00:00;1001.037265625;1.0706420898437727;1.980107436041736e-14;250.6286111111111;0.0;58.566707372665405;136.36427307128906;3.831373929977417
2024-01-01T06:00:00;1001.18734375;0.6445861816406477;-9.90056185183145e-14;249.32472222222222;0.0;60.12148857116699;136.29940795898438;3.797466278076172
2024-01-01T07:00:00;1001.542421875;0.36611328125002274;0.0;242.66055555555556;0.0;60.55488586425781;134.82925415039062;3.443861722946167
2024-01-01T08:00:00;1001.9671875;0.07766113281252274;0.0;230.93972222222223;0.0;60.521310567855835;141.91506958007812;3.1600868701934814
2024-01-01T09:00:00;1002.09765625;-0.16345825195310226;0.0;223.37;0.0;60.68914532661438;136.1328887939453;3.3126025199890137
2024-01-01T10:00:00;1002.37921875;0.28557739257814774;9.075555555555555;225.93138888888888;0.0;57.68008232116699;144.20655822753906;3.757685422897339
2024-01-01T11:00:00;1002.781328125;0.5093017578125227;29.857777777777777;254.77333333333334;0.0;58.089083433151245;140.0149688720703;3.1812946796417236
2024-01-01T12:00:00;1003.333125;0.46328125000002274;51.60888888888889;231.60166666666666;0.0;59.85437631607056;145.17872619628906;2.8246958255767822
2024-01-01T13:00:00;1003.935078125;0.16430053710939774;44.995555555555555;224.21083333333334;0.0;58.082884550094604;140.59715270996094;3.278003215789795
2024-01-01T14:00:00;1004.050625;-0.5472473144531023;16.711111111111112;220.14555555555555;0.0;58.58033299446106;134.4370880126953;3.4109344482421875
2024-01-01T15:00:00;1004.409375;-1.0873474121093523;0.0;216.66472222222222;0.0;60.86609959602356;136.1154022216797;3.1273045539855957
2024-01-01T16:00:00;1004.109453125;0.24248657226564774;0.0;249.43083333333334;0.0;56.92472457885742;138.29286193847656;3.333430767059326
2024-01-01T17:00:00;1004.55015625;0.22078857421877274;0.0;275.5988888888889;0.0;56.79042339324951;141.41343688964844;3.1511099338531494
2024-01-01T18:00:00;1004.9353125;-0.12116088867185226;0.0;271.79027777777776;0.0;57.715123891830444;136.25662231445312;2.897020101547241
2024-01-01T19:00:00;1005.18828125;-0.24414672851560226;0.0;270.0461111111111;0.0;58.44451189041138;140.48968505859375;3.142786979675293
2024-01-01T20:00:00;1005.23;-0.9577392578124773;0.0;238.81027777777777;0.0;60.83395481109619;137.85081481933594;3.301147222518921
2024-01-01T21:00:00;1005.4203125;-1.2521118164062273;0.0;214.52444444444444;0.0;60.19769906997681;141.4073486328125;3.1858296394348145
2024-01-01T22:00:00;1005.495625;-1.5656494140624773;1.9737980540125556e-14;214.79638888888888;0.0;59.7567617893219;150.28089904785156;2.934987783432007
2024-01-01T23:00:00;1005.596328125;-1.8118652343749773;1.972212516755513e-14;214.36277777777778;0.0;59.69722867012024;143.3462371826172;3.1544971466064453
2024-01-02T00:00:00;1005.5946875;-2.0052551269531023;1.9722186846612053e-14;213.2525;0.0;60.681384801864624;139.13009643554688;3.124821662902832
2024-01-02T01:00:00;1005.541484375;-2.1467346191406023;1.97379766851845e-14;212.04416666666665;0.0;61.13610863685608;136.33358764648438;2.889953136444092
2024-01-02T02:00:00;1005.37859375;-2.2944091796874773;1.9722186846612053e-14;211.58666666666667;0.0;63.24177384376526;137.46963500976562;2.6667590141296387
2024-01-02T03:00:00;1004.8;-2.3694519042968523;1.9722186846612053e-14;211.19333333333333;0.0;64.40598368644714;135.61627197265625;2.552865505218506
2024-01-02T04:00:00;1003.9290625;-1.9242919921874773;1.9706400862980664e-14;213.60166666666666;0.0;61.113160848617554;143.19886779785156;2.9112377166748047
2024-01-02T05:00:00;1003.52515625;-1.8490966796874773;1.973002008684135e-14;214.28722222222223;0.0;61.502236127853394;138.36968994140625;2.54811429977417
2024-01-02T06:00:00;1003.18078125;-1.7800354003906023;-9.861087255400333e-14;216.1797222222222;0.0;65.26966691017151;142.6115264892578;2.4233713150024414
2024-01-02T07:00:00;1002.9721875;-1.6205810546874773;0.0;230.19305555555556;0.0;64.5097553730011;138.3798828125;2.543496608734131
2024-01-02T08:00:00;1002.87859375;-1.5838989257812273;0.0;224.9427777777778;0.0;63.426417112350464;137.1094512939453;2.6745975017547607
2024-01-02T09:00:00;1002.81609375;-1.7650817871093523;0.0;223.22944444444445;0.0;65.7762885093689;141.57098388671875;2.813413143157959
2024-01-02T10:00:00;1002.9096875;-1.0630859374999773;6.56;252.98722222222221;0.0;57.966816425323486;148.52757263183594;3.2939372062683105
2024-01-02T11:00:00;1002.72515625;-0.8575500488281023;25.724444444444444;264.0;0.0;58.778560161590576;148.10508728027344;2.9071362018585205
2024-01-02T12:00:00;1002.575859375;-0.7513183593749773;38.986666666666665;259.3663888888889;0.0;57.985079288482666;143.33226013183594;2.915177583694458
2024-01-02T13:00:00;1002.45109375;-0.9844421386718523;36.355555555555554;250.91444444444446;0.0;57.576149702072144;140.89028930664062;2.909398078918457
2024-01-02T14:00:00;1002.51421875;-1.2302307128906023;11.911111111111111;267.1761111111111;0.0;57.133692502975464;130.2769775390625;2.7904913425445557
2024-01-02T15:00:00;1002.26796875;-1.4840148925781023;0.0;268.15194444444444;0.0;57.258790731430054;129.09567260742188;2.7108445167541504
2024-01-02T16:00:00;1001.50390625;-1.2820190429687273;0.0;268.88666666666666;0.0;52.63540744781494;133.66204833984375;3.6095592975616455
2024-01-02T17:00:00;1001.4321875;-2.0136169433593523;0.0;250.94361111111112;0.0;54.513758420944214;138.94825744628906;3.6654551029205322
2024-01-02T18:00:00;1001.258203125;-2.8262695312499773;0.0;206.6688888888889;0.0;54.918086528778076;138.06907653808594;3.462885618209839
2024-01-02T19:00:00;1000.900625;-3.1243347167968523;0.0;204.60722222222222;0.0;53.98573875427246;138.93695068359375;3.1399929523468018
2024-01-02T20:00:00;1000.66203125;-3.3178161621093523;0.0;211.37277777777777;0.0;54.46487069129944;139.6607666015625;2.9933300018310547
2024-01-02T21:00:00;1000.57546875;-3.6873229980468523;0.0;200.91083333333333;0.0;53.25484871864319;144.23422241210938;3.849475145339966
2024-01-02T22:00:00;1000.38609375;-3.6287292480468523;1.9666926266549547e-14;216.02555555555554;0.0;51.8296480178833;141.41835021972656;4.22512674331665
2024-01-02T23:00:00;999.9303125;-3.8215698242187273;1.9651070893979117e-14;198.22666666666666;0.0;51.1307954788208;143.43389892578125;4.2216572761535645
2024-01-03T00:00:00;999.69703125;-4.014593505859352;1.9659027492322266e-14;197.00666666666666;0.0;50.83020329475403;143.22621154785156;4.277842998504639
2024-01-03T01:00:00;999.549375;-4.116033935546852;1.9659027492322266e-14;195.79722222222222;0.0;50.11916756629944;140.32081604003906;4.008387565612793
2024-01-03T02:00:00;999.1640625;-4.178839111328102;1.9643237653749817e-14;194.8311111111111;0.0;49.12731647491455;144.11875915527344;4.129727840423584
2024-01-03T03:00:00;998.906328125;-4.313330078124977;1.9659027492322266e-14;193.15694444444443;0.0;49.23260807991028;147.037109375;4.098567962646484
2024-01-03T04:00:00;999.5575;-4.082556152343727;1.9643241508690876e-14;195.5038888888889;0.0;51.0545551776886;137.24461364746094;3.5248866081237793
2024-01-03T05:00:00;999.075;-4.145147705078102;1.9643175974692895e-14;194.2697222222222;0.0;50.607407093048096;141.0756072998047;3.2859108448028564
2024-01-03T06:00:00;998.82046875;-4.212835693359352;-9.823191642826462e-14;194.06944444444446;0.0;48.074519634246826;146.06884765625;2.9882898330688477
2024-01-03T07:00:00;998.7596875;-4.446386718749977;0.0;193.42777777777778;0.0;49.34704303741455;144.80996704101562;3.114940881729126
2024-01-03T08:00:00;999.03234375;-4.616186523437477;0.0;192.39416666666668;0.0;48.65584969520569;144.9108123779297;3.086513042449951
2024-01-03T09:00:00;999.095;-4.806982421874977;0.0;189.74166666666667;0.0;48.89540076255798;142.034912109375;2.8182060718536377
2024-01-03T10:00:00;999.383515625;-4.792181396484352;11.404444444444444;193.55166666666668;0.0;49.84603524208069;150.28598022460938;2.81693696975708
2024-01-03T11:00:00;999.47515625;-4.026434326171852;43.528888888888886;196.40472222222223;0.0;47.612160444259644;146.51974487304688;3.012084484100342
2024-01-03T12:00:00;999.40015625;-3.4689697265624773;54.684444444444445;202.9088888888889;0.0;48.289644718170166;140.10498046875;2.5113065242767334
2024-01-03T13:00:00;999.46328125;-2.8296569824218523;42.09777777777778;214.13444444444445;0.0;44.51308250427246;134.7831573486328;2.429332971572876
2024-01-03T14:00:00;999.60171875;-3.0337585449218523;16.035555555555554;220.15305555555557;0.0;55.569565296173096;122.50069427490234;2.308856248855591
2024-01-03T15:00:00;999.575078125;-3.7421325683593523;0.035555555555555556;221.51388888888889;0.0;55.90527653694153;140.96255493164062;2.301060438156128
2024-01-03T16:00:00;999.769609375;-3.4248413085937273;0.017777777777777778;222.3527777777778;0.0;45.22109627723694;148.86370849609375;2.72733998298645
2024-01-03T17:00:00;999.91625;-3.4853881835937273;0.0;217.2302777777778;0.0;50.85311532020569;138.182373046875;2.218517303466797
2024-01-03T18:00:00;1000.029296875;-3.6683105468749773;0.0;216.57666666666665;0.0;47.52974510192871;147.1286163330078;2.405820846557617
2024-01-03T19:00:00;1000.13640625;-4.201513671874977;0.0;209.24722222222223;0.0;51.90137028694153;136.32601928710938;1.9743372201919556
2024-01-03T20:00:00;1000.13859375;-3.6310791015624773;0.0;209.0286111111111;0.0;56.617844104766846;126.13585662841797;2.061490774154663
2024-01-03T21:00:00;1000.40390625;-4.395941162109352;0.0;205.04305555555555;0.0;67.4836814403534;138.7846221923828;2.0336997509002686
2024-01-03T22:00:00;1000.76765625;-4.209692382812477;1.9595871992973535e-14;212.25916666666666;0.0;47.255074977874756;122.7147445678711;1.6800612211227417
2024-01-03T23:00:00;1001.329375;-4.119390869140602;1.958791153968933e-14;210.87777777777777;0.0;47.577011585235596;154.22679138183594;1.6862865686416626
2024-01-04T00:00:00;1001.669296875;-2.9636901855468523;1.959586813803248e-14;208.50805555555556;0.0;43.77453923225403;164.078857421875;1.6910715103149414
2024-01-04T01:00:00;1002.06484375;-1.6499694824218523;1.9580078299460033e-14;212.75083333333333;0.0;31.150954961776733;162.07781982421875;1.5438789129257202
2024-01-04T02:00:00;1002.051875;-1.4867004394531023;1.9580078299460033e-14;257.77805555555557;0.0;54.34279441833496;143.52476501464844;1.5571386814117432
2024-01-04T03:00:00;1002.4553125;-1.7132019042968523;1.9580078299460033e-14;259.1875;5.870776658412069e-05;58.14375281333923;110.22306823730469;1.5615136623382568
2024-01-04T04:00:00;1003.18265625;-3.7428039550781023;1.958008215440109e-14;214.76194444444445;0.0;48.70311617851257;160.5841064453125;1.3160810470581055
2024-01-04T05:00:00;1003.4909375;-4.460913085937477;1.9580016620403108e-14;220.68194444444444;0.0;57.525789737701416;64.5593490600586;1.1596198081970215
2024-01-04T06:00:00;1003.666328125;-3.5358947753906023;-9.791611965681569e-14;225.97666666666666;0.0;90.4939591884613;13.44587516784668;1.6509321928024292
2024-01-04T07:00:00;1004.07515625;-2.4589599609374773;0.0;234.76111111111112;0.0;74.8140037059784;128.53277587890625;1.6789377927780151
2024-01-04T08:00:00;1004.15703125;-0.5922607421874773;0.0;244.34527777777777;4.4388798414729536e-05;49.386775493621826;77.89331817626953;1.5311272144317627
2024-01-04T09:00:00;1004.6071875;-1.3611511230468523;0.0;263.2608333333333;0.0002935388183686882;55.25831580162048;66.66941833496094;1.4548285007476807
2024-01-04T10:00:00;1005.593828125;-3.8239807128906023;6.24;249.22833333333332;0.0;66.89466834068298;300.2962646484375;0.9109600186347961
2024-01-04T11:00:00;1005.7640625;-2.6522277832031023;25.102222222222224;262.2561111111111;0.0;63.850581645965576;355.27032470703125;0.9132043719291687
2024-01-04T12:00:00;1006.082421875;-1.8142150878906023;36.373333333333335;252.715;0.0;59.95193123817444;268.6544189453125;0.6125728487968445
2024-01-04T13:00:00;1006.528984375;-1.4726928710937273;30.95111111111111;250.57722222222222;0.0;58.029353618621826;154.07244873046875;0.8592459559440613
2024-01-04T14:00:00;1006.8546875;-1.4753173828124773;12.408888888888889;248.61333333333334;0.0;46.072572469711304;294.301513671875;0.6783677935600281
2024-01-04T15:00:00;1007.012578125;-2.7078918457031023;0.07111111111111111;235.85194444444446;0.0;58.60311985015869;195.9341583251953;0.9219928979873657
2024-01-04T16:00:00;1008.057734375;-3.4227661132812273;0.0;211.415;0.0;42.720240354537964;298.4360656738281;0.6086114645004272
2024-01-04T17:00:00;1008.336953125;-3.0306457519531023;0.0;214.57444444444445;0.0;40.77324867248535;192.27435302734375;0.7137855887413025
2024-01-04T18:00:00;1008.4140625;-3.5905822753906023;0.0;216.525;0.0;52.600330114364624;118.80460357666016;0.6245883703231812
2024-01-04T19:00:00;1008.421171875;-3.4947570800781023;0.0;221.0063888888889;0.0;55.23552894592285;127.64337921142578;1.05898118019104
2024-01-04T20:00:00;1008.55265625;-3.4870361328124773;0.0;231.87083333333334;0.0;58.027851581573486;176.81826782226562;0.7462976574897766
2024-01-04T21:00:00;1008.77484375;-2.7014831542968523;0.0;234.72194444444443;0.0;59.755146503448486;209.1643524169922;0.7965603470802307
2024-01-04T22:00:00;1008.93;-4.521520996093727;1.955639739654242e-14;207.63444444444445;0.0;55.003565549850464;45.5902099609375;0.7951012253761292
2024-01-04T23:00:00;1009.21703125;-4.220404052734352;1.9540542023971992e-14;218.48805555555555;0.0;70.37981152534485;336.59722900390625;0.9603639245033264
2024-01-05T00:00:00;1009.54453125;-3.5479797363281023;1.9548498622315138e-14;206.15583333333333;0.0;80.5269181728363;315.3992004394531;1.0311826467514038
2024-01-05T01:00:00;1009.73046875;-3.5732788085937273;1.9516918945170246e-14;207.64416666666668;0.0;84.59031581878662;14.296479225158691;0.5928072333335876
2024-01-05T02:00:00;1009.744375;-4.179846191406227;1.9548498622315138e-14;208.615;0.0;95.80247402191162;147.09605407714844;0.9400919079780579
2024-01-05T03:00:00;1009.6425;-3.9379943847656023;1.9548498622315138e-14;230.4575;0.0019655588548630476;94.29791569709778;29.862560272216797;1.1101043224334717
2024-01-05T04:00:00;1009.660625;-5.411108398437477;1.9532712638683748e-14;200.27305555555554;0.0;66.25994443893433;140.0105438232422;0.6748478412628174
2024-01-05T05:00:00;1009.772734375;-5.409521484374977;-7.815451989282944e-14;201.10861111111112;9.377044625580311e-05;91.77414774894714;340.8750305175781;1.1445928812026978
2024-01-05T06:00:00;1010.053828125;-4.838690185546852;0.0;206.8425;0.0002963726583402604;95.70324420928955;331.811767578125;1.0739684104919434
2024-01-05T07:00:00;1010.03078125;-4.390051269531227;0.0;218.93583333333333;0.001254961360245943;97.92649149894714;326.6399230957031;1.3967679738998413
2024-01-05T08:00:00;1010.11359375;-3.6560729980468523;0.0;218.6663888888889;0.0008795083267614245;98.53376150131226;300.60797119140625;1.4861063957214355
2024-01-05T09:00:00;1010.317265625;-3.4522460937499773;0.0;221.75555555555556;0.0008868480799719691;97.92950749397278;293.9228515625;1.590277910232544
2024-01-05T10:00:00;1010.85578125;-3.7975219726562273;12.284444444444444;201.5625;6.228295660548611e-06;63.51635456085205;198.56947326660156;0.7902454733848572
2024-01-05T11:00:00;1011.18390625;-3.9563354492187273;39.05777777777778;223.9911111111111;0.0028478512540459633;66.78174138069153;316.871337890625;0.6828787922859192
2024-01-05T12:00:00;1011.47296875;-3.0751708984374773;58.86222222222222;209.78055555555557;1.3435610526357777e-05;68.56701970100403;220.5357666015625;0.6199849247932434
2024-01-05T13:00:00;1011.872578125;-3.0664428710937273;50.43555555555555;211.4675;0.00016738841077312827;72.12381958961487;294.87982177734375;0.821426272392273
2024-01-05T14:00:00;1012.190078125;-3.4419616699218523;22.684444444444445;208.4311111111111;3.579741678549908e-05;90.36721587181091;223.68734741210938;0.7788965106010437
2024-01-05T15:00:00;1012.3484375;-3.7035583496093523;0.21333333333333335;221.47222222222223;0.0007975797052495182;96.07858657836914;309.6403503417969;1.0228979587554932
2024-01-05T16:00:00;1012.883984375;-5.118841552734352;0.017777777777777778;204.5702777777778;1.0023277354775928e-05;84.41938757896423;97.3333511352539;0.29729723930358887
2024-01-05T17:00:00;1013.035390625;-4.678717041015602;-0.017777777777777778;207.3788888888889;7.159483629948227e-06;89.95065689086914;16.99082374572754;0.9727644920349121
2024-01-05T18:00:00;1013.26234375;-4.074804687499977;0.0;212.38194444444446;0.0003230627626180649;91.34073853492737;45.86147689819336;0.595437228679657
2024-01-05T19:00:00;1013.478984375;-3.8484863281249773;0.0;209.62277777777777;1.503491512266919e-05;87.8464937210083;110.7563247680664;0.45923617482185364
2024-01-05T20:00:00;1013.598125;-3.9035095214843523;0.0;210.57333333333332;1.2839239388995338e-05;97.53122925758362;29.276418685913086;0.6307445764541626
2024-01-05T21:00:00;1013.726875;-2.9679016113281023;0.0;232.75277777777777;0.002492317697033286;97.90505170822144;43.83234786987305;0.7217404842376709
2024-01-05T22:00:00;1014.37125;-4.922186279296852;1.950902788082508e-14;206.72416666666666;6.920328360138228e-06;71.11520767211914;121.84526824951172;0.504788875579834
2024-01-05T23:00:00;1014.7059375;-4.181097412109352;1.9501067427540875e-14;212.25944444444445;4.3755793740274385e-05;94.87924575805664;18.397815704345703;0.814288318157196
2024-01-06T00:00:00;1014.947265625;-3.6004089355468523;1.9501129106597797e-14;211.41583333333332;0.00013297506666276604;90.33061861991882;40.32585906982422;0.5551542043685913
2024-01-06T01:00:00;1015.4925;-3.7102416992187273;1.9516918945170246e-14;209.7675;1.2887070624856278e-05;90.90282320976257;173.56727600097656;1.4974263906478882
2024-01-06T02:00:00;1015.6646875;-3.6377929687499773;1.948533926802535e-14;219.49777777777777;0.00041372247505933046;96.8354344367981;345.6943359375;0.8062774538993835
2024-01-06T03:00:00;1015.67890625;-3.0623229980468523;1.9501129106597797e-14;248.9336111111111;0.003560799639672041;96.60350680351257;358.8680114746094;0.832811176776886
2024-01-06T04:00:00;1016.831484375;-3.0125793457031023;1.9493238042252632e-14;208.02194444444444;2.0046554709551856e-05;51.779282093048096;176.1660614013672;0.7944689989089966
2024-01-06T05:00:00;1017.2965625;-3.4306091308593523;-7.799662150710497e-14;211.70444444444445;0.00010023276990978047;60.73620319366455;123.1139907836914;0.585817813873291
2024-01-06T06:00:00;1017.54984375;-3.8962158203124773;0.0;215.59277777777777;3.150172778987326e-05;84.0958833694458;49.31201171875;0.4498594403266907
2024-01-06T07:00:00;1017.85140625;-3.9119323730468523;0.0;213.3022222222222;6.300345557974651e-05;98.0531096458435;254.614990234375;0.8494901657104492
2024-01-06T08:00:00;1018.19859375;-3.2623962402343523;0.0;238.52916666666667;0.004910579416900873;96.7469573020935;316.8590087890625;1.010577917098999
2024-01-06T09:00:00;1018.773125;-3.1425537109374773;0.0;239.95166666666665;0.004125968553125858;97.96611666679382;330.7750549316406;0.7762045860290527
2024-01-06T10:00:00;1019.710390625;-3.2050537109374773;13.102222222222222;205.27277777777778;8.591380719735753e-06;68.2221531867981;230.49415588378906;1.7243479490280151
2024-01-06T11:00:00;1020.25828125;-2.4209350585937273;47.27111111111111;206.17277777777778;7.875431947468314e-06;67.63470768928528;235.87313842773438;1.5843616724014282
2024-01-06T12:00:00;1020.9096875;-1.9678710937499773;63.92888888888889;207.06305555555556;0.0;69.064462184906;209.71878051757812;2.2375686168670654
2024-01-06T13:00:00;1021.505;-2.1394409179687273;55.25333333333333;207.32333333333332;0.0;69.25365924835205;248.08538818359375;1.552616000175476
2024-01-06T14:00:00;1021.91078125;-2.7595581054687273;24.782222222222224;207.36888888888888;0.0;79.24818992614746;196.63316345214844;1.4017283916473389
2024-01-06T15:00:00;1022.2003125;-3.5176757812499773;0.4266666666666667;207.04555555555555;0.0;87.24225759506226;187.42832946777344;1.3690015077590942
2024-01-06T16:00:00;1023.13390625;-3.5223754882812273;0.017777777777777778;203.00583333333333;0.0;54.727280139923096;326.2939453125;0.6599379181861877
2024-01-06T17:00:00;1023.12;-3.0524963378906023;0.0;203.95222222222222;0.0;55.9128999710083;138.7581024169922;1.1135653257369995
2024-01-06T18:00:00;1023.47078125;-2.7193054199218523;0.0;203.8736111111111;0.0;57.57460594177246;186.37322998046875;1.0587254762649536
2024-01-06T19:00:00;1023.83625;-3.0758422851562273;0.0;205.09944444444446;0.0;63.28743100166321;233.09945678710938;0.9608074426651001
2024-01-06T20:00:00;1023.97140625;-2.7682861328124773;0.0;205.45777777777778;0.0;63.581955432891846;260.8538513183594;1.0840950012207031
2024-01-06T21:00:00;1024.634453125;-2.4892333984374773;0.0;205.93666666666667;0.0;60.56686043739319;274.16851806640625;0.9551238417625427
2024-01-06T22:00:00;1025.345625;-3.2294067382812273;1.946955328439396e-14;195.5425;0.0;39.788949489593506;276.4796142578125;0.9905096292495728
2024-01-06T23:00:00;1025.97890625;-3.0083068847656023;1.9453697911823534e-14;195.14944444444444;2.2194399207364768e-05;44.88537907600403;113.75379943847656;1.2015019655227661
2024-01-07T00:00:00;1026.330703125;-3.1805480957031023;1.9469549429452905e-14;194.83972222222224;1.6466812667204067e-05;45.81923484802246;112.01143646240234;0.7670943140983582
2024-01-07T01:00:00;1026.5425;-3.6902526855468523;1.9469549429452905e-14;195.075;0.0;46.82779908180237;13.9798583984375;0.8411701321601868
2024-01-07T02:00:00;1026.608125;-4.935614013671852;1.9437969752308013e-14;194.84277777777777;1.217112185258884e-05;66.42623543739319;351.2944641113281;1.1183840036392212
2024-01-07T03:00:00;1026.69375;-4.042425537109352;1.9469549429452905e-14;198.17166666666665;1.1455173989816103e-05;62.239205837249756;67.751708984375;1.0074182748794556
2024-01-07T04:00:00;1027.121953125;-4.612402343749977;1.9453763445821515e-14;190.83194444444445;0.0;43.780648708343506;94.8994140625;0.9521127939224243
2024-01-07T05:00:00;1027.47234375;-4.456304931640602;-7.783082820209428e-14;193.12027777777777;0.0;42.479097843170166;114.14665222167969;1.231679916381836
2024-01-07T06:00:00;1027.7034375;-3.9004577636718523;0.0;198.0247222222222;0.0;42.28681921958923;133.5663299560547;1.2206205129623413
2024-01-07T07:00:00;1028.065546875;-3.2191528320312273;0.0;203.63;0.0;43.35947036743164;226.94073486328125;1.0467828512191772
2024-01-07T08:00:00;1028.20515625;-2.8418945312499773;0.0;207.6186111111111;0.0;46.3639497756958;172.18582153320312;1.1404722929000854
2024-01-07T09:00:00;1028.723203125;-2.6528686523437273;0.0;210.935;0.0;51.388680934906006;185.16812133789062;1.0389951467514038
2024-01-07T10:00:00;1029.293515625;-1.4615539550781023;13.768888888888888;213.15027777777777;1.3494640370481648e-05;37.98994421958923;216.25546264648438;1.2657862901687622
2024-01-07T11:00:00;1029.662421875;-0.6619018554687273;48.00888888888889;216.6486111111111;0.0;39.22741413116455;174.65809631347656;1.8816170692443848
2024-01-07T12:00:00;1030.115390625;-0.7235473632812273;64.58666666666667;219.2577777777778;6.228295660548611e-06;46.44630551338196;162.1636962890625;1.2600154876708984
2024-01-07T13:00:00;1030.8696875;-0.24725952148435226;55.964444444444446;220.90027777777777;4.498213456827216e-06;47.43056893348694;215.60208129882812;0.7292757034301758
2024-01-07T14:00:00;1031.67734375;-0.10233154296872726;25.74222222222222;223.0261111111111;5.536262960958993e-06;48.06838631629944;255.33082580566406;0.8540607690811157
2024-01-07T15:00:00;1032.1659375;-0.6571411132812273;0.6044444444444445;222.5388888888889;3.1141478302743053e-06;58.6259663105011;150.3555908203125;0.9765896797180176
2024-01-07T16:00:00;1033.581640625;-2.4137939453124773;0.0;219.48361111111112;0.0;68.02077293395996;219.91285705566406;1.1860133409500122
2024-01-07T17:00:00;1034.1171875;-2.2049011230468523;0.017777777777777778;220.00083333333333;0.0;71.2510883808136;217.6354522705078;1.1136128902435303
2024-01-07T18:00:00;1034.62796875;-2.3079895019531023;0.0;219.94166666666666;0.0;76.71828269958496;188.90785217285156;1.265161395072937
2024-01-07T19:00:00;1035.0740625;-2.3548645019531023;0.0;220.0702777777778;0.0;78.96437048912048;187.59185791015625;1.4172377586364746
2024-01-07T20:00:00;1035.5878125;-2.3528808593749773;0.0;220.10666666666665;0.0;81.70943856239319;191.77952575683594;1.387992024421692
2024-01-07T21:00:00;1036.068046875;-2.2014831542968523;0.0;220.60055555555556;0.0;82.80653953552246;190.30917358398438;1.5453993082046509
2024-01-07T22:00:00;1036.473984375;-0.6410583496093523;1.94142888493904e-14;227.97833333333332;0.0;70.00439763069153;216.650390625;1.6416362524032593
2024-01-07T23:00:00;1036.935625;-0.08667602539060226;1.9422118234678642e-14;237.86;0.0;69.05987858772278;215.05514526367188;1.8363271951675415
2024-01-08T00:00:00;1037.40953125;-0.7820800781249773;1.9422179913735564e-14;231.13333333333333;0.0;81.29900693893433;221.45407104492188;1.6274269819259644
2024-01-08T01:00:00;1037.811484375;-1.0121826171874773;1.9422179913735564e-14;228.3825;0.0;85.19614338874817;221.1342315673828;1.6446847915649414
2024-01-08T02:00:00;1037.98953125;-0.9427551269531023;1.9406390075163118e-14;229.6211111111111;0.0;86.52825951576233;216.64405822753906;1.8098076581954956
2024-01-08T03:00:00;1038.16140625;-0.5091308593749773;1.9406390075163118e-14;250.86333333333334;0.0;86.23382449150085;213.89569091796875;1.8226139545440674
2024-01-08T04:00:00;1038.68;-0.28574218749997726;1.94142888493904e-14;234.6002777777778;0.0;81.69733881950378;201.07630920410156;2.4820914268493652
2024-01-08T05:00:00;1038.60203125;-0.44379272460935226;-7.764924505851114e-14;231.6147222222222;0.0;83.22929739952087;209.46981811523438;1.9339663982391357
2024-01-08T06:00:00;1038.5859375;-0.31671752929685226;0.0;235.27416666666667;0.0;85.20839214324951;215.86996459960938;1.8357040882110596
2024-01-08T07:00:00;1038.6065625;-0.10413208007810226;0.0;259.6738888888889;0.0;87.07144260406494;230.11810302734375;1.5959416627883911
2024-01-08T08:00:00;1038.61046875;0.12383422851564774;0.0;269.99305555555554;0.0;88.13654780387878;229.04025268554688;1.7381724119186401
2024-01-08T09:00:00;1038.805;0.47472534179689774;0.0;275.8186111111111;0.0;87.74141669273376;231.0828857421875;2.0739383697509766
2024-01-08T10:00:00;1038.86421875;0.9396606445312727;6.408888888888889;299.3961111111111;0.0;85.15498638153076;229.47348022460938;2.1162824630737305
2024-01-08T11:00:00;1039.077734375;0.7688232421875227;38.782222222222224;247.8177777777778;0.0;87.58421540260315;226.28271484375;2.5140864849090576
2024-01-08T12:00:00;1039.139609375;1.0195556640625227;52.72888888888889;248.28972222222222;0.0;89.57700729370117;224.44314575195312;2.810859203338623
2024-01-08T13:00:00;1039.283359375;1.2309204101562727;47.004444444444445;246.2375;0.0;89.72357511520386;220.45651245117188;2.864809989929199
2024-01-08T14:00:00;1039.466484375;1.2108398437500227;23.964444444444446;241.3538888888889;0.0;90.38878679275513;220.45973205566406;3.023951768875122
2024-01-08T15:00:00;1039.22390625;1.4089904785156477;0.49777777777777776;267.7752777777778;0.0;89.78608846664429;216.4397735595703;3.2882707118988037
2024-01-08T16:00:00;1039.297578125;1.3755126953125227;0.0;284.0827777777778;0.0;82.05143213272095;208.50192260742188;3.1769180297851562
2024-01-08T17:00:00;1038.9696875;1.6679931640625227;0.0;275.26222222222225;0.0;78.87916564941406;200.9627685546875;3.2119803428649902
2024-01-08T18:00:00;1038.7559375;1.8269592285156477;0.0;268.36694444444447;0.0;78.69604825973511;200.6348419189453;3.003662109375
2024-01-08T19:00:00;1038.62265625;1.8348327636718977;0.0;285.4186111111111;0.0;80.65836429595947;204.09266662597656;2.191863775253296
2024-01-08T20:00:00;1038.5965625;2.0392089843750227;0.0;307.80944444444447;0.0005171343800611794;86.44753098487854;211.5798797607422;2.2049224376678467
2024-01-08T21:00:00;1038.7746875;2.1029602050781477;0.0;317.1875;0.08104445785284042;92.21685528755188;233.66781616210938;2.296905755996704
2024-01-08T22:00:00;1039.057265625;1.8035522460937727;1.9374814252959282e-14;314.7336111111111;0.047782354056835175;87.65454888343811;236.99908447265625;1.6737542152404785
2024-01-08T23:00:00;1039.26859375;2.0647216796875227;1.9382643638247526e-14;317.8544444444444;0.06701917946338654;94.04646158218384;233.85934448242188;2.9726083278656006
2024-01-09T00:00:00;1039.4909375;2.1879516601562727;1.935902055944578e-14;317.6097222222222;0.01824958063662052;95.3083336353302;226.49461364746094;2.8865997791290283
2024-01-09T01:00:00;1039.771640625;1.7719665527343977;1.9390600236590672e-14;284.77777777777777;0.001435156213119626;96.75793647766113;218.83023071289062;2.829721450805664
2024-01-09T02:00:00;1039.80046875;1.5628906250000227;1.9374810398018226e-14;255.10972222222222;3.305624704807997e-05;97.34234809875488;217.25254821777344;2.595672607421875
2024-01-09T03:00:00;1039.71296875;1.9036499023437727;1.935902055944578e-14;294.41194444444443;0.00025404454208910465;96.60390019416809;217.4882354736328;2.4211068153381348
2024-01-09T04:00:00;1039.735;1.5115905761718977;1.936691933367306e-14;254.67138888888888;0.00180814357008785;87.72169947624207;210.85284423828125;2.2427079677581787
2024-01-09T05:00:00;1039.7446875;1.7210327148437727;-7.748345175350045e-14;306.7913888888889;0.2036171555519104;91.19459986686707;211.29640197753906;1.8417072296142578
2024-01-09T06:00:00;1039.46109375;1.9280944824218977;0.0;306.75083333333333;0.213352769613266;92.4808919429779;214.9896697998047;2.127530813217163
2024-01-09T07:00:00;1039.065;2.1662536621093977;0.0;315.2088888888889;0.030292868614196777;93.84498000144958;214.24813842773438;2.442260980606079
2024-01-09T08:00:00;1039.07203125;2.2121826171875227;0.0;314.8725;0.1902923583984375;95.09016275405884;223.40565490722656;2.0133519172668457
2024-01-09T09:00:00;1039.2809375;2.3309570312500227;0.0;318.94055555555553;0.4535275399684906;96.38715386390686;219.7610626220703;2.222689390182495
2024-01-09T10:00:00;1039.32921875;1.8867431640625227;3.351111111111111;318.70694444444445;0.266021728515625;92.89133548736572;212.85191345214844;2.100414752960205
2024-01-09T11:00:00;1039.46109375;1.9215942382812727;10.657777777777778;318.7463888888889;0.34646517038345337;97.3605751991272;220.0693359375;2.0784730911254883
2024-01-09T12:00:00;1039.81140625;2.0991455078125227;24.017777777777777;307.8927777777778;0.07709083706140518;98.79181385040283;223.451904296875;1.8486881256103516
2024-01-09T13:00:00;1040.05859375;2.3440490722656477;29.813333333333333;300.09805555555556;0.09639596939086914;97.67794013023376;221.55364990234375;1.718495488166809
2024-01-09T14:00:00;1040.49375;2.1267639160156477;18.38222222222222;271.1586111111111;0.04022257775068283;96.66172862052917;232.64175415039062;1.385679006576538
2024-01-09T15:00:00;1040.431875;2.3680969238281477;0.9244444444444444;294.01444444444445;0.07398480921983719;94.86580491065979;232.73257446289062;1.4972120523452759
2024-01-09T16:00:00;1040.780859375;2.8717895507812727;0.0;321.34472222222223;0.1517253965139389;81.3434898853302;192.27691650390625;1.2943326234817505
2024-01-09T17:00:00;1040.86453125;2.8447814941406477;0.0;322.95666666666665;0.3043915033340454;84.6592128276825;219.4751739501953;0.9874953627586365
2024-01-09T18:00:00;1040.78015625;3.1103759765625227;0.0;318.6075;0.1037474125623703;83.58654975891113;203.18411254882812;0.9321349263191223
2024-01-09T19:00:00;1040.3315625;3.5212646484375227;0.0;315.9302777777778;0.048069845885038376;77.29840874671936;180.9502716064453;1.031757116317749
2024-01-09T20:00:00;1039.780625;3.1636291503906477;0.0;282.58166666666665;0.01631253957748413;77.59594917297363;199.8384246826172;0.9927039742469788
2024-01-09T21:00:00;1039.84265625;3.1139465332031477;0.0;286.4216666666667;0.014329524710774422;76.08835697174072;304.17755126953125;0.7568070292472839
2024-01-09T22:00:00;1039.836328125;2.0204406738281477;1.934323457581439e-14;298.6022222222222;0.06133514642715454;83.58492851257324;134.00254821777344;1.2621948719024658
2024-01-09T23:00:00;1039.853203125;1.7030273437500227;1.934316904181641e-14;263.02805555555557;0.025442568585276604;89.07507061958313;140.29371643066406;1.1269304752349854
2024-01-10T00:00:00;1039.7796875;1.6858459472656477;1.935902055944578e-14;252.95055555555555;0.03170104697346687;92.23210215568542;171.20143127441406;1.0183014869689941
2024-01-10T01:00:00;1039.58765625;1.4853454589843977;1.934323072087333e-14;258.18111111111114;0.021599195897579193;92.99957752227783;183.65000915527344;1.0736923217773438
2024-01-10T02:00:00;1039.1634375;1.1059814453125227;1.934323072087333e-14;232.9225;0.00011929030733881518;90.89996218681335;173.15353393554688;1.372905969619751
2024-01-10T03:00:00;1039.21609375;1.4901367187500227;1.934323072087333e-14;239.33777777777777;0.00024289326393045485;84.05792117118835;177.2658233642578;1.1871050596237183
2024-01-10T04:00:00;1038.8790625;2.9220520019531477;1.9335339656528166e-14;269.695;0.008183630183339119;67.23814606666565;73.23810577392578;1.0468155145645142
2024-01-10T05:00:00;1039.16265625;2.7778869628906477;-7.737292288349332e-14;278.3591666666667;0.005025110207498074;71.5426504611969;66.3219223022461;1.074534296989441
2024-01-10T06:00:00;1038.5296875;3.8296447753906477;0.0;312.6427777777778;0.017621062695980072;68.71522068977356;185.7692108154297;1.4557617902755737
2024-01-10T07:00:00;1038.58921875;2.3583007812500227;0.0;285.40444444444444;0.003877644892781973;80.19290566444397;315.36224365234375;0.7858275175094604
2024-01-10T08:00:00;1038.07296875;3.1682067871093977;0.0;268.2761111111111;0.002141272881999612;72.29191064834595;257.76385498046875;1.140981912612915
2024-01-10T09:00:00;1038.301796875;2.6720520019531477;0.0;274.86583333333334;0.0008986886823549867;82.4191689491272;261.22772216796875;1.0858147144317627
2024-01-10T10:00:00;1037.595;2.6639953613281477;5.2;313.3825;0.06181870400905609;77.85217761993408;209.4521026611328;1.447811245918274
2024-01-10T11:00:00;1037.34890625;2.7111755371093977;17.644444444444446;314.13916666666665;0.06353840976953506;86.84576153755188;202.65283203125;1.8483470678329468
2024-01-10T12:00:00;1037.58453125;2.4020019531250227;18.47111111111111;315.97027777777777;0.08577227592468262;95.71114182472229;221.4696044921875;1.5559015274047852
2024-01-10T13:00:00;1037.7634375;2.6506591796875227;22.186666666666667;308.02444444444444;0.04666540399193764;95.9659993648529;227.2891845703125;1.649145245552063
2024-01-10T14:00:00;1037.3215625;2.8594299316406477;10.097777777777777;312.64166666666665;0.07009337842464447;96.80978655815125;236.91189575195312;1.666477918624878
2024-01-10T15:00:00;1037.18515625;2.8912902832031477;0.64;313.75416666666666;0.05055813491344452;99.01008605957031;249.20565795898438;1.7092190980911255
2024-01-10T16:00:00;1037.16515625;2.4220520019531477;0.0;322.76416666666665;0.03343506157398224;98.03646206855774;224.16644287109375;1.4689757823944092
2024-01-10T17:00:00;1037.020078125;2.6074157714843977;-0.017777777777777778;324.02416666666664;0.01577073521912098;99.9896228313446;237.95510864257812;1.6697105169296265
2024-01-10T18:00:00;1037.07578125;3.0151916503906477;0.0;324.05;0.015502527356147766;99.99120235443115;236.87600708007812;1.835891604423523
2024-01-10T19:00:00;1036.89984375;3.2587829589843977;0.0;324.5588888888889;0.04876241087913513;99.99426603317261;242.48968505859375;2.415715217590332
2024-01-10T20:00:00;1036.36765625;3.4920898437500227;0.0;325.34055555555557;0.07219542562961578;99.9973475933075;255.74362182617188;2.890629529953003
2024-01-10T21:00:00;1036.2528125;3.5518432617187727;0.0;323.1122222222222;0.08521363139152527;99.58680868148804;264.42718505859375;2.9331164360046387
2024-01-10T22:00:00;1035.83;3.4223266601562727;1.9303759979383274e-14;323.1069444444444;0.12224122136831284;99.01000261306763;281.736572265625;2.950359344482422
2024-01-10T23:00:00;1036.315078125;3.1615539550781477;1.9311589364671514e-14;318.4791666666667;0.1438857465982437;98.16011786460876;285.94573974609375;2.3978776931762695
2024-01-11T00:00:00;1036.53125;2.9480834960937727;1.931165104372844e-14;318.73083333333335;0.13560809195041656;97.98468947410583;272.09197998046875;2.2119901180267334
2024-01-11T01:00:00;1036.738671875;2.8674865722656477;1.9295861205155993e-14;320.93305555555554;0.30121588706970215;98.83921146392822;255.953125;2.2916972637176514
2024-01-11T02:00:00;1036.88890625;2.9638000488281477;1.9327440882300885e-14;322.3886111111111;0.40940725803375244;99.37483072280884;244.49082946777344;2.4762496948242188
2024-01-11T03:00:00;1036.546640625;3.0505920410156477;1.931165104372844e-14;325.0938888888889;0.4536108374595642;99.99736547470093;249.42579650878906;2.212181806564331
2024-01-11T04:00:00;1036.68140625;3.9901367187500227;1.9311654898669495e-14;327.23555555555555;0.15669572353363037;99.99886155128479;298.46417236328125;2.2033324241638184
2024-01-11T05:00:00;1036.791484375;3.9623657226562727;-7.72623940134862e-14;323.48527777777775;0.08607898652553558;99.99889135360718;291.9918212890625;2.01700758934021
2024-01-11T06:00:00;1036.79984375;3.8141113281250227;0.0;320.5422222222222;0.04119951277971268;99.99583959579468;288.4201354980469;2.01650333404541
2024-01-11T07:00:00;1036.48359375;3.6631408691406477;0.0;317.0736111111111;0.019548222422599792;99.99572038650513;284.7012023925781;1.9420686960220337
2024-01-11T08:00:00;1036.595;3.6015563964843977;0.0;314.8825;0.03445548564195633;99.68743324279785;280.3866882324219;2.0482447147369385
2024-01-11T09:00:00;1036.8878125;3.5340515136718977;0.0;310.4747222222222;0.016935866326093674;98.93829822540283;287.16998291015625;2.369109869003296
2024-01-11T10:00:00;1036.677734375;3.4341674804687727;4.355555555555555;313.8538888888889;0.06364427506923676;99.24652576446533;296.405517578125;1.9822803735733032
2024-01-11T11:00:00;1036.876171875;3.6151977539062727;8.391111111111112;318.6575;0.17433467507362366;98.8179087638855;306.455078125;2.218764305114746
2024-01-11T12:00:00;1037.015859375;3.5981384277343977;15.751111111111111;315.24083333333334;0.277060329914093;98.57518672943115;298.6925354003906;2.655839681625366
2024-01-11T13:00:00;1037.02875;3.4534851074218977;34.32888888888889;283.62083333333334;0.09161359816789627;96.99746966362;299.366943359375;2.7306084632873535
2024-01-11T14:00:00;1036.7584375;3.2693115234375227;9.244444444444444;314.2063888888889;0.3457139730453491;98.58144521713257;297.79669189453125;2.5109477043151855
2024-01-11T15:00:00;1036.1340625;3.0022521972656477;0.32;312.9819444444444;0.10967423021793365;98.08099269866943;290.615478515625;2.768038034439087
2024-01-11T16:00:00;1035.573671875;2.7187438964843977;-0.017777777777777778;259.4375;0.02147037908434868;99.24966096878052;269.7041931152344;2.2039666175842285
2024-01-11T17:00:00;1035.501015625;3.0529418945312727;0.017777777777777778;296.2013888888889;0.018508514389395714;97.13476896286011;275.10113525390625;2.3047759532928467
2024-01-11T18:00:00;1035.67234375;3.2137084960937727;0.0;310.97805555555556;0.030615685507655144;95.49453854560852;280.6324768066406;3.125636577606201
2024-01-11T19:00:00;1035.441796875;3.0858398437500227;0.0;314.4741666666667;0.1050625741481781;96.36582732200623;274.5577087402344;2.9638454914093018
2024-01-11T20:00:00;1035.10890625;3.0574890136718977;0.0;319.34472222222223;0.28817105293273926;98.9797055721283;274.45123291015625;3.0910255908966064
2024-01-11T21:00:00;1034.26;3.0285278320312727;0.0;316.87694444444446;0.40864405035972595;99.43286180496216;257.95025634765625;2.945457935333252
2024-01-11T22:00:00;1033.25234375;2.8435913085937727;1.9169546351517475e-14;313.65472222222223;0.22166724503040314;98.38445782661438;243.96627807617188;2.9709668159484863
2024-01-11T23:00:00;1033.1159375;3.3870178222656477;1.9161585898233272e-14;319.5836111111111;0.34694230556488037;98.36766123771667;264.5345458984375;3.6408183574676514
2024-01-12T00:00:00;1032.46453125;3.4854370117187727;1.916954249657642e-14;315.90555555555557;0.15750017762184143;98.72929453849792;256.3872375488281;3.576756000518799
2024-01-12T01:00:00;1032.370625;3.6677795410156477;1.9153752658003972e-14;317.2688888888889;0.20508351922035217;98.49434494972229;264.2362976074219;3.8839550018310547
2024-01-12T02:00:00;1032.1546875;3.6555114746093977;1.9122172980859077e-14;317.92527777777775;0.20594274997711182;98.07929396629333;267.1947021484375;4.204739093780518
2024-01-12T03:00:00;1031.553671875;3.4916625976562727;1.9137962819431523e-14;318.6694444444444;0.22862611711025238;98.871248960495;255.09848022460938;3.4102821350097656
2024-01-12T04:00:00;1030.92796875;4.043634033203148;1.6043154459231978e-14;322.16777777777776;0.27018147706985474;97.90986776351929;251.07180786132812;3.9782204627990723
2024-01-12T05:00:00;1030.0109375;3.8951965332031477;-6.422787841699042e-14;320.4066666666667;0.2497711479663849;97.82142639160156;234.86181640625;4.122594356536865
2024-01-12T06:00:00;1029.2715625;4.023889160156273;0.0;322.28527777777776;0.30979764461517334;97.6353406906128;237.05209350585938;4.941934585571289
2024-01-12T07:00:00;1028.4853125;4.255548095703148;0.0;324.0058333333333;0.4280104637145996;98.73544573783875;241.44720458984375;5.2125773429870605
2024-01-12T08:00:00;1027.75828125;4.378900146484398;0.0;325.91555555555556;1.1685559749603271;99.55776929855347;246.7977294921875;4.596206188201904
2024-01-18T19:00:00;986.9625;-2.8496459960937273;0.0;222.42361111111111;0.00010667630704119802;77.23273038864136;190.5244140625;2.518169641494751
2024-01-18T20:00:00;987.376875;-2.7190307617187273;0.0;219.41333333333333;0.0;78.48239541053772;194.19662475585938;2.5523624420166016
2024-01-18T21:00:00;988.069375;-2.7807983398437273;0.0;269.6358333333333;1.6636050939559937;98.43466877937317;221.2926025390625;4.455458164215088
2024-01-18T22:00:00;988.30140625;-2.6591247558593523;0.0;250.95277777777778;0.09108627587556839;87.35390305519104;203.86041259765625;5.642768383026123
2024-02-20T14:00:00;1001.64828125;6.279199218750023;43.59111111111111;319.4838888888889;0.0020254957489669323;80.66911101341248;199.42843627929688;6.720265865325928
2024-02-28T05:00:00;998.2921875;2.0533081054687727;0.0;306.0827777777778;2.750110626220703;99.93334412574768;211.89707946777344;5.73366117477417
2024-02-28T06:00:00;998.4359375;2.4475036621093977;0.0;316.96305555555557;0.5163277983665466;98.81790280342102;205.42709350585938;4.726025104522705
2024-02-28T07:00:00;999.13;2.8441406250000227;0.64;300.6408333333333;0.4381923973560333;92.72966980934143;214.12620544433594;4.522305488586426
2024-03-13T11:00:00;998.479765625;5.596520996093773;61.279010416666665;308.81388888888887;0.023571686819195747;69.34403777122498;139.4697265625;1.1882259845733643
2024-03-19T12:00:00;1007.12953125;9.388848876953148;116.38777777777777;319.37888888888887;0.0;60.8845055103302;142.49461364746094;1.2614355087280273
2024-10-22T19:00:00;1006.3696875;6.294946289062523;0.0;321.79027777777776;5.905755043029785;96.6863751411438;240.75604248046875;8.062034606933594
2024-10-22T20:00:00;1006.16171875;7.415917968750023;0.0;332.3702777777778;0.9170138835906982;95.57718634605408;245.60574340820312;7.8895134925842285
2024-10-22T21:00:00;1007.9653125;7.504602050781273;0.0;336.43694444444446;1.5952626466751099;89.70255255699158;260.7976989746094;8.90842056274414
2024-10-22T22:00:00;1010.0578125;6.623406982421898;0.0;335.5422222222222;0.31255725026130676;94.63122487068176;257.31280517578125;8.242685317993164
2024-10-22T23:00:00;1011.61546875;6.627954101562523;0.0;333.8525;0.2526579797267914;94.88138556480408;248.4718780517578;7.599539756774902
2024-10-23T00:00:00;1012.93390625;6.748590087890648;0.0;334.3572222222222;0.38955432176589966;96.19367122650146;246.07638549804688;7.134006500244141
2024-10-23T01:00:00;1013.810703125;6.712274169921898;0.0;336.4738888888889;0.6078215837478638;97.29461669921875;238.58203125;6.4473557472229
2024-10-23T02:00:00;1014.16;6.784997558593773;0.0;332.865;0.22907760739326477;96.27688527107239;234.11106872558594;6.263319969177246
2024-10-23T03:00:00;1014.3125;6.850793457031273;0.0;333.3277777777778;0.3804526925086975;96.08003497123718;229.28677368164062;5.5421953201293945
2024-10-23T04:00:00;1014.409375;8.506158447265648;0.0;326.40305555555557;0.00014557015674654394;83.50294828414917;222.767333984375;6.897179126739502
2024-10-23T05:00:00;1014.062734375;8.160058593750023;0.0;306.97027777777777;4.152197107032407e-06;84.28192138671875;210.24853515625;5.436456203460693
2024-10-23T06:00:00;1013.370234375;7.868005371093773;0.0;295.5;0.03324894607067108;84.98767614364624;206.48196411132812;5.323584079742432
2024-10-23T07:00:00;1012.68515625;7.423303222656273;0.06222222222222222;335.3441666666667;0.5168061852455139;92.66971945762634;202.37136840820312;5.813582420349121
2024-10-23T08:00:00;1012.02890625;7.976647949218773;3.3866666666666667;331.55333333333334;0.014330971986055374;86.22820377349854;199.2671661376953;7.586629390716553
2024-10-23T09:00:00;1011.522578125;7.991387939453148;5.706666666666667;335.27805555555557;0.22536689043045044;89.7705078125;198.1058807373047;8.463342666625977
2024-10-23T10:00:00;1011.144375;7.315301513671898;9.351111111111111;334.63444444444445;1.7002336978912354;92.79244542121887;196.7299346923828;8.983521461486816
2024-10-23T11:00:00;1011.8625;8.295281982421898;5.4222222222222225;341.26722222222224;4.164917945861816;96.26990556716919;213.60731506347656;7.693964958190918
2024-10-23T12:00:00;1012.0184375;10.275872802734398;2.88;354.2086111111111;3.4702651500701904;97.61872291564941;234.59893798828125;9.385751724243164
2024-10-23T13:00:00;1012.59390625;10.797753906250023;9.386666666666667;358.0761111111111;0.3184404671192169;97.19143509864807;238.51588439941406;8.58984088897705
2024-10-23T14:00:00;1013.273046875;10.798455810546898;3.057777777777778;359.68611111111113;1.7403857707977295;98.28397035598755;243.02975463867188;8.220048904418945
2024-10-23T15:00:00;1013.79828125;10.797448730468773;1.28;360.7836111111111;4.346822738647461;98.50831627845764;241.94482421875;7.888582229614258
2024-10-23T16:00:00;1014.2309375;11.492852783203148;0.28444444444444444;363.56361111111113;1.023841142654419;98.26267957687378;240.54705810546875;8.878422737121582
2024-10-23T17:00:00;1015.176875;11.402551269531273;0.0;363.72777777777776;1.0391066074371338;98.40311408042908;237.37295532226562;8.1687650680542
2024-10-23T18:00:00;1015.56234375;11.351586914062523;0.0;363.26;0.8372284173965454;98.19396734237671;226.27012634277344;8.202937126159668
2024-10-23T19:00:00;1015.8925;11.289025878906273;0.035555555555555556;356.9116666666667;0.5446527004241943;97.77742624282837;230.1354522705078;7.623282432556152
2024-10-23T20:00:00;1016.19734375;11.178338623046898;0.0;361.5444444444444;2.5189781188964844;98.09640049934387;227.4169921875;7.7234978675842285
2024-10-23T21:00:00;1016.615625;11.142785644531273;0.0;362.2841666666667;2.042383909225464;98.03774356842041;228.914306640625;7.616319179534912
2024-10-23T22:00:00;1016.928125;10.898645019531273;0.0;360.26416666666665;0.5867139101028442;97.84311652183533;224.66537475585938;6.829983234405518
2024-10-23T23:00:00;1016.975;10.895776367187523;0.0;359.96722222222223;0.07246299088001251;97.81345129013062;220.56898498535156;6.2041916847229
2024-10-24T00:00:00;1016.99875;10.810968017578148;0.0;357.3863888888889;0.05024636164307594;97.36940264701843;204.77621459960938;4.855526924133301
2024-10-24T01:00:00;1017.099921875;10.757684326171898;0.0;356.6588888888889;0.12842689454555511;95.6222653388977;196.24359130859375;4.603123188018799
2024-10-24T02:00:00;1017.15375;10.669519042968773;0.0;332.4875;0.034766025841236115;91.11483097076416;197.5685272216797;5.310299396514893
2024-10-24T03:00:00;1017.04546875;10.520288085937523;0.0;294.21194444444444;5.423822221928276e-05;88.86570930480957;197.4004669189453;4.917025089263916
2024-10-24T04:00:00;1016.146875;10.857904052734398;0.0;302.17861111111114;8.729287401365582e-06;87.30785250663757;189.81581115722656;3.406951427459717
2024-10-24T05:00:00;1015.63328125;10.568994140625023;0.0;305.24194444444447;0.0001440283376723528;83.30444097518921;196.39913940429688;2.6482884883880615
2024-10-24T06:00:00;1015.56;10.399652099609398;0.0;301.355;0.00014963321154937148;81.05695843696594;197.43438720703125;2.796949625015259
2024-10-24T07:00:00;1015.2315625;10.142297363281273;0.2222222222222222;293.96444444444444;6.368189497152343e-05;78.90690565109253;198.9163055419922;2.8227360248565674
2024-10-24T08:00:00;1015.26296875;10.223626708984398;30.017777777777777;296.25888888888886;5.951482307864353e-05;76.83166265487671;198.82728576660156;2.724402666091919
2024-10-24T09:00:00;1015.1725;10.600762939453148;100.07111111111111;278.2972222222222;0.00016963985399343073;75.3821074962616;201.5707550048828;2.951458692550659
2024-10-24T10:00:00;1014.8075;11.232141113281273;151.25333333333333;281.30083333333334;0.0;72.77746200561523;202.38690185546875;4.2326741218566895
2024-10-24T11:00:00;1014.32625;11.339501953125023;188.32;279.4841666666667;0.0;71.24086022377014;192.67059326171875;4.8228373527526855
2024-10-24T12:00:00;1013.84;11.574029541015648;186.63111111111112;282.77722222222224;0.0;71.72006368637085;195.36436462402344;4.80783224105835
2024-10-24T13:00:00;1014.2103125;11.564477539062523;135.4311111111111;296.15416666666664;0.0;74.10949468612671;203.3966827392578;5.711644649505615
2024-10-24T14:00:00;1013.9725;11.570092773437523;77.86666666666666;312.3441666666667;0.0;76.34339332580566;203.08447265625;4.720711708068848
2024-10-24T15:00:00;1013.44125;11.533990478515648;58.026666666666664;296.3152777777778;0.0;76.69280767440796;200.3238983154297;5.104067325592041
2024-10-24T16:00:00;1013.3575;10.665002441406273;13.582222222222223;275.13944444444445;0.0;74.100261926651;196.58282470703125;3.68113374710083
2024-10-24T17:00:00;1013.224921875;10.475030517578148;-0.035555555555555556;274.9163888888889;0.0;73.39218854904175;198.16159057617188;4.18243932723999
2024-10-24T18:00:00;1013.465;10.384973144531273;0.0;273.78555555555556;0.0;74.86465573310852;206.05667114257812;4.61232328414917
2024-10-24T19:00:00;1014.189140625;10.097680664062523;0.035555555555555556;267.7272222222222;0.0;78.71596813201904;207.07638549804688;4.733952045440674
2024-10-24T20:00:00;1014.25453125;9.672418212890648;0.0;266.30583333333334;0.0;80.2067756652832;201.4099578857422;4.092864990234375
2024-10-24T21:00:00;1014.30078125;9.452783203125023;0.0;264.7075;0.0;79.625403881073;203.19480895996094;4.2580060958862305
2024-10-24T22:00:00;1014.0896875;9.321130371093773;0.0;263.48;0.0;77.44953632354736;203.5178985595703;4.6995368003845215
2024-10-24T23:00:00;1014.1371875;9.212213134765648;0.0;262.0602777777778;0.0;78.80145907402039;205.7064208984375;5.13693380355835
2024-10-25T00:00:00;1014.096015625;9.144219970703148;0.0;260.62111111111113;0.0;78.13310027122498;207.69093322753906;5.3137125968933105
2024-10-25T01:00:00;1014.15078125;9.098718261718773;0.0;259.6686111111111;0.0;77.89507508277893;209.85040283203125;5.663142681121826
2024-10-25T02:00:00;1013.905703125;8.941735839843773;0.0;259.29777777777775;0.0;78.16827297210693;210.572021484375;5.692908763885498
2024-10-25T03:00:00;1013.6825;8.810449218750023;0.0;259.3152777777778;0.0;79.18298840522766;207.80311584472656;5.784118175506592
2024-10-25T04:00:00;1013.69765625;8.050897216796898;-4.409515576749475e-14;257.8594444444444;0.0;75.80766677856445;206.64852905273438;2.9669837951660156
2024-10-25T05:00:00;1013.13328125;8.146722412109398;0.0;258.11555555555555;0.0;74.50152039527893;200.29815673828125;3.3943519592285156
2024-10-25T06:00:00;1012.9540625;8.040338134765648;0.0;258.58805555555557;0.0;75.7558286190033;208.44192504882812;2.962799310684204
2024-10-25T07:00:00;1013.68140625;7.782556152343773;0.06222222222222222;259.7966666666667;0.0;79.80243563652039;214.382080078125;3.4162914752960205
2024-10-25T08:00:00;1013.03390625;8.525048828125023;34.87111111111111;262.6302777777778;0.0;79.59036827087402;199.49505615234375;5.789471626281738
2024-10-25T09:00:00;1012.99421875;9.398675537109398;108.39111111111112;265.96944444444443;0.0;78.8641631603241;204.51963806152344;5.090687274932861
2024-10-25T10:00:00;1012.939609375;10.005517578125023;173.04888888888888;269.12638888888887;0.0;76.52809619903564;208.08660888671875;4.523611545562744
2024-10-25T11:00:00;1013.286171875;10.428887939453148;206.89777777777778;276.22833333333335;0.0;79.20439839363098;210.91452026367188;4.492297172546387
2024-10-25T12:00:00;1014.78609375;8.763421630859398;69.19111111111111;327.62444444444446;1.3166992664337158;99.4727611541748;269.5081787109375;4.327528953552246
2024-10-25T13:00:00;1015.4253125;7.583612060546898;6.826666666666667;345.39194444444445;1.2694790363311768;97.53328561782837;278.154052734375;1.5941499471664429
2024-10-25T14:00:00;1015.14984375;7.558282470703148;6.4;341.7986111111111;0.408841073513031;95.64118385314941;200.06640625;1.2120121717453003
2024-10-25T15:00:00;1015.30921875;7.601617431640648;3.84;343.46944444444443;0.5569897890090942;98.83332848548889;253.8884735107422;1.1188336610794067
2024-10-25T16:00:00;1015.38046875;6.972772216796898;11.875555555555556;261.9538888888889;0.00011170730431331322;97.50887155532837;167.03611755371094;0.9948549270629883
2024-10-25T17:00:00;1015.47375;6.405999755859398;0.0;258.02694444444444;0.0001905916869873181;96.07601165771484;174.66566467285156;1.057151198387146
2024-10-25T18:00:00;1015.50828125;6.085778808593773;0.0;261.15722222222223;0.00012240080104675144;94.49678659439087;169.81268310546875;1.0682779550552368
2024-10-25T19:00:00;1015.53515625;5.956750488281273;0.0;265.3013888888889;7.1616632340010256e-06;92.71700382232666;151.02679443359375;1.2753992080688477
2024-10-25T20:00:00;1015.60015625;6.036889648437523;0.0;272.55611111111114;0.00020400479843374342;90.39462804794312;151.48587036132812;1.5271347761154175
2024-10-25T21:00:00;1015.41046875;7.287347412109398;0.0;338.6388888888889;0.0003526837390381843;85.95805168151855;180.28453063964844;1.2822333574295044
2024-10-25T22:00:00;1014.91265625;8.318963623046898;0.0;344.8677777777778;0.018443506211042404;88.93954753875732;190.999267578125;1.410988688468933
2024-10-25T23:00:00;1014.66046875;8.298303222656273;0.0;344.5511111111111;0.000545587798114866;89.17306661605835;186.95672607421875;1.7050602436065674
2024-10-26T00:00:00;1014.53046875;8.325585937500023;0.0;342.3252777777778;0.0034721065312623978;87.68384456634521;199.76979064941406;1.6571500301361084
2024-10-26T01:00:00;1014.553671875;8.226983642578148;0.0;336.31805555555553;6.638310878770426e-05;85.73530316352844;201.1771697998047;2.019848346710205
2024-10-26T02:00:00;1014.78828125;7.876611328125023;0.0;313.7347222222222;3.4601643505993707e-07;86.07247471809387;197.15591430664062;2.1782500743865967
2024-10-26T03:00:00;1014.5190625;7.539727783203148;0.0;289.4638888888889;0.0;86.62179708480835;182.21932983398438;2.504744052886963
2024-10-26T04:00:00;1014.150625;7.254968261718773;-4.409515576749475e-14;262.81666666666666;1.503491512266919e-05;87.89584636688232;163.5714874267578;2.155644416809082
2024-10-26T05:00:00;1013.7484375;6.899346923828148;0.0;259.18861111111113;3.401702633709647e-05;84.54965353012085;160.8745574951172;2.108489751815796
2024-10-26T06:00:00;1013.025625;6.578332519531273;0.0;259.60555555555555;0.0;82.85132050514221;144.48114013671875;2.2413692474365234
2024-10-26T07:00:00;1011.960625;6.611932373046898;0.0;265.5227777777778;1.6014655557228252e-05;82.14787244796753;143.30599975585938;2.2174694538116455
2024-10-26T08:00:00;1010.89453125;7.324792480468773;31.52;267.0047222222222;2.0866164049948566e-05;77.89219617843628;149.86363220214844;2.391523599624634
2024-10-26T09:00:00;1010.108359375;8.570947265625023;100.37333333333333;272.93611111111113;9.605970262782648e-05;73.4412133693695;163.40562438964844;1.9064146280288696
2024-10-26T10:00:00;1009.463984375;10.012597656250023;165.47555555555556;276.48555555555555;0.0;71.54920101165771;194.758544921875;1.043724536895752
2024-10-26T11:00:00;1008.74546875;10.861596679687523;175.41333333333333;295.1041666666667;0.0;72.33734130859375;158.41348266601562;1.440346121788025
2024-10-26T12:00:00;1007.851171875;11.610253906250023;182.4711111111111;299.51972222222224;0.0;72.2541332244873;163.46929931640625;1.2806148529052734
2024-10-26T13:00:00;1007.02703125;12.056451416015648;170.52444444444444;294.6430555555556;0.0;70.70996761322021;184.6942901611328;2.054697275161743
2024-10-26T14:00:00;1006.00984375;11.949914550781273;113.28;299.6152777777778;0.0;72.63713479042053;166.37884521484375;2.482886552810669
2024-10-26T15:00:00;1005.165625;11.715753173828148;14.72;343.67583333333334;0.0;74.07754063606262;162.46688842773438;1.519162654876709
2024-10-26T16:00:00;1003.96703125;12.150323486328148;2.062222222222222;334.8855555555556;0.0;73.71749877929688;142.29510498046875;3.2115771770477295
2024-10-26T17:00:00;1003.344375;12.323907470703148;0.0;335.1986111111111;0.0;74.54752922058105;118.42655181884766;2.860131025314331
2024-10-26T18:00:00;1002.7896875;12.172723388671898;0.0;353.15972222222223;0.004945971071720123;79.22282814979553;148.7312469482422;2.084717035293579
2024-10-26T19:00:00;1002.64328125;12.024377441406273;0.0;354.88444444444445;0.01903691701591015;83.99414420127869;183.56756591796875;2.8502094745635986
2024-10-26T20:00:00;1001.928203125;11.944482421875023;0.0;351.8497222222222;0.0018873329972848296;82.80237913131714;184.0055694580078;3.631406784057617
2024-10-26T21:00:00;1001.815703125;11.517816162109398;0.0;347.45;0.2026233822107315;86.58806085586548;196.8762664794922;5.9103288650512695
2024-10-26T22:00:00;1002.09734375;10.210656738281273;0.0;344.0488888888889;0.6962887644767761;92.70385503768921;198.4752197265625;3.820363998413086
2024-10-26T23:00:00;1001.9321875;10.069268798828148;0.0;332.14944444444444;0.15998780727386475;89.18820023536682;204.05992126464844;4.440218448638916
2024-10-27T00:00:00;1001.493828125;9.717889404296898;0.0;319.7113888888889;6.8392232606129255e-06;83.97428393363953;200.74581909179688;3.9924328327178955
2024-10-27T01:00:00;1000.884921875;9.295861816406273;0.0;309.8236111111111;9.64752325671725e-06;80.42511343955994;188.0980682373047;2.7276694774627686
2024-10-27T02:00:00;999.83578125;8.988488769531273;0.0;294.8563888888889;2.7544858312467113e-05;79.92914915084839;195.92967224121094;4.007946968078613
2024-10-27T03:00:00;1000.01765625;8.083703613281273;0.0;297.0986111111111;0.12436511367559433;91.8507993221283;268.8743896484375;5.409877300262451
2024-10-27T04:00:00;1001.62859375;6.252893066406273;-4.409515576749475e-14;342.20916666666665;5.7471537590026855;98.57522249221802;279.9027099609375;6.1598711013793945
2024-10-27T05:00:00;1001.9459375;5.604943847656273;0.0;328.5058333333333;1.5333518981933594;98.07948470115662;224.3551788330078;3.433683395385742
2024-10-27T06:00:00;1001.448984375;5.466516113281273;0.0;314.9533333333333;1.023074746131897;95.58314085006714;184.87705993652344;4.235548973083496
2024-10-27T07:00:00;1001.41109375;5.709344482421898;0.0;304.54527777777776;0.024457700550556183;90.44542908668518;197.81407165527344;3.9871582984924316
2024-10-27T08:00:00;1001.63046875;5.988000488281273;5.173333333333333;320.97527777777776;0.4946115016937256;93.22713017463684;202.4318389892578;4.044858932495117
2024-10-27T09:00:00;1001.593125;5.904504394531273;42.88;310.475;0.2238745093345642;92.14985370635986;196.37391662597656;4.621165752410889
2024-10-27T10:00:00;1001.791484375;7.081903076171898;54.72;319.3072222222222;0.3975694477558136;90.82236886024475;216.66815185546875;4.9332170486450195
2024-10-27T11:00:00;1001.76546875;7.226007080078148;68.37333333333333;322.1588888888889;0.0013506864197552204;86.04318499565125;215.96188354492188;5.190830707550049
2024-10-27T12:00:00;1001.86765625;7.231561279296898;97.56444444444445;315.22833333333335;0.2973167896270752;88.27710151672363;219.32862854003906;6.777492523193359
2024-10-27T13:00:00;1001.75984375;6.467431640625023;83.30666666666667;302.5097222222222;0.2743229866027832;88.50610852241516;212.25621032714844;6.8424601554870605
2024-10-27T14:00:00;1002.261953125;5.439599609375023;33.06666666666667;318.12694444444446;1.4496283531188965;94.78511810302734;216.40809631347656;8.01395034790039
2024-10-27T15:00:00;1002.242578125;5.061578369140648;8.88888888888889;325.1197222222222;1.1257961988449097;91.94540977478027;244.0325469970703;4.986775875091553
2024-10-27T16:00:00;1002.7021875;6.146630859375023;0.6755555555555556;327.3302777777778;0.5758418440818787;93.35216879844666;244.61416625976562;7.1359052658081055
2024-10-27T17:00:00;1003.1775;6.347314453125023;0.0;325.6075;0.1149955540895462;94.22958493232727;243.95208740234375;6.665436267852783
2024-10-27T18:00:00;1003.80875;6.398553466796898;0.0;307.18194444444447;0.0045267860405147076;89.69771265983582;247.81973266601562;7.444034099578857
2024-10-27T19:00:00;1004.68734375;6.022882080078148;0.0;311.27472222222224;1.1526845693588257;96.24997973442078;254.39694213867188;6.616052150726318
2024-10-27T20:00:00;1005.21421875;5.893365478515648;0.0;307.89416666666665;0.5221821069717407;90.08699059486389;265.0289306640625;6.423418045043945
2024-10-27T21:00:00;1006.098203125;5.372552490234398;0.0;324.9663888888889;0.5609618425369263;94.11987066268921;269.35797119140625;5.930710315704346
2024-10-27T22:00:00;1006.98375;5.468103027343773;0.0;312.04027777777776;0.05238509923219681;91.36844873428345;262.38763427734375;5.431164264678955
2024-10-27T23:00:00;1007.794296875;5.342797851562523;0.0;318.06555555555553;0.13120107352733612;91.9193685054779;263.1726989746094;5.531157493591309
2024-10-28T00:00:00;1008.49921875;5.356774902343773;0.0;321.52722222222224;0.16306072473526;90.84974527359009;265.3262634277344;5.450272560119629
2024-10-28T01:00:00;1009.05921875;5.280267333984398;0.0;322.5288888888889;0.12219201773405075;90.61167240142822;266.965576171875;5.369869232177734
2024-10-28T02:00:00;1009.098125;5.063043212890648;0.0;321.35083333333336;0.1278112530708313;91.24500751495361;266.8238220214844;5.122913360595703
2024-10-28T03:00:00;1009.2809375;5.043878173828148;0.0;320.22305555555556;0.08897534012794495;87.63638734817505;267.23687744140625;4.681158542633057
2024-10-28T04:00:00;1009.10078125;5.639642333984398;-4.409515576749475e-14;330.9558333333333;0.6718816757202148;96.43303155899048;267.5322265625;4.549776554107666
2024-10-28T05:00:00;1009.607578125;5.434503173828148;0.0;329.8538888888889;0.7002201080322266;94.42500472068787;275.4913024902344;4.7226786613464355
2024-10-28T06:00:00;1010.260625;5.135217285156273;0.0;325.9952777777778;0.26853862404823303;92.68397688865662;280.7356262207031;4.726028919219971
2024-10-28T07:00:00;1011.143984375;5.051995849609398;0.0;323.04777777777775;0.026337187737226486;86.61251664161682;288.83758544921875;4.618042945861816
2024-10-28T08:00:00;1011.9484375;4.989312744140648;4.2844444444444445;319.45472222222224;0.0004895314923487604;82.39040970802307;294.0430603027344;4.086448669433594
2024-10-28T09:00:00;1012.71875;4.916070556640648;39.12888888888889;302.93944444444446;0.0007185798021964729;81.08578324317932;298.22412109375;3.613321542739868
2024-10-28T10:00:00;1013.3603125;5.141290283203148;71.25333333333333;306.525;0.001669847290031612;80.8096170425415;296.5581359863281;3.4281246662139893
2024-10-28T11:00:00;1014.19765625;5.243768310546898;141.86666666666667;276.9844444444444;0.005732422694563866;77.82042026519775;302.5203552246094;3.1910042762756348
2024-10-28T12:00:00;1014.89890625;5.244561767578148;180.12444444444444;255.01472222222222;0.01131488662213087;77.4770736694336;306.77899169921875;2.8971946239471436
2024-10-28T13:00:00;1015.804921875;5.284448242187523;183.07555555555555;241.79333333333332;0.008924460038542747;76.12971067428589;313.4297180175781;2.4933419227600098
2024-10-28T14:00:00;1016.464765625;5.053704833984398;136.32;237.1886111111111;0.0028195541817694902;76.91553831100464;318.2918701171875;1.878397822380066
2024-10-28T15:00:00;1016.888359375;4.414086914062523;67.27111111111111;234.0661111111111;0.0011569198686629534;82.45142698287964;338.22271728515625;1.1447066068649292
2024-10-28T16:00:00;1017.49296875;3.3648315429687727;6.9688888888888885;232.2927777777778;0.0001617429661564529;89.04173374176025;341.79620361328125;0.5966364145278931
2024-10-28T17:00:00;1017.9425;2.7640930175781477;0.0;236.36;5.033634806750342e-05;91.57620072364807;27.883474349975586;0.6927558183670044
2024-10-28T18:00:00;1018.338515625;2.3394409179687727;0.0;245.20111111111112;9.751944162417203e-05;94.04659271240234;38.5688362121582;0.8418692946434021
2024-10-28T19:00:00;1018.3334375;2.0346008300781477;0.0;252.6627777777778;8.250444079749286e-05;98.2457160949707;10.255521774291992;0.8361566662788391
2024-10-28T20:00:00;1018.176953125;2.0787292480468977;0.0;273.6933333333333;0.001302071730606258;97.10747003555298;18.563461303710938;1.0337756872177124
2024-10-28T21:00:00;1018.14859375;2.4983154296875227;0.0;264.9063888888889;0.0001227754110004753;90.71088433265686;49.8797607421875;0.9175092577934265
2024-10-28T22:00:00;1018.12671875;3.1704956054687727;0.0;271.0438888888889;0.0016488415421918035;61.435312032699585;106.88801574707031;1.3280668258666992
2024-10-28T23:00:00;1017.84625;3.2798095703125227;0.0;278.9116666666667;0.0026397660840302706;61.89916133880615;178.79478454589844;1.2884503602981567
2024-10-29T00:00:00;1017.579296875;3.2841430664062727;0.0;263.5783333333333;0.0003585951926652342;62.92920112609863;184.2232666015625;0.992057204246521
2024-10-29T01:00:00;1016.9584375;3.3487182617187727;0.0;263.9897222222222;0.0008614895632490516;62.92768120765686;170.1287384033203;0.9747098088264465
2024-10-29T02:00:00;1016.800625;3.3039184570312727;0.0;265.10777777777776;0.00034039499587379396;67.10851788520813;233.18643188476562;0.9676995873451233
2024-10-29T03:00:00;1016.3846875;3.0291687011718977;0.0;258.53277777777777;2.197998037445359e-05;76.05639696121216;200.8773956298828;1.5011167526245117
2024-10-29T04:00:00;1015.648828125;2.0807739257812727;-4.409515576749475e-14;253.24055555555555;0.0;88.00697922706604;226.67893981933594;1.9448843002319336
2024-10-29T05:00:00;1014.718125;2.3033996582031477;0.0;252.3022222222222;0.0;91.32135510444641;230.1558837890625;2.629930257797241
2024-10-29T06:00:00;1014.33265625;3.1977783203125227;0.0;249.01333333333332;5.7275869039585814e-05;88.26345205307007;231.06356811523438;3.9660844802856445
2024-10-29T07:00:00;1013.61640625;3.9306274414062727;0.0;242.65027777777777;0.0;90.99322557449341;220.1738739013672;4.6194376945495605
2024-10-29T08:00:00;1012.598046875;4.755456542968773;22.08;246.34666666666666;4.152500332565978e-05;83.70264768600464;210.7743377685547;4.482800006866455
2024-10-29T09:00:00;1011.32640625;5.983972167968773;89.58222222222223;250.91833333333332;3.436552287894301e-05;76.36173963546753;210.84007263183594;4.849462985992432
2024-10-29T10:00:00;1010.03921875;7.007348632812523;134.27555555555554;265.7775;0.0;74.48487281799316;209.56179809570312;5.123483180999756
2024-10-29T11:00:00;1009.415234375;8.010461425781273;143.2;283.67055555555555;0.0;76.52961015701294;203.08432006835938;6.232534885406494
2024-10-29T12:00:00;1008.83984375;8.343072509765648;23.466666666666665;337.0275;0.038418129086494446;80.89207410812378;208.97988891601562;7.364199638366699
2024-10-29T13:00:00;1008.54421875;8.253930664062523;7.253333333333333;340.4819444444444;0.34618818759918213;90.92624187469482;213.31211853027344;7.612953186035156
2024-10-29T14:00:00;1008.17140625;8.204248046875023;3.9466666666666668;343.41527777777776;1.2036190032958984;97.06180691719055;227.50668334960938;8.185185432434082
2024-10-29T15:00:00;1007.6396875;8.978387451171898;1.3511111111111112;348.6036111111111;2.203756093978882;98.32373857498169;231.46177673339844;8.059736251831055
2024-10-29T16:00:00;1007.2265625;9.802056884765648;0.07111111111111111;355.9580555555556;1.7257152795791626;97.6447582244873;250.0784912109375;8.601020812988281
2024-10-29T17:00:00;1007.634140625;9.370660400390648;0.0;351.01694444444445;0.7865217924118042;97.35177159309387;252.21119689941406;8.23777961730957
2024-10-29T18:00:00;1007.96453125;9.222100830078148;0.035555555555555556;348.8911111111111;1.503967046737671;97.8857934474945;253.17379760742188;8.009698867797852
2024-10-29T19:00:00;1008.6984375;8.862756347656273;0.0;345.5661111111111;1.513169765472412;96.27448320388794;263.9798278808594;8.791592597961426
2024-10-29T20:00:00;1009.55984375;8.432305908203148;0.0;341.1197222222222;0.0004444808582775295;89.95124101638794;264.31982421875;8.658459663391113
2024-10-29T21:00:00;1010.415;7.812951660156273;0.0;332.6455555555556;0.06676948070526123;89.45226073265076;262.5445861816406;7.847055435180664
2024-10-29T22:00:00;1010.75234375;7.294488525390648;0.0;333.38388888888886;0.23176640272140503;91.48920178413391;261.4732666015625;7.750748634338379
2024-10-29T23:00:00;1010.97203125;6.950585937500023;0.0;328.51166666666666;0.22723239660263062;93.17070245742798;259.5543212890625;7.611629009246826
2024-10-30T00:00:00;1011.29921875;6.737481689453148;0.0;327.35083333333336;0.24538694322109222;93.22868585586548;257.9539794921875;7.653990745544434
2024-10-30T01:00:00;1011.6675;6.893640136718773;0.0;309.6644444444444;0.03704673796892166;91.81576371192932;253.26141357421875;8.130130767822266
2024-10-30T02:00:00;1012.13046875;6.660211181640648;0.0;304.17333333333335;0.5806686282157898;95.38478255271912;264.98992919921875;7.85619592666626
2024-10-30T03:00:00;1012.65375;6.528192138671898;0.0;322.77972222222223;0.5008366107940674;91.15654230117798;266.3073425292969;7.240787506103516
2024-10-30T04:00:00;1012.12875;8.065881347656273;-4.409515576749475e-14;324.1363888888889;0.001569065498188138;86.88410520553589;257.8376770019531;7.0629963874816895
2024-10-30T05:00:00;1012.204921875;8.260949707031273;0.0;323.1302777777778;0.0;87.51429319381714;262.9280700683594;8.028631210327148
2024-10-30T06:00:00;1011.57140625;8.330560302734398;0.0;323.6;0.2162793129682541;87.02754974365234;258.19915771484375;8.579463958740234
2024-10-30T07:00:00;1012.25765625;7.804315185546898;0.0;331.2216666666667;0.7065166234970093;91.87222719192505;266.95648193359375;8.491923332214355
2024-10-30T08:00:00;1012.478046875;7.807977294921898;1.5822222222222222;328.67027777777776;0.07446913421154022;88.3992850780487;270.77032470703125;8.22911262512207
2024-10-30T09:00:00;1012.76671875;7.756066894531273;6.56;331.5311111111111;0.05979439243674278;84.81805324554443;268.28948974609375;8.073956489562988
2024-10-30T10:00:00;1012.732578125;6.975427246093773;7.608888888888889;332.60027777777776;0.8601447939872742;93.7841534614563;275.5260314941406;8.770655632019043
2024-10-30T11:00:00;1013.42265625;7.193170166015648;26.06222222222222;327.11944444444447;0.4858980178833008;88.99133801460266;275.60546875;8.683158874511719
2024-10-30T12:00:00;1014.370390625;7.466485595703148;31.36;329.6766666666667;9.821682760957628e-05;83.01135301589966;276.31903076171875;8.252257347106934
2024-10-30T13:00:00;1015.07609375;7.497521972656273;34.91555555555556;326.3616666666667;3.352999556227587e-05;80.48150539398193;277.3408203125;7.74397611618042
2024-10-30T14:00:00;1015.69671875;7.249017333984398;21.084444444444443;324.5730555555556;9.059753210749477e-05;79.20740842819214;277.4818115234375;7.2046732902526855
2024-10-30T15:00:00;1015.90703125;7.022668457031273;7.8933333333333335;324.0997222222222;1.551034984004218e-05;78.33152413368225;275.4248962402344;6.45045280456543
2024-10-30T16:00:00;1016.113671875;7.360345458984398;1.7422222222222221;310.56638888888887;0.0;79.77494597434998;262.95220947265625;5.226150989532471
2024-10-30T17:00:00;1016.3365625;7.400415039062523;0.035555555555555556;316.92583333333334;0.0;80.22209405899048;259.27117919921875;5.049068927764893
2024-10-30T18:00:00;1015.98625;7.155877685546898;-0.035555555555555556;314.2502777777778;0.0;83.20366144180298;256.48248291015625;5.046158313751221
2024-10-30T19:00:00;1015.627890625;7.094964599609398;0.0;310.87944444444446;0.0;84.42131280899048;254.6268768310547;4.967066287994385
2024-10-30T20:00:00;1015.394375;7.073266601562523;0.0;314.4322222222222;0.0;86.453777551651;249.55203247070312;5.418582916259766
2024-10-30T21:00:00;1014.830703125;6.700646972656273;0.0;315.135;0.15653756260871887;87.49285340309143;259.8810119628906;4.962432861328125
2024-10-30T22:00:00;1014.274140625;5.606378173828148;0.0;329.3636111111111;1.2715189456939697;96.11257910728455;234.71209716796875;3.9996752738952637
2024-10-30T23:00:00;1013.129140625;5.578607177734398;0.0;328.37305555555554;1.2692776918411255;96.8465268611908;227.40969848632812;3.875678777694702
2024-10-31T00:00:00;1011.91703125;5.484460449218773;0.0;330.52194444444444;1.0720993280410767;96.79160118103027;213.53509521484375;2.993215560913086
2024-10-31T01:00:00;1010.3096875;5.343743896484398;0.0;328.5186111111111;1.1985154151916504;96.11254334449768;201.50469970703125;2.2051918506622314
2024-10-31T02:00:00;1008.736171875;5.484704589843773;0.0;329.6947222222222;1.3672953844070435;95.8683967590332;200.84539794921875;2.689643144607544
2024-10-31T03:00:00;1006.8259375;5.733941650390648;0.0;330.3408333333333;1.3305853605270386;94.00376677513123;190.22210693359375;2.341646671295166
2024-10-31T04:00:00;1004.5028125;5.576745605468773;-4.409515576749475e-14;333.5058333333333;1.978747844696045;93.70321035385132;189.46144104003906;2.230334758758545
2024-10-31T05:00:00;1002.16703125;5.862298583984398;0.0;336.8908333333333;2.7935197353363037;95.04599571228027;173.18936157226562;1.682239055633545
2024-10-31T06:00:00;1000.850078125;6.326440429687523;0.0;339.7536111111111;2.972166061401367;89.85953330993652;99.9477767944336;1.3244051933288574
2024-10-31T07:00:00;1001.09625;5.721704101562523;0.0;339.285;2.45499324798584;99.29099082946777;26.82870101928711;2.2898576259613037
2024-10-31T08:00:00;1001.5671875;5.526788330078148;0.32;335.38666666666666;1.0451856851577759;99.10788536071777;41.356727600097656;1.3512884378433228
2024-10-31T09:00:00;1001.555078125;5.427728271484398;2.72;333.6561111111111;0.4515092670917511;99.16129112243652;64.0927963256836;0.717944324016571
2024-10-31T10:00:00;1000.79953125;6.248101806640648;4.017777777777778;340.50916666666666;0.16274991631507874;99.76704716682434;292.013671875;0.684066653251648
2024-10-31T11:00:00;1000.9034375;6.284509277343773;8.053333333333333;337.70722222222224;0.03010048344731331;99.99440312385559;282.49566650390625;0.511476993560791
2024-10-31T12:00:00;1000.896171875;6.302117919921898;11.164444444444445;335.7752777777778;0.15944188833236694;99.17196035385132;230.8096466064453;1.0452827215194702
2024-10-31T13:00:00;1000.610625;6.127954101562523;12.124444444444444;330.74833333333333;0.4065987169742584;97.33782410621643;229.0760498046875;1.2527673244476318
2024-10-31T14:00:00;1000.2253125;5.911523437500023;10.311111111111112;329.18083333333334;0.8075577616691589;97.41412401199341;221.8926544189453;0.9671045541763306
2024-10-31T15:00:00;999.606875;5.752343750000023;4.053333333333334;330.73277777777776;1.0555622577667236;98.33576083183289;244.6748809814453;0.8005167245864868
2024-10-31T16:00:00;999.28875;6.098840332031273;0.21333333333333335;331.55;0.8981577157974243;98.40752482414246;278.52447509765625;0.6228858232498169
2024-10-31T17:00:00;998.940625;6.039697265625023;-0.035555555555555556;332.0236111111111;1.537705421447754;97.8688895702362;272.5040588378906;1.0213078260421753
2024-10-31T18:00:00;997.73890625;5.871850585937523;0.0;333.2163888888889;0.9276130199432373;98.05656671524048;295.359619140625;0.35526207089424133
2024-10-31T19:00:00;997.2215625;5.853265380859398;0.0;334.87416666666667;0.23611995577812195;98.20906519889832;261.90814208984375;0.7019343972206116
2024-10-31T20:00:00;996.2928125;5.815972900390648;0.0;336.15972222222223;0.5215038657188416;98.26550483703613;258.46429443359375;1.0476415157318115
2024-10-31T21:00:00;995.59609375;5.761224365234398;0.0;336.5677777777778;1.1525756120681763;99.81282353401184;276.4305114746094;2.021048069000244
2024-10-31T22:00:00;994.00828125;6.218255615234398;0.0;339.6013888888889;1.257102131843567;99.52573776245117;261.4479675292969;2.9917967319488525
2024-10-31T23:00:00;994.3378125;6.234521484375023;0.0;339.01222222222225;1.9307156801223755;99.99573826789856;274.3656921386719;3.8198087215423584
2024-11-01T00:00:00;994.00875;7.071435546875023;0.0;340.34166666666664;0.9062769412994385;98.22112321853638;260.60430908203125;5.810818672180176
2024-11-01T01:00:00;994.945859375;6.897058105468773;0.0;338.2630555555556;0.30596545338630676;93.96551847457886;270.06982421875;8.63949966430664
2024-11-01T02:00:00;994.69875;6.756372070312523;0.0;331.40722222222223;0.07133243978023529;88.91180753707886;261.2618408203125;8.536416053771973
2024-11-01T03:00:00;994.5278125;5.871667480468773;0.0;330.23305555555555;2.262032985687256;97.99841046333313;291.37432861328125;11.560667991638184
2024-11-01T04:00:00;997.17046875;5.798699951171898;-4.409515576749475e-14;322.8230555555556;0.02328907884657383;79.93206977844238;276.1783752441406;9.500691413879395
2024-11-01T05:00:00;998.402109375;5.499932861328148;0.0;313.84944444444443;0.00467384047806263;75.22778511047363;277.72088623046875;9.62881088256836
2024-11-01T06:00:00;999.698515625;5.063897705078148;0.0;309.47305555555556;0.005740547552704811;70.42117714881897;279.52520751953125;9.828108787536621
2024-11-01T07:00:00;1000.761171875;4.850793457031273;0.0;305.8027777777778;0.0046122996136546135;68.97775530815125;281.8893737792969;9.910633087158203
2024-11-01T08:00:00;1002.0340625;4.282800292968773;3.68;300.14194444444445;0.0058091264218091965;74.32292699813843;305.5271911621094;10.249444961547852
2024-11-01T09:00:00;1004.17734375;4.185083007812523;37.528888888888886;286.7783333333333;0.013582217507064342;71.54284715652466;315.90093994140625;10.792031288146973
2024-11-01T10:00:00;1006.03234375;3.6935974121093977;56.16;284.9844444444444;0.11592207849025726;72.50404953956604;315.7090759277344;8.911396026611328
2024-11-01T11:00:00;1008.11765625;3.3567443847656477;69.92;288.31138888888887;0.006808591075241566;64.30709958076477;311.7892150878906;8.721097946166992
2024-11-01T12:00:00;1010.21;2.8402954101562727;60.977777777777774;289.6788888888889;0.004458905663341284;64.84268307685852;316.19464111328125;8.658140182495117
2024-11-01T13:00:00;1012.151875;2.7502990722656477;54.86222222222222;288.5391666666667;0.004217393230646849;60.907429456710815;316.7023010253906;7.335556983947754
2024-11-01T14:00:00;1013.340859375;2.7523742675781477;55.92888888888889;280.7;0.020166950300335884;60.80516576766968;316.3786926269531;6.880982398986816
2024-11-01T15:00:00;1014.763125;2.7933898925781477;21.83111111111111;284.58194444444445;0.0041261459700763226;61.88399791717529;312.34100341796875;6.226478576660156
2024-11-01T16:00:00;1015.75828125;3.1576782226562727;1.991111111111111;226.1486111111111;0.0003641430230345577;66.72248244285583;327.1252746582031;4.674898624420166
2024-11-01T17:00:00;1017.558828125;3.2239318847656477;0.035555555555555556;243.70388888888888;4.407177129905904e-06;65.94881415367126;313.89263916015625;3.67891788482666
2024-11-01T18:00:00;1019.066796875;3.6006103515625227;0.0;296.66194444444443;0.0035224363673478365;64.9067223072052;305.7066955566406;4.748991966247559
2024-11-01T19:00:00;1020.49078125;3.3638854980468977;0.0;289.8636111111111;0.008500894531607628;67.74173378944397;302.8422546386719;5.1365742683410645
2024-11-01T20:00:00;1021.524375;3.1033569335937727;0.0;296.21722222222223;0.012215593829751015;72.71613478660583;298.22601318359375;5.448093891143799
2024-11-01T21:00:00;1022.4653125;2.9636779785156477;0.0;273.3152777777778;0.014330290257930756;77.7454674243927;295.35028076171875;5.153484344482422
2024-11-01T22:00:00;1023.620859375;3.1279846191406477;0.0;289.6044444444444;0.010671153664588928;72.14237451553345;308.03558349609375;5.76481294631958
2024-11-01T23:00:00;1024.5290625;2.9234558105468977;0.0;263.38166666666666;0.011397787369787693;76.16001963615417;307.9205322265625;4.928630352020264
2024-11-02T00:00:00;1024.9228125;2.8923278808593977;0.0;256.7322222222222;0.00933385081589222;74.32897686958313;307.5765380859375;4.599257946014404
2024-11-02T01:00:00;1025.36625;2.7984558105468977;0.0;237.48333333333332;0.005257211625576019;71.41761779785156;315.637451171875;3.8408608436584473
2024-11-02T02:00:00;1026.14;2.6580749511718977;0.0;250.70277777777778;0.0021688821725547314;72.09056615829468;314.7921142578125;2.493079423904419
2024-11-02T03:00:00;1026.4403125;2.4624877929687727;0.0;263.97083333333336;0.0;72.75893688201904;303.43890380859375;2.6951744556427
2024-11-02T04:00:00;1027.0609375;2.9939208984375227;-4.409515576749475e-14;240.5325;0.0;78.14688682556152;289.8091125488281;2.50117826461792
2024-11-02T05:00:00;1027.30484375;2.7847839355468977;0.0;236.29694444444445;1.735326077323407e-05;79.18755412101746;280.05218505859375;2.6277990341186523
2024-11-02T06:00:00;1027.406640625;2.6952148437500227;0.0;248.32833333333335;4.682625785790151e-06;79.03956174850464;268.751708984375;2.424910545349121
2024-11-02T07:00:00;1027.245;2.3238769531250227;0.0;244.38361111111112;0.0;80.09084463119507;230.6413116455078;2.0117452144622803
2024-11-02T08:00:00;1027.34765625;2.1444335937500227;5.528888888888889;284.36861111111114;8.263457857538015e-06;82.42852687835693;213.03857421875;2.0997555255889893
2024-11-02T09:00:00;1027.3959375;2.6222778320312727;45.90222222222222;273.5288888888889;7.1616632340010256e-06;83.04189443588257;221.4384765625;2.487705707550049
2024-11-02T10:00:00;1026.95828125;3.1403442382812727;71.64444444444445;275.7761111111111;0.0;79.8421323299408;223.426025390625;3.557105779647827
2024-11-02T11:00:00;1026.588125;3.6324096679687727;51.68;297.1897222222222;4.131728701395332e-07;78.2917857170105;230.96751403808594;3.606104850769043
2024-11-02T12:00:00;1026.04984375;3.6396118164062727;53.08444444444444;292.04027777777776;0.0;77.05574035644531;229.5275115966797;3.408820390701294
2024-11-02T13:00:00;1025.686875;3.8905578613281477;81.17333333333333;283.4941666666667;1.5149672435654793e-05;76.31568312644958;239.46902465820312;3.879140615463257
2024-11-02T14:00:00;1024.72234375;3.9009033203125227;49.38666666666666;287.0836111111111;0.0;74.00854825973511;227.11257934570312;4.146124362945557
2024-11-02T15:00:00;1023.404375;3.7376037597656477;15.217777777777778;295.74833333333333;3.85628027288476e-06;75.45204162597656;210.86485290527344;3.4603073596954346
2024-11-02T16:00:00;1022.290390625;3.1563354492187727;0.4622222222222222;294.6438888888889;3.2902287784963846e-05;82.77174234390259;186.6009521484375;2.785510301589966
2024-11-02T17:00:00;1021.089765625;3.0132690429687727;0.035555555555555556;304.49583333333334;0.6266240477561951;95.52356004714966;194.38397216796875;2.9595277309417725
2024-11-02T18:00:00;1019.0259375;3.2056213378906477;0.0;309.0275;2.9462952613830566;95.72651386260986;180.95115661621094;2.7928810119628906
2024-11-02T19:00:00;1016.79921875;4.329644775390648;0.0;314.9625;2.0693891048431396;93.58111619949341;193.15098571777344;4.241139888763428
2024-11-02T20:00:00;1015.1521875;5.562127685546898;0.0;331.1363888888889;0.9439377784729004;92.752605676651;196.48675537109375;5.245001792907715
2024-11-02T21:00:00;1013.985;6.803735351562523;0.0;336.4375;0.2423209249973297;92.66858100891113;204.58941650390625;7.067408084869385
2024-11-02T22:00:00;1012.9840625;7.545861816406273;0.0;339.7652777777778;0.2967899739742279;92.84113049507141;211.1693115234375;8.039148330688477
2024-11-02T23:00:00;1012.573203125;8.309747314453148;0.0;343.7886111111111;0.5034376978874207;96.94575071334839;221.28114318847656;7.950981140136719
2024-11-03T00:00:00;1012.31765625;9.517541503906273;0.0;350.7127777777778;0.8736624717712402;98.18013310432434;230.8279266357422;9.048775672912598
2024-11-03T01:00:00;1012.562109375;9.989770507812523;0.0;355.7675;1.0648568868637085;98.72040748596191;236.1631622314453;9.599114418029785
2024-11-03T02:00:00;1012.161640625;10.000238037109398;0.0;356.8908333333333;0.6973391175270081;99.39324259757996;238.7574462890625;9.4146146774292
2024-11-03T03:00:00;1012.57234375;10.046105957031273;0.0;357.7402777777778;0.2152731716632843;99.68937039375305;250.41766357421875;9.476091384887695
2024-11-03T04:00:00;1012.1615625;11.117456054687523;-4.413463036392587e-14;364.3016666666667;0.06573179364204407;99.6115505695343;252.9459686279297;9.242639541625977
2024-11-03T05:00:00;1012.930390625;10.638787841796898;0.0;361.8497222222222;0.09579038619995117;98.32366704940796;255.46481323242188;9.042778968811035
2024-11-03T06:00:00;1013.6596875;9.978417968750023;0.0;357.78527777777776;0.18234094977378845;98.37400317192078;255.5430908203125;8.494791030883789
2024-11-03T07:00:00;1015.036953125;9.398248291015648;0.0;354.9888888888889;0.16071608662605286;98.35870862007141;260.3080139160156;8.03360366821289
2024-11-03T08:00:00;1016.3603125;8.047204589843773;0.26666666666666666;351.0233333333333;0.1599104106426239;98.39834570884705;270.1790771484375;7.135750770568848
2024-11-03T09:00:00;1017.58546875;7.757012939453148;3.1644444444444444;345.23083333333335;0.024755457416176796;97.30724096298218;267.18341064453125;6.000459671020508
2024-11-03T10:00:00;1018.3690625;7.825585937500023;5.973333333333334;345.1611111111111;0.015562200918793678;97.69018292427063;270.50048828125;5.623134613037109
2024-11-03T11:00:00;1019.23890625;7.581445312500023;9.937777777777777;342.8016666666667;0.011682981625199318;97.24000692367554;271.5745849609375;4.776072025299072
2024-11-03T12:00:00;1020.07859375;7.484033203125023;11.946666666666667;341.55;0.022684818133711815;96.87684178352356;277.04779052734375;3.9406850337982178
2024-11-03T13:00:00;1020.993984375;7.299737548828148;12.87111111111111;340.2325;0.017694465816020966;97.04928994178772;279.4290771484375;3.1043195724487305
2024-11-03T14:00:00;1021.44953125;7.249169921875023;25.28;334.58444444444444;0.0024713831953704357;95.0549840927124;262.5674133300781;2.708195447921753
2024-11-03T15:00:00;1022.088984375;6.858941650390648;18.346666666666668;318.5563888888889;0.00026481557870283723;94.81244683265686;250.46437072753906;2.324613094329834
2024-11-03T16:00:00;1022.86296875;7.213433837890648;0.35555555555555557;329.0372222222222;4.0483922930434346e-05;96.17655873298645;220.98216247558594;1.1881104707717896
2024-11-03T17:00:00;1023.474140625;6.819543457031273;0.0;320.5486111111111;0.00011569685739232227;96.3077962398529;216.25892639160156;1.373905062675476
2024-11-03T18:00:00;1024.100234375;6.337609863281273;0.0;300.38388888888886;0.0;97.25691080093384;220.33993530273438;1.4353879690170288
2024-11-03T19:00:00;1024.72640625;6.298608398437523;0.0;309.9194444444444;6.989532266743481e-05;97.6109504699707;232.41505432128906;1.5647584199905396
2024-11-03T20:00:00;1025.4965625;6.706536865234398;0.0;338.1322222222222;0.0003060210729017854;97.40345478057861;224.9920196533203;1.6709731817245483
2024-11-03T21:00:00;1025.58375;6.927636718750023;0.0;338.30305555555555;0.0002632760733831674;96.9411551952362;229.89381408691406;1.8235480785369873
2024-11-03T22:00:00;1025.53203125;6.800256347656273;0.0;322.4811111111111;2.737762770266272e-05;98.82113933563232;225.8209228515625;2.541177988052368
2024-11-03T23:00:00;1025.60421875;6.875390625000023;0.0;309.2127777777778;0.0007016229210421443;96.72150015830994;218.4696044921875;2.5864217281341553
2024-11-04T00:00:00;1025.8684375;7.095849609375023;0.0;338.1333333333333;0.18893536925315857;97.09846377372742;221.08367919921875;2.400778293609619
2024-11-04T01:00:00;1026.104765625;7.340600585937523;0.0;343.15777777777777;0.4959684908390045;96.0380494594574;211.65904235839844;2.1658406257629395
2024-11-04T02:00:00;1026.5784375;7.695855712890648;0.0;346.5311111111111;0.4080817997455597;94.7837233543396;204.87034606933594;2.0263724327087402
2024-11-04T03:00:00;1026.29859375;8.184167480468773;0.0;349.56888888888886;0.18610885739326477;96.32176756858826;217.33950805664062;2.739889144897461
2024-11-04T04:00:00;1026.285625;8.340753173828148;-4.409515576749475e-14;349.9066666666667;0.035606637597084045;95.56580781936646;224.49386596679688;2.9634087085723877
2024-11-04T05:00:00;1026.196796875;8.715234375000023;0.0;350.6172222222222;0.03277247026562691;97.57307767868042;223.4298553466797;3.6078379154205322
2024-11-04T06:00:00;1026.43203125;8.841882324218773;0.0;350.57472222222225;0.014551485888659954;98.488450050354;219.0301971435547;3.776944875717163
2024-11-04T07:00:00;1026.729375;8.939965820312523;0.0;347.1408333333333;0.025220010429620743;97.89649248123169;216.43597412109375;3.7342116832733154
2024-11-04T08:00:00;1026.818671875;8.911859130859398;0.27555555555555555;347.93638888888887;0.1694369614124298;96.62847518920898;212.91299438476562;3.4284565448760986
2024-11-04T09:00:00;1026.86671875;8.679650878906273;1.52;348.9338888888889;0.6240226030349731;96.3394284248352;211.31307983398438;2.649226188659668
2024-11-04T10:00:00;1026.585234375;8.778436279296898;4.426666666666667;348.62694444444446;0.08180569112300873;95.45667171478271;217.3520050048828;3.3798017501831055
2024-12-16T02:00:00;990.247890625;4.401818847656273;1.4858916566298476e-14;301.3833333333333;0.0001340478047495708;64.2703115940094;276.8081970214844;10.749732971191406
2024-12-16T03:00:00;990.72125;4.506036376953148;1.484312672772603e-14;297.00111111111113;9.550053073326126e-05;62.38126754760742;277.6875;11.288945198059082
2024-12-16T04:00:00;991.12671875;5.112634277343773;1.484312672772603e-14;295.94444444444446;0.0;67.8226113319397;280.2253112792969;10.83572006225586
2024-12-16T05:00:00;991.95078125;4.722680664062523;-5.941197765239418e-14;231.04083333333332;0.0;63.25259208679199;276.6472473144531;10.417688369750977
2024-12-16T06:00:00;992.87984375;4.527703857421898;0.0;225.055;0.0;62.814706563949585;275.98748779296875;9.98251724243164
2024-12-16T07:00:00;993.59390625;4.323022460937523;0.0;225.04805555555555;0.0;64.18803334236145;274.68927001953125;9.669032096862793
2024-12-16T08:00:00;994.34140625;4.295373535156273;0.0;254.22666666666666;0.0;65.18911719322205;274.62286376953125;9.8348970413208
2024-12-16T09:00:00;994.8515625;4.146356201171898;0.0;265.72444444444443;0.0;67.3177421092987;274.3726501464844;9.563838958740234
2024-12-16T10:00:00;995.407109375;4.275659179687523;3.351111111111111;298.48083333333335;0.0;68.98835301399231;270.6756896972656;9.322590827941895
2024-12-16T11:00:00;995.56796875;4.297814941406273;17.04;293.35277777777776;0.0;72.8215217590332;269.869873046875;8.953902244567871
2024-12-16T12:00:00;995.6984375;4.326470947265648;22.506666666666668;289.71555555555557;0.0;72.21570014953613;275.3175964355469;8.645464897155762
2024-12-16T13:00:00;996.201171875;4.184350585937523;26.115555555555556;267.16333333333336;0.0;69.78814005851746;279.4814453125;8.534220695495605
2024-12-16T14:00:00;996.650390625;3.8472229003906477;6.435555555555555;250.9411111111111;0.0;67.83477663993835;281.23175048828125;8.196316719055176
2024-12-16T15:00:00;996.8803125;3.8635192871093977;0.0;276.8713888888889;0.0;68.30803155899048;282.1818542480469;8.098920822143555
2024-12-16T16:00:00;996.476484375;4.700494384765648;0.0;305.3913888888889;0.0;73.47754240036011;280.4033203125;8.60511589050293
2024-12-16T17:00:00;997.245625;4.201959228515648;0.0;303.9216666666667;0.0;70.55091857910156;282.17071533203125;8.472732543945312
2024-12-16T18:00:00;998.163125;3.6953063964843977;0.0;282.37583333333333;0.0;66.7209804058075;280.1959533691406;8.105603218078613
2024-12-16T19:00:00;999.0434375;3.4385009765625227;0.0;243.28055555555557;0.0;67.3403799533844;279.460693359375;7.790885925292969
2024-12-16T20:00:00;1000.16140625;3.1748596191406477;0.0;231.60972222222222;0.0;69.644695520401;279.953369140625;7.42461633682251
2024-12-16T21:00:00;1001.190078125;3.2357727050781477;0.0;261.2311111111111;0.0;69.49968934059143;282.3644104003906;7.035816192626953
2024-12-16T22:00:00;1002.419453125;3.0436950683593977;1.4779967373436243e-14;293.75138888888887;0.0;71.23005986213684;278.086181640625;6.1731276512146
2024-12-16T23:00:00;1003.4803125;3.0039916992187727;1.4756224791461707e-14;294.47777777777776;0.0;71.0347592830658;276.38421630859375;5.736177444458008
2024-12-17T00:00:00;1004.517890625;3.0165039062500227;1.4779967373436243e-14;293.97805555555556;0.0;71.70612215995789;274.8025817871094;5.440650463104248
2024-12-17T01:00:00;1005.495546875;2.9026733398437727;1.474838769629135e-14;293.2111111111111;0.0;72.49655723571777;273.1323547363281;5.465635299682617
2024-12-17T02:00:00;1006.24296875;2.9250427246093977;1.4764177534863797e-14;291.41833333333335;0.0;71.9104528427124;270.1041259765625;5.416275501251221
2024-12-17T03:00:00;1007.081875;2.7988220214843977;1.474838769629135e-14;289.94055555555553;0.0;73.05494546890259;267.0831298828125;5.308399677276611
2024-12-17T04:00:00;1007.464140625;3.6144348144531477;1.4756282615577575e-14;297.3672222222222;0.0;75.46263933181763;260.5716247558594;4.423884391784668
2024-12-17T05:00:00;1008.3446875;3.4948669433593977;-5.904091644594169e-14;300.79305555555555;0.0;77.4814248085022;252.647216796875;4.420950889587402
2024-12-17T06:00:00;1009.018984375;3.6359191894531477;0.0;298.92333333333335;0.0;75.88703036308289;255.99807739257812;4.9933552742004395
2024-12-17T07:00:00;1009.3446875;3.6268249511718977;0.0;296.81638888888887;0.0;73.94604086875916;258.3795471191406;4.824636936187744
2024-12-17T08:00:00;1009.7565625;3.5029235839843977;0.0;295.62916666666666;0.0;74.30320978164673;259.2381896972656;4.846896648406982
2024-12-17T09:00:00;1010.3828125;3.4904724121093977;0.0;292.65805555555556;0.0;75.46275854110718;256.13372802734375;4.6017985343933105
2024-12-17T10:00:00;1010.761484375;3.3433166503906477;3.591111111111111;297.9713888888889;0.0;83.02338719367981;241.14035034179688;3.7581591606140137
2024-12-17T11:00:00;1010.84890625;3.4768005371093977;14.702222222222222;298.0213888888889;0.0;84.60437059402466;242.67691040039062;3.4864072799682617
2024-12-17T12:00:00;1010.882265625;3.3485351562500227;23.004444444444445;291.3066666666667;0.0;89.10417556762695;212.45388793945312;2.866245985031128
2024-12-17T13:00:00;1010.7121875;2.7379699707031477;25.76;260.2838888888889;0.0010996967321261764;91.45258665084839;205.64842224121094;2.8266491889953613
2024-12-17T14:00:00;1010.633046875;2.5157409667968977;6.897777777777778;258.93666666666667;8.734569564694539e-05;87.97807693481445;200.6085968017578;2.4904158115386963
2024-12-17T15:00:00;1010.11390625;2.4198547363281477;0.0;268.8230555555556;0.00041304613114334643;91.34554862976074;198.9793701171875;3.0196938514709473
2024-12-17T16:00:00;1009.608359375;3.1881652832031477;-0.017777777777777778;312.05305555555555;5.655992208630778e-05;91.14431738853455;214.85281372070312;1.7854937314987183
2024-12-17T17:00:00;1009.14515625;3.3285156250000227;0.0;314.91555555555556;1.7667993233771995e-05;89.25819396972656;204.43994140625;1.4947903156280518
2024-12-17T18:00:00;1008.5171875;3.1952148437500227;0.0;312.0997222222222;2.5774141249712557e-05;83.55904221534729;181.11483764648438;1.5225681066513062
2024-12-17T19:00:00;1007.462421875;3.3576904296875227;0.0;309.0227777777778;0.0001356446009594947;81.1405897140503;145.63589477539062;1.7238070964813232
2024-12-17T20:00:00;1006.435625;3.8650756835937727;0.0;280.45416666666665;0.00010596036008791998;68.57495903968811;144.3020477294922;1.8930655717849731
2024-12-17T21:00:00;1005.38015625;3.5805908203125227;0.0;286.71222222222224;0.00011088770406786352;72.08892703056335;151.5933380126953;1.9042749404907227
2024-12-17T22:00:00;1004.4640625;2.5721679687500227;1.4740492777005126e-14;304.3852777777778;0.1998850554227829;92.1359658241272;139.54937744140625;1.964776635169983
2024-12-17T23:00:00;1002.72234375;2.5234008789062727;1.4732540033603036e-14;304.61555555555555;0.8786960244178772;95.16782760620117;114.14291381835938;2.2903084754943848
2024-12-18T00:00:00;1000.75984375;2.9067626953125227;1.4732597857718905e-14;309.8441666666667;0.8478643894195557;92.8545892238617;123.58525848388672;2.0244786739349365
2024-12-18T01:00:00;999.0609375;3.3860717773437727;1.4732597857718905e-14;308.3822222222222;1.1232808828353882;89.17723894119263;144.2418212890625;1.6805332899093628
2024-12-18T02:00:00;997.469296875;3.8998657226562727;1.4732597857718905e-14;312.7416666666667;0.2044650912284851;86.49013638496399;149.62887573242188;1.7321921586990356
2024-12-18T03:00:00;995.55203125;4.094873046875023;1.4732597857718905e-14;314.36833333333334;0.2399141788482666;89.1405701637268;143.30941772460938;2.0039000511169434
2024-12-18T04:00:00;992.5909375;3.7068725585937727;1.4732597857718905e-14;308.2075;0.36841288208961487;93.54426860809326;126.26826477050781;2.409726858139038
2024-12-18T05:00:00;989.98734375;3.9287658691406477;1.471675019503059e-14;309.6588888888889;0.30671581625938416;93.4130072593689;125.72325897216797;2.461155652999878
2024-12-18T06:00:00;987.30171875;4.004022216796898;-7.364713777096515e-14;316.3677777777778;0.7680189609527588;94.2827820777893;122.5815658569336;2.595693826675415
2024-12-18T07:00:00;984.91203125;4.329309082031273;0.0;321.75194444444446;1.0847923755645752;93.81897449493408;134.8475799560547;2.282343626022339
2024-12-18T08:00:00;981.931953125;4.555291748046898;0.0;323.1980555555556;0.7403949499130249;94.65822577476501;120.48823547363281;2.443718671798706
2024-12-18T09:00:00;979.81359375;4.791894531250023;0.0;324.9116666666667;1.0389983654022217;93.16280484199524;130.4251251220703;1.8519525527954102
2024-12-18T10:00:00;978.093828125;4.664849853515648;0.88;324.3475;0.07148172706365585;85.94086170196533;149.7713623046875;1.804621696472168
2024-12-18T11:00:00;976.62421875;5.591455078125023;4.702222222222222;332.9269444444444;0.3009328544139862;88.44486474990845;181.8436737060547;1.951600193977356
2024-12-18T12:00:00;975.22046875;6.750543212890648;2.897777777777778;338.74833333333333;0.2705097794532776;88.56846690177917;187.62066650390625;3.493985414505005
2024-12-18T13:00:00;974.13875;8.051477050781273;2.8266666666666667;340.8911111111111;1.1084589958190918;90.52920341491699;183.75701904296875;5.6351776123046875
2024-12-18T14:00:00;971.988828125;8.876519775390648;0.6044444444444445;340.37305555555554;0.4769854247570038;83.4399163722992;189.21798706054688;4.918720722198486
2024-12-18T15:00:00;970.57015625;8.625848388671898;0.0;307.59055555555557;0.00016344203322660178;81.64091110229492;186.607666015625;3.0938496589660645
2025-03-03T10:00:00;1003.60265625;5.205041503906273;15.715555555555556;327.45472222222224;0.8257806301116943;92.96779036521912;256.9681701660156;10.184751510620117
2025-03-03T11:00:00;1004.42109375;5.653924560546898;48.53333333333333;319.04055555555556;3.937716246582568e-05;82.14622139930725;260.0848693847656;9.880227088928223
2025-03-03T12:00:00;1004.628203125;5.475366210937523;57.742222222222225;308.49916666666667;1.2923274880449753e-05;79.40563559532166;259.54296875;9.70259952545166
2025-03-03T13:00:00;1004.60484375;5.490747070312523;62.00888888888889;309.6063888888889;9.730961755849421e-05;76.57362818717957;259.3373718261719;9.58423900604248
2025-03-03T14:00:00;1004.123671875;5.515130615234398;74.73777777777778;308.35027777777776;0.10641699284315109;76.65296792984009;254.98846435546875;9.885241508483887
2025-03-03T15:00:00;1004.30875;4.233422851562523;38.11555555555555;311.48805555555555;1.6938070058822632;90.14020562171936;253.36355590820312;9.29549789428711
2025-03-03T16:00:00;1002.840234375;5.242547607421898;14.222222222222221;318.0130555555556;0.10065750032663345;92.29477643966675;246.82931518554688;8.427546501159668
2025-03-03T17:00:00;1003.468125;5.403894042968773;4.16;321.52666666666664;0.7005743980407715;90.71252346038818;257.79290771484375;10.301981925964355
2025-03-03T18:00:00;1003.86109375;5.614587402343773;-0.035555555555555556;322.87305555555554;8.44758324092254e-05;85.50782203674316;260.1674499511719;10.042466163635254
2025-03-03T19:00:00;1003.54375;5.422570800781273;0.0;318.9583333333333;0.054715439677238464;85.4146659374237;261.67718505859375;10.362223625183105
2025-03-03T20:00:00;1002.6803125;5.480889892578148;0.07111111111111111;302.2663888888889;4.295690087019466e-05;85.0957989692688;254.86105346679688;9.198945045471191
2025-03-03T21:00:00;1001.681953125;5.297296142578148;0.0;321.1275;0.25510239601135254;91.19014739990234;253.79966735839844;10.775908470153809
2025-03-03T22:00:00;1002.5115625;4.261346435546898;0.0;324.84;0.7010881900787354;97.29055762290955;269.66815185546875;10.386258125305176
2025-03-03T23:00:00;1002.58796875;4.519281005859398;0.0;323.1072222222222;0.6527777910232544;97.92525172233582;271.3577880859375;9.051551818847656
2025-03-04T00:00:00;1003.19015625;3.6912780761718977;0.0;325.6561111111111;1.670177936553955;97.44455218315125;280.53533935546875;7.696009635925293
2025-03-04T01:00:00;1003.6340625;3.7542968750000227;0.0;324.6975;1.5725059509277344;99.5671033859253;269.48406982421875;5.816542625427246
2025-03-04T02:00:00;1003.9878125;3.6719299316406477;0.0;327.4938888888889;3.339020252227783;99.99738335609436;282.4061279296875;4.942508697509766
2025-03-04T03:00:00;1003.5475;3.0343566894531477;0.0;325.2316666666667;2.4376847743988037;99.94252920150757;253.40631103515625;5.0222649574279785
2025-03-04T04:00:00;1002.9653125;3.5577636718750227;0.0;328.11277777777775;2.727924346923828;99.99747276306152;280.5489196777344;2.79652738571167
2025-03-04T05:00:00;1002.839375;3.3059936523437727;0.0;327.4922222222222;1.598329782485962;99.99743103981018;267.3956298828125;1.9333232641220093
2025-03-04T06:00:00;1002.88171875;3.1790100097656477;0.0;325.84583333333336;1.44130539894104;99.96229410171509;260.57598876953125;2.4656529426574707
2025-03-04T07:00:00;1002.46734375;4.947961425781273;0.17777777777777778;330.8613888888889;1.7220449447631836;97.88860082626343;259.7599792480469;6.344374656677246
2025-03-04T08:00:00;1002.35046875;5.696893310546898;2.382222222222222;333.1047222222222;1.4498865604400635;97.76653051376343;253.82125854492188;7.198482990264893
2025-03-04T09:00:00;1002.406953125;5.799493408203148;6.1866666666666665;333.7816666666667;2.188650369644165;96.93957567214966;253.65509033203125;7.673145771026611
2025-03-04T10:00:00;1002.05734375;5.678247070312523;7.964444444444444;331.04;1.4205536842346191;97.3912239074707;238.92665100097656;6.632730960845947
2025-03-04T11:00:00;1001.19234375;5.805474853515648;16.142222222222223;333.32472222222225;0.2685830295085907;98.4836995601654;228.67172241210938;6.3859429359436035
2025-03-04T12:00:00;999.345;6.205621337890648;57.6;318.6822222222222;0.05414009094238281;89.1482949256897;207.83326721191406;4.9715800285339355
2025-03-04T13:00:00;997.626171875;6.124444580078148;36.65777777777778;322.44944444444445;0.43377435207366943;93.80377531051636;213.37278747558594;6.1109442710876465
2025-03-04T14:00:00;995.775859375;6.685357666015648;9.173333333333334;335.5133333333333;1.7192811965942383;96.1505651473999;218.81971740722656;6.985121250152588
2025-03-04T15:00:00;994.2909375;6.841363525390648;5.902222222222222;336.25694444444446;1.9909461736679077;96.00558876991272;218.94264221191406;7.2336297035217285
2025-03-04T16:00:00;992.378125;7.485925292968773;2.2044444444444444;339.1613888888889;1.7705914974212646;94.5560097694397;217.02500915527344;9.039043426513672
2025-03-04T17:00:00;991.5840625;7.176263427734398;0.7111111111111111;337.02916666666664;2.3331351280212402;95.17250657081604;223.57415771484375;10.43868637084961
2025-03-04T18:00:00;991.1671875;6.841485595703148;0.0;336.1347222222222;3.236166000366211;96.70912623405457;228.34007263183594;10.491440773010254
2025-03-04T19:00:00;990.31796875;7.180902099609398;0.0;339.9841666666667;3.838003158569336;97.586590051651;230.32192993164062;9.853837966918945
2025-03-04T20:00:00;990.757109375;6.951348876953148;0.0;341.5388888888889;4.393634796142578;95.58460116386414;257.7528381347656;10.051053047180176
2025-03-04T21:00:00;991.003125;6.970941162109398;0.0;327.5777777777778;0.36859431862831116;90.31727910041809;246.77423095703125;8.087991714477539
2025-03-04T22:00:00;991.20890625;6.660089111328148;0.0;332.3641666666667;0.10713809728622437;92.92340874671936;252.62921142578125;8.414383888244629
2025-03-04T23:00:00;991.65234375;5.703851318359398;0.0;330.7025;1.0528523921966553;95.48839330673218;249.58523559570312;7.622439861297607
2025-03-05T00:00:00;992.46078125;5.334527587890648;0.0;331.95222222222225;4.300098419189453;97.41247892379761;258.5110778808594;7.5884623527526855
2025-03-05T01:00:00;992.503359375;5.251763916015648;0.0;327.15194444444444;1.0999081134796143;93.91514658927917;247.24891662597656;7.10373067855835
2025-03-05T02:00:00;992.79421875;4.869439697265648;0.0;326.92083333333335;0.5158182978630066;96.01474404335022;254.77099609375;6.9756011962890625
2025-03-05T03:00:00;992.71890625;4.871270751953148;0.0;324.8375;0.3299185037612915;96.39924764633179;247.79428100585938;6.0416460037231445
2025-03-05T04:00:00;992.175;5.164270019531273;0.0;330.4683333333333;0.9118994474411011;97.2020149230957;237.75009155273438;6.549249649047852
2025-03-05T05:00:00;991.8884375;5.142449951171898;0.0;330.00944444444445;0.5105350613594055;97.68567085266113;236.45187377929688;6.219694137573242
2025-03-05T06:00:00;991.48203125;5.110223388671898;0.0;330.1761111111111;2.5994319915771484;98.74611496925354;234.65390014648438;6.385614395141602
2025-03-05T07:00:00;991.957734375;5.436273193359398;0.3022222222222222;331.305;0.5214653611183167;97.16081619262695;238.72789001464844;7.0878586769104
2025-03-05T08:00:00;992.21203125;5.215600585937523;2.008888888888889;331.50305555555553;2.2951881885528564;97.61711955070496;241.61007690429688;6.448702335357666
2025-03-05T09:00:00;992.13515625;4.944848632812523;5.640225694444444;330.5830555555556;2.1417858600616455;97.88714051246643;232.84402465820312;6.175952434539795
2025-03-05T10:00:00;992.3825;5.159997558593773;8.430822482638888;329.68305555555554;1.1449552774429321;98.68358969688416;238.20806884765625;5.471513748168945
2025-03-05T11:00:00;992.151796875;5.553338623046898;9.745421006944444;332.12611111111113;1.178816556930542;97.40027785301208;236.19476318359375;5.2105207443237305
2025-03-05T12:00:00;991.94796875;5.852227783203148;11.474364149305556;334.31583333333333;0.8695247173309326;98.22116494178772;231.29432678222656;4.6312360763549805
2025-03-05T13:00:00;991.40640625;6.125238037109398;13.216905381944445;334.45194444444445;1.0228739976882935;98.21046590805054;234.13247680664062;2.714268445968628
2025-03-05T14:00:00;990.41421875;6.278344726562523;6.258732638888889;339.3933333333333;1.6628146171569824;98.07769060134888;213.57919311523438;1.6765621900558472
2025-03-05T15:00:00;989.34578125;8.109277343750023;2.4569878472222224;346.3663888888889;1.9967155456542969;99.63865280151367;231.2575225830078;6.518649578094482
2025-03-05T16:00:00;988.54921875;9.043359375000023;0.9955555555555555;352.7002777777778;2.579690933227539;99.0740954875946;233.81219482421875;8.587636947631836
2025-03-05T17:00:00;988.4334375;8.957177734375023;0.24888888888888888;352.1086111111111;5.4829816818237305;98.77660870552063;234.0299530029297;8.967832565307617
2025-04-03T08:00:00;1029.139375;6.749963378906273;19.06015625;338.9608333333333;0.184622660279274;95.13148665428162;259.58111572265625;5.2336955070495605
2025-04-03T09:00:00;1030.20921875;5.384362792968773;16.307899305555555;336.6766666666667;0.24791958928108215;94.80635523796082;296.23809814453125;3.918043613433838
2025-04-03T10:00:00;1030.72796875;5.730035400390648;93.7989236111111;324.01722222222224;0.061131514608860016;83.44924449920654;301.780517578125;3.824930191040039
2025-04-03T11:00:00;1031.1859375;6.593041992187523;506.9211111111111;247.21333333333334;2.3937282094266266e-05;69.39740777015686;304.29351806640625;3.8776867389678955
2025-04-03T12:00:00;1031.64421875;6.477807617187523;489.46791666666667;254.76638888888888;6.136651063570753e-05;64.51758742332458;305.90777587890625;3.7003073692321777
2025-05-12T12:00:00;1020.74078125;13.197808837890648;720.8375;281.99111111111114;0.0;66.28443598747253;311.9013366699219;3.213221788406372
2025-05-12T13:00:00;1020.96359375;12.778680419921898;688.4136111111111;284.0022222222222;0.0;68.4603214263916;307.1085510253906;3.3213584423065186
2025-05-12T14:00:00;1020.92125;12.077905273437523;630.7563888888889;283.96555555555557;0.0;72.43675589561462;303.6048278808594;4.10343074798584
2025-05-12T15:00:00;1021.1128125;11.192224121093773;538.3283333333334;282.4836111111111;0.0;78.80576848983765;293.2491455078125;4.426104545593262
2025-05-12T16:00:00;1021.065859375;11.041070556640648;467.2625;275.7416666666667;0.0;78.46553921699524;288.7247314453125;3.8468494415283203
2025-05-12T17:00:00;1021.209609375;10.392022705078148;300.1113888888889;284.925;0.0;83.61846804618835;278.113037109375;2.8925888538360596
2025-05-12T18:00:00;1021.34953125;9.940393066406273;141.54222222222222;299.26;0.0;86.30252480506897;279.99713134765625;1.9063485860824585
2025-05-12T19:00:00;1021.271640625;9.706536865234398;73.91166666666666;300.74444444444447;0.0;86.15305423736572;249.530517578125;1.1191120147705078
2025-05-12T20:00:00;1021.10078125;9.269799804687523;20.158333333333335;304.5211111111111;0.0;86.7222547531128;229.97909545898438;0.8525899052619934
2025-05-12T21:00:00;1021.050625;8.771600341796898;0.24583333333333332;303.65472222222223;0.0;89.30405378341675;245.7509765625;1.3353403806686401
2025-05-12T22:00:00;1021.17546875;8.150872802734398;0.0;294.86055555555555;0.0;97.91306257247925;279.345947265625;2.718682289123535
2025-05-12T23:00:00;1021.317734375;8.215509033203148;-0.017777777777777778;330.70666666666665;0.0006982744671404362;99.75785613059998;272.0350646972656;2.9074442386627197
2025-05-13T00:00:00;1021.491640625;8.545281982421898;0.017777777777777778;341.7008333333333;0.0006729941815137863;98.98427128791809;253.90274047851562;2.3583927154541016
2025-05-13T01:00:00;1021.62359375;8.813500976562523;0.0;339.0808333333333;0.0006537045119330287;96.57641053199768;233.0030517578125;2.0473742485046387
2025-05-13T02:00:00;1021.6509375;8.986657714843773;-0.005685763888888889;349.45416666666665;0.0027283169329166412;95.40456533432007;236.48199462890625;2.320474863052368
2025-05-13T03:00:00;1021.70703125;8.853112792968773;0.059244791666666664;352.0097222222222;0.0249367356300354;97.00677990913391;252.49652099609375;3.0178134441375732
2025-05-13T04:00:00;1021.58734375;8.784844970703148;2.7022222222222223;352.4533333333333;0.010136669501662254;96.07284665107727;264.5684509277344;3.8144912719726562
2025-05-13T05:00:00;1021.68921875;8.507409667968773;14.79111111111111;349.6325;0.0044216071255505085;94.80189681053162;270.15740966796875;4.096625328063965
2025-05-13T06:00:00;1022.07515625;8.469628906250023;33.315555555555555;345.52416666666664;0.010206618346273899;89.12245631217957;274.9069519042969;4.617598056793213
2025-05-13T07:00:00;1022.26671875;8.712243652343773;115.01581597222223;331.6772222222222;0.004296991974115372;82.51835703849792;274.205810546875;4.689264297485352
2025-05-13T08:00:00;1022.440390625;9.262445068359398;293.3948611111111;310.4577777777778;0.0008636464481242001;77.78503894805908;275.2784729003906;4.819822788238525
2025-05-13T09:00:00;1022.867265625;9.651361083984398;424.459375;299.39472222222224;0.0002252317062811926;72.56956100463867;281.0056457519531;5.062475204467773
2025-05-13T10:00:00;1023.1015625;9.808892822265648;657.2435416666667;261.48083333333335;2.5594430553610437e-05;70.9520697593689;283.68829345703125;4.83747673034668
2025-05-13T11:00:00;1023.43578125;9.850030517578148;610.2727777777778;280.0177777777778;0.001117883250117302;75.50377249717712;286.52069091796875;4.861451625823975
2025-05-13T12:00:00;1023.869140625;9.573388671875023;378.71722222222223;321.545;0.005140136461704969;76.22243762016296;289.1654052734375;4.83728551864624
2025-05-13T13:00:00;1024.081328125;9.858758544921898;520.0144444444444;292.80694444444447;0.0014300672337412834;73.85730743408203;285.88427734375;4.571413993835449
2025-05-13T14:00:00;1023.79546875;9.765008544921898;462.5722222222222;296.5913888888889;0.0012835554080083966;74.74382519721985;287.8063659667969;4.700824737548828
2025-05-13T15:00:00;1023.79046875;8.762139892578148;235.21722222222223;327.50805555555553;0.012205702252686024;80.6703269481659;294.2970275878906;4.387141704559326
2025-05-13T16:00:00;1023.9990625;9.167413330078148;207.9427777777778;325.6038888888889;0.0033216378651559353;80.31786680221558;312.62823486328125;4.157952308654785
2025-05-13T17:00:00;1024.311171875;8.627008056640648;318.43666666666667;267.77972222222223;0.0;68.23137998580933;327.9320373535156;3.667410373687744
2025-05-13T18:00:00;1024.65703125;7.440759277343773;245.88333333333333;245.52916666666667;1.061964781001734e-06;65.2559220790863;347.4881896972656;3.371805429458618
2025-05-13T19:00:00;1024.975;6.385217285156273;130.6627777777778;239.7552777777778;0.0;67.66988635063171;351.66064453125;2.718961000442505
2025-05-13T20:00:00;1024.97375;5.619500732421898;39.99666666666667;238.18583333333333;0.0;71.51824235916138;353.2962951660156;1.650871753692627
2025-05-13T21:00:00;1025.291953125;4.871057128906273;0.7380555555555556;237.67166666666665;4.009310941910371e-05;74.8020350933075;357.7906188964844;1.254665732383728
2025-05-13T22:00:00;1025.4871875;4.329614257812523;0.0;237.43416666666667;2.4221149033110123e-06;81.53418302536011;2.037003755569458;1.2313566207885742
2025-05-13T23:00:00;1025.68484375;3.9823242187500227;0.0;237.29666666666665;4.152197107032407e-06;82.85407423973083;8.429296493530273;1.1481940746307373
2025-05-14T00:00:00;1025.871875;3.6795593261718977;0.0;236.66027777777776;9.34244326344924e-06;82.67099857330322;9.751702308654785;0.9384666085243225
2025-05-14T01:00:00;1026.3784375;3.4481445312500227;0.0;236.64083333333335;6.920328360138228e-06;82.20563530921936;12.318018913269043;0.8865707516670227
2025-05-14T02:00:00;1026.898828125;3.3182006835937727;-0.0055381944444444445;236.73222222222222;6.228295660548611e-06;83.10436010360718;13.07619857788086;0.9914733171463013
2025-05-14T03:00:00;1027.28953125;3.3055664062500227;0.6755729166666666;238.00222222222223;2.7681314804794965e-06;84.39527750015259;14.590452194213867;1.1107844114303589
2025-05-14T04:00:00;1027.09859375;3.5200744628906477;40.33777777777778;238.43694444444444;0.0;72.14549779891968;42.37273406982422;1.3907625675201416
2025-05-14T05:00:00;1027.043046875;4.426416015625023;124.37333333333333;242.5522222222222;0.0;72.01124429702759;27.451507568359375;1.4442802667617798
2025-05-14T06:00:00;1026.99171875;5.463616943359398;237.93777777777777;243.99555555555557;0.0;70.00012993812561;24.032392501831055;1.659202218055725
2025-05-14T07:00:00;1026.96984375;6.535302734375023;355.2184722222222;247.80083333333334;0.000388673332054168;66.27541780471802;10.711505889892578;3.200023889541626
2025-05-14T08:00:00;1027.1703125;6.937493896484398;458.50138888888887;251.71777777777777;1.7992853827308863e-05;64.44582343101501;4.053412914276123;3.471095085144043
2025-05-14T09:00:00;1027.37390625;7.249780273437523;538.7344444444444;256.93083333333334;4.4973170588491485e-05;63.26935291290283;0.19637690484523773;3.6986868381500244
2025-05-14T10:00:00;1027.224375;7.481896972656273;586.0640277777778;264.1138888888889;0.0;61.75714731216431;0.8161765336990356;3.9930591583251953
2025-05-14T11:00:00;1027.316640625;7.766046142578148;696.3202777777777;254.9;0.0;60.44180393218994;2.5598673820495605;3.9334826469421387
2025-05-14T12:00:00;1027.39296875;7.827630615234398;719.5463888888889;255.99666666666667;0.0;59.14173722267151;0.4604582190513611;4.110733509063721
2025-05-14T13:00:00;1027.6921875;7.696435546875023;701.3488888888888;257.3022222222222;0.0;59.69715118408203;2.2957563400268555;4.379255771636963
2025-05-14T14:00:00;1027.543203125;7.532342529296898;635.89;260.34722222222223;0.0;60.67218780517578;3.9440484046936035;4.309500217437744
2025-05-14T15:00:00;1027.49515625;7.389154052734398;576.5766666666667;255.75722222222223;0.0;60.399049520492554;6.412256717681885;4.363597393035889
2025-05-14T16:00:00;1027.43109375;7.596826171875023;486.60597222222225;251.1225;0.0;62.29884624481201;8.227805137634277;4.212204456329346
2025-05-14T17:00:00;1027.609609375;7.121453857421898;369.4172222222222;248.8011111111111;0.0;63.88882398605347;13.108901977539062;4.203451156616211
2025-05-14T18:00:00;1027.8490625;6.551019287109398;246.21805555555557;246.98555555555555;0.0;66.21580719947815;18.77164649963379;4.13127326965332
2025-05-14T19:00:00;1028.0671875;5.963159179687523;130.86083333333335;245.87972222222223;0.0;69.93439197540283;25.69166374206543;3.576991558074951
2025-05-14T20:00:00;1028.417109375;5.277673339843773;41.43055555555556;244.92444444444445;0.0;75.07511973381042;33.32502746582031;2.470534086227417
2025-05-14T21:00:00;1028.393671875;4.538018798828148;1.1469444444444445;243.8275;0.0;79.88778948783875;45.25551986694336;1.7133718729019165
2025-05-14T22:00:00;1028.360078125;3.6234069824218977;0.0;242.14888888888888;5.6944314565043896e-05;78.2611608505249;82.25758361816406;1.6151212453842163
2025-05-14T23:00:00;1028.453828125;3.3530212402343977;-0.017777777777777778;241.64277777777778;0.0;77.90111899375916;88.7130355834961;1.7669636011123657
2025-05-15T00:00:00;1028.51859375;3.2246948242187727;0.0;241.44722222222222;3.4269898605998605e-05;78.75413298606873;97.93678283691406;1.565180778503418
2025-05-15T01:00:00;1028.521875;3.1216674804687727;0.0;241.5938888888889;9.791399861569516e-06;78.72669696807861;103.25017547607422;1.3104541301727295
2025-05-15T02:00:00;1028.64109375;2.9998107910156477;0.010295138888888888;242.64166666666668;4.7325102059403434e-05;77.90728807449341;103.01322937011719;0.9718604683876038
2025-05-15T03:00:00;1028.8471875;2.8447814941406477;1.0911979166666668;244.25027777777777;3.4269898605998605e-05;79.25305366516113;136.4520263671875;0.9809914827346802
2025-05-15T04:00:00;1029.6371875;5.059075927734398;41.08444444444444;250.26611111111112;0.0;66.905677318573;205.6737060546875;0.49835410714149475
2025-05-15T05:00:00;1029.866171875;5.780419921875023;130.91555555555556;248.84277777777777;0.0;67.7463948726654;266.97161865234375;0.7947158813476562
2025-05-15T06:00:00;1029.90125;6.751824951171898;247.1822222222222;248.51083333333332;0.0;72.39726185798645;292.8985900878906;1.2716805934906006
2025-05-15T07:00:00;1029.72875;8.107049560546898;372.3697916666667;250.1938888888889;0.0;72.67186045646667;296.8851013183594;2.072633743286133
2025-05-15T08:00:00;1029.79125;8.965966796875023;491.73868055555556;253.16;0.0;73.02886843681335;297.24530029296875;2.7850747108459473
2025-08-05T17:00:00;985.8096875;12.988336181640648;31.414305555555554;361.5877777777778;0.020961692556738853;85.36403179168701;187.8612823486328;4.480170726776123
